"1,0";"30,06,2020";"Красносельский";"400050930";"Наезд на стоящее ТС";"А-118 Кольцевая автомобильная дорога вокруг Санкт-Петербурга";"78";"800";"г Санкт-Петербург  ";"0,0";"1,0";"3,0";"3,0";
"3,0";"30,06,2020";"Выборгский";"400051103";"Наезд на пешехода";"";"0";"0";"г Санкт-Петербург пр-кт 2-й Муринский 10";"0,0";"1,0";"1,0";"4,0";
"4,0";"30,06,2020";"Центральный";"400050679";"Столкновение";"";"0";"0";"г Санкт-Петербург наб Обводного канала 87";"0,0";"1,0";"2,0";"2,0";
"5,0";"30,06,2020";"Центральный";"400050908";"Наезд на пешехода";"";"0";"0";"г Санкт-Петербург ул Бонч-Бруевича 3";"0,0";"1,0";"1,0";"2,0";
"6,0";"30,06,2020";"Выборгский";"400050762";"Наезд на внезапно возникшее препятствие";"";"0";"0";"г Санкт-Петербург пр-кт Институтский 18";"0,0";"4,0";"2,0";"4,0";
"7,0";"30,06,2020";"Василеостровский";"400050933";"Столкновение";"";"0";"0";"г Санкт-Петербург ул Нахимова 11";"0,0";"1,0";"2,0";"2,0";
"8,0";"30,06,2020";"Выборгский";"400050823";"Столкновение";"А-118 Кольцевая автомобильная дорога вокруг Санкт-Петербурга";"123";"0";"г Санкт-Петербург  ";"1,0";"0,0";"3,0";"2,0";
"9,0";"30,06,2020";"Приморский";"400050766";"Наезд на пешехода";"";"0";"0";"г Санкт-Петербург ул Яхтенная 37 двор";"0,0";"1,0";"1,0";"2,0";
"10,0";"30,06,2020";"Выборгский";"400050769";"Падение пассажира";"";"0";"0";"г Санкт-Петербург ул Кантемировская 11 кор 1 по ул, Парг";"0,0";"1,0";"1,0";"2,0";
"11,0";"30,06,2020";"Адмиралтейский";"400050682";"Наезд на велосипедиста";"";"0";"0";"г Санкт-Петербург пр-кт Лермонтовский 22";"0,0";"1,0";"2,0";"2,0";
"12,0";"30,06,2020";"Калининский";"400050816";"Падение пассажира";"";"0";"0";"г Санкт-Петербург пл Ленина 3";"0,0";"1,0";"1,0";"2,0";
"13,0";"30,06,2020";"Невский";"400050842";"Столкновение";"";"0";"0";"г Санкт-Петербург ул Седова 75";"0,0";"2,0";"2,0";"2,0";
"14,0";"30,06,2020";"Выборгский";"400050938";"Наезд на велосипедиста";"";"0";"0";"г Санкт-Петербург ш Выборгское 48";"0,0";"1,0";"2,0";"2,0";
"15,0";"30,06,2020";"Василеостровский";"400050821";"Опрокидывание";"";"0";"0";"г Санкт-Петербург ул Наличная 35к1";"0,0";"1,0";"1,0";"1,0";
"16,0";"30,06,2020";"Василеостровский";"400050673";"Наезд на пешехода";"";"0";"0";"г Санкт-Петербург линия 17-я В,О, 42";"0,0";"1,0";"1,0";"2,0";
"17,0";"30,06,2020";"Петроградский";"400050676";"Столкновение";"";"0";"0";"г Санкт-Петербург наб Петроградская 22";"0,0";"1,0";"2,0";"3,0";
"18,0";"30,06,2020";"Невский";"400050834";"Столкновение";"";"0";"0";"г Санкт-Петербург пр-кт Обуховской Обороны 86";"0,0";"1,0";"2,0";"2,0";
"19,0";"29,06,2020";"Кировский";"400050460";"Наезд на пешехода";"";"0";"0";"г Санкт-Петербург пр-кт Ветеранов 53";"0,0";"1,0";"1,0";"2,0";
"20,0";"29,06,2020";"Калининский";"400050411";"Наезд на велосипедиста";"";"0";"0";"г Санкт-Петербург  ";"0,0";"1,0";"2,0";"2,0";
"21,0";"29,06,2020";"Красногвардейский";"400050512";"Наезд на пешехода";"";"0";"0";"г Санкт-Петербург пр-кт Большеохтинский 7";"0,0";"1,0";"1,0";"2,0";
"22,0";"29,06,2020";"Курортный";"400050525";"Опрокидывание";"Зеленогорское шоссе";"2";"150";"г Санкт-Петербург  ";"0,0";"1,0";"1,0";"1,0";
"23,0";"29,06,2020";"Невский";"400050467";"Наезд на велосипедиста";"";"0";"0";"г Санкт-Петербург ул Ивановская 25";"0,0";"1,0";"2,0";"2,0";
"24,0";"29,06,2020";"Центральный";"400050423";"Наезд на стоящее ТС";"";"0";"0";"г Санкт-Петербург ул 2-я Советская 16";"0,0";"2,0";"3,0";"4,0";
"25,0";"29,06,2020";"Центральный";"400050376";"Столкновение";"";"0";"0";"г Санкт-Петербург пр-кт Лиговский 62";"0,0";"2,0";"2,0";"3,0";
"26,0";"29,06,2020";"Невский";"400050520";"Наезд на пешехода";"";"0";"0";"г Санкт-Петербург  ";"0,0";"1,0";"1,0";"2,0";
"27,0";"29,06,2020";"Красногвардейский";"400050378";"Наезд на стоящее ТС";"";"0";"0";"г Санкт-Петербург пр-кт Индустриальный 31";"0,0";"2,0";"3,0";"5,0";
"28,0";"29,06,2020";"Выборгский";"400050486";"Наезд на пешехода";"";"0";"0";"г Санкт-Петербург пр-кт Тореза 9";"0,0";"1,0";"1,0";"2,0";
"29,0";"29,06,2020";"Фрунзенский";"400050616";"Наезд на велосипедиста";"";"0";"0";"г Санкт-Петербург пр-кт Дунайский 36";"0,0";"1,0";"4,0";"2,0";
"30,0";"29,06,2020";"Выборгский";"400050448";"Столкновение";"";"0";"0";"г Санкт-Петербург пр-кт Энгельса 98";"0,0";"1,0";"5,0";"5,0";
"31,0";"29,06,2020";"Центральный";"400050408";"Наезд на пешехода";"";"0";"0";"г Санкт-Петербург пл Островского Невский пр 39";"0,0";"1,0";"1,0";"2,0";
"32,0";"29,06,2020";"Кировский";"400050439";"Столкновение";"";"0";"0";"г Санкт-Петербург пр-кт Ленинский 129";"0,0";"3,0";"2,0";"5,0";
"33,0";"29,06,2020";"Московский";"400050443";"Столкновение";"";"0";"0";"г Санкт-Петербург ул Рощинская Люботинский пр,";"0,0";"1,0";"3,0";"4,0";
"34,0";"29,06,2020";"Приморский";"400050490";"Наезд на препятствие";"";"0";"0";"г Санкт-Петербург ул Лётчика Паршина 3";"0,0";"1,0";"1,0";"1,0";
"35,0";"29,06,2020";"Адмиралтейский";"400050414";"Столкновение";"";"0";"0";"г Санкт-Петербург ул Садовая 54";"0,0";"1,0";"2,0";"3,0";
"36,0";"29,06,2020";"Московский";"400050565";"Наезд на пешехода";"";"0";"0";"г Санкт-Петербург ул Бассейная 21";"0,0";"1,0";"2,0";"2,0";
"37,0";"29,06,2020";"Фрунзенский";"400050569";"Падение пассажира";"";"0";"0";"г Санкт-Петербург ул Белы Куна 7 к, 1";"0,0";"1,0";"1,0";"2,0";
"38,0";"28,06,2020";"Невский";"400050247";"Наезд на пешехода";"";"0";"0";"г Санкт-Петербург пр-кт Солидарности 9";"0,0";"1,0";"1,0";"2,0";
"39,0";"28,06,2020";"Курортный";"400050340";"Наезд на велосипедиста";"";"0";"0";"п Белоостров ул Главная (Дюны) 38";"0,0";"1,0";"2,0";"2,0";
"40,0";"28,06,2020";"Приморский";"400050239";"Столкновение";"";"0";"0";"г Санкт-Петербург пр-кт Приморский 79";"0,0";"2,0";"2,0";"2,0";
"41,0";"28,06,2020";"Курортный";"400050214";"Наезд на препятствие";"";"0";"0";"г Зеленогорск ул Красных Курсантов 16";"0,0";"1,0";"1,0";"1,0";
"42,0";"28,06,2020";"Центральный";"400050207";"Наезд на пешехода";"";"0";"0";"г Санкт-Петербург пр-кт Невский 8";"0,0";"1,0";"1,0";"2,0";
"43,0";"28,06,2020";"Центральный";"400050294";"Наезд на пешехода";"";"0";"0";"г Санкт-Петербург наб Воскресенская 30";"0,0";"2,0";"1,0";"3,0";
"44,0";"28,06,2020";"Пушкинский";"400050234";"Столкновение";"";"0";"0";"г Павловск ул Звериницкая Садовая ул";"0,0";"1,0";"2,0";"2,0";
"45,0";"28,06,2020";"Фрунзенский";"400050208";"Наезд на пешехода";"";"0";"0";"г Санкт-Петербург пр-кт Славы 45";"0,0";"1,0";"1,0";"2,0";
"46,0";"28,06,2020";"Пушкинский";"400050230";"Наезд на велосипедиста";"";"0";"0";"г Пушкин б-р Кадетский Красной Звезды ул";"0,0";"1,0";"2,0";"2,0";
"47,0";"28,06,2020";"Красногвардейский";"400050352";"Наезд на велосипедиста";"";"0";"0";"г Санкт-Петербург ш Революции 1";"0,0";"1,0";"2,0";"2,0";
"48,0";"28,06,2020";"Калининский";"400050344";"Наезд на велосипедиста";"";"0";"0";"г Санкт-Петербург пр-кт Пискарёвский 2 к3, литА";"0,0";"1,0";"2,0";"2,0";
"49,0";"28,06,2020";"Центральный";"400050331";"Наезд на велосипедиста";"";"0";"0";"г Санкт-Петербург пл Суворовская 5 по ул, Миллионная";"0,0";"1,0";"2,0";"2,0";
"50,0";"28,06,2020";"Петродворцовый";"400050252";"Съезд с дороги";"";"0";"0";"п Стрельна пер Связи 64 волхонское ш";"0,0";"1,0";"1,0";"1,0";
"51,0";"27,06,2020";"Пушкинский";"400050001";"Наезд на препятствие";"";"0";"0";"п Александровская ш Волхонское 1";"0,0";"1,0";"1,0";"1,0";
"52,0";"27,06,2020";"Красногвардейский";"400059681";"Наезд на велосипедиста";"";"0";"0";"г Санкт-Петербург пр-кт Шаумяна 87";"0,0";"1,0";"2,0";"2,0";
"53,0";"27,06,2020";"Калининский";"400050181";"Наезд на пешехода";"";"0";"0";"г Санкт-Петербург ул Бутлерова 6к2";"0,0";"1,0";"1,0";"2,0";
"54,0";"27,06,2020";"Красногвардейский";"400050116";"Столкновение";"";"0";"0";"г Санкт-Петербург наб Свердловская 64";"0,0";"1,0";"2,0";"2,0";
"55,0";"27,06,2020";"Красносельский";"400050023";"Столкновение";"";"0";"0";"г Санкт-Петербург ул Доблести Петергофское шоссе";"0,0";"1,0";"2,0";"2,0";
"56,0";"27,06,2020";"Фрунзенский";"400050157";"Наезд на велосипедиста";"";"0";"0";"г Санкт-Петербург  ";"0,0";"1,0";"2,0";"2,0";
"57,0";"27,06,2020";"Петродворцовый";"400050039";"Наезд на стоящее ТС";"А-118 Кольцевая автомобильная дорога вокруг Санкт-Петербурга";"115";"600";"г Санкт-Петербург  ";"1,0";"2,0";"2,0";"3,0";
"58,0";"27,06,2020";"Петроградский";"400050058";"Столкновение";"";"0";"0";"г Санкт-Петербург пр-кт Каменноостровский 53";"0,0";"6,0";"3,0";"7,0";
"59,0";"27,06,2020";"Приморский";"400050127";"Наезд на пешехода";"";"0";"0";"г Санкт-Петербург ул Яхтенная 2 корпус 1";"0,0";"1,0";"1,0";"2,0";
"60,0";"27,06,2020";"Курортный";"400050179";"Столкновение";"";"0";"0";"г Сестрорецк ул Токарева 16";"0,0";"2,0";"2,0";"3,0";
"61,0";"27,06,2020";"Приморский";"400050019";"Наезд на препятствие";"";"0";"0";"г Санкт-Петербург ш Приморское 4 корп,2";"0,0";"2,0";"1,0";"2,0";
"62,0";"26,06,2020";"Калининский";"400049865";"Наезд на велосипедиста";"";"0";"0";"г Санкт-Петербург ул Чугунная 46";"0,0";"1,0";"2,0";"2,0";
"63,0";"26,06,2020";"Кировский";"400049750";"Наезд на велосипедиста";"";"0";"0";"г Санкт-Петербург ул Краснопутиловская Пр, Н, Ополчегия";"0,0";"1,0";"2,0";"2,0";
"64,0";"26,06,2020";"Пушкинский";"400049726";"Наезд на стоящее ТС";"";"0";"0";"п Шушары ш Московское 688 км 678 метров";"1,0";"2,0";"3,0";"4,0";
"65,0";"26,06,2020";"Московский";"400049973";"Наезд на стоящее ТС";"";"0";"0";"г Санкт-Петербург ш Пулковское 43 к,1";"0,0";"1,0";"2,0";"3,0";
"66,0";"26,06,2020";"Центральный";"400049937";"Наезд на стоящее ТС";"";"0";"0";"г Санкт-Петербург  ";"0,0";"1,0";"3,0";"3,0";
"67,0";"26,06,2020";"Калининский";"400049918";"Наезд на пешехода";"";"0";"0";"г Санкт-Петербург пр-кт Культуры 41";"0,0";"1,0";"1,0";"2,0";
"68,0";"26,06,2020";"Фрунзенский";"400049869";"Наезд на пешехода";"";"0";"0";"г Санкт-Петербург ул Белы Куна 7";"0,0";"1,0";"1,0";"2,0";
"69,0";"26,06,2020";"Выборгский";"400049737";"Опрокидывание";"";"0";"0";"г Санкт-Петербург ш Выборгское 2";"0,0";"1,0";"2,0";"2,0";
"70,0";"26,06,2020";"Приморский";"400049679";"Наезд на велосипедиста";"";"0";"0";"г Санкт-Петербург пр-кт Приморский 54 к 4 лит А";"1,0";"0,0";"2,0";"2,0";
"71,0";"26,06,2020";"Фрунзенский";"400049909";"Столкновение";"";"0";"0";"г Санкт-Петербург пр-кт Славы 51";"0,0";"4,0";"2,0";"6,0";
"72,0";"26,06,2020";"Центральный";"400049682";"Наезд на велосипедиста";"";"0";"0";"г Санкт-Петербург пр-кт Невский Фонтанки 42";"0,0";"1,0";"2,0";"2,0";
"73,0";"26,06,2020";"Выборгский";"400049791";"Столкновение";"";"0";"0";"г Санкт-Петербург пр-кт Энгельса 54";"0,0";"1,0";"3,0";"4,0";
"74,0";"26,06,2020";"Василеостровский";"400049713";"Наезд на велосипедиста";"";"0";"0";"г Санкт-Петербург линия 1-я В,О, 58";"0,0";"1,0";"3,0";"2,0";
"75,0";"25,06,2020";"Приморский";"400049453";"Наезд на велосипедиста";"";"0";"0";"г Санкт-Петербург ул Камышовая 48 корп,1";"0,0";"1,0";"2,0";"2,0";
"76,0";"25,06,2020";"Приморский";"400049435";"Наезд на велосипедиста";"";"0";"0";"г Санкт-Петербург пр-кт Авиаконструкторов 49";"0,0";"1,0";"2,0";"2,0";
"77,0";"25,06,2020";"Невский";"400049569";"Падение пассажира";"";"0";"0";"г Санкт-Петербург пр-кт Шлиссельбургский 17 кор,1";"0,0";"1,0";"1,0";"2,0";
"78,0";"25,06,2020";"Петроградский";"400049516";"Падение пассажира";"";"0";"0";"г Санкт-Петербург пр-кт Большой П,С, 30";"0,0";"1,0";"1,0";"2,0";
"79,0";"25,06,2020";"Выборгский";"400049337";"Столкновение";"А-118 Кольцевая автомобильная дорога вокруг Санкт-Петербурга";"124";"550";"г Санкт-Петербург  ";"0,0";"1,0";"2,0";"3,0";
"80,0";"25,06,2020";"Выборгский";"400049414";"Столкновение";"";"0";"0";"г Санкт-Петербург пр-кт Суздальский Энгельса";"0,0";"1,0";"2,0";"2,0";
"81,0";"25,06,2020";"Фрунзенский";"400049582";"Столкновение";"";"0";"0";"г Санкт-Петербург ул Бухарестская 21 кор, 1";"0,0";"1,0";"4,0";"5,0";
"82,0";"25,06,2020";"Приморский";"400049617";"Столкновение";"";"0";"0";"г Санкт-Петербург ул Глухарская 5 к3";"0,0";"1,0";"2,0";"2,0";
"83,0";"25,06,2020";"Невский";"400049528";"Наезд на велосипедиста";"";"0";"0";"г Санкт-Петербург  ";"0,0";"1,0";"3,0";"2,0";
"84,0";"25,06,2020";"Выборгский";"400049352";"Наезд на препятствие";"";"0";"0";"п Парголово пр-кт Комендантский 140";"0,0";"1,0";"1,0";"1,0";
"85,0";"25,06,2020";"Выборгский";"400049383";"Наезд на пешехода";"";"0";"0";"г Санкт-Петербург пр-кт Луначарского 1 к2";"0,0";"1,0";"1,0";"2,0";
"86,0";"25,06,2020";"Кировский";"400049501";"Столкновение";"";"0";"0";"г Санкт-Петербург ул Автовская Краснопутиловская";"0,0";"1,0";"2,0";"2,0";
"87,0";"25,06,2020";"Приморский";"400049555";"Наезд на пешехода";"";"0";"0";"г Санкт-Петербург ул Ильюшина 3";"0,0";"1,0";"1,0";"2,0";
"88,0";"25,06,2020";"Приморский";"400049443";"Падение пассажира";"";"0";"0";"г Санкт-Петербург пр-кт Королёва 47 к,1";"0,0";"1,0";"1,0";"2,0";
"89,0";"24,06,2020";"Колпинский";"400049304";"Столкновение";"";"0";"0";"г Колпино ул Веры Слуцкой Пролетарская ул";"0,0";"1,0";"2,0";"2,0";
"90,0";"24,06,2020";"Адмиралтейский";"400049276";"Наезд на пешехода";"";"0";"0";"г Санкт-Петербург пр-кт Московский 21";"0,0";"1,0";"1,0";"2,0";
"91,0";"24,06,2020";"Московский";"400049279";"Наезд на пешехода";"";"0";"0";"г Санкт-Петербург  ";"0,0";"1,0";"1,0";"2,0";
"92,0";"24,06,2020";"Выборгский";"400049238";"Наезд на велосипедиста";"";"0";"0";"п Парголово ш Выборгское 220 лит А";"0,0";"1,0";"2,0";"2,0";
"93,0";"24,06,2020";"Приморский";"400049171";"Отбрасывание предмета";"";"0";"0";"г Санкт-Петербург ул 3-я Конная Лахта 43";"0,0";"1,0";"2,0";"2,0";
"94,0";"24,06,2020";"Красногвардейский";"400049223";"Наезд на пешехода";"";"0";"0";"г Санкт-Петербург пр-кт Пискарёвский 1";"0,0";"1,0";"1,0";"2,0";
"95,0";"24,06,2020";"Василеостровский";"400049155";"Наезд на велосипедиста";"";"0";"0";"г Санкт-Петербург линия 18-я В,О, 25";"0,0";"1,0";"2,0";"2,0";
"96,0";"24,06,2020";"Невский";"400049292";"Столкновение";"";"0";"0";"г Санкт-Петербург ул Ивановская 6";"0,0";"1,0";"3,0";"3,0";
"97,0";"24,06,2020";"Фрунзенский";"400049241";"Наезд на велосипедиста";"";"0";"0";"г Санкт-Петербург  ";"0,0";"1,0";"2,0";"2,0";
"98,0";"24,06,2020";"Центральный";"400049323";"Наезд на пешехода";"";"0";"0";"г Санкт-Петербург пр-кт Чернышевского 22";"0,0";"1,0";"1,0";"2,0";
"99,0";"24,06,2020";"Центральный";"400049313";"Наезд на велосипедиста";"";"0";"0";"г Санкт-Петербург тер Марсово поле наб, р, Мойки";"0,0";"1,0";"2,0";"2,0";
"100,0";"24,06,2020";"Калининский";"400049142";"Наезд на стоящее ТС";"";"0";"0";"г Санкт-Петербург ул Замшина 31";"0,0";"2,0";"2,0";"2,0";
"101,0";"24,06,2020";"Красносельский";"400049211";"Наезд на пешехода";"";"0";"0";"г Санкт-Петербург пр-кт Ветеранов 122";"0,0";"1,0";"1,0";"2,0";
"102,0";"24,06,2020";"Фрунзенский";"400049325";"Наезд на велосипедиста";"";"0";"0";"г Санкт-Петербург  ";"0,0";"1,0";"3,0";"3,0";
"103,0";"24,06,2020";"Выборгский";"400049282";"Наезд на велосипедиста";"";"0";"0";"п Парголово  ";"0,0";"1,0";"2,0";"2,0";
"104,0";"23,06,2020";"Фрунзенский";"400048798";"Столкновение";"";"0";"0";"г Санкт-Петербург пр-кт Александровской Фермы 29";"0,0";"1,0";"3,0";"4,0";
"105,0";"23,06,2020";"Центральный";"400048831";"Столкновение";"";"0";"0";"г Санкт-Петербург пл Островского 6";"0,0";"1,0";"2,0";"3,0";
"106,0";"23,06,2020";"Василеостровский";"400048875";"Столкновение";"";"0";"0";"г Санкт-Петербург линия 8-я В,О, 77лит,А";"0,0";"1,0";"2,0";"3,0";
"107,0";"23,06,2020";"Центральный";"400048894";"Наезд на пешехода";"";"0";"0";"г Санкт-Петербург ул Звенигородская 6";"0,0";"1,0";"1,0";"2,0";
"108,0";"23,06,2020";"Красногвардейский";"400049040";"Столкновение";"";"0";"0";"г Санкт-Петербург ул Передовиков 11 к, 1";"0,0";"1,0";"2,0";"2,0";
"109,0";"23,06,2020";"Приморский";"400048965";"Столкновение";"";"0";"0";"г Санкт-Петербург пр-кт Коломяжский 15,к,1";"0,0";"1,0";"2,0";"2,0";
"110,0";"23,06,2020";"Красногвардейский";"400048890";"Столкновение";"";"0";"0";"г Санкт-Петербург пр-кт Наставников 3";"0,0";"3,0";"2,0";"3,0";
"111,0";"23,06,2020";"Красногвардейский";"400049018";"Столкновение";"";"0";"0";"г Санкт-Петербург ул Большая Пороховская 37 1";"0,0";"1,0";"2,0";"2,0";
"112,0";"23,06,2020";"Фрунзенский";"400048893";"Столкновение";"";"0";"0";"г Санкт-Петербург ул Софийская 62";"0,0";"2,0";"2,0";"4,0";
"113,0";"23,06,2020";"Московский";"400048771";"Наезд на пешехода";"";"0";"0";"г Санкт-Петербург  ";"0,0";"1,0";"1,0";"2,0";
"114,0";"23,06,2020";"Курортный";"400048829";"Столкновение";"";"0";"0";"п Солнечное ш Приморское Таможенная дорога";"0,0";"3,0";"2,0";"3,0";
"115,0";"23,06,2020";"Петроградский";"400049038";"Наезд на стоящее ТС";"";"0";"0";"г Санкт-Петербург ул Малая Монетная 2";"0,0";"1,0";"2,0";"2,0";
"116,0";"23,06,2020";"Красносельский";"400048782";"Столкновение";"";"0";"0";"г Красное Село пр-кт Ленина 70лит,А";"0,0";"3,0";"3,0";"5,0";
"117,0";"23,06,2020";"Кировский";"400048836";"Наезд на пешехода";"";"0";"0";"г Санкт-Петербург  ";"0,0";"1,0";"2,0";"3,0";
"118,0";"23,06,2020";"Приморский";"400048742";"Столкновение";"";"0";"0";"г Санкт-Петербург пр-кт Испытателей Пр,Сизова";"0,0";"1,0";"2,0";"3,0";
"119,0";"22,06,2020";"Адмиралтейский";"400059739";"Падение пассажира";"";"0";"0";"г Санкт-Петербург наб Обводного канала 134";"0,0";"1,0";"1,0";"2,0";
"120,0";"22,06,2020";"Красносельский";"400048506";"Наезд на велосипедиста";"";"0";"0";"г Санкт-Петербург пр-кт Ветеранов 171 к,5";"0,0";"1,0";"2,0";"2,0";
"121,0";"22,06,2020";"Кировский";"400048488";"Наезд на пешехода";"";"0";"0";"г Санкт-Петербург пр-кт Народного Ополчения 67";"0,0";"1,0";"1,0";"2,0";
"122,0";"22,06,2020";"Красносельский";"400048654";"Наезд на пешехода";"";"0";"0";"г Санкт-Петербург ул Пограничника Гарькавого 5к,2";"0,0";"1,0";"1,0";"2,0";
"123,0";"22,06,2020";"Выборгский";"400048745";"Столкновение";"";"0";"0";"г Санкт-Петербург наб Пироговская 19";"0,0";"1,0";"2,0";"2,0";
"124,0";"22,06,2020";"Красносельский";"400048569";"Наезд на пешехода";"";"0";"0";"г Санкт-Петербург пр-кт Ветеранов 155 к,5";"0,0";"1,0";"1,0";"2,0";
"125,0";"22,06,2020";"Фрунзенский";"400048476";"Падение пассажира";"";"0";"0";"г Санкт-Петербург ул Софийская 48к1";"0,0";"1,0";"1,0";"2,0";
"126,0";"22,06,2020";"Красногвардейский";"400048627";"Наезд на пешехода";"";"0";"0";"г Санкт-Петербург пр-кт Ириновский 2";"0,0";"2,0";"1,0";"3,0";
"127,0";"22,06,2020";"Красносельский";"400048481";"Столкновение";"";"0";"0";"г Санкт-Петербург ул Доблести Петергофское ш,";"0,0";"1,0";"2,0";"3,0";
"128,0";"22,06,2020";"Колпинский";"400048500";"Столкновение";"";"0";"0";"п Металлострой дор На Металлострой 3";"0,0";"1,0";"3,0";"2,0";
"129,0";"22,06,2020";"Московский";"400049813";"Падение пассажира";"";"0";"0";"г Санкт-Петербург ул Костюшко 2";"0,0";"1,0";"1,0";"2,0";
"130,0";"22,06,2020";"Центральный";"400048599";"Столкновение";"";"0";"0";"г Санкт-Петербург ул Садовая 28";"0,0";"1,0";"2,0";"3,0";
"131,0";"22,06,2020";"Фрунзенский";"400048676";"Наезд на пешехода";"";"0";"0";"г Санкт-Петербург ул Бухарестская 33-1";"0,0";"1,0";"1,0";"2,0";
"132,0";"22,06,2020";"Выборгский";"400048770";"Столкновение";"А-118 Кольцевая автомобильная дорога вокруг Санкт-Петербурга";"9";"800";"г Санкт-Петербург  ";"1,0";"4,0";"8,0";"9,0";
"133,0";"22,06,2020";"Колпинский";"400048651";"Наезд на пешехода";"";"0";"0";"г Колпино ул Финляндская 11, к,2";"0,0";"1,0";"1,0";"2,0";
"134,0";"22,06,2020";"Петроградский";"400048630";"Наезд на велосипедиста";"";"0";"0";"г Санкт-Петербург ул Ленина 16";"0,0";"1,0";"3,0";"3,0";
"135,0";"22,06,2020";"Московский";"400048610";"Наезд на пешехода";"";"0";"0";"г Санкт-Петербург ул Заставская Витебский пр";"0,0";"1,0";"2,0";"2,0";
"136,0";"22,06,2020";"Петроградский";"400048681";"Наезд на велосипедиста";"";"0";"0";"г Санкт-Петербург пр-кт Большой П,С, 74";"0,0";"1,0";"2,0";"2,0";
"137,0";"22,06,2020";"Невский";"400048690";"Наезд на велосипедиста";"";"0";"0";"г Санкт-Петербург  ";"0,0";"1,0";"2,0";"2,0";
"138,0";"22,06,2020";"Выборгский";"400048669";"Столкновение";"";"0";"0";"г Санкт-Петербург пр-кт Полюстровский 76";"0,0";"1,0";"4,0";"4,0";
"139,0";"22,06,2020";"Калининский";"400050988";"Наезд на пешехода";"";"0";"0";"г Санкт-Петербург пр-кт Непокорённых 72 В";"0,0";"1,0";"1,0";"2,0";
"140,0";"22,06,2020";"Красногвардейский";"400048685";"Наезд на велосипедиста";"";"0";"0";"г Санкт-Петербург  ";"0,0";"1,0";"2,0";"2,0";
"141,0";"21,06,2020";"Курортный";"400048858";"Столкновение";"А-181 Скандинавия Санкт-Петербург - Выборг - граница с Финляндской Республикой (основное направление)";"34";"898";"г Сестрорецк  ";"0,0";"1,0";"2,0";"3,0";
"142,0";"21,06,2020";"Красногвардейский";"400048427";"Иной вид ДТП";"";"0";"0";"г Санкт-Петербург пр-кт Пискарёвский 9";"0,0";"1,0";"2,0";"2,0";
"143,0";"21,06,2020";"Выборгский";"400048362";"Столкновение";"";"0";"0";"п Парголово ул Николая Рубцова 5";"0,0";"1,0";"2,0";"3,0";
"144,0";"21,06,2020";"Пушкинский";"400048390";"Наезд на пешехода";"";"0";"0";"г Павловск пер Песчаный 11 16";"0,0";"1,0";"1,0";"2,0";
"145,0";"21,06,2020";"Кировский";"400048325";"Столкновение";"";"0";"0";"г Санкт-Петербург пр-кт Стачек 182";"1,0";"7,0";"4,0";"9,0";
"146,0";"21,06,2020";"Петроградский";"400052427";"Падение пассажира";"";"0";"0";"г Санкт-Петербург дор Южная 4";"0,0";"1,0";"1,0";"2,0";
"147,0";"21,06,2020";"Невский";"400048359";"Падение пассажира";"";"0";"0";"г Санкт-Петербург пр-кт Обуховской Обороны 231";"0,0";"1,0";"1,0";"2,0";
"148,0";"21,06,2020";"Центральный";"400048322";"Наезд на велосипедиста";"";"0";"0";"г Санкт-Петербург пр-кт Лиговский 49";"0,0";"1,0";"2,0";"2,0";
"149,0";"21,06,2020";"Центральный";"400050798";"Наезд на пешехода";"";"0";"0";"г Санкт-Петербург наб Реки Фонтанки 21";"0,0";"1,0";"1,0";"2,0";
"150,0";"21,06,2020";"Пушкинский";"400048356";"Столкновение";"";"0";"0";"п Шушары ш Московское 231к5";"0,0";"2,0";"2,0";"3,0";
"151,0";"20,06,2020";"Выборгский";"400078881";"Наезд на пешехода";"";"0";"0";"г Санкт-Петербург  ";"0,0";"1,0";"1,0";"2,0";
"152,0";"20,06,2020";"Адмиралтейский";"400048131";"Наезд на велосипедиста";"";"0";"0";"г Санкт-Петербург ул Декабристов 7";"0,0";"1,0";"2,0";"2,0";
"153,0";"20,06,2020";"Петродворцовый";"400048112";"Наезд на пешехода";"";"0";"0";"п Стрельна ш Санкт-Петербургское 43";"0,0";"1,0";"1,0";"2,0";
"154,0";"20,06,2020";"Калининский";"400048224";"Столкновение";"";"0";"0";"г Санкт-Петербург пр-кт Пискарёвский 52";"0,0";"1,0";"2,0";"2,0";
"155,0";"20,06,2020";"Выборгский";"400048288";"Столкновение";"";"0";"0";"г Санкт-Петербург наб Выборгская 59 корпус 1";"0,0";"2,0";"3,0";"4,0";
"156,0";"20,06,2020";"Курортный";"400048130";"Столкновение";"Зеленогорское шоссе";"8";"0";"п Репино ш Зеленогорское 12 КОРП 1";"0,0";"1,0";"2,0";"3,0";
"157,0";"20,06,2020";"Курортный";"400048198";"Наезд на препятствие";"";"0";"0";"г Зеленогорск ш Приморское 570 кор,8";"0,0";"1,0";"1,0";"2,0";
"158,0";"20,06,2020";"Курортный";"400048239";"Столкновение";"";"0";"0";"п Репино ш Приморское 420";"0,0";"1,0";"3,0";"4,0";
"159,0";"20,06,2020";"Красносельский";"400048237";"Наезд на пешехода";"";"0";"0";"г Санкт-Петербург пр-кт Ветеранов 171-5";"0,0";"1,0";"1,0";"2,0";
"160,0";"20,06,2020";"Кировский";"400049371";"Падение пассажира";"";"0";"0";"г Санкт-Петербург ул Губина 4";"0,0";"1,0";"1,0";"2,0";
"161,0";"20,06,2020";"Красносельский";"400048261";"Наезд на стоящее ТС";"А-118 Кольцевая автомобильная дорога вокруг Санкт-Петербурга";"68";"450";"г Санкт-Петербург  ";"1,0";"0,0";"2,0";"3,0";
"162,0";"19,06,2020";"Курортный";"400047935";"Столкновение";"А-123 Зеленогорск - Приморск - Выборг";"9";"0";"г Санкт-Петербург  ";"0,0";"5,0";"2,0";"6,0";
"163,0";"19,06,2020";"Курортный";"400048268";"Наезд на пешехода";"";"0";"0";"п Песочный ул Центральная 46";"0,0";"1,0";"1,0";"2,0";
"164,0";"19,06,2020";"Центральный";"400047889";"Наезд на велосипедиста";"";"0";"0";"г Санкт-Петербург наб Реки Фонтанки 80";"0,0";"1,0";"2,0";"2,0";
"165,0";"19,06,2020";"Выборгский";"400047888";"Столкновение";"";"0";"0";"г Санкт-Петербург  ";"0,0";"1,0";"2,0";"2,0";
"166,0";"19,06,2020";"Московский";"400047928";"Наезд на пешехода";"";"0";"0";"г Санкт-Петербург ул Пулковская 15";"0,0";"1,0";"2,0";"2,0";
"167,0";"19,06,2020";"Московский";"400047816";"Столкновение";"";"0";"0";"г Санкт-Петербург ул Типанова 3";"0,0";"1,0";"2,0";"2,0";
"168,0";"19,06,2020";"Центральный";"400047895";"Столкновение";"";"0";"0";"г Санкт-Петербург пр-кт Владимирский 10";"0,0";"1,0";"2,0";"3,0";
"169,0";"19,06,2020";"Курортный";"400048044";"Столкновение";"";"0";"0";"п Песочный ул Советская 22";"0,0";"2,0";"2,0";"2,0";
"170,0";"19,06,2020";"Василеостровский";"400048047";"Столкновение";"";"0";"0";"г Санкт-Петербург пр-кт Большой В,О, 76";"0,0";"2,0";"2,0";"4,0";
"171,0";"19,06,2020";"Кировский";"400048057";"Наезд на пешехода";"";"0";"0";"г Санкт-Петербург пр-кт Народного Ополчения Ленинский пр,";"0,0";"2,0";"1,0";"3,0";
"172,0";"19,06,2020";"Московский";"400047965";"Наезд на велосипедиста";"";"0";"0";"г Санкт-Петербург пр-кт Космонавтов 58";"0,0";"1,0";"2,0";"2,0";
"173,0";"19,06,2020";"Невский";"400047868";"Наезд на пешехода";"";"0";"0";"г Санкт-Петербург ул Бабушкина 81";"0,0";"1,0";"1,0";"2,0";
"174,0";"19,06,2020";"Выборгский";"400047805";"Наезд на пешехода";"";"0";"0";"г Санкт-Петербург ул Политехническая 20";"0,0";"1,0";"1,0";"2,0";
"175,0";"19,06,2020";"Выборгский";"400078897";"Наезд на пешехода";"";"0";"0";"г Санкт-Петербург пр-кт Просвещения 44";"0,0";"1,0";"1,0";"2,0";
"176,0";"19,06,2020";"Выборгский";"400047790";"Наезд на велосипедиста";"";"0";"0";"г Санкт-Петербург пр-кт Культуры 30";"0,0";"1,0";"2,0";"2,0";
"177,0";"18,06,2020";"Кировский";"400047595";"Наезд на пешехода";"";"0";"0";"г Санкт-Петербург ул Стойкости 18-1";"0,0";"1,0";"1,0";"2,0";
"178,0";"18,06,2020";"Выборгский";"400055257";"Наезд на велосипедиста";"";"0";"0";"г Санкт-Петербург пр-кт Просвещения 134";"0,0";"1,0";"2,0";"2,0";
"179,0";"18,06,2020";"Приморский";"400047732";"Наезд на пешехода";"";"0";"0";"г Санкт-Петербург пр-кт Приморский 12";"0,0";"2,0";"1,0";"2,0";
"180,0";"18,06,2020";"Приморский";"400047554";"Наезд на пешехода";"";"0";"0";"г Санкт-Петербург ул Туристская у дома 128 к,1 по Са";"0,0";"1,0";"1,0";"2,0";
"181,0";"18,06,2020";"Калининский";"400047596";"Наезд на велосипедиста";"";"0";"0";"г Санкт-Петербург ул Замшина 6";"0,0";"1,0";"2,0";"2,0";
"182,0";"18,06,2020";"Приморский";"400047663";"Столкновение";"";"0";"0";"г Санкт-Петербург пр-кт Королёва Долгоозерная ул,";"0,0";"1,0";"2,0";"2,0";
"183,0";"18,06,2020";"Красносельский";"400047655";"Столкновение";"";"0";"0";"г Красное Село ш Кингисеппское 10 к,1";"0,0";"1,0";"2,0";"2,0";
"184,0";"18,06,2020";"Приморский";"400047710";"Наезд на препятствие";"";"0";"0";"п Лисий Нос пр-кт Большой 48 930 метров по П";"0,0";"1,0";"1,0";"1,0";
"185,0";"18,06,2020";"Выборгский";"400047479";"Столкновение";"";"0";"0";"г Санкт-Петербург пр-кт Энгельса 43";"0,0";"1,0";"3,0";"4,0";
"186,0";"18,06,2020";"Выборгский";"400047524";"Столкновение";"";"0";"0";"г Санкт-Петербург пр-кт Энгельса 93";"0,0";"1,0";"2,0";"2,0";
"187,0";"18,06,2020";"Курортный";"400048863";"Наезд на пешехода";"";"0";"0";"г Сестрорецк  ";"0,0";"1,0";"1,0";"2,0";
"188,0";"18,06,2020";"Калининский";"400047730";"Столкновение";"";"0";"0";"г Санкт-Петербург ул Замшина 74";"0,0";"1,0";"2,0";"3,0";
"189,0";"18,06,2020";"Красногвардейский";"400047717";"Падение пассажира";"";"0";"0";"г Санкт-Петербург пр-кт Косыгина 19 К,2";"0,0";"1,0";"1,0";"2,0";
"190,0";"18,06,2020";"Колпинский";"400047508";"Наезд на пешехода";"";"0";"0";"г Колпино ул Октябрьская 51";"0,0";"6,0";"1,0";"7,0";
"191,0";"17,06,2020";"Приморский";"400063473";"Наезд на велосипедиста";"";"0";"0";"г Санкт-Петербург пр-кт Лахтинский 118";"0,0";"1,0";"2,0";"2,0";
"192,0";"17,06,2020";"Приморский";"400047342";"Наезд на пешехода";"";"0";"0";"г Санкт-Петербург ул Аккуратова 13";"0,0";"1,0";"1,0";"2,0";
"193,0";"17,06,2020";"Центральный";"400047243";"Столкновение";"";"0";"0";"г Санкт-Петербург ул Шпалерная Чернышевского пр,";"0,0";"2,0";"2,0";"3,0";
"194,0";"17,06,2020";"Московский";"400047381";"Наезд на велосипедиста";"";"0";"0";"г Санкт-Петербург ш Пулковское 32";"0,0";"1,0";"2,0";"2,0";
"195,0";"17,06,2020";"Пушкинский";"400047408";"Наезд на велосипедиста";"";"0";"0";"п Шушары  ";"0,0";"1,0";"2,0";"2,0";
"196,0";"17,06,2020";"Красносельский";"400047221";"Наезд на препятствие";"";"0";"0";"г Красное Село ул Свободы 50В";"1,0";"0,0";"1,0";"1,0";
"197,0";"17,06,2020";"Приморский";"400047290";"Наезд на велосипедиста";"";"0";"0";"г Санкт-Петербург пр-кт Королёва 47 к,1";"0,0";"1,0";"2,0";"2,0";
"198,0";"17,06,2020";"Пушкинский";"400047283";"Опрокидывание";"А-118 Кольцевая автомобильная дорога вокруг Санкт-Петербурга";"78";"800";"г Санкт-Петербург  ";"0,0";"1,0";"1,0";"1,0";
"199,0";"17,06,2020";"Красногвардейский";"400056353";"Наезд на пешехода";"";"0";"0";"г Санкт-Петербург  ";"0,0";"1,0";"1,0";"2,0";
"200,0";"17,06,2020";"Центральный";"400047840";"Наезд на велосипедиста";"";"0";"0";"г Санкт-Петербург наб Реки Фонтанки пестеля";"0,0";"1,0";"2,0";"2,0";
"201,0";"17,06,2020";"Приморский";"400047216";"Столкновение";"";"0";"0";"г Санкт-Петербург пр-кт Лахтинский 104";"0,0";"1,0";"2,0";"3,0";
"202,0";"17,06,2020";"Кировский";"400047190";"Наезд на препятствие";"";"0";"0";"г Санкт-Петербург пр-кт Ветеранов 76";"0,0";"1,0";"1,0";"2,0";
"203,0";"17,06,2020";"Красносельский";"400047284";"Столкновение";"";"0";"0";"г Санкт-Петербург ш Красносельское (Горелово) Аннинское";"0,0";"3,0";"2,0";"4,0";
"204,0";"17,06,2020";"Пушкинский";"400047269";"Наезд на препятствие";"";"0";"0";"г Пушкин ш Киевское 27км 650";"0,0";"1,0";"1,0";"1,0";
"205,0";"17,06,2020";"Фрунзенский";"400047322";"Наезд на пешехода";"";"0";"0";"г Санкт-Петербург  ";"0,0";"1,0";"1,0";"2,0";
"206,0";"17,06,2020";"Приморский";"400047372";"Столкновение";"";"0";"0";"г Санкт-Петербург ул Ильюшина 1 корп, 1";"0,0";"1,0";"2,0";"2,0";
"207,0";"17,06,2020";"Приморский";"400047218";"Столкновение";"";"0";"0";"г Санкт-Петербург пр-кт Приморский 22";"0,0";"1,0";"3,0";"3,0";
"208,0";"17,06,2020";"Калининский";"400047189";"Столкновение";"";"0";"0";"г Санкт-Петербург пр-кт Непокорённых 63А";"0,0";"1,0";"2,0";"2,0";
"209,0";"16,06,2020";"Петроградский";"400047043";"Наезд на пешехода";"";"0";"0";"г Санкт-Петербург пр-кт Чкаловский 50";"0,0";"1,0";"1,0";"2,0";
"210,0";"16,06,2020";"Кировский";"400050856";"Столкновение";"";"0";"0";"г Санкт-Петербург пр-кт Стачек Ленинский пр,";"0,0";"1,0";"2,0";"2,0";
"211,0";"16,06,2020";"Адмиралтейский";"400049189";"Наезд на пешехода";"";"0";"0";"г Санкт-Петербург ул Ефимова 2";"0,0";"1,0";"1,0";"2,0";
"212,0";"16,06,2020";"Курортный";"400048553";"Опрокидывание";"";"0";"0";"г Зеленогорск ул Красных Курсантов 16";"0,0";"1,0";"1,0";"1,0";
"213,0";"16,06,2020";"Адмиралтейский";"400046963";"Наезд на препятствие";"";"0";"0";"г Санкт-Петербург наб Реки Фонтанки 134";"1,0";"1,0";"1,0";"2,0";
"214,0";"16,06,2020";"Калининский";"400046864";"Падение пассажира";"";"0";"0";"г Санкт-Петербург ул Замшина 35";"0,0";"1,0";"1,0";"2,0";
"215,0";"16,06,2020";"Московский";"400047131";"Столкновение";"";"0";"0";"г Санкт-Петербург ш Пулковское 53";"0,0";"1,0";"2,0";"2,0";
"216,0";"16,06,2020";"Центральный";"400046936";"Падение пассажира";"";"0";"0";"г Санкт-Петербург пр-кт Лиговский 39";"0,0";"1,0";"1,0";"2,0";
"217,0";"16,06,2020";"Выборгский";"400046922";"Столкновение";"";"0";"0";"г Санкт-Петербург пр-кт Тихорецкий Светлановский пр,";"0,0";"1,0";"2,0";"3,0";
"218,0";"16,06,2020";"Невский";"400047097";"Наезд на пешехода";"";"0";"0";"г Санкт-Петербург ул Тельмана 52";"0,0";"1,0";"1,0";"2,0";
"219,0";"16,06,2020";"Выборгский";"400046958";"Столкновение";"";"0";"0";"п Парголово ул Фёдора Абрамова 8";"0,0";"2,0";"3,0";"4,0";
"220,0";"16,06,2020";"Калининский";"400047034";"Столкновение";"";"0";"0";"г Санкт-Петербург ул Политехническая 29";"0,0";"1,0";"2,0";"2,0";
"221,0";"16,06,2020";"Красногвардейский";"400046953";"Столкновение";"";"0";"0";"г Санкт-Петербург ул Челябинская 125";"1,0";"0,0";"2,0";"2,0";
"222,0";"15,06,2020";"Кировский";"400046643";"Наезд на лицо, не являющееся участником дорожного движения, осуществляющее несение службы";"";"0";"0";"г Санкт-Петербург ул Ивана Черных 35";"0,0";"2,0";"2,0";"3,0";
"223,0";"15,06,2020";"Приморский";"400046676";"Наезд на пешехода";"";"0";"0";"г Санкт-Петербург пр-кт Королёва 26А";"0,0";"2,0";"1,0";"3,0";
"224,0";"15,06,2020";"Московский";"400046650";"Наезд на велосипедиста";"";"0";"0";"г Санкт-Петербург ул Кубинская 79";"0,0";"1,0";"2,0";"2,0";
"225,0";"15,06,2020";"Московский";"400046536";"Столкновение";"";"0";"0";"г Санкт-Петербург ул Благодатная пр, Юрия Гагарина";"0,0";"1,0";"2,0";"3,0";
"226,0";"15,06,2020";"Невский";"400046806";"Столкновение";"";"0";"0";"г Санкт-Петербург ул Ивановская 6";"0,0";"1,0";"2,0";"2,0";
"227,0";"15,06,2020";"Невский";"400046707";"Столкновение";"";"0";"0";"г Санкт-Петербург наб Октябрьская 50";"0,0";"1,0";"2,0";"2,0";
"228,0";"15,06,2020";"Красногвардейский";"400046653";"Наезд на пешехода";"";"0";"0";"г Санкт-Петербург пр-кт Наставников 10";"0,0";"1,0";"1,0";"2,0";
"229,0";"15,06,2020";"Выборгский";"400046573";"Наезд на пешехода";"";"0";"0";"г Санкт-Петербург пр-кт Большой Сампсониевский 79";"0,0";"1,0";"2,0";"2,0";
"230,0";"15,06,2020";"Приморский";"400046549";"Столкновение";"";"0";"0";"г Санкт-Петербург пр-кт Богатырский 31";"0,0";"1,0";"2,0";"3,0";
"231,0";"15,06,2020";"Кировский";"400046798";"Наезд на велосипедиста";"";"0";"0";"г Санкт-Петербург  ";"0,0";"1,0";"2,0";"2,0";
"232,0";"15,06,2020";"Выборгский";"400046601";"Наезд на препятствие";"";"0";"0";"г Санкт-Петербург наб Выборгская 57к1";"0,0";"1,0";"2,0";"3,0";
"233,0";"15,06,2020";"Московский";"400046619";"Наезд на велосипедиста";"";"0";"0";"г Санкт-Петербург пр-кт Витебский 41кор1";"0,0";"1,0";"2,0";"2,0";
"234,0";"15,06,2020";"Кировский";"400046824";"Столкновение";"";"0";"0";"г Санкт-Петербург пр-кт Трамвайный Народного Ополчения";"0,0";"1,0";"2,0";"2,0";
"235,0";"15,06,2020";"Курортный";"400048562";"Наезд на пешехода";"";"0";"0";"г Сестрорецк  ";"0,0";"1,0";"1,0";"2,0";
"236,0";"14,06,2020";"Центральный";"400046421";"Столкновение";"";"0";"0";"г Санкт-Петербург наб Реки Фонтанки 59";"0,0";"2,0";"3,0";"3,0";
"237,0";"14,06,2020";"Невский";"400046450";"Наезд на велосипедиста";"";"0";"0";"г Санкт-Петербург пр-кт Товарищеский 10к1";"0,0";"1,0";"2,0";"2,0";
"238,0";"14,06,2020";"Фрунзенский";"400046402";"Наезд на пешехода";"";"0";"0";"г Санкт-Петербург  ";"0,0";"1,0";"1,0";"2,0";
"239,0";"14,06,2020";"Московский";"400046501";"Наезд на пешехода";"";"0";"0";"г Санкт-Петербург  ";"0,0";"1,0";"1,0";"2,0";
"240,0";"14,06,2020";"Калининский";"400046516";"Столкновение";"";"0";"0";"г Санкт-Петербург пр-кт Науки 2";"0,0";"1,0";"2,0";"2,0";
"241,0";"14,06,2020";"Приморский";"400046407";"Столкновение";"";"0";"0";"г Санкт-Петербург ул Планерная 15";"0,0";"1,0";"2,0";"3,0";
"242,0";"14,06,2020";"Выборгский";"400046440";"Столкновение";"";"0";"0";"г Санкт-Петербург пр-кт Большой Сампсониевский 82";"0,0";"3,0";"2,0";"5,0";
"243,0";"14,06,2020";"Василеостровский";"400046496";"Столкновение";"";"0";"0";"г Санкт-Петербург пр-кт Большой В,О, 28 19";"0,0";"2,0";"2,0";"3,0";
"244,0";"14,06,2020";"Адмиралтейский";"400046459";"Наезд на пешехода";"";"0";"0";"г Санкт-Петербург ул Перекопская 1";"0,0";"1,0";"1,0";"2,0";
"245,0";"14,06,2020";"Красносельский";"400046390";"Наезд на препятствие";"";"0";"0";"г Красное Село ш Стрельнинское 8к";"1,0";"0,0";"1,0";"1,0";
"246,0";"14,06,2020";"Приморский";"400046391";"Столкновение";"";"0";"0";"г Санкт-Петербург ш Приморское 23 КМ";"0,0";"1,0";"3,0";"3,0";
"247,0";"14,06,2020";"Центральный";"400046524";"Наезд на пешехода";"";"0";"0";"г Санкт-Петербург  ";"0,0";"1,0";"1,0";"2,0";
"248,0";"14,06,2020";"Выборгский";"400046439";"Наезд на велосипедиста";"";"0";"0";"г Санкт-Петербург пр-кт Художников 64 по пр, Луначарско";"0,0";"1,0";"2,0";"2,0";
"249,0";"14,06,2020";"Адмиралтейский";"400046376";"Столкновение";"";"0";"0";"г Санкт-Петербург проезд Адмиралтейский 1";"0,0";"1,0";"2,0";"3,0";
"250,0";"14,06,2020";"Центральный";"400048813";"Наезд на велосипедиста";"";"0";"0";"г Санкт-Петербург пр-кт Литейный 31";"0,0";"1,0";"2,0";"2,0";
"251,0";"13,06,2020";"Центральный";"400046322";"Наезд на пешехода";"";"0";"0";"г Санкт-Петербург ул Чайковского 8";"0,0";"1,0";"1,0";"2,0";
"252,0";"13,06,2020";"Красногвардейский";"400046366";"Наезд на велосипедиста";"";"0";"0";"г Санкт-Петербург  ";"0,0";"1,0";"2,0";"2,0";
"253,0";"13,06,2020";"Курортный";"400048572";"Наезд на велосипедиста";"";"0";"0";"п Солнечное ш Приморское 1";"0,0";"1,0";"2,0";"2,0";
"254,0";"13,06,2020";"Центральный";"400046224";"Наезд на стоящее ТС";"";"0";"0";"г Санкт-Петербург наб Реки Фонтанки 51";"0,0";"1,0";"4,0";"2,0";
"255,0";"13,06,2020";"Московский";"400046228";"Столкновение";"";"0";"0";"г Санкт-Петербург ш Пулковское 110";"0,0";"1,0";"2,0";"2,0";
"256,0";"13,06,2020";"Калининский";"400046332";"Наезд на пешехода";"";"0";"0";"г Санкт-Петербург  ";"0,0";"1,0";"2,0";"2,0";
"257,0";"13,06,2020";"Кировский";"400048091";"Падение пассажира";"";"0";"0";"г Санкт-Петербург пр-кт Ленинский 119 к 5";"0,0";"1,0";"2,0";"3,0";
"258,0";"13,06,2020";"Выборгский";"400046299";"Столкновение";"";"0";"0";"г Санкт-Петербург наб Выборгская Кантемировская ул,";"0,0";"1,0";"2,0";"2,0";
"259,0";"13,06,2020";"Выборгский";"400046233";"Наезд на велосипедиста";"";"0";"0";"г Санкт-Петербург пр-кт Большой Сампсониевский д,30 по Лесному пр,";"0,0";"1,0";"2,0";"2,0";
"260,0";"13,06,2020";"Фрунзенский";"400048020";"Наезд на велосипедиста";"";"0";"0";"г Санкт-Петербург ул Димитрова 13А";"0,0";"1,0";"2,0";"2,0";
"261,0";"13,06,2020";"Приморский";"400046340";"Наезд на велосипедиста";"";"0";"0";"г Санкт-Петербург дор Торфяная Оптиков";"0,0";"1,0";"2,0";"2,0";
"262,0";"13,06,2020";"Курортный";"400046304";"Наезд на велосипедиста";"";"0";"0";"г Санкт-Петербург  ";"0,0";"1,0";"2,0";"2,0";
"263,0";"13,06,2020";"Красносельский";"400046378";"Наезд на велосипедиста";"";"0";"0";"г Санкт-Петербург пр-кт Ветеранов 142";"0,0";"1,0";"2,0";"2,0";
"264,0";"13,06,2020";"Центральный";"400046295";"Наезд на велосипедиста";"";"0";"0";"г Санкт-Петербург пр-кт Невский 70";"0,0";"1,0";"2,0";"2,0";
"265,0";"12,06,2020";"Красногвардейский";"400046039";"Столкновение";"";"0";"0";"г Санкт-Петербург ш Рябовское 130";"0,0";"2,0";"2,0";"3,0";
"266,0";"12,06,2020";"Красносельский";"400046667";"Наезд на стоящее ТС";"";"0";"0";"г Санкт-Петербург б-р Брестский 11-36";"0,0";"1,0";"3,0";"3,0";
"267,0";"12,06,2020";"Выборгский";"400046122";"Столкновение";"";"0";"0";"п Парголово ул Парашютная дорога в каменку";"0,0";"2,0";"2,0";"3,0";
"268,0";"12,06,2020";"Приморский";"400046154";"Наезд на пешехода";"";"0";"0";"г Санкт-Петербург ул Долгоозёрная 41 к,1";"0,0";"1,0";"1,0";"2,0";
"269,0";"12,06,2020";"Фрунзенский";"400046173";"Столкновение";"";"0";"0";"г Санкт-Петербург наб Обводного канала 66";"0,0";"1,0";"3,0";"4,0";
"270,0";"12,06,2020";"Приморский";"400046060";"Наезд на пешехода";"";"0";"0";"г Санкт-Петербург пр-кт Богатырский 17";"0,0";"2,0";"1,0";"3,0";
"271,0";"12,06,2020";"Красносельский";"400046131";"Столкновение";"";"0";"0";"г Санкт-Петербург ул Партизана Германа 12";"0,0";"1,0";"2,0";"2,0";
"272,0";"12,06,2020";"Красносельский";"400046128";"Столкновение";"";"0";"0";"г Красное Село ул Лермонтова ул,Восстановления";"0,0";"1,0";"2,0";"3,0";
"273,0";"12,06,2020";"Выборгский";"400046271";"Столкновение";"";"0";"0";"г Санкт-Петербург пр-кт Энгельса 190";"0,0";"2,0";"2,0";"3,0";
"274,0";"12,06,2020";"Московский";"400046051";"Столкновение";"";"0";"0";"г Санкт-Петербург ш Волхонское 1";"0,0";"1,0";"2,0";"2,0";
"275,0";"12,06,2020";"Выборгский";"400046092";"Столкновение";"";"0";"0";"г Санкт-Петербург ул Поклонногорская Энгельса";"0,0";"1,0";"2,0";"3,0";
"276,0";"12,06,2020";"Петроградский";"400046189";"Наезд на велосипедиста";"";"0";"0";"г Санкт-Петербург пр-кт Чкаловский 52";"0,0";"1,0";"2,0";"2,0";
"277,0";"11,06,2020";"Адмиралтейский";"400045984";"Столкновение";"";"0";"0";"г Санкт-Петербург пр-кт Московский 41";"0,0";"1,0";"6,0";"6,0";
"278,0";"11,06,2020";"Фрунзенский";"400045808";"Столкновение";"";"0";"0";"г Санкт-Петербург ул Малая Балканская 15";"0,0";"1,0";"2,0";"3,0";
"279,0";"11,06,2020";"Петродворцовый";"400045770";"Опрокидывание";"";"0";"0";"г Ломоносов ул Морская 63";"0,0";"1,0";"1,0";"1,0";
"280,0";"11,06,2020";"Выборгский";"400045902";"Наезд на пешехода";"";"0";"0";"г Санкт-Петербург пр-кт Энгельса Манчестерская";"0,0";"1,0";"1,0";"2,0";
"281,0";"11,06,2020";"Приморский";"400045920";"Столкновение";"";"0";"0";"г Санкт-Петербург пр-кт Лахтинский 45";"0,0";"1,0";"3,0";"3,0";
"282,0";"11,06,2020";"Пушкинский";"400045777";"Наезд на пешехода";"";"0";"0";"г Пушкин ш Петербургское Детскосельский б-р";"0,0";"1,0";"1,0";"2,0";
"283,0";"11,06,2020";"Калининский";"400045963";"Столкновение";"";"0";"0";"г Санкт-Петербург пр-кт Пискарёвский 28";"0,0";"1,0";"2,0";"3,0";
"284,0";"11,06,2020";"Калининский";"400046008";"Наезд на стоящее ТС";"";"0";"0";"г Санкт-Петербург ул Комсомола 22";"0,0";"1,0";"3,0";"3,0";
"285,0";"11,06,2020";"Выборгский";"400045793";"Столкновение";"";"0";"0";"г Санкт-Петербург ул Кантемировская 5";"0,0";"1,0";"2,0";"2,0";
"286,0";"11,06,2020";"Калининский";"400045997";"Наезд на велосипедиста";"";"0";"0";"г Санкт-Петербург пр-кт Тихорецкий 17 лит Г";"0,0";"1,0";"2,0";"2,0";
"287,0";"11,06,2020";"Московский";"400045780";"Опрокидывание";"";"0";"0";"г Санкт-Петербург ул Типанова 20а";"0,0";"1,0";"1,0";"1,0";
"288,0";"11,06,2020";"Калининский";"400045867";"Наезд на пешехода";"";"0";"0";"г Санкт-Петербург  ";"0,0";"1,0";"1,0";"2,0";
"289,0";"10,06,2020";"Фрунзенский";"400045747";"Наезд на препятствие";"";"0";"0";"г Санкт-Петербург пр-кт Славы 45";"0,0";"3,0";"1,0";"4,0";
"290,0";"10,06,2020";"Фрунзенский";"400045671";"Столкновение";"";"0";"0";"г Санкт-Петербург пр-кт Дунайский 40-1";"0,0";"1,0";"2,0";"2,0";
"291,0";"10,06,2020";"Московский";"400045529";"Столкновение";"";"0";"0";"г Санкт-Петербург пр-кт Московский ул, Фрунзе";"0,0";"3,0";"2,0";"4,0";
"292,0";"10,06,2020";"Адмиралтейский";"400045647";"Падение пассажира";"";"0";"0";"г Санкт-Петербург пр-кт Лермонтовский 57";"0,0";"1,0";"2,0";"3,0";
"293,0";"10,06,2020";"Невский";"400045643";"Наезд на пешехода";"";"0";"0";"г Санкт-Петербург  ";"0,0";"1,0";"1,0";"2,0";
"294,0";"10,06,2020";"Василеостровский";"400045542";"Падение пассажира";"";"0";"0";"г Санкт-Петербург ул Кораблестроителей 22";"0,0";"1,0";"1,0";"2,0";
"295,0";"10,06,2020";"Приморский";"400045598";"Наезд на пешехода";"";"0";"0";"г Санкт-Петербург пр-кт Комендантский 55к,1";"0,0";"1,0";"1,0";"2,0";
"296,0";"10,06,2020";"Петродворцовый";"400045637";"Наезд на пешехода";"";"0";"0";"г Петергоф ул Братьев Горкушенко Озерковая";"0,0";"1,0";"1,0";"2,0";
"297,0";"10,06,2020";"Кировский";"400047295";"Наезд на пешехода";"";"0";"0";"г Санкт-Петербург  ";"0,0";"1,0";"1,0";"2,0";
"298,0";"10,06,2020";"Кировский";"400045687";"Столкновение";"";"0";"0";"г Санкт-Петербург пр-кт Народного Ополчения Подводника кузьмина";"0,0";"1,0";"2,0";"3,0";
"299,0";"10,06,2020";"Красносельский";"400045733";"Столкновение";"А-118 Кольцевая автомобильная дорога вокруг Санкт-Петербурга";"63";"600";"г Санкт-Петербург  ";"0,0";"1,0";"3,0";"3,0";
"300,0";"10,06,2020";"Кировский";"400045581";"Наезд на велосипедиста";"";"0";"0";"г Санкт-Петербург пл Кронштадтская Дачный пр,";"0,0";"1,0";"2,0";"2,0";
"301,0";"10,06,2020";"Красногвардейский";"400045533";"Столкновение";"";"0";"0";"г Санкт-Петербург ул Якорная 5, к, 3";"0,0";"2,0";"2,0";"3,0";
"302,0";"09,06,2020";"Приморский";"400045286";"Падение пассажира";"";"0";"0";"п Лисий Нос ш Приморское 144";"0,0";"1,0";"1,0";"2,0";
"303,0";"09,06,2020";"Невский";"400045294";"Столкновение";"";"0";"0";"г Санкт-Петербург ул Кржижановского 16к2";"0,0";"1,0";"2,0";"2,0";
"304,0";"09,06,2020";"Фрунзенский";"400045226";"Столкновение";"";"0";"0";"г Санкт-Петербург ул Белградская 26к7";"0,0";"1,0";"2,0";"3,0";
"305,0";"09,06,2020";"Невский";"400045418";"Столкновение";"";"0";"0";"г Санкт-Петербург пр-кт Обуховской Обороны 163";"0,0";"2,0";"2,0";"3,0";
"306,0";"09,06,2020";"Курортный";"400045252";"Столкновение";"";"0";"0";"г Сестрорецк ш Приморское 1";"0,0";"1,0";"2,0";"2,0";
"307,0";"09,06,2020";"Курортный";"400045363";"Наезд на велосипедиста";"";"0";"0";"п Солнечное ул Прямая 59";"0,0";"1,0";"2,0";"2,0";
"308,0";"09,06,2020";"Фрунзенский";"400045197";"Столкновение";"";"0";"0";"г Санкт-Петербург пр-кт Дунайский 43 кор, 1";"0,0";"1,0";"2,0";"2,0";
"309,0";"09,06,2020";"Пушкинский";"400052372";"Наезд на пешехода";"";"0";"0";"п Шушары ш Московское 16";"0,0";"1,0";"1,0";"2,0";
"310,0";"09,06,2020";"Приморский";"400045305";"Наезд на велосипедиста";"";"0";"0";"г Санкт-Петербург пр-кт Комендантский 50";"0,0";"1,0";"2,0";"2,0";
"311,0";"09,06,2020";"Адмиралтейский";"400045456";"Столкновение";"";"0";"0";"г Санкт-Петербург ул Курляндская 36-38";"0,0";"1,0";"2,0";"3,0";
"312,0";"09,06,2020";"Колпинский";"400045323";"Опрокидывание";"";"0";"0";"г Колпино пр-кт Заводской 2";"0,0";"1,0";"1,0";"1,0";
"313,0";"09,06,2020";"Красносельский";"400045407";"Столкновение";"";"0";"0";"г Санкт-Петербург ш Петергофское 74к,2";"0,0";"1,0";"2,0";"2,0";
"314,0";"09,06,2020";"Красногвардейский";"400045464";"Падение пассажира";"";"0";"0";"г Санкт-Петербург ш Революции 3";"0,0";"1,0";"1,0";"2,0";
"315,0";"08,06,2020";"Невский";"400045049";"Наезд на препятствие";"";"0";"0";"г Санкт-Петербург пр-кт Дальневосточный 16";"0,0";"1,0";"1,0";"1,0";
"316,0";"08,06,2020";"Красносельский";"400045199";"Столкновение";"";"0";"0";"г Санкт-Петербург ш Петергофское 49";"0,0";"1,0";"2,0";"3,0";
"317,0";"08,06,2020";"Приморский";"400045144";"Столкновение";"";"0";"0";"г Санкт-Петербург ул Долгоозёрная 34а";"0,0";"1,0";"2,0";"2,0";
"318,0";"08,06,2020";"Невский";"400044936";"Столкновение";"";"0";"0";"г Санкт-Петербург ул Бабушкина 36";"0,0";"1,0";"2,0";"2,0";
"319,0";"08,06,2020";"Выборгский";"400045005";"Наезд на велосипедиста";"";"0";"0";"г Санкт-Петербург  ";"0,0";"1,0";"2,0";"2,0";
"320,0";"08,06,2020";"Василеостровский";"400044920";"Столкновение";"";"0";"0";"г Санкт-Петербург пр-кт Средний В,О, 81";"0,0";"1,0";"2,0";"3,0";
"321,0";"08,06,2020";"Красносельский";"400045131";"Наезд на пешехода";"";"0";"0";"г Санкт-Петербург пр-кт Ленинский 72-1";"0,0";"1,0";"1,0";"2,0";
"322,0";"08,06,2020";"Калининский";"400044967";"Столкновение";"";"0";"0";"г Санкт-Петербург ул Новороссийская 52";"0,0";"1,0";"2,0";"3,0";
"323,0";"08,06,2020";"Колпинский";"400045041";"Столкновение";"";"0";"0";"г Колпино ул Финляндская 19";"0,0";"1,0";"2,0";"2,0";
"324,0";"08,06,2020";"Пушкинский";"400045145";"Столкновение";"А-118 Кольцевая автомобильная дорога вокруг Санкт-Петербурга";"79";"600";"г Санкт-Петербург  ";"0,0";"1,0";"2,0";"2,0";
"325,0";"08,06,2020";"Кировский";"400045104";"Столкновение";"";"0";"0";"г Санкт-Петербург пр-кт Ленинский 128к2";"0,0";"1,0";"2,0";"3,0";
"326,0";"07,06,2020";"Калининский";"400048937";"Наезд на пешехода";"";"0";"0";"г Санкт-Петербург  ";"0,0";"1,0";"1,0";"2,0";
"327,0";"07,06,2020";"Центральный";"400044892";"Столкновение";"";"0";"0";"г Санкт-Петербург ул Звенигородская 18";"0,0";"1,0";"2,0";"3,0";
"328,0";"07,06,2020";"Центральный";"400044814";"Наезд на препятствие";"";"0";"0";"г Санкт-Петербург ул Достоевского 30";"0,0";"1,0";"1,0";"1,0";
"329,0";"07,06,2020";"Красносельский";"400044893";"Наезд на пешехода";"";"0";"0";"г Санкт-Петербург ш Петергофское 43 корп 1";"0,0";"1,0";"1,0";"2,0";
"330,0";"07,06,2020";"Адмиралтейский";"400045763";"Столкновение";"";"0";"0";"г Санкт-Петербург пр-кт Московский 79";"0,0";"2,0";"2,0";"3,0";
"331,0";"07,06,2020";"Центральный";"400047281";"Падение пассажира";"";"0";"0";"г Санкт-Петербург пр-кт Невский 58";"0,0";"1,0";"1,0";"2,0";
"332,0";"07,06,2020";"Красногвардейский";"400044776";"Столкновение";"";"0";"0";"г Санкт-Петербург ш Революции 86";"0,0";"2,0";"2,0";"4,0";
"333,0";"07,06,2020";"Невский";"400044865";"Наезд на пешехода";"";"0";"0";"г Санкт-Петербург  ";"0,0";"1,0";"2,0";"3,0";
"334,0";"07,06,2020";"Петроградский";"400044864";"Столкновение";"";"0";"0";"г Санкт-Петербург ул Введенская 2";"1,0";"2,0";"3,0";"3,0";
"335,0";"07,06,2020";"Пушкинский";"400044815";"Столкновение";"";"0";"0";"г Пушкин ул Оранжерейная Октябрьский бульвар";"0,0";"1,0";"2,0";"2,0";
"336,0";"07,06,2020";"Пушкинский";"400044800";"Наезд на пешехода";"";"0";"0";"п Тярлево ш Фильтровское 1 по ул Большая";"0,0";"1,0";"1,0";"2,0";
"337,0";"06,06,2020";"Выборгский";"400044766";"Столкновение";"А-118 Кольцевая автомобильная дорога вокруг Санкт-Петербурга";"130";"500";"г Санкт-Петербург  ";"0,0";"1,0";"2,0";"3,0";
"338,0";"06,06,2020";"Калининский";"400044676";"Наезд на препятствие";"";"0";"0";"г Санкт-Петербург пр-кт Маршала Блюхера 4А";"0,0";"1,0";"1,0";"1,0";
"339,0";"06,06,2020";"Невский";"400044659";"Столкновение";"";"0";"0";"г Санкт-Петербург пр-кт Большевиков 30";"0,0";"1,0";"2,0";"3,0";
"340,0";"06,06,2020";"Центральный";"400044608";"Наезд на пешехода";"";"0";"0";"г Санкт-Петербург пр-кт Невский 47";"0,0";"1,0";"1,0";"2,0";
"341,0";"06,06,2020";"Невский";"400044736";"Столкновение";"";"0";"0";"г Санкт-Петербург пр-кт Большевиков 2";"0,0";"1,0";"2,0";"2,0";
"342,0";"06,06,2020";"Приморский";"400044612";"Наезд на препятствие";"";"0";"0";"г Санкт-Петербург ул Савушкина 140";"1,0";"1,0";"1,0";"2,0";
"343,0";"06,06,2020";"Красносельский";"400044767";"Наезд на пешехода";"";"0";"0";"г Санкт-Петербург ул Маршала Захарова 14к1";"0,0";"1,0";"1,0";"2,0";
"344,0";"05,06,2020";"Невский";"400044366";"Наезд на пешехода";"";"0";"0";"г Санкт-Петербург пр-кт Искровский 32к1";"0,0";"1,0";"1,0";"2,0";
"345,0";"05,06,2020";"Московский";"400044314";"Столкновение";"";"0";"0";"г Санкт-Петербург пр-кт Витебский Благодатная ул,";"0,0";"2,0";"2,0";"3,0";
"346,0";"05,06,2020";"Приморский";"400044417";"Столкновение";"";"0";"0";"п Лисий Нос ш Приморское КАД";"0,0";"1,0";"2,0";"3,0";
"347,0";"05,06,2020";"Колпинский";"400044471";"Столкновение";"";"0";"0";"п Саперный ш Петрозаводское 180 м от д 124в стор";"0,0";"2,0";"2,0";"3,0";
"348,0";"05,06,2020";"Красногвардейский";"400044313";"Наезд на лицо, не являющееся участником дорожного движения, осуществляющее несение службы";"";"0";"0";"г Санкт-Петербург  ";"0,0";"1,0";"2,0";"3,0";
"349,0";"05,06,2020";"Калининский";"400044412";"Столкновение";"";"0";"0";"г Санкт-Петербург ул Веденеева 8";"0,0";"2,0";"3,0";"5,0";
"350,0";"05,06,2020";"Адмиралтейский";"400044491";"Наезд на стоящее ТС";"";"0";"0";"г Санкт-Петербург пр-кт Рижский 26";"0,0";"1,0";"2,0";"2,0";
"351,0";"05,06,2020";"Московский";"400044604";"Наезд на стоящее ТС";"А-118 Кольцевая автомобильная дорога вокруг Санкт-Петербурга";"72";"500";"г Санкт-Петербург  ";"0,0";"1,0";"3,0";"3,0";
"352,0";"05,06,2020";"Выборгский";"400044537";"Столкновение";"А-118 Кольцевая автомобильная дорога вокруг Санкт-Петербурга";"127";"400";"г Санкт-Петербург  ";"0,0";"2,0";"5,0";"7,0";
"353,0";"05,06,2020";"Невский";"400048835";"Наезд на пешехода";"";"0";"0";"г Санкт-Петербург  ";"0,0";"1,0";"1,0";"2,0";
"354,0";"05,06,2020";"Кировский";"400045961";"Наезд на пешехода";"";"0";"0";"г Санкт-Петербург ул Калинина 39А";"0,0";"1,0";"1,0";"2,0";
"355,0";"04,06,2020";"Фрунзенский";"400044029";"Наезд на пешехода";"";"0";"0";"г Санкт-Петербург ул Димитрова 11 67";"0,0";"1,0";"1,0";"2,0";
"356,0";"04,06,2020";"Калининский";"400045319";"Наезд на пешехода";"";"0";"0";"г Санкт-Петербург  ";"0,0";"1,0";"1,0";"2,0";
"357,0";"04,06,2020";"Выборгский";"400044065";"Наезд на пешехода";"";"0";"0";"г Санкт-Петербург пр-кт Художников 18-1";"0,0";"1,0";"1,0";"2,0";
"358,0";"04,06,2020";"Адмиралтейский";"400043996";"Столкновение";"";"0";"0";"г Санкт-Петербург пр-кт Московский 16";"0,0";"1,0";"2,0";"3,0";
"359,0";"04,06,2020";"Петроградский";"400044049";"Столкновение";"";"0";"0";"г Санкт-Петербург наб Петровская 6а";"0,0";"1,0";"2,0";"3,0";
"360,0";"04,06,2020";"Выборгский";"400055129";"Падение пассажира";"";"0";"0";"г Санкт-Петербург ул Хошимина 32";"0,0";"1,0";"1,0";"2,0";
"361,0";"04,06,2020";"Адмиралтейский";"400044050";"Столкновение";"";"0";"0";"г Санкт-Петербург пр-кт Римского-Корсакова 24";"0,0";"1,0";"2,0";"2,0";
"362,0";"04,06,2020";"Кронштадтский";"400044192";"Наезд на препятствие";"А-118 Кольцевая автомобильная дорога вокруг Санкт-Петербурга";"122";"50";"г Санкт-Петербург  ";"0,0";"1,0";"1,0";"2,0";
"363,0";"04,06,2020";"Петроградский";"400044243";"Наезд на велосипедиста";"";"0";"0";"г Санкт-Петербург пр-кт Каменноостровский 33";"0,0";"1,0";"2,0";"2,0";
"364,0";"03,06,2020";"Калининский";"400043759";"Наезд на пешехода";"";"0";"0";"г Санкт-Петербург  ";"0,0";"1,0";"1,0";"2,0";
"365,0";"03,06,2020";"Выборгский";"400043904";"Наезд на пешехода";"";"0";"0";"г Санкт-Петербург  ";"0,0";"1,0";"1,0";"2,0";
"366,0";"03,06,2020";"Колпинский";"400043947";"Столкновение";"";"0";"0";"г Колпино ул Братьев Радченко И ул,Павловская";"0,0";"1,0";"2,0";"2,0";
"367,0";"03,06,2020";"Кировский";"400043966";"Наезд на пешехода";"";"0";"0";"г Санкт-Петербург  ";"0,0";"1,0";"2,0";"2,0";
"368,0";"03,06,2020";"Московский";"400043751";"Наезд на пешехода";"";"0";"0";"г Санкт-Петербург ул Кубинская 84";"0,0";"1,0";"1,0";"2,0";
"369,0";"03,06,2020";"Выборгский";"400043730";"Наезд на велосипедиста";"";"0";"0";"г Санкт-Петербург ш Выборгское 2А";"0,0";"1,0";"2,0";"2,0";
"370,0";"03,06,2020";"Адмиралтейский";"400043873";"Наезд на велосипедиста";"";"0";"0";"г Санкт-Петербург пр-кт Лермонтовский 16";"0,0";"1,0";"2,0";"2,0";
"371,0";"03,06,2020";"Центральный";"400043781";"Столкновение";"";"0";"0";"г Санкт-Петербург ул 9-я Советская 4";"0,0";"1,0";"2,0";"2,0";
"372,0";"03,06,2020";"Московский";"400043825";"Столкновение";"";"0";"0";"г Санкт-Петербург пр-кт Московский Ленинский пр,";"0,0";"2,0";"2,0";"3,0";
"373,0";"03,06,2020";"Пушкинский";"400043962";"Столкновение";"А-118 Кольцевая автомобильная дорога вокруг Санкт-Петербурга";"77";"100";"г Санкт-Петербург  ";"0,0";"1,0";"2,0";"2,0";
"374,0";"03,06,2020";"Выборгский";"400043920";"Наезд на велосипедиста";"";"0";"0";"г Санкт-Петербург пр-кт Луначарского 76-2";"0,0";"1,0";"2,0";"2,0";
"375,0";"03,06,2020";"Приморский";"400043822";"Столкновение";"";"0";"0";"г Санкт-Петербург ул Академика Харитона 8";"0,0";"1,0";"3,0";"2,0";
"376,0";"03,06,2020";"Петроградский";"400043971";"Наезд на пешехода";"";"0";"0";"г Санкт-Петербург ул Ждановская 1";"0,0";"2,0";"1,0";"2,0";
"377,0";"03,06,2020";"Адмиралтейский";"400043727";"Падение пассажира";"";"0";"0";"г Санкт-Петербург наб Английская 48";"0,0";"1,0";"1,0";"2,0";
"378,0";"02,06,2020";"Курортный";"400043618";"Столкновение";"А-181 Скандинавия Санкт-Петербург - Выборг - граница с Финляндской Республикой (основное направление)";"41";"820";"г Санкт-Петербург  ";"0,0";"1,0";"2,0";"2,0";
"379,0";"02,06,2020";"Невский";"400043632";"Наезд на препятствие";"";"0";"0";"г Санкт-Петербург ул Ивановская 30";"0,0";"1,0";"1,0";"1,0";
"380,0";"02,06,2020";"Выборгский";"400043574";"Столкновение";"";"0";"0";"г Санкт-Петербург ул Хошимина 11 к,2";"0,0";"1,0";"2,0";"3,0";
"381,0";"02,06,2020";"Фрунзенский";"400043525";"Наезд на стоящее ТС";"А-118 Кольцевая автомобильная дорога вокруг Санкт-Петербурга";"59";"900";"г Санкт-Петербург  ";"0,0";"1,0";"3,0";"2,0";
"382,0";"02,06,2020";"Василеостровский";"400043679";"Столкновение";"";"0";"0";"г Санкт-Петербург пр-кт Средний В,О, 32";"0,0";"1,0";"2,0";"2,0";
"383,0";"02,06,2020";"Центральный";"400043587";"Опрокидывание";"";"0";"0";"г Санкт-Петербург ул Восстания Ковенский пер";"0,0";"1,0";"2,0";"2,0";
"384,0";"02,06,2020";"Фрунзенский";"400043628";"Столкновение";"";"0";"0";"г Санкт-Петербург пр-кт Дунайский 47";"0,0";"2,0";"3,0";"4,0";
"385,0";"02,06,2020";"Красносельский";"400043724";"Столкновение";"";"0";"0";"г Санкт-Петербург ул Доблести 5";"0,0";"1,0";"2,0";"2,0";
"386,0";"02,06,2020";"Приморский";"400043455";"Наезд на велосипедиста";"";"0";"0";"г Санкт-Петербург аллея Поликарпова 1";"0,0";"1,0";"2,0";"2,0";
"387,0";"02,06,2020";"Выборгский";"400045711";"Падение пассажира";"";"0";"0";"г Санкт-Петербург пр-кт Институтский 4";"0,0";"1,0";"1,0";"2,0";
"388,0";"02,06,2020";"Красногвардейский";"400043535";"Наезд на пешехода";"";"0";"0";"г Санкт-Петербург дор Муринская 78";"0,0";"1,0";"1,0";"2,0";
"389,0";"02,06,2020";"Выборгский";"400043598";"Столкновение";"";"0";"0";"г Санкт-Петербург пр-кт Тихорецкий 29";"0,0";"2,0";"3,0";"5,0";
"390,0";"02,06,2020";"Московский";"400043533";"Столкновение";"";"0";"0";"г Санкт-Петербург пр-кт Ленинский 162";"0,0";"1,0";"2,0";"2,0";
"391,0";"02,06,2020";"Василеостровский";"400043550";"Наезд на велосипедиста";"";"0";"0";"г Санкт-Петербург ул Наличная 40к1";"0,0";"1,0";"2,0";"2,0";
"392,0";"02,06,2020";"Центральный";"400043588";"Наезд на пешехода";"";"0";"0";"г Санкт-Петербург  ";"0,0";"1,0";"1,0";"2,0";
"393,0";"02,06,2020";"Кировский";"400043596";"Наезд на препятствие";"";"0";"0";"г Санкт-Петербург ул Автомобильная Пр, Н, Ополчения";"0,0";"1,0";"1,0";"1,0";
"394,0";"02,06,2020";"Фрунзенский";"400043551";"Столкновение";"";"0";"0";"г Санкт-Петербург ул Белградская 4";"0,0";"3,0";"2,0";"3,0";
"395,0";"01,06,2020";"Красногвардейский";"400043154";"Наезд на препятствие";"";"0";"0";"г Санкт-Петербург пр-кт Металлистов 76 к, 1";"1,0";"1,0";"4,0";"2,0";
"396,0";"01,06,2020";"Курортный";"400043169";"Столкновение";"";"0";"0";"г Сестрорецк ул Мосина 28а";"0,0";"1,0";"2,0";"2,0";
"397,0";"01,06,2020";"Курортный";"400043408";"Наезд на велосипедиста";"";"0";"0";"п Репино ул Привокзальная 14";"0,0";"1,0";"2,0";"2,0";
"398,0";"01,06,2020";"Василеостровский";"400043399";"Наезд на пешехода";"";"0";"0";"г Санкт-Петербург пр-кт Большой В,О, 74";"0,0";"2,0";"1,0";"3,0";
"399,0";"01,06,2020";"Адмиралтейский";"400043381";"Столкновение";"";"0";"0";"г Санкт-Петербург наб Реки Фонтанки 153";"0,0";"1,0";"2,0";"2,0";
"400,0";"01,06,2020";"Фрунзенский";"400043294";"Наезд на велосипедиста";"";"0";"0";"г Санкт-Петербург  ";"0,0";"1,0";"2,0";"2,0";
"401,0";"01,06,2020";"Пушкинский";"400043341";"Наезд на препятствие";"";"0";"0";"п Шушары пр-кт Новгородский Шушарская дор,";"0,0";"1,0";"1,0";"2,0";
"402,0";"01,06,2020";"Центральный";"400043237";"Наезд на пешехода";"";"0";"0";"г Санкт-Петербург ул Садовая 5";"0,0";"1,0";"1,0";"2,0";
"403,0";"01,06,2020";"Калининский";"400043363";"Наезд на велосипедиста";"";"0";"0";"г Санкт-Петербург пр-кт Непокорённых 72";"1,0";"0,0";"2,0";"2,0";
"404,0";"01,06,2020";"Петродворцовый";"400043235";"Наезд на пешехода";"";"0";"0";"г Петергоф ул Демьяна Бедного 7 по ул,Привокзальна";"0,0";"1,0";"1,0";"2,0";
"405,0";"01,06,2020";"Московский";"400043165";"Столкновение";"";"0";"0";"г Санкт-Петербург пр-кт Витебский Дунайский пр СП";"0,0";"1,0";"3,0";"3,0";