"1,0";"30,09,2020";"Калининский";"400080025";"Столкновение";"";"0";"0";"г Санкт-Петербург пр-кт Луначарского 82";"0,0";"2,0";"2,0";"3,0";
"3,0";"30,09,2020";"Красногвардейский";"400079857";"Столкновение";"";"0";"0";"г Санкт-Петербург пр-кт Новочеркасский 49 20";"0,0";"1,0";"2,0";"2,0";
"4,0";"30,09,2020";"Кировский";"400079832";"Столкновение";"";"0";"0";"г Санкт-Петербург пр-кт Стачек 111-3";"0,0";"1,0";"2,0";"2,0";
"5,0";"30,09,2020";"Невский";"400079815";"Наезд на препятствие";"";"0";"0";"г Санкт-Петербург  ";"0,0";"1,0";"1,0";"2,0";
"6,0";"30,09,2020";"Московский";"400079802";"Столкновение";"";"0";"0";"г Санкт-Петербург пр-кт Московский 192-194";"0,0";"1,0";"2,0";"2,0";
"7,0";"30,09,2020";"Красногвардейский";"400080017";"Столкновение";"";"0";"0";"г Санкт-Петербург пр-кт Индустриальный 40";"0,0";"1,0";"4,0";"5,0";
"8,0";"30,09,2020";"Невский";"400080194";"Столкновение";"";"0";"0";"г Санкт-Петербург пр-кт Александровской Фермы 9";"0,0";"1,0";"2,0";"3,0";
"9,0";"30,09,2020";"Невский";"400079816";"Столкновение";"";"0";"0";"г Санкт-Петербург ул Народная 87";"0,0";"1,0";"2,0";"3,0";
"10,0";"30,09,2020";"Невский";"400080182";"Наезд на пешехода";"";"0";"0";"г Санкт-Петербург  ";"0,0";"1,0";"1,0";"2,0";
"11,0";"30,09,2020";"Красносельский";"400079839";"Наезд на пешехода";"";"0";"0";"г Санкт-Петербург ул Маршала Казакова 26";"0,0";"1,0";"1,0";"2,0";
"12,0";"30,09,2020";"Красносельский";"400079947";"Столкновение";"";"0";"0";"г Санкт-Петербург пр-кт Ветеранов 118к1";"0,0";"1,0";"2,0";"3,0";
"13,0";"30,09,2020";"Пушкинский";"400079946";"Наезд на пешехода";"";"0";"0";"п Шушары ш Петербургское Кокколевская улица";"0,0";"1,0";"1,0";"2,0";
"14,0";"30,09,2020";"Московский";"400079828";"Наезд на пешехода";"";"0";"0";"г Санкт-Петербург ш Пулковское 5 корп,1";"0,0";"1,0";"1,0";"2,0";
"15,0";"30,09,2020";"Адмиралтейский";"400083113";"Наезд на велосипедиста";"";"0";"0";"г Санкт-Петербург наб Обводного канала 156к1";"0,0";"1,0";"2,0";"2,0";
"16,0";"29,09,2020";"Адмиралтейский";"400082770";"Наезд на пешехода";"";"0";"0";"г Санкт-Петербург пр-кт Загородный 52 а";"0,0";"1,0";"1,0";"2,0";
"17,0";"29,09,2020";"Пушкинский";"400079734";"Столкновение";"";"0";"0";"г Пушкин ш Павловское Красной звезды";"0,0";"4,0";"2,0";"4,0";
"18,0";"29,09,2020";"Фрунзенский";"400079474";"Наезд на препятствие";"";"0";"0";"г Санкт-Петербург ул Малая Балканская 54";"0,0";"1,0";"1,0";"1,0";
"19,0";"29,09,2020";"Приморский";"400079499";"Наезд на велосипедиста";"";"0";"0";"г Санкт-Петербург  ";"0,0";"1,0";"2,0";"2,0";
"20,0";"29,09,2020";"Красногвардейский";"400079677";"Столкновение";"А-118 Кольцевая автомобильная дорога вокруг Санкт-Петербурга";"109";"150";"г Санкт-Петербург  ";"0,0";"1,0";"3,0";"3,0";
"21,0";"29,09,2020";"Адмиралтейский";"400079505";"Наезд на стоящее ТС";"";"0";"0";"г Санкт-Петербург пер Лодыгина 7";"0,0";"1,0";"2,0";"3,0";
"22,0";"29,09,2020";"Выборгский";"400079564";"Столкновение";"";"0";"0";"г Санкт-Петербург пр-кт Просвещения Ул, Кустодиева";"0,0";"1,0";"2,0";"2,0";
"23,0";"29,09,2020";"Кировский";"400079764";"Столкновение";"";"0";"0";"г Санкт-Петербург ул Лёни Голикова 56";"0,0";"1,0";"2,0";"2,0";
"24,0";"29,09,2020";"Приморский";"400079523";"Опрокидывание";"";"0";"0";"г Санкт-Петербург пр-кт Приморский 55";"0,0";"1,0";"2,0";"2,0";
"25,0";"29,09,2020";"Выборгский";"400079599";"Наезд на велосипедиста";"";"0";"0";"г Санкт-Петербург пр-кт Энгельса 11";"0,0";"1,0";"2,0";"2,0";
"26,0";"29,09,2020";"Московский";"400079548";"Столкновение";"";"0";"0";"г Санкт-Петербург пр-кт Ленинский пл, Контитуции ВП";"0,0";"2,0";"2,0";"3,0";
"27,0";"29,09,2020";"Московский";"400079552";"Падение пассажира";"";"0";"0";"г Санкт-Петербург ш Пулковское 13";"0,0";"2,0";"1,0";"3,0";
"28,0";"29,09,2020";"Красносельский";"400079669";"Наезд на пешехода";"";"0";"0";"г Санкт-Петербург ул Маршала Мерецкова д, 72 по Петергофско";"0,0";"1,0";"1,0";"2,0";
"29,0";"29,09,2020";"Красногвардейский";"400079600";"Столкновение";"";"0";"0";"г Санкт-Петербург пр-кт Малоохтинский 2";"0,0";"1,0";"4,0";"4,0";
"30,0";"28,09,2020";"Калининский";"400079366";"Столкновение";"";"0";"0";"г Санкт-Петербург пр-кт Науки Руставели 25";"0,0";"1,0";"2,0";"2,0";
"31,0";"28,09,2020";"Кронштадтский";"400079283";"Наезд на пешехода";"А-118 Кольцевая автомобильная дорога вокруг Санкт-Петербурга";"4";"350";"г Санкт-Петербург  ";"0,0";"1,0";"3,0";"3,0";
"32,0";"28,09,2020";"Колпинский";"400079424";"Наезд на пешехода";"";"0";"0";"г Колпино ул Ижорского Батальона 8";"0,0";"1,0";"1,0";"2,0";
"33,0";"28,09,2020";"Приморский";"400079423";"Наезд на велосипедиста";"";"0";"0";"г Санкт-Петербург ул Вербная Афонская";"0,0";"1,0";"2,0";"2,0";
"34,0";"28,09,2020";"Колпинский";"400079638";"Наезд на пешехода";"";"0";"0";"г Колпино пр-кт Заводской 16";"0,0";"1,0";"1,0";"2,0";
"35,0";"28,09,2020";"Петродворцовый";"400079398";"Наезд на пешехода";"";"0";"0";"г Петергоф ул Озерковая 45";"0,0";"1,0";"1,0";"2,0";
"36,0";"28,09,2020";"Московский";"400079228";"Столкновение";"";"0";"0";"г Санкт-Петербург ул Быковская Толмачевская ул,";"0,0";"1,0";"2,0";"3,0";
"37,0";"28,09,2020";"Калининский";"400079159";"Столкновение";"";"0";"0";"г Санкт-Петербург пр-кт Науки 17 к,1";"0,0";"1,0";"3,0";"3,0";
"38,0";"28,09,2020";"Приморский";"400079099";"Наезд на пешехода";"";"0";"0";"г Санкт-Петербург ул Парашютная 45";"0,0";"1,0";"1,0";"2,0";
"39,0";"28,09,2020";"Приморский";"400079104";"Наезд на пешехода";"";"0";"0";"г Санкт-Петербург  ";"0,0";"1,0";"2,0";"2,0";
"40,0";"28,09,2020";"Приморский";"400079390";"Наезд на пешехода";"";"0";"0";"г Санкт-Петербург ул 1-я Утиная 32";"0,0";"1,0";"1,0";"2,0";
"41,0";"28,09,2020";"Красногвардейский";"400079081";"Столкновение";"";"0";"0";"г Санкт-Петербург пр-кт Новочеркасский 40";"0,0";"1,0";"2,0";"3,0";
"42,0";"28,09,2020";"Приморский";"400079100";"Наезд на велосипедиста";"";"0";"0";"г Санкт-Петербург  ";"0,0";"1,0";"2,0";"2,0";
"43,0";"28,09,2020";"Калининский";"400079234";"Наезд на пешехода";"";"0";"0";"г Санкт-Петербург ул Брюсовская 3";"0,0";"1,0";"1,0";"2,0";
"44,0";"28,09,2020";"Василеостровский";"400080123";"Наезд на пешехода";"";"0";"0";"г Санкт-Петербург проезд Биржевой 2";"0,0";"1,0";"1,0";"2,0";
"45,0";"28,09,2020";"Петродворцовый";"400079452";"Съезд с дороги";"";"0";"0";"п Стрельна ш Волхонское 4а";"0,0";"1,0";"1,0";"1,0";
"46,0";"28,09,2020";"Калининский";"400079393";"Наезд на пешехода";"";"0";"0";"г Санкт-Петербург пр-кт Тихорецкий 25";"0,0";"1,0";"1,0";"2,0";
"47,0";"28,09,2020";"Центральный";"400079422";"Столкновение";"";"0";"0";"г Санкт-Петербург пр-кт Невский 134";"0,0";"1,0";"2,0";"3,0";
"48,0";"28,09,2020";"Кировский";"400079113";"Наезд на велосипедиста";"";"0";"0";"г Санкт-Петербург пр-кт Народного Ополчения 10";"0,0";"1,0";"2,0";"2,0";
"49,0";"28,09,2020";"Кировский";"400079339";"Столкновение";"";"0";"0";"г Санкт-Петербург ул Зайцева Васи Алексеева";"0,0";"2,0";"2,0";"2,0";
"50,0";"28,09,2020";"Центральный";"400082343";"Наезд на пешехода";"";"0";"0";"г Санкт-Петербург пер Транспортный 8";"0,0";"1,0";"1,0";"2,0";
"51,0";"27,09,2020";"Центральный";"400079006";"Наезд на пешехода";"";"0";"0";"г Санкт-Петербург ул Кирочная 12";"0,0";"2,0";"1,0";"3,0";
"52,0";"27,09,2020";"Кировский";"400079041";"Наезд на стоящее ТС";"";"0";"0";"г Санкт-Петербург пр-кт Дачный 38";"0,0";"1,0";"2,0";"2,0";
"53,0";"27,09,2020";"Выборгский";"400078820";"Наезд на препятствие";"";"0";"0";"г Санкт-Петербург пр-кт Луначарского 45";"0,0";"1,0";"1,0";"2,0";
"54,0";"27,09,2020";"Петроградский";"400078774";"Наезд на пешехода";"";"0";"0";"г Санкт-Петербург  ";"0,0";"1,0";"1,0";"2,0";
"55,0";"27,09,2020";"Колпинский";"400078989";"Столкновение";"";"0";"0";"г Колпино ул Финляндская 13";"0,0";"1,0";"2,0";"2,0";
"56,0";"27,09,2020";"Василеостровский";"400078845";"Падение пассажира";"";"0";"0";"г Санкт-Петербург наб Новосмоленская 1";"0,0";"1,0";"1,0";"2,0";
"57,0";"27,09,2020";"Калининский";"400079048";"Столкновение";"";"0";"0";"г Санкт-Петербург пр-кт Культуры 33";"0,0";"1,0";"2,0";"2,0";
"58,0";"27,09,2020";"Невский";"400079037";"Столкновение";"";"0";"0";"г Санкт-Петербург пр-кт Большевиков 26";"0,0";"2,0";"2,0";"4,0";
"59,0";"27,09,2020";"Курортный";"400078934";"Наезд на велосипедиста";"";"0";"0";"г Санкт-Петербург ш Приморское 286";"0,0";"1,0";"2,0";"2,0";
"60,0";"27,09,2020";"Кировский";"400079039";"Наезд на пешехода";"Западный скоростной диаметр";"34";"900";"г Санкт-Петербург  ";"1,0";"0,0";"2,0";"2,0";
"61,0";"27,09,2020";"Курортный";"400078883";"Столкновение";"";"0";"0";"г Сестрорецк ш Приморское 38 км";"0,0";"1,0";"2,0";"2,0";
"62,0";"27,09,2020";"Кировский";"400079049";"Столкновение";"";"0";"0";"г Санкт-Петербург пр-кт Стачек 13";"0,0";"1,0";"2,0";"3,0";
"63,0";"27,09,2020";"Центральный";"400078847";"Наезд на пешехода";"";"0";"0";"г Санкт-Петербург ул Садовая 21 - напротив";"0,0";"1,0";"2,0";"2,0";
"64,0";"27,09,2020";"Выборгский";"400079031";"Наезд на пешехода";"";"0";"0";"г Санкт-Петербург пр-кт Луначарского 43";"0,0";"1,0";"1,0";"2,0";
"65,0";"27,09,2020";"Василеостровский";"400078893";"Наезд на препятствие";"";"0";"0";"г Санкт-Петербург линия 1-я В,О, 18 2";"0,0";"1,0";"1,0";"2,0";
"66,0";"27,09,2020";"Приморский";"400081155";"Наезд на велосипедиста";"";"0";"0";"г Санкт-Петербург ул Школьная 9";"0,0";"1,0";"2,0";"2,0";
"67,0";"27,09,2020";"Приморский";"400079007";"Наезд на пешехода";"";"0";"0";"г Санкт-Петербург ул Долгоозёрная 8";"0,0";"1,0";"1,0";"2,0";
"68,0";"27,09,2020";"Фрунзенский";"400078800";"Столкновение";"";"0";"0";"г Санкт-Петербург ул Будапештская 61";"0,0";"1,0";"2,0";"3,0";
"69,0";"27,09,2020";"Красносельский";"400078889";"Столкновение";"";"0";"0";"г Санкт-Петербург пр-кт Героев ул,А,Трибуца";"0,0";"1,0";"2,0";"2,0";
"70,0";"26,09,2020";"Адмиралтейский";"400078751";"Столкновение";"";"0";"0";"г Санкт-Петербург наб Обводного канала 146";"0,0";"1,0";"2,0";"2,0";
"71,0";"26,09,2020";"Кировский";"400092225";"Наезд на препятствие";"";"0";"0";"г Санкт-Петербург пр-кт Стачек 216к2";"0,0";"1,0";"1,0";"2,0";
"72,0";"26,09,2020";"Московский";"400079958";"Наезд на пешехода";"";"0";"0";"г Санкт-Петербург пр-кт Московский 129";"0,0";"1,0";"1,0";"2,0";
"73,0";"26,09,2020";"Курортный";"400078571";"Наезд на пешехода";"";"0";"0";"п Серово ш Приморское 640А";"1,0";"0,0";"1,0";"2,0";
"74,0";"26,09,2020";"Выборгский";"400078720";"Наезд на пешехода";"";"0";"0";"г Санкт-Петербург наб Пироговская 5 2";"0,0";"1,0";"1,0";"2,0";
"75,0";"26,09,2020";"Кировский";"400078657";"Столкновение";"";"0";"0";"г Санкт-Петербург пр-кт Стачек пр, М, Жукова";"0,0";"2,0";"2,0";"2,0";
"76,0";"26,09,2020";"Невский";"400079847";"Падение пассажира";"";"0";"0";"г Санкт-Петербург пр-кт Дальневосточный 20 корп,2";"0,0";"1,0";"1,0";"2,0";
"77,0";"26,09,2020";"Московский";"400078482";"Столкновение";"";"0";"0";"г Санкт-Петербург ш Московское 44т";"0,0";"1,0";"2,0";"3,0";
"78,0";"26,09,2020";"Приморский";"400078550";"Падение пассажира";"";"0";"0";"г Санкт-Петербург ул Савушкина 83 к,3";"0,0";"1,0";"1,0";"2,0";
"79,0";"26,09,2020";"Невский";"400078626";"Наезд на пешехода";"";"0";"0";"г Санкт-Петербург  ";"0,0";"1,0";"1,0";"2,0";
"80,0";"26,09,2020";"Адмиралтейский";"400079615";"Наезд на велосипедиста";"";"0";"0";"г Санкт-Петербург пр-кт Московский 2 6";"0,0";"1,0";"2,0";"2,0";
"81,0";"26,09,2020";"Кировский";"400078546";"Наезд на пешехода";"";"0";"0";"г Санкт-Петербург пр-кт Трамвайный ул, З, Портновой";"0,0";"1,0";"1,0";"2,0";
"82,0";"26,09,2020";"Красногвардейский";"400078453";"Наезд на стоящее ТС";"";"0";"0";"г Санкт-Петербург пр-кт Ударников 40";"0,0";"1,0";"3,0";"1,0";
"83,0";"26,09,2020";"Красносельский";"400078505";"Наезд на велосипедиста";"";"0";"0";"г Санкт-Петербург пр-кт Ветеранов 130";"0,0";"1,0";"2,0";"2,0";
"84,0";"26,09,2020";"Московский";"400078673";"Наезд на пешехода";"";"0";"0";"г Санкт-Петербург ш Пулковское Внкковская ул,";"0,0";"1,0";"1,0";"2,0";
"85,0";"26,09,2020";"Приморский";"400078727";"Столкновение";"";"0";"0";"г Санкт-Петербург ул Савушкина Карельский пер,";"0,0";"1,0";"2,0";"2,0";
"86,0";"26,09,2020";"Центральный";"400078524";"Наезд на пешехода";"";"0";"0";"г Санкт-Петербург ул 8-я Советская Ул, Дегтярная";"0,0";"1,0";"1,0";"2,0";
"87,0";"26,09,2020";"Красногвардейский";"400078616";"Столкновение";"";"0";"0";"г Санкт-Петербург пр-кт Энергетиков 27";"0,0";"2,0";"2,0";"3,0";
"88,0";"26,09,2020";"Невский";"400078485";"Наезд на стоящее ТС";"";"0";"0";"г Санкт-Петербург ул Народная 100";"1,0";"0,0";"2,0";"2,0";
"89,0";"26,09,2020";"Петроградский";"400078583";"Столкновение";"";"0";"0";"г Санкт-Петербург наб Мытнинская 3";"0,0";"1,0";"2,0";"2,0";
"90,0";"26,09,2020";"Колпинский";"400078753";"Наезд на пешехода";"";"0";"0";"г Колпино ул Ижорского Батальона 14";"0,0";"1,0";"2,0";"2,0";
"91,0";"25,09,2020";"Красногвардейский";"400078153";"Столкновение";"";"0";"0";"г Санкт-Петербург пр-кт Энергетиков 57";"0,0";"1,0";"3,0";"3,0";
"92,0";"25,09,2020";"Приморский";"400078096";"Наезд на пешехода";"";"0";"0";"г Санкт-Петербург пр-кт Богатырский 22 к1";"0,0";"1,0";"1,0";"2,0";
"93,0";"25,09,2020";"Курортный";"400078214";"Съезд с дороги";"";"0";"0";"г Зеленогорск ш Зеленогорское 18 км";"0,0";"3,0";"1,0";"3,0";
"94,0";"25,09,2020";"Калининский";"400078419";"Столкновение";"";"0";"0";"г Санкт-Петербург пр-кт Пискарёвский 40";"0,0";"1,0";"2,0";"2,0";
"95,0";"25,09,2020";"Адмиралтейский";"400078232";"Наезд на пешехода";"";"0";"0";"г Санкт-Петербург пр-кт Вознесенский 37";"0,0";"1,0";"1,0";"2,0";
"96,0";"25,09,2020";"Московский";"400078250";"Наезд на велосипедиста";"";"0";"0";"г Санкт-Петербург ул Бассейная 21";"0,0";"1,0";"2,0";"2,0";
"97,0";"25,09,2020";"Московский";"400078230";"Наезд на пешехода";"";"0";"0";"г Санкт-Петербург пр-кт Витебский 101к,2ср,1";"0,0";"2,0";"1,0";"3,0";
"98,0";"25,09,2020";"Выборгский";"400078095";"Столкновение";"";"0";"0";"г Санкт-Петербург пр-кт Энгельса 96";"0,0";"1,0";"5,0";"3,0";
"99,0";"25,09,2020";"Приморский";"400078234";"Наезд на пешехода";"";"0";"0";"г Санкт-Петербург ул Белоостровская Земледельческая ул,";"0,0";"1,0";"1,0";"2,0";
"100,0";"25,09,2020";"Невский";"400078404";"Столкновение";"";"0";"0";"г Санкт-Петербург пр-кт Российский 8";"0,0";"2,0";"2,0";"4,0";
"101,0";"25,09,2020";"Московский";"400078286";"Столкновение";"";"0";"0";"г Санкт-Петербург ул Типанова 27";"0,0";"1,0";"2,0";"3,0";
"102,0";"25,09,2020";"Фрунзенский";"400078149";"Падение пассажира";"";"0";"0";"г Санкт-Петербург ул Расстанная 10 К";"0,0";"1,0";"1,0";"2,0";
"103,0";"25,09,2020";"Колпинский";"400078447";"Наезд на препятствие";"";"0";"0";"г Колпино ул Оборонная Тверская";"0,0";"1,0";"1,0";"1,0";
"104,0";"25,09,2020";"Кронштадтский";"400079169";"Наезд на пешехода";"";"0";"0";"г Кронштадт ш Кронштадтское 34";"0,0";"1,0";"1,0";"2,0";
"105,0";"25,09,2020";"Московский";"400078245";"Столкновение";"";"0";"0";"г Санкт-Петербург ш Пулковское 5";"0,0";"1,0";"3,0";"3,0";
"106,0";"25,09,2020";"Калининский";"400078257";"Наезд на пешехода";"";"0";"0";"г Санкт-Петербург пр-кт Гражданский 111";"0,0";"1,0";"1,0";"2,0";
"107,0";"25,09,2020";"Колпинский";"400078308";"Столкновение";"";"0";"0";"г Колпино б-р Свободы 19,3м от Соборной";"0,0";"1,0";"2,0";"2,0";
"108,0";"25,09,2020";"Красногвардейский";"400078202";"Наезд на пешехода";"";"0";"0";"г Санкт-Петербург  ";"0,0";"1,0";"1,0";"2,0";
"109,0";"24,09,2020";"Калининский";"400077990";"Наезд на велосипедиста";"";"0";"0";"г Санкт-Петербург  ";"0,0";"1,0";"2,0";"2,0";
"110,0";"24,09,2020";"Фрунзенский";"400078026";"Столкновение";"";"0";"0";"г Санкт-Петербург ул Малая Балканская 26";"0,0";"1,0";"2,0";"2,0";
"111,0";"24,09,2020";"Адмиралтейский";"400080201";"Наезд на пешехода";"";"0";"0";"г Санкт-Петербург ул Лоцманская 20";"0,0";"1,0";"1,0";"2,0";
"112,0";"24,09,2020";"Московский";"400077721";"Наезд на велосипедиста";"";"0";"0";"г Санкт-Петербург пр-кт Витебский 16 в";"0,0";"1,0";"2,0";"2,0";
"113,0";"24,09,2020";"Московский";"400077701";"Наезд на пешехода";"";"0";"0";"г Санкт-Петербург пр-кт Витебский 108";"0,0";"1,0";"1,0";"2,0";
"114,0";"24,09,2020";"Кронштадтский";"400077985";"Наезд на пешехода";"";"0";"0";"г Кронштадт дор Южная Кронштадтская 0";"0,0";"1,0";"1,0";"2,0";
"115,0";"24,09,2020";"Московский";"400077896";"Наезд на пешехода";"";"0";"0";"г Санкт-Петербург ш Пулковское 14";"0,0";"2,0";"1,0";"3,0";
"116,0";"24,09,2020";"Петродворцовый";"400077713";"Наезд на велосипедиста";"";"0";"0";"г Петергоф ул Первого Мая 98";"0,0";"1,0";"2,0";"2,0";
"117,0";"24,09,2020";"Колпинский";"400077655";"Столкновение";"";"0";"0";"г Колпино ул Павловская Радченко";"0,0";"2,0";"2,0";"3,0";
"118,0";"24,09,2020";"Фрунзенский";"400077723";"Падение пассажира";"";"0";"0";"г Санкт-Петербург ул Белы Куна 13к1";"0,0";"1,0";"1,0";"2,0";
"119,0";"24,09,2020";"Колпинский";"400077962";"Столкновение";"";"0";"0";"г Колпино ул Финляндская 35";"0,0";"1,0";"2,0";"2,0";
"120,0";"24,09,2020";"Василеостровский";"400077967";"Падение пассажира";"";"0";"0";"г Санкт-Петербург ул Железноводская 5";"0,0";"1,0";"1,0";"2,0";
"121,0";"24,09,2020";"Пушкинский";"400077776";"Столкновение";"";"0";"0";"п Шушары ш Московское 177 корпус 2";"0,0";"1,0";"2,0";"2,0";
"122,0";"24,09,2020";"Курортный";"400077793";"Наезд на пешехода";"";"0";"0";"п Репино  ";"0,0";"1,0";"1,0";"2,0";
"123,0";"24,09,2020";"Калининский";"400077818";"Наезд на пешехода";"";"0";"0";"г Санкт-Петербург  ";"0,0";"1,0";"1,0";"2,0";
"124,0";"24,09,2020";"Московский";"400077922";"Столкновение";"А-118 Кольцевая автомобильная дорога вокруг Санкт-Петербурга";"70";"350";"г Санкт-Петербург  ";"0,0";"1,0";"4,0";"3,0";
"125,0";"23,09,2020";"Адмиралтейский";"400077591";"Столкновение";"";"0";"0";"г Санкт-Петербург ул Степана Разина 6к3";"0,0";"1,0";"2,0";"2,0";
"126,0";"23,09,2020";"Центральный";"400077353";"Наезд на пешехода";"";"0";"0";"г Санкт-Петербург ул Шпалерная 47";"0,0";"1,0";"1,0";"2,0";
"127,0";"23,09,2020";"Петродворцовый";"400077324";"Столкновение";"";"0";"0";"г Ломоносов ул Победы 22 7";"0,0";"1,0";"2,0";"3,0";
"128,0";"23,09,2020";"Московский";"400077388";"Столкновение";"";"0";"0";"г Санкт-Петербург  ";"0,0";"1,0";"2,0";"2,0";
"129,0";"23,09,2020";"Центральный";"400077631";"Столкновение";"";"0";"0";"г Санкт-Петербург пр-кт Литейный 56";"0,0";"1,0";"2,0";"3,0";
"130,0";"23,09,2020";"Невский";"400077614";"Наезд на пешехода";"";"0";"0";"г Санкт-Петербург ул Коллонтай 3";"0,0";"2,0";"1,0";"3,0";
"131,0";"23,09,2020";"Выборгский";"400077425";"Наезд на пешехода";"";"0";"0";"г Санкт-Петербург пр-кт Культуры 4";"0,0";"1,0";"1,0";"2,0";
"132,0";"23,09,2020";"Василеостровский";"400077315";"Столкновение";"";"0";"0";"г Санкт-Петербург пр-кт Большой В,О, 26";"0,0";"2,0";"4,0";"4,0";
"133,0";"23,09,2020";"Пушкинский";"400077334";"Наезд на пешехода";"";"0";"0";"г Пушкин ул Конюшенная Октябрьский б-р";"0,0";"1,0";"1,0";"2,0";
"134,0";"23,09,2020";"Колпинский";"400078212";"Падение пассажира";"";"0";"0";"г Колпино пр-кт Ленина 24 8";"0,0";"1,0";"1,0";"2,0";
"135,0";"23,09,2020";"Выборгский";"400077644";"Наезд на препятствие";"";"0";"0";"г Санкт-Петербург пр-кт Лесной напротив д, 59к1";"0,0";"1,0";"1,0";"2,0";
"136,0";"23,09,2020";"Фрунзенский";"400077382";"Столкновение";"";"0";"0";"г Санкт-Петербург ул Димитрова 26";"0,0";"1,0";"2,0";"2,0";
"137,0";"23,09,2020";"Невский";"400077626";"Столкновение";"";"0";"0";"г Санкт-Петербург ул Седова 11";"0,0";"1,0";"2,0";"3,0";
"138,0";"23,09,2020";"Невский";"400077648";"Наезд на пешехода";"";"0";"0";"г Санкт-Петербург пр-кт Дальневосточный 9";"0,0";"1,0";"1,0";"2,0";
"139,0";"23,09,2020";"Невский";"400077541";"Наезд на велосипедиста";"";"0";"0";"г Санкт-Петербург ул Народная 1";"0,0";"1,0";"2,0";"2,0";
"140,0";"23,09,2020";"Красногвардейский";"400077355";"Столкновение";"";"0";"0";"г Санкт-Петербург ул Ленская 11";"1,0";"1,0";"4,0";"5,0";
"141,0";"23,09,2020";"Невский";"400077583";"Столкновение";"";"0";"0";"г Санкт-Петербург ул Коллонтай 12 кор,1";"0,0";"1,0";"3,0";"3,0";
"142,0";"23,09,2020";"Центральный";"400077448";"Столкновение";"";"0";"0";"г Санкт-Петербург ул Шпалерная 44Б-Потёмкинскаяул";"0,0";"1,0";"2,0";"3,0";
"143,0";"23,09,2020";"Колпинский";"400077364";"Столкновение";"";"0";"0";"г Колпино ул Братьев Радченко 23";"0,0";"1,0";"3,0";"4,0";
"144,0";"23,09,2020";"Выборгский";"400112865";"Иной вид ДТП";"";"0";"0";"г Санкт-Петербург пр-кт Художников 10 кор,1";"0,0";"1,0";"1,0";"2,0";
"145,0";"23,09,2020";"Калининский";"400077360";"Падение пассажира";"";"0";"0";"г Санкт-Петербург ул Замшина 39";"0,0";"1,0";"1,0";"2,0";
"146,0";"23,09,2020";"Невский";"400077559";"Наезд на пешехода";"";"0";"0";"г Санкт-Петербург пр-кт Обуховской Обороны 142";"0,0";"1,0";"1,0";"2,0";
"147,0";"23,09,2020";"Приморский";"400077620";"Наезд на пешехода";"";"0";"0";"г Санкт-Петербург ул Академика Шиманского 27 по Приморскому пр";"0,0";"1,0";"2,0";"2,0";
"148,0";"23,09,2020";"Калининский";"400087853";"Наезд на велосипедиста";"";"0";"0";"г Санкт-Петербург  ";"0,0";"1,0";"2,0";"2,0";
"149,0";"23,09,2020";"Кировский";"400077586";"Наезд на пешехода";"";"0";"0";"г Санкт-Петербург  ";"0,0";"1,0";"1,0";"2,0";
"150,0";"22,09,2020";"Калининский";"400077232";"Наезд на пешехода";"";"0";"0";"г Санкт-Петербург  ";"0,0";"1,0";"1,0";"2,0";
"151,0";"22,09,2020";"Невский";"400077085";"Наезд на пешехода";"";"0";"0";"г Санкт-Петербург пр-кт Советский (Усть-Славянка) 43";"0,0";"1,0";"2,0";"2,0";
"152,0";"22,09,2020";"Приморский";"400076964";"Наезд на пешехода";"";"0";"0";"г Санкт-Петербург  ";"0,0";"1,0";"1,0";"2,0";
"153,0";"22,09,2020";"Красногвардейский";"400076953";"Столкновение";"";"0";"0";"г Санкт-Петербург дор Муринская 24";"0,0";"1,0";"2,0";"3,0";
"154,0";"22,09,2020";"Петроградский";"400077208";"Столкновение";"";"0";"0";"г Санкт-Петербург наб Адмирала Лазарева 20";"0,0";"1,0";"3,0";"4,0";
"155,0";"22,09,2020";"Фрунзенский";"400077244";"Столкновение";"";"0";"0";"г Санкт-Петербург ул Малая Балканская 20";"0,0";"1,0";"2,0";"3,0";
"156,0";"22,09,2020";"Василеостровский";"400078072";"Наезд на пешехода";"";"0";"0";"г Санкт-Петербург ул Одоевского 33";"0,0";"1,0";"1,0";"2,0";
"157,0";"22,09,2020";"Калининский";"400077230";"Наезд на пешехода";"";"0";"0";"г Санкт-Петербург  ";"0,0";"1,0";"1,0";"2,0";
"158,0";"22,09,2020";"Красногвардейский";"400077016";"Столкновение";"А-118 Кольцевая автомобильная дорога вокруг Санкт-Петербурга";"108";"860";"г Санкт-Петербург  ";"0,0";"1,0";"3,0";"3,0";
"159,0";"22,09,2020";"Невский";"400077267";"Столкновение";"";"0";"0";"г Санкт-Петербург пр-кт Шлиссельбургский 2 к 1";"0,0";"1,0";"3,0";"3,0";
"160,0";"22,09,2020";"Калининский";"400077231";"Наезд на пешехода";"";"0";"0";"г Санкт-Петербург ул Карпинского 20";"0,0";"1,0";"1,0";"2,0";
"161,0";"22,09,2020";"Невский";"400077086";"Столкновение";"";"0";"0";"г Санкт-Петербург пр-кт Обуховской Обороны 72";"0,0";"2,0";"2,0";"3,0";
"162,0";"22,09,2020";"Московский";"400076931";"Наезд на пешехода";"";"0";"0";"г Санкт-Петербург пр-кт Московский Кузнецовская ул,";"0,0";"1,0";"1,0";"2,0";
"163,0";"22,09,2020";"Московский";"400079914";"Наезд на пешехода";"";"0";"0";"г Санкт-Петербург пр-кт Московский 188";"0,0";"1,0";"1,0";"2,0";
"164,0";"22,09,2020";"Выборгский";"400077028";"Наезд на пешехода";"";"0";"0";"г Санкт-Петербург пр-кт Скобелевский 17";"0,0";"1,0";"1,0";"2,0";
"165,0";"22,09,2020";"Кировский";"400077235";"Наезд на пешехода";"";"0";"0";"г Санкт-Петербург ул Маршала Говорова 37";"0,0";"1,0";"1,0";"2,0";
"166,0";"22,09,2020";"Московский";"400076933";"Съезд с дороги";"";"0";"0";"г Санкт-Петербург ул Заозёрная 2";"0,0";"1,0";"1,0";"2,0";
"167,0";"21,09,2020";"Московский";"400076541";"Столкновение";"";"0";"0";"г Санкт-Петербург ул Благодатная Ю,Гагарина";"0,0";"1,0";"2,0";"2,0";
"168,0";"21,09,2020";"Петродворцовый";"400084217";"Наезд на велосипедиста";"";"0";"0";"г Ломоносов ул Федюнинского 16";"0,0";"1,0";"2,0";"2,0";
"169,0";"21,09,2020";"Пушкинский";"400076776";"Наезд на пешехода";"";"0";"0";"п Шушары ул Туровская (Славянка) 30м до Колпинского ш";"0,0";"1,0";"1,0";"2,0";
"170,0";"21,09,2020";"Петродворцовый";"400076574";"Столкновение";"";"0";"0";"г Ломоносов ш Краснофлотское 110";"0,0";"2,0";"2,0";"3,0";
"171,0";"21,09,2020";"Петродворцовый";"400076782";"Столкновение";"";"0";"0";"г Ломоносов пр-кт Ораниенбаумский 33";"0,0";"2,0";"2,0";"3,0";
"172,0";"21,09,2020";"Петроградский";"400076581";"Наезд на велосипедиста";"";"0";"0";"г Санкт-Петербург ул Профессора Попова 6б";"0,0";"1,0";"2,0";"2,0";
"173,0";"21,09,2020";"Калининский";"400076867";"Наезд на препятствие";"";"0";"0";"г Санкт-Петербург пр-кт Гражданский 117";"0,0";"1,0";"1,0";"1,0";
"174,0";"21,09,2020";"Московский";"400076826";"Столкновение";"";"0";"0";"г Санкт-Петербург ш Пулковское 20";"0,0";"2,0";"2,0";"2,0";
"175,0";"21,09,2020";"Невский";"400076890";"Столкновение";"";"0";"0";"г Санкт-Петербург пр-кт Обуховской Обороны 143";"0,0";"1,0";"2,0";"2,0";
"176,0";"21,09,2020";"Выборгский";"400076658";"Столкновение";"";"0";"0";"г Санкт-Петербург пр-кт Просвещения Ул, Ивана Фомина";"0,0";"1,0";"3,0";"3,0";
"177,0";"21,09,2020";"Невский";"400076885";"Столкновение";"";"0";"0";"г Санкт-Петербург ул Подвойского 22";"0,0";"2,0";"2,0";"4,0";
"178,0";"21,09,2020";"Василеостровский";"400076579";"Столкновение";"";"0";"0";"г Санкт-Петербург пр-кт Средний В,О, 86";"0,0";"1,0";"3,0";"2,0";
"179,0";"21,09,2020";"Центральный";"400087926";"Наезд на пешехода";"";"0";"0";"г Санкт-Петербург ул Восстания Басков переулок";"0,0";"1,0";"1,0";"2,0";
"180,0";"21,09,2020";"Петроградский";"400076828";"Наезд на пешехода";"";"0";"0";"г Санкт-Петербург пл Троицкая П,С, 1";"0,0";"1,0";"1,0";"2,0";
"181,0";"21,09,2020";"Невский";"400076725";"Наезд на велосипедиста";"";"0";"0";"г Санкт-Петербург  ";"0,0";"1,0";"2,0";"2,0";
"182,0";"20,09,2020";"Красногвардейский";"400076277";"Наезд на стоящее ТС";"";"0";"0";"г Санкт-Петербург пр-кт Пискарёвский 63";"0,0";"1,0";"2,0";"2,0";
"183,0";"20,09,2020";"Василеостровский";"400076352";"Столкновение";"";"0";"0";"г Санкт-Петербург наб Лейтенанта Шмидта 15";"0,0";"1,0";"2,0";"3,0";
"184,0";"20,09,2020";"Фрунзенский";"400076344";"Наезд на препятствие";"";"0";"0";"г Санкт-Петербург пр-кт Славы 2";"0,0";"1,0";"1,0";"2,0";
"185,0";"20,09,2020";"Красносельский";"400076394";"Столкновение";"";"0";"0";"г Красное Село ш Гатчинское 1,5 км до д, 17";"0,0";"1,0";"2,0";"2,0";
"186,0";"20,09,2020";"Выборгский";"400076299";"Столкновение";"";"0";"0";"п Парголово ш Выборгское 212а";"0,0";"1,0";"4,0";"5,0";
"187,0";"20,09,2020";"Выборгский";"400083791";"Падение пассажира";"";"0";"0";"г Санкт-Петербург пр-кт Энгельса 147";"0,0";"1,0";"1,0";"2,0";
"188,0";"20,09,2020";"Центральный";"400076244";"Столкновение";"";"0";"0";"г Санкт-Петербург пр-кт Лиговский 116-118";"0,0";"1,0";"2,0";"3,0";
"189,0";"20,09,2020";"Кронштадтский";"400076403";"Столкновение";"";"0";"0";"г Кронштадт ул Флотская 16 11";"0,0";"1,0";"2,0";"3,0";
"190,0";"20,09,2020";"Кронштадтский";"400076397";"Наезд на пешехода";"";"0";"0";"г Кронштадт ул Аммермана 21";"0,0";"1,0";"1,0";"2,0";
"191,0";"20,09,2020";"Фрунзенский";"400076389";"Столкновение";"";"0";"0";"г Санкт-Петербург ул Мгинская 3";"0,0";"1,0";"2,0";"3,0";
"192,0";"20,09,2020";"Невский";"400076293";"Наезд на препятствие";"";"0";"0";"г Санкт-Петербург ул Бабушкина 89к,1";"0,0";"1,0";"1,0";"2,0";
"193,0";"20,09,2020";"Московский";"400076359";"Столкновение";"";"0";"0";"г Санкт-Петербург пл Победы 1";"0,0";"1,0";"2,0";"2,0";
"194,0";"19,09,2020";"Невский";"400075970";"Наезд на препятствие";"";"0";"0";"г Санкт-Петербург пр-кт Обуховской Обороны 291";"0,0";"2,0";"1,0";"2,0";
"195,0";"19,09,2020";"Красногвардейский";"400075937";"Столкновение";"";"0";"0";"г Санкт-Петербург ул Якорная 6";"0,0";"1,0";"2,0";"3,0";
"196,0";"19,09,2020";"Московский";"400076112";"Столкновение";"";"0";"0";"г Санкт-Петербург пр-кт Московский Рощинская ул,";"0,0";"1,0";"2,0";"2,0";
"197,0";"19,09,2020";"Центральный";"400075989";"Наезд на пешехода";"";"0";"0";"г Санкт-Петербург ул Новгородская 5";"0,0";"1,0";"1,0";"2,0";
"198,0";"19,09,2020";"Василеостровский";"400075993";"Наезд на пешехода";"";"0";"0";"г Санкт-Петербург наб Макарова 8";"0,0";"1,0";"1,0";"2,0";
"199,0";"19,09,2020";"Красносельский";"400075961";"Наезд на стоящее ТС";"";"0";"0";"г Санкт-Петербург ул Маршала Казакова 62к1";"1,0";"0,0";"2,0";"1,0";
"200,0";"19,09,2020";"Центральный";"400076072";"Падение пассажира";"";"0";"0";"г Санкт-Петербург пр-кт Невский 35";"0,0";"1,0";"1,0";"2,0";
"201,0";"19,09,2020";"Невский";"400076052";"Наезд на пешехода";"";"0";"0";"г Санкт-Петербург пр-кт Дальневосточный 6";"0,0";"1,0";"1,0";"2,0";
"202,0";"19,09,2020";"Калининский";"400076108";"Столкновение";"";"0";"0";"г Санкт-Петербург ул Руставели 68";"0,0";"1,0";"2,0";"2,0";
"203,0";"19,09,2020";"Московский";"400077387";"Наезд на пешехода";"";"0";"0";"г Санкт-Петербург пр-кт Московский 200";"0,0";"1,0";"1,0";"2,0";
"204,0";"19,09,2020";"Курортный";"400076235";"Съезд с дороги";"А-181 Скандинавия Санкт-Петербург - Выборг - граница с Финляндской Республикой (основное направление)";"46";"130";"г Санкт-Петербург  ";"1,0";"0,0";"1,0";"1,0";
"205,0";"19,09,2020";"Выборгский";"400076096";"Наезд на пешехода";"";"0";"0";"г Санкт-Петербург ул Варваринская 58";"0,0";"1,0";"1,0";"2,0";
"206,0";"19,09,2020";"Невский";"400076157";"Наезд на пешехода";"";"0";"0";"г Санкт-Петербург ул Коллонтай 32 кор,1";"0,0";"1,0";"1,0";"2,0";
"207,0";"19,09,2020";"Московский";"400075999";"Столкновение";"";"0";"0";"г Санкт-Петербург ул Благодатная 10А";"0,0";"1,0";"2,0";"3,0";
"208,0";"19,09,2020";"Колпинский";"400076104";"Столкновение";"";"0";"0";"г Колпино ул Оборонная Московская";"0,0";"3,0";"2,0";"3,0";
"209,0";"18,09,2020";"Фрунзенский";"400075607";"Столкновение";"";"0";"0";"г Санкт-Петербург пр-кт Славы 5";"0,0";"1,0";"3,0";"3,0";
"210,0";"18,09,2020";"Московский";"400075603";"Столкновение";"";"0";"0";"г Санкт-Петербург пр-кт Юрия Гагарина Кузнецовская ул,";"0,0";"1,0";"2,0";"2,0";
"211,0";"18,09,2020";"Адмиралтейский";"400075895";"Столкновение";"";"0";"0";"г Санкт-Петербург пр-кт Лермонтовский 55";"0,0";"1,0";"3,0";"4,0";
"212,0";"18,09,2020";"Красногвардейский";"400075797";"Наезд на пешехода";"";"0";"0";"г Санкт-Петербург ш Революции 102";"0,0";"1,0";"1,0";"2,0";
"213,0";"18,09,2020";"Кировский";"400075632";"Наезд на пешехода";"";"0";"0";"г Санкт-Петербург пр-кт Дачный 17 к 1";"0,0";"1,0";"1,0";"2,0";
"214,0";"18,09,2020";"Колпинский";"400075882";"Столкновение";"";"0";"0";"г Колпино ул Оборонная Анисимова";"0,0";"1,0";"2,0";"2,0";
"215,0";"18,09,2020";"Выборгский";"400081322";"Столкновение";"";"0";"0";"г Санкт-Петербург ш Выборгское 393";"0,0";"1,0";"2,0";"2,0";
"216,0";"18,09,2020";"Московский";"400077352";"Наезд на пешехода";"";"0";"0";"г Санкт-Петербург пр-кт Новоизмайловский 13";"0,0";"1,0";"1,0";"2,0";
"217,0";"18,09,2020";"Адмиралтейский";"400075571";"Наезд на стоящее ТС";"";"0";"0";"г Санкт-Петербург пер Рабочий 3";"0,0";"1,0";"2,0";"3,0";
"218,0";"18,09,2020";"Колпинский";"400075760";"Наезд на пешехода";"";"0";"0";"п Понтонный ул Заводская 10";"0,0";"1,0";"1,0";"2,0";
"219,0";"18,09,2020";"Приморский";"400075796";"Наезд на пешехода";"";"0";"0";"г Санкт-Петербург пр-кт Лахтинский 108";"1,0";"0,0";"1,0";"2,0";
"220,0";"18,09,2020";"Приморский";"400078124";"Наезд на велосипедиста";"";"0";"0";"г Санкт-Петербург пр-кт Лахтинский 40 2";"0,0";"1,0";"2,0";"2,0";
"221,0";"18,09,2020";"Красносельский";"400075537";"Наезд на пешехода";"";"0";"0";"г Санкт-Петербург ш Петергофское 25а";"1,0";"0,0";"1,0";"2,0";
"222,0";"18,09,2020";"Калининский";"400075756";"Наезд на пешехода";"";"0";"0";"г Санкт-Петербург пр-кт Северный 44 к,3";"1,0";"0,0";"1,0";"2,0";
"223,0";"18,09,2020";"Московский";"400075752";"Наезд на стоящее ТС";"";"0";"0";"г Санкт-Петербург пр-кт Дунайский 28";"0,0";"2,0";"3,0";"4,0";
"224,0";"18,09,2020";"Кировский";"400075833";"Столкновение";"";"0";"0";"г Санкт-Петербург пр-кт Народного Ополчения Дачный пр,";"0,0";"1,0";"2,0";"2,0";
"225,0";"18,09,2020";"Адмиралтейский";"400075898";"Столкновение";"";"0";"0";"г Санкт-Петербург пр-кт Лермонтовский 16";"0,0";"1,0";"2,0";"2,0";
"226,0";"18,09,2020";"Василеостровский";"400075484";"Наезд на пешехода";"";"0";"0";"г Санкт-Петербург ул Уральская 33";"0,0";"1,0";"1,0";"2,0";
"227,0";"18,09,2020";"Кировский";"400091822";"Наезд на пешехода";"";"0";"0";"г Санкт-Петербург  ";"0,0";"1,0";"1,0";"2,0";
"228,0";"18,09,2020";"Невский";"400075805";"Наезд на пешехода";"";"0";"0";"г Санкт-Петербург ул Ткачей 76";"0,0";"1,0";"1,0";"2,0";
"229,0";"18,09,2020";"Приморский";"400075549";"Столкновение";"";"0";"0";"г Санкт-Петербург ул Вербная Репищева ул,";"0,0";"2,0";"2,0";"3,0";
"230,0";"17,09,2020";"Кировский";"400075556";"Столкновение";"";"0";"0";"г Санкт-Петербург ул Краснопутиловская автовская";"0,0";"1,0";"2,0";"3,0";
"231,0";"17,09,2020";"Василеостровский";"400075439";"Столкновение";"";"0";"0";"г Санкт-Петербург пр-кт Средний В,О, 87";"0,0";"1,0";"3,0";"4,0";
"232,0";"17,09,2020";"Московский";"400075529";"Столкновение";"";"0";"0";"г Санкт-Петербург пр-кт Витебский 33к,1";"0,0";"1,0";"3,0";"4,0";
"233,0";"17,09,2020";"Московский";"400075221";"Столкновение";"";"0";"0";"г Санкт-Петербург ул Кубинская 2-й Предпортовый про";"0,0";"1,0";"2,0";"2,0";
"234,0";"17,09,2020";"Невский";"400075536";"Наезд на препятствие";"А-118 Кольцевая автомобильная дорога вокруг Санкт-Петербурга";"85";"0";"г Санкт-Петербург  ";"0,0";"1,0";"3,0";"2,0";
"235,0";"17,09,2020";"Приморский";"400075438";"Наезд на пешехода";"";"0";"0";"г Санкт-Петербург  ";"0,0";"1,0";"1,0";"2,0";
"236,0";"17,09,2020";"Московский";"400075349";"Наезд на пешехода";"";"0";"0";"г Санкт-Петербург пр-кт Московский Благодатная ул,";"0,0";"2,0";"1,0";"3,0";
"237,0";"17,09,2020";"Курортный";"400075471";"Наезд на пешехода";"Средневыборгское шоссе (автодорога Молодежное - Верхнее Черкасово)";"0";"330";"п Молодежное  ";"0,0";"1,0";"1,0";"2,0";
"238,0";"17,09,2020";"Невский";"400075322";"Столкновение";"";"0";"0";"г Санкт-Петербург ул Народная 33";"0,0";"1,0";"2,0";"2,0";
"239,0";"17,09,2020";"Приморский";"400075217";"Столкновение";"";"0";"0";"г Санкт-Петербург наб Выборгская 63";"0,0";"1,0";"2,0";"2,0";
"240,0";"17,09,2020";"Центральный";"400075227";"Столкновение";"";"0";"0";"г Санкт-Петербург пр-кт Лиговский Невский пр - кт";"0,0";"1,0";"3,0";"4,0";
"241,0";"17,09,2020";"Пушкинский";"400082356";"Наезд на велосипедиста";"";"0";"0";"г Пушкин б-р Детскосельский 7";"0,0";"1,0";"2,0";"2,0";
"242,0";"17,09,2020";"Выборгский";"400075479";"Столкновение";"";"0";"0";"г Санкт-Петербург пр-кт Тореза 89";"0,0";"1,0";"2,0";"2,0";
"243,0";"17,09,2020";"Кировский";"400075368";"Наезд на пешехода";"";"0";"0";"г Санкт-Петербург пр-кт Стачек 84к1";"0,0";"1,0";"1,0";"2,0";
"244,0";"16,09,2020";"Выборгский";"400075009";"Столкновение";"";"0";"0";"г Санкт-Петербург пер 1-й Верхний 10к2с2";"0,0";"1,0";"2,0";"3,0";
"245,0";"16,09,2020";"Центральный";"400074828";"Столкновение";"";"0";"0";"г Санкт-Петербург пр-кт Невский 78";"0,0";"2,0";"2,0";"4,0";
"246,0";"16,09,2020";"Невский";"400074849";"Столкновение";"";"0";"0";"г Санкт-Петербург наб Октябрьская 12";"1,0";"3,0";"2,0";"4,0";
"247,0";"16,09,2020";"Выборгский";"400075107";"Наезд на пешехода";"";"0";"0";"г Санкт-Петербург ул Шостаковича 3к1";"0,0";"1,0";"1,0";"2,0";
"248,0";"16,09,2020";"Невский";"400074990";"Наезд на пешехода";"";"0";"0";"г Санкт-Петербург пр-кт Большевиков 33 кор,1";"0,0";"1,0";"1,0";"2,0";
"249,0";"16,09,2020";"Колпинский";"400074934";"Столкновение";"";"0";"0";"г Колпино ул Соборная 50м,до ул, Труда";"0,0";"1,0";"2,0";"2,0";
"250,0";"16,09,2020";"Красногвардейский";"400074841";"Наезд на пешехода";"";"0";"0";"г Санкт-Петербург  ";"0,0";"1,0";"1,0";"2,0";
"251,0";"16,09,2020";"Невский";"400075095";"Наезд на пешехода";"";"0";"0";"г Санкт-Петербург пр-кт Большевиков 21";"0,0";"1,0";"2,0";"2,0";
"252,0";"16,09,2020";"Невский";"400075140";"Столкновение";"";"0";"0";"г Санкт-Петербург ул Народная 16";"0,0";"1,0";"2,0";"2,0";
"253,0";"16,09,2020";"Василеостровский";"400075002";"Наезд на велосипедиста";"";"0";"0";"г Санкт-Петербург пр-кт Большой В,О, 90";"0,0";"1,0";"3,0";"3,0";
"254,0";"16,09,2020";"Адмиралтейский";"400074785";"Столкновение";"";"0";"0";"г Санкт-Петербург пр-кт Загородный 35";"0,0";"1,0";"2,0";"3,0";
"255,0";"16,09,2020";"Центральный";"400074839";"Наезд на пешехода";"";"0";"0";"г Санкт-Петербург ул Малая Морская 1";"0,0";"1,0";"1,0";"2,0";
"256,0";"16,09,2020";"Московский";"400074786";"Столкновение";"";"0";"0";"г Санкт-Петербург пр-кт Витебский 55";"0,0";"1,0";"2,0";"3,0";
"257,0";"16,09,2020";"Адмиралтейский";"400074900";"Наезд на пешехода";"";"0";"0";"г Санкт-Петербург ул Глинки 2";"0,0";"1,0";"1,0";"2,0";
"258,0";"15,09,2020";"Центральный";"400084893";"Падение пассажира";"";"0";"0";"г Санкт-Петербург пр-кт Невский 37";"0,0";"1,0";"2,0";"3,0";
"259,0";"15,09,2020";"Выборгский";"400074522";"Наезд на пешехода";"";"0";"0";"г Санкт-Петербург пр-кт Институтский Новороссийская ул,";"0,0";"2,0";"1,0";"3,0";
"260,0";"15,09,2020";"Московский";"400074578";"Столкновение";"";"0";"0";"г Санкт-Петербург пр-кт Лиговский Воздухоплавательная";"0,0";"1,0";"2,0";"2,0";
"261,0";"15,09,2020";"Приморский";"400074478";"Наезд на стоящее ТС";"";"0";"0";"г Санкт-Петербург пр-кт Королёва 44,к,1";"0,0";"2,0";"2,0";"4,0";
"262,0";"15,09,2020";"Кронштадтский";"400074503";"Столкновение";"";"0";"0";"г Кронштадт ш Кронштадтское 13";"0,0";"3,0";"2,0";"5,0";
"263,0";"15,09,2020";"Приморский";"400074454";"Столкновение";"";"0";"0";"г Санкт-Петербург пр-кт Королёва 41к,2";"0,0";"1,0";"3,0";"3,0";
"264,0";"15,09,2020";"Приморский";"400074658";"Столкновение";"";"0";"0";"г Санкт-Петербург ул Мебельная 25к,1";"0,0";"1,0";"2,0";"3,0";
"265,0";"15,09,2020";"Курортный";"400082870";"Падение пассажира";"";"0";"0";"п Солнечное ш Приморское 361";"0,0";"1,0";"1,0";"2,0";
"266,0";"15,09,2020";"Выборгский";"400074809";"Столкновение";"";"0";"0";"г Санкт-Петербург пр-кт Энгельса напротив д, 163б";"0,0";"1,0";"4,0";"4,0";
"267,0";"15,09,2020";"Приморский";"400074547";"Столкновение";"";"0";"0";"г Санкт-Петербург ул Планерная 7";"0,0";"1,0";"4,0";"5,0";
"268,0";"15,09,2020";"Василеостровский";"400076150";"Наезд на велосипедиста";"";"0";"0";"г Санкт-Петербург пр-кт Малый В,О, 43";"0,0";"1,0";"2,0";"2,0";
"269,0";"15,09,2020";"Адмиралтейский";"400074533";"Наезд на пешехода";"";"0";"0";"г Санкт-Петербург пр-кт Загородный 47";"0,0";"1,0";"2,0";"2,0";
"270,0";"15,09,2020";"Невский";"400074709";"Столкновение";"";"0";"0";"г Санкт-Петербург пр-кт Большевиков 22";"0,0";"1,0";"2,0";"3,0";
"271,0";"15,09,2020";"Центральный";"400085692";"Наезд на пешехода";"";"0";"0";"г Санкт-Петербург ул Некрасова 60";"0,0";"1,0";"1,0";"2,0";
"272,0";"15,09,2020";"Петродворцовый";"400074764";"Наезд на препятствие";"";"0";"0";"п Стрельна ш Санкт-Петербургское 56 Б";"0,0";"1,0";"1,0";"2,0";
"273,0";"15,09,2020";"Колпинский";"400074555";"Наезд на пешехода";"";"0";"0";"г Колпино наб Комсомольского канала 32";"0,0";"1,0";"1,0";"2,0";
"274,0";"15,09,2020";"Петроградский";"400074442";"Наезд на пешехода";"";"0";"0";"г Санкт-Петербург ул Ленина 18 49";"0,0";"1,0";"1,0";"2,0";
"275,0";"15,09,2020";"Невский";"400074435";"Столкновение";"";"0";"0";"г Санкт-Петербург ул Кржижановского 19";"0,0";"1,0";"2,0";"2,0";
"276,0";"15,09,2020";"Василеостровский";"400074725";"Опрокидывание";"";"0";"0";"г Санкт-Петербург пр-кт Большой В,О, 18 А";"0,0";"1,0";"1,0";"1,0";
"277,0";"15,09,2020";"Пушкинский";"400074666";"Наезд на пешехода";"";"0";"0";"п Шушары тер Московская Славянка 17";"0,0";"1,0";"1,0";"2,0";
"278,0";"15,09,2020";"Выборгский";"400074504";"Столкновение";"";"0";"0";"г Санкт-Петербург пр-кт Институтский 2 Муринский";"0,0";"1,0";"2,0";"3,0";
"279,0";"15,09,2020";"Центральный";"400074501";"Столкновение";"";"0";"0";"г Санкт-Петербург ул Кавалергардская Шпалерная ул,";"0,0";"2,0";"2,0";"3,0";
"280,0";"15,09,2020";"Приморский";"400074468";"Наезд на пешехода";"";"0";"0";"г Санкт-Петербург пр-кт Испытателей 5 корп,2";"0,0";"1,0";"1,0";"2,0";
"281,0";"14,09,2020";"Калининский";"400074172";"Наезд на пешехода";"";"0";"0";"г Санкт-Петербург  ";"0,0";"1,0";"1,0";"2,0";
"282,0";"14,09,2020";"Выборгский";"400074187";"Наезд на пешехода";"";"0";"0";"г Санкт-Петербург пр-кт Энгельса Рашетова";"0,0";"1,0";"1,0";"2,0";
"283,0";"14,09,2020";"Выборгский";"400074205";"Столкновение";"";"0";"0";"г Санкт-Петербург ул Академика Лебедева 6В";"0,0";"1,0";"2,0";"2,0";
"284,0";"14,09,2020";"Петродворцовый";"400074258";"Наезд на велосипедиста";"";"0";"0";"г Петергоф пр-кт Заячий 1";"0,0";"1,0";"2,0";"2,0";
"285,0";"14,09,2020";"Невский";"400074305";"Наезд на пешехода";"";"0";"0";"г Санкт-Петербург ул Бабушкина 69";"0,0";"1,0";"1,0";"2,0";
"286,0";"14,09,2020";"Пушкинский";"400074091";"Наезд на пешехода";"";"0";"0";"г Пушкин ул Жуковско-Волынская Софийский бульвар";"0,0";"1,0";"1,0";"2,0";
"287,0";"14,09,2020";"Фрунзенский";"400074367";"Наезд на велосипедиста";"";"0";"0";"г Санкт-Петербург ул Стрельбищенская 3";"0,0";"1,0";"2,0";"2,0";
"288,0";"14,09,2020";"Красносельский";"400074252";"Наезд на пешехода";"";"0";"0";"г Красное Село ул Красногородская 17к1";"0,0";"1,0";"1,0";"2,0";
"289,0";"14,09,2020";"Московский";"400074364";"Наезд на пешехода";"";"0";"0";"г Санкт-Петербург ш Московское ул, Звзедная";"0,0";"1,0";"1,0";"2,0";
"290,0";"14,09,2020";"Выборгский";"400074370";"Столкновение";"";"0";"0";"г Санкт-Петербург пр-кт Просвещения 42-к3";"0,0";"2,0";"2,0";"3,0";
"291,0";"14,09,2020";"Приморский";"400074100";"Наезд на велосипедиста";"";"0";"0";"г Санкт-Петербург пр-кт Богатырский 36,к,1";"0,0";"1,0";"2,0";"2,0";
"292,0";"14,09,2020";"Приморский";"400074148";"Столкновение";"";"0";"0";"г Санкт-Петербург пр-кт Испытателей 2к,7";"0,0";"1,0";"2,0";"2,0";
"293,0";"14,09,2020";"Пушкинский";"400074118";"Наезд на пешехода";"";"0";"0";"г Пушкин  ";"0,0";"1,0";"1,0";"2,0";
"294,0";"14,09,2020";"Красногвардейский";"400074072";"Наезд на пешехода";"";"0";"0";"г Санкт-Петербург пр-кт Новочеркасский 38";"0,0";"1,0";"2,0";"3,0";
"295,0";"14,09,2020";"Выборгский";"400074262";"Наезд на пешехода";"";"0";"0";"г Санкт-Петербург  ";"0,0";"1,0";"2,0";"2,0";
"296,0";"14,09,2020";"Центральный";"400074115";"Столкновение";"";"0";"0";"г Санкт-Петербург ул Марата 6";"0,0";"2,0";"2,0";"3,0";
"297,0";"14,09,2020";"Центральный";"400080749";"Столкновение";"";"0";"0";"г Санкт-Петербург ул Кирочная 7";"0,0";"1,0";"2,0";"3,0";
"298,0";"14,09,2020";"Невский";"400074074";"Наезд на пешехода";"";"0";"0";"г Санкт-Петербург ул Седова 45";"0,0";"1,0";"1,0";"2,0";
"299,0";"14,09,2020";"Кировский";"400074079";"Наезд на препятствие";"";"0";"0";"г Санкт-Петербург б-р Новаторов 77";"0,0";"1,0";"2,0";"2,0";
"300,0";"14,09,2020";"Петроградский";"400075558";"Наезд на пешехода";"";"0";"0";"г Санкт-Петербург  ";"0,0";"1,0";"1,0";"2,0";
"301,0";"14,09,2020";"Невский";"400074211";"Столкновение";"А-118 Кольцевая автомобильная дорога вокруг Санкт-Петербурга";"58";"120";"г Санкт-Петербург  ";"0,0";"1,0";"3,0";"3,0";
"302,0";"13,09,2020";"Выборгский";"400073761";"Столкновение";"";"0";"0";"г Санкт-Петербург пр-кт Культуры 44";"0,0";"2,0";"2,0";"3,0";
"303,0";"13,09,2020";"Кронштадтский";"400073828";"Наезд на препятствие";"";"0";"0";"г Кронштадт ул Петровская 7";"0,0";"1,0";"1,0";"1,0";
"304,0";"13,09,2020";"Петродворцовый";"400073914";"Столкновение";"";"0";"0";"г Петергоф ш Ораниенбаумское 11А";"0,0";"1,0";"2,0";"2,0";
"305,0";"13,09,2020";"Кировский";"400074025";"Наезд на пешехода";"";"0";"0";"г Санкт-Петербург ул Зайцева 19";"0,0";"1,0";"1,0";"2,0";
"306,0";"13,09,2020";"Адмиралтейский";"400073808";"Наезд на пешехода";"";"0";"0";"г Санкт-Петербург пер Советский 4";"0,0";"1,0";"1,0";"2,0";
"307,0";"13,09,2020";"Курортный";"400073811";"Наезд на препятствие";"";"0";"0";"г Зеленогорск пр-кт Ленина 44в";"0,0";"3,0";"1,0";"3,0";
"308,0";"13,09,2020";"Центральный";"400073901";"Столкновение";"";"0";"0";"г Санкт-Петербург ул Некрасова Ул, Маяковского";"0,0";"1,0";"2,0";"3,0";
"309,0";"13,09,2020";"Петроградский";"400073787";"Столкновение";"";"0";"0";"г Санкт-Петербург ул Пионерская 48";"0,0";"1,0";"3,0";"4,0";
"310,0";"13,09,2020";"Невский";"400073798";"Наезд на пешехода";"";"0";"0";"г Санкт-Петербург пр-кт Обуховской Обороны 229";"0,0";"1,0";"1,0";"2,0";
"311,0";"13,09,2020";"Колпинский";"400073876";"Столкновение";"";"0";"0";"г Колпино б-р Трудящихся 16";"0,0";"1,0";"2,0";"2,0";
"312,0";"13,09,2020";"Невский";"400073882";"Падение пассажира";"";"0";"0";"г Санкт-Петербург ул Коллонтай 16";"0,0";"1,0";"1,0";"2,0";
"313,0";"13,09,2020";"Центральный";"400073888";"Наезд на пешехода";"";"0";"0";"г Санкт-Петербург ул Боровая 21- 23";"0,0";"1,0";"1,0";"2,0";
"314,0";"13,09,2020";"Калининский";"400073937";"Столкновение";"";"0";"0";"г Санкт-Петербург пр-кт Северный 93";"0,0";"1,0";"2,0";"2,0";
"315,0";"13,09,2020";"Невский";"400073768";"Столкновение";"";"0";"0";"г Санкт-Петербург наб Октябрьская 90-1";"0,0";"3,0";"2,0";"5,0";
"316,0";"13,09,2020";"Центральный";"400073810";"Столкновение";"";"0";"0";"г Санкт-Петербург ул Шпалерная Пркт Чернышевского";"0,0";"1,0";"2,0";"2,0";
"317,0";"13,09,2020";"Центральный";"400073987";"Наезд на препятствие";"";"0";"0";"г Санкт-Петербург пл Искусств Итальянская д,9";"0,0";"1,0";"1,0";"1,0";
"318,0";"13,09,2020";"Московский";"400074460";"Столкновение";"";"0";"0";"г Санкт-Петербург ул Типанова 19";"0,0";"1,0";"2,0";"3,0";
"319,0";"13,09,2020";"Калининский";"400073967";"Столкновение";"";"0";"0";"г Санкт-Петербург ул Учительская 9к1";"0,0";"1,0";"2,0";"3,0";
"320,0";"13,09,2020";"Московский";"400073807";"Наезд на лицо, не являющееся участником дорожного движения, осуществляющее несение службы";"";"0";"0";"г Санкт-Петербург  ";"0,0";"1,0";"1,0";"2,0";
"321,0";"12,09,2020";"Петродворцовый";"400073679";"Наезд на пешехода";"";"0";"0";"г Петергоф ул Блан-Менильская 1";"0,0";"1,0";"2,0";"3,0";
"322,0";"12,09,2020";"Центральный";"400073698";"Столкновение";"";"0";"0";"г Санкт-Петербург наб Дворцовая 24";"0,0";"1,0";"2,0";"3,0";
"323,0";"12,09,2020";"Петроградский";"400073461";"Наезд на пешехода";"";"0";"0";"г Санкт-Петербург ул Ждановская 10";"1,0";"0,0";"1,0";"2,0";
"324,0";"12,09,2020";"Пушкинский";"400073463";"Наезд на стоящее ТС";"";"0";"0";"п Шушары пр-кт Витебский 800м,до Петербургско";"1,0";"0,0";"2,0";"3,0";
"325,0";"12,09,2020";"Калининский";"400073607";"Столкновение";"";"0";"0";"г Санкт-Петербург ул Демьяна Бедного Просвещения 53";"0,0";"1,0";"2,0";"2,0";
"326,0";"12,09,2020";"Приморский";"400073512";"Наезд на препятствие";"";"0";"0";"г Санкт-Петербург пр-кт Приморский 63";"0,0";"1,0";"1,0";"2,0";
"327,0";"12,09,2020";"Московский";"400073615";"Столкновение";"";"0";"0";"г Санкт-Петербург ш Пулковское 30";"0,0";"1,0";"3,0";"3,0";
"328,0";"12,09,2020";"Центральный";"400073656";"Падение пассажира";"";"0";"0";"г Санкт-Петербург пр-кт Лиговский 89";"0,0";"1,0";"1,0";"2,0";
"329,0";"11,09,2020";"Фрунзенский";"400073370";"Наезд на пешехода";"";"0";"0";"г Санкт-Петербург ул Белы Куна 8";"0,0";"1,0";"1,0";"2,0";
"330,0";"11,09,2020";"Красногвардейский";"400073488";"Падение пассажира";"";"0";"0";"г Санкт-Петербург ул Хасанская 26";"0,0";"2,0";"2,0";"4,0";
"331,0";"11,09,2020";"Выборгский";"400073170";"Наезд на пешехода";"";"0";"0";"п Парголово  ";"0,0";"1,0";"1,0";"2,0";
"332,0";"11,09,2020";"Московский";"400073355";"Столкновение";"";"0";"0";"г Санкт-Петербург ш Пулковское 5 корп, 1";"0,0";"1,0";"2,0";"3,0";
"333,0";"11,09,2020";"Фрунзенский";"400073436";"Столкновение";"";"0";"0";"г Санкт-Петербург ул Белградская 44";"0,0";"1,0";"2,0";"2,0";
"334,0";"11,09,2020";"Калининский";"400073264";"Наезд на пешехода";"";"0";"0";"г Санкт-Петербург пр-кт Светлановский 107";"0,0";"1,0";"1,0";"2,0";
"335,0";"11,09,2020";"Выборгский";"400073347";"Столкновение";"";"0";"0";"г Санкт-Петербург пр-кт Просвещения 21 139";"0,0";"1,0";"2,0";"2,0";
"336,0";"11,09,2020";"Приморский";"400074949";"Наезд на пешехода";"";"0";"0";"г Санкт-Петербург пр-кт Коломяжский 26";"0,0";"1,0";"1,0";"2,0";
"337,0";"11,09,2020";"Калининский";"400086603";"Наезд на пешехода";"";"0";"0";"г Санкт-Петербург ул Руставели 31";"0,0";"1,0";"1,0";"2,0";
"338,0";"11,09,2020";"Невский";"400073150";"Падение пассажира";"";"0";"0";"г Санкт-Петербург ул Бабушкина 40";"0,0";"1,0";"1,0";"2,0";
"339,0";"11,09,2020";"Московский";"400073386";"Наезд на пешехода";"";"0";"0";"г Санкт-Петербург ул Типанова Ленсовета ул, у д,8";"0,0";"1,0";"1,0";"2,0";
"340,0";"11,09,2020";"Пушкинский";"400073144";"Падение пассажира";"";"0";"0";"п Шушары ш Московское 185";"0,0";"1,0";"1,0";"2,0";
"341,0";"11,09,2020";"Фрунзенский";"400073161";"Столкновение";"А-118 Кольцевая автомобильная дорога вокруг Санкт-Петербурга";"59";"900";"г Санкт-Петербург  ";"0,0";"2,0";"4,0";"4,0";
"342,0";"11,09,2020";"Петроградский";"400073411";"Наезд на пешехода";"";"0";"0";"г Санкт-Петербург ул Куйбышева 15";"0,0";"1,0";"1,0";"2,0";
"343,0";"11,09,2020";"Калининский";"400073315";"Наезд на пешехода";"";"0";"0";"г Санкт-Петербург пр-кт Маршала Блюхера 35";"1,0";"0,0";"1,0";"2,0";
"344,0";"11,09,2020";"Кронштадтский";"400073225";"Столкновение";"";"0";"0";"г Кронштадт ул Посадская 36 11";"0,0";"1,0";"2,0";"2,0";
"345,0";"11,09,2020";"Фрунзенский";"400073120";"Столкновение";"";"0";"0";"г Санкт-Петербург ул Софийская 58";"0,0";"1,0";"2,0";"2,0";
"346,0";"11,09,2020";"Калининский";"400073356";"Иной вид ДТП";"";"0";"0";"г Санкт-Петербург дор Кушелевская 3-2";"0,0";"1,0";"1,0";"2,0";
"347,0";"11,09,2020";"Кировский";"400073222";"Наезд на пешехода";"";"0";"0";"г Санкт-Петербург пр-кт Ленинский З,Портновой";"0,0";"1,0";"1,0";"2,0";
"348,0";"11,09,2020";"Адмиралтейский";"400073085";"Столкновение";"";"0";"0";"г Санкт-Петербург наб Обводного канала 124";"0,0";"1,0";"2,0";"2,0";
"349,0";"11,09,2020";"Кировский";"400073223";"Наезд на пешехода";"";"0";"0";"г Санкт-Петербург наб Реки Екатерингофки 23А";"1,0";"0,0";"1,0";"2,0";
"350,0";"10,09,2020";"Московский";"400072675";"Наезд на пешехода";"";"0";"0";"г Санкт-Петербург пр-кт Витебский Кузнецовская ул,";"0,0";"1,0";"3,0";"2,0";
"351,0";"10,09,2020";"Красногвардейский";"400072795";"Столкновение";"";"0";"0";"г Санкт-Петербург ул Передовиков 25";"0,0";"1,0";"2,0";"2,0";
"352,0";"10,09,2020";"Красногвардейский";"400072978";"Наезд на пешехода";"";"0";"0";"г Санкт-Петербург ул Коммуны 38";"1,0";"0,0";"2,0";"3,0";
"353,0";"10,09,2020";"Василеостровский";"400073026";"Наезд на препятствие";"Западный скоростной диаметр";"30";"870";"г Санкт-Петербург  ";"0,0";"1,0";"1,0";"2,0";
"354,0";"10,09,2020";"Центральный";"400080302";"Наезд на стоящее ТС";"";"0";"0";"г Санкт-Петербург пр-кт Невский 147";"0,0";"1,0";"2,0";"2,0";
"355,0";"10,09,2020";"Приморский";"400073025";"Наезд на пешехода";"";"0";"0";"г Санкт-Петербург пр-кт Приморский 77 по ул, Школьная";"0,0";"1,0";"1,0";"2,0";
"356,0";"10,09,2020";"Кировский";"400076154";"Наезд на пешехода";"";"0";"0";"г Санкт-Петербург пр-кт Стачек 115 л,А";"0,0";"1,0";"1,0";"2,0";
"357,0";"10,09,2020";"Приморский";"400072677";"Столкновение";"";"0";"0";"г Санкт-Петербург пр-кт Авиаконструкторов Шаврова ул,";"0,0";"3,0";"2,0";"4,0";
"358,0";"10,09,2020";"Невский";"400072737";"Столкновение";"";"0";"0";"г Санкт-Петербург ул Седова 45";"0,0";"1,0";"2,0";"3,0";
"359,0";"10,09,2020";"Выборгский";"400089886";"Наезд на пешехода";"";"0";"0";"г Санкт-Петербург пр-кт Полюстровский 84";"0,0";"1,0";"1,0";"2,0";
"360,0";"10,09,2020";"Выборгский";"400076903";"Наезд на велосипедиста";"";"0";"0";"г Санкт-Петербург ул Сикейроса 7-1";"0,0";"1,0";"2,0";"2,0";
"361,0";"10,09,2020";"Красносельский";"400092648";"Падение пассажира";"";"0";"0";"г Санкт-Петербург ул Доблести ул,Маршала Захарова";"0,0";"1,0";"1,0";"2,0";
"362,0";"10,09,2020";"Выборгский";"400072970";"Столкновение";"";"0";"0";"г Санкт-Петербург пр-кт Луначарского 29а";"0,0";"2,0";"2,0";"3,0";
"363,0";"10,09,2020";"Кировский";"400072880";"Наезд на препятствие";"";"0";"0";"г Санкт-Петербург ул Автомобильная 8";"0,0";"1,0";"1,0";"2,0";
"364,0";"10,09,2020";"Калининский";"400073048";"Наезд на пешехода";"";"0";"0";"г Санкт-Петербург ул Руставели 29";"0,0";"1,0";"1,0";"2,0";
"365,0";"10,09,2020";"Василеостровский";"400072797";"Столкновение";"";"0";"0";"г Санкт-Петербург пр-кт Средний В,О, 86";"0,0";"1,0";"3,0";"2,0";
"366,0";"10,09,2020";"Фрунзенский";"400072703";"Наезд на пешехода";"";"0";"0";"г Санкт-Петербург ул Купчинская 5 1";"0,0";"1,0";"1,0";"2,0";
"367,0";"10,09,2020";"Красногвардейский";"400072739";"Столкновение";"";"0";"0";"г Санкт-Петербург ш Рябовское 21";"0,0";"1,0";"2,0";"2,0";
"368,0";"10,09,2020";"Курортный";"400072854";"Наезд на пешехода";"";"0";"0";"г Зеленогорск ул Красноармейская 11";"0,0";"1,0";"1,0";"2,0";
"369,0";"10,09,2020";"Приморский";"400072891";"Наезд на пешехода";"";"0";"0";"г Санкт-Петербург ул Долгоозёрная пр, Королева";"0,0";"1,0";"2,0";"3,0";
"370,0";"10,09,2020";"Выборгский";"400072684";"Столкновение";"";"0";"0";"п Парголово ш Горское (Осиновая Роща) 1";"0,0";"1,0";"2,0";"2,0";
"371,0";"10,09,2020";"Петродворцовый";"400073062";"Столкновение";"";"0";"0";"г Петергоф ул Астрономическая 4";"0,0";"4,0";"2,0";"4,0";
"372,0";"10,09,2020";"Приморский";"400072816";"Столкновение";"";"0";"0";"г Санкт-Петербург пр-кт Коннолахтинский Мшинский пер";"0,0";"2,0";"2,0";"2,0";
"373,0";"10,09,2020";"Красногвардейский";"400072834";"Наезд на пешехода";"";"0";"0";"г Санкт-Петербург ш Рябовское 130";"0,0";"1,0";"1,0";"2,0";
"374,0";"10,09,2020";"Пушкинский";"400072839";"Столкновение";"";"0";"0";"г Пушкин ул Дворцовая 23";"0,0";"1,0";"2,0";"2,0";
"375,0";"10,09,2020";"Адмиралтейский";"400072792";"Наезд на пешехода";"";"0";"0";"г Санкт-Петербург пр-кт Рижский 19";"0,0";"1,0";"1,0";"2,0";
"376,0";"10,09,2020";"Василеостровский";"400072835";"Наезд на пешехода";"";"0";"0";"г Санкт-Петербург ул Наличная 49";"0,0";"1,0";"1,0";"2,0";
"377,0";"10,09,2020";"Курортный";"400072920";"Наезд на препятствие";"";"0";"0";"г Зеленогорск ул Красных Курсантов 16";"0,0";"1,0";"1,0";"1,0";
"378,0";"10,09,2020";"Красносельский";"400072699";"Падение пассажира";"";"0";"0";"г Санкт-Петербург пр-кт Маршала Жукова 31к,1";"0,0";"1,0";"1,0";"2,0";
"379,0";"10,09,2020";"Пушкинский";"400082373";"Наезд на пешехода";"";"0";"0";"г Пушкин ул Госпитальная Октябрьский б-р";"0,0";"1,0";"1,0";"2,0";
"380,0";"10,09,2020";"Красногвардейский";"400072976";"Наезд на пешехода";"";"0";"0";"г Санкт-Петербург  ";"0,0";"1,0";"1,0";"2,0";
"381,0";"09,09,2020";"Приморский";"400072584";"Наезд на пешехода";"";"0";"0";"г Санкт-Петербург дор Торфяная Оптиков ул";"0,0";"1,0";"1,0";"2,0";
"382,0";"09,09,2020";"Адмиралтейский";"400072373";"Наезд на пешехода";"";"0";"0";"г Санкт-Петербург пр-кт Малодетскосельский 38";"0,0";"1,0";"2,0";"2,0";
"383,0";"09,09,2020";"Василеостровский";"400072544";"Столкновение";"";"0";"0";"г Санкт-Петербург ул Карташихина 13";"0,0";"1,0";"2,0";"3,0";
"384,0";"09,09,2020";"Кировский";"400072640";"Наезд на пешехода";"";"0";"0";"г Санкт-Петербург пр-кт Ленинский 137Б";"0,0";"1,0";"1,0";"2,0";
"385,0";"09,09,2020";"Адмиралтейский";"400072326";"Наезд на велосипедиста";"";"0";"0";"г Санкт-Петербург пр-кт Рижский 51";"0,0";"1,0";"2,0";"2,0";
"386,0";"09,09,2020";"Приморский";"400072407";"Наезд на внезапно возникшее препятствие";"";"0";"0";"г Санкт-Петербург дор Торфяная 2";"0,0";"4,0";"1,0";"5,0";
"387,0";"09,09,2020";"Московский";"400072624";"Наезд на пешехода";"";"0";"0";"г Санкт-Петербург ш Пулковское 3 напротив";"1,0";"0,0";"1,0";"2,0";
"388,0";"09,09,2020";"Центральный";"400072379";"Столкновение";"";"0";"0";"г Санкт-Петербург пр-кт Литейный 1";"0,0";"1,0";"3,0";"3,0";
"389,0";"09,09,2020";"Красносельский";"400072340";"Столкновение";"";"0";"0";"г Санкт-Петербург ул Маршала Казакова Котина ул,";"0,0";"1,0";"2,0";"2,0";
"390,0";"09,09,2020";"Фрунзенский";"400072585";"Столкновение";"";"0";"0";"г Санкт-Петербург пр-кт Александровской Фермы 29ВГ";"0,0";"2,0";"2,0";"3,0";
"391,0";"09,09,2020";"Центральный";"400072348";"Столкновение";"";"0";"0";"г Санкт-Петербург пр-кт Невский Пл, Островского";"0,0";"1,0";"2,0";"2,0";
"392,0";"09,09,2020";"Приморский";"400072542";"Столкновение";"";"0";"0";"г Санкт-Петербург ул Мебельная 11";"0,0";"3,0";"5,0";"5,0";
"393,0";"09,09,2020";"Кировский";"400072415";"Столкновение";"";"0";"0";"г Санкт-Петербург пр-кт Стачек 47";"0,0";"2,0";"4,0";"4,0";
"394,0";"08,09,2020";"Красносельский";"400072209";"Столкновение";"";"0";"0";"г Санкт-Петербург ш Волхонское (Сергиево) 115";"0,0";"1,0";"2,0";"2,0";
"395,0";"08,09,2020";"Невский";"400072010";"Столкновение";"";"0";"0";"г Санкт-Петербург пр-кт Дальневосточный 55";"0,0";"1,0";"3,0";"3,0";
"396,0";"08,09,2020";"Фрунзенский";"400072165";"Столкновение";"";"0";"0";"г Санкт-Петербург б-р Загребский 26";"1,0";"2,0";"2,0";"4,0";
"397,0";"08,09,2020";"Выборгский";"400072220";"Наезд на пешехода";"";"0";"0";"г Санкт-Петербург ул Боткинская 15к1";"0,0";"1,0";"1,0";"2,0";
"398,0";"08,09,2020";"Красногвардейский";"400072251";"Столкновение";"";"0";"0";"г Санкт-Петербург наб Свердловская 64";"0,0";"1,0";"2,0";"2,0";
"399,0";"08,09,2020";"Адмиралтейский";"400072012";"Наезд на пешехода";"";"0";"0";"г Санкт-Петербург ул Труда 10";"0,0";"1,0";"1,0";"2,0";
"400,0";"08,09,2020";"Выборгский";"400072126";"Столкновение";"";"0";"0";"г Санкт-Петербург пр-кт Просвещения 50-2";"0,0";"1,0";"2,0";"2,0";
"401,0";"08,09,2020";"Адмиралтейский";"400073244";"Наезд на велосипедиста";"";"0";"0";"г Санкт-Петербург наб Реки Фонтанки 100";"0,0";"1,0";"2,0";"2,0";
"402,0";"08,09,2020";"Приморский";"400072123";"Наезд на пешехода";"";"0";"0";"г Санкт-Петербург пр-кт Испытателей Сизова";"0,0";"1,0";"2,0";"2,0";
"403,0";"08,09,2020";"Калининский";"400072297";"Столкновение";"";"0";"0";"г Санкт-Петербург ул Литовская 9";"0,0";"1,0";"2,0";"2,0";
"404,0";"08,09,2020";"Фрунзенский";"400072018";"Падение пассажира";"";"0";"0";"г Санкт-Петербург ул Димитрова 3";"0,0";"1,0";"1,0";"2,0";
"405,0";"08,09,2020";"Петроградский";"400072181";"Наезд на пешехода";"";"0";"0";"г Санкт-Петербург наб Петроградская 44";"0,0";"1,0";"1,0";"2,0";
"406,0";"08,09,2020";"Василеостровский";"400074802";"Наезд на пешехода";"";"0";"0";"г Санкт-Петербург ул Железноводская 19 7";"0,0";"1,0";"1,0";"2,0";
"407,0";"08,09,2020";"Центральный";"400071985";"Наезд на пешехода";"";"0";"0";"г Санкт-Петербург пр-кт Загородный 20";"0,0";"1,0";"1,0";"2,0";
"408,0";"08,09,2020";"Приморский";"400074152";"Наезд на пешехода";"";"0";"0";"г Санкт-Петербург пр-кт Коломяжский Пр,Испытателей";"0,0";"1,0";"1,0";"2,0";
"409,0";"08,09,2020";"Петроградский";"400072132";"Наезд на стоящее ТС";"";"0";"0";"г Санкт-Петербург пр-кт Крестовский 13а";"0,0";"1,0";"2,0";"2,0";
"410,0";"07,09,2020";"Выборгский";"400071914";"Столкновение";"";"0";"0";"г Санкт-Петербург пр-кт Энгельса 100";"0,0";"1,0";"2,0";"3,0";
"411,0";"07,09,2020";"Выборгский";"400071912";"Наезд на препятствие";"";"0";"0";"г Санкт-Петербург наб Выборгская 57";"0,0";"3,0";"4,0";"5,0";
"412,0";"07,09,2020";"Пушкинский";"400071678";"Наезд на пешехода";"";"0";"0";"г Пушкин б-р Алексея Толстого 33 39";"0,0";"1,0";"1,0";"2,0";
"413,0";"07,09,2020";"Выборгский";"400071733";"Столкновение";"";"0";"0";"г Санкт-Петербург ш Выборгское 27-2";"0,0";"2,0";"2,0";"3,0";
"414,0";"07,09,2020";"Невский";"400071606";"Наезд на препятствие";"";"0";"0";"г Санкт-Петербург пр-кт Российский 2";"0,0";"1,0";"1,0";"2,0";
"415,0";"07,09,2020";"Петроградский";"400071892";"Наезд на велосипедиста";"";"0";"0";"г Санкт-Петербург  ";"0,0";"1,0";"2,0";"2,0";
"416,0";"07,09,2020";"Центральный";"400071894";"Наезд на велосипедиста";"";"0";"0";"г Санкт-Петербург ул Жуковского 28";"0,0";"1,0";"2,0";"2,0";
"417,0";"07,09,2020";"Выборгский";"400071775";"Столкновение";"";"0";"0";"г Санкт-Петербург пер 6-й Верхний 12Б";"0,0";"1,0";"2,0";"2,0";
"418,0";"07,09,2020";"Калининский";"400071838";"Наезд на велосипедиста";"";"0";"0";"г Санкт-Петербург  ";"0,0";"1,0";"2,0";"2,0";
"419,0";"07,09,2020";"Василеостровский";"400071789";"Наезд на пешехода";"";"0";"0";"г Санкт-Петербург ул Наличная 27";"0,0";"1,0";"1,0";"2,0";
"420,0";"07,09,2020";"Приморский";"400071875";"Наезд на пешехода";"";"0";"0";"г Санкт-Петербург ул Торжковская 32";"0,0";"1,0";"1,0";"2,0";
"421,0";"07,09,2020";"Калининский";"400071923";"Столкновение";"";"0";"0";"г Санкт-Петербург пр-кт Маршала Блюхера 1Б";"0,0";"1,0";"2,0";"3,0";
"422,0";"07,09,2020";"Фрунзенский";"400071717";"Столкновение";"";"0";"0";"г Санкт-Петербург ул Бухарестская 128к1";"0,0";"1,0";"2,0";"3,0";
"423,0";"07,09,2020";"Выборгский";"400071899";"Наезд на пешехода";"";"0";"0";"г Санкт-Петербург пр-кт Энгельса 160 к,2";"0,0";"1,0";"1,0";"2,0";
"424,0";"07,09,2020";"Красносельский";"400071609";"Столкновение";"";"0";"0";"г Санкт-Петербург ш Петергофское Германа";"0,0";"1,0";"2,0";"3,0";
"425,0";"07,09,2020";"Колпинский";"400071680";"Наезд на велосипедиста";"";"0";"0";"г Колпино ул Финляндская 13";"0,0";"1,0";"2,0";"2,0";
"426,0";"07,09,2020";"Московский";"400071765";"Столкновение";"";"0";"0";"г Санкт-Петербург ул Бассейная 77";"0,0";"2,0";"2,0";"3,0";
"427,0";"07,09,2020";"Адмиралтейский";"400071719";"Столкновение";"";"0";"0";"г Санкт-Петербург наб Обводного канала 146";"0,0";"1,0";"2,0";"2,0";
"428,0";"07,09,2020";"Адмиралтейский";"400071853";"Наезд на пешехода";"";"0";"0";"г Санкт-Петербург ул Курляндская 22";"0,0";"1,0";"1,0";"2,0";
"429,0";"07,09,2020";"Красногвардейский";"400071812";"Столкновение";"";"0";"0";"г Санкт-Петербург пр-кт Наставников 24";"0,0";"1,0";"3,0";"4,0";
"430,0";"06,09,2020";"Фрунзенский";"400071426";"Падение пассажира";"";"0";"0";"г Санкт-Петербург ул Олеко Дундича 17-1";"0,0";"1,0";"1,0";"2,0";
"431,0";"06,09,2020";"Приморский";"400071432";"Наезд на пешехода";"";"0";"0";"г Санкт-Петербург ул Гаккелевская 22";"0,0";"1,0";"1,0";"2,0";
"432,0";"06,09,2020";"Красногвардейский";"400071497";"Столкновение";"А-118 Кольцевая автомобильная дорога вокруг Санкт-Петербурга";"34";"100";"г Санкт-Петербург  ";"0,0";"1,0";"2,0";"3,0";
"433,0";"06,09,2020";"Выборгский";"400071321";"Столкновение";"";"0";"0";"г Санкт-Петербург пр-кт Большой Сампсониевский 28";"0,0";"1,0";"2,0";"3,0";
"434,0";"06,09,2020";"Фрунзенский";"400071523";"Столкновение";"";"0";"0";"г Санкт-Петербург пр-кт Лиговский 194";"0,0";"1,0";"2,0";"2,0";
"435,0";"06,09,2020";"Выборгский";"400071512";"Наезд на велосипедиста";"";"0";"0";"г Санкт-Петербург пр-кт Энгельса Луначарского пр,";"0,0";"1,0";"2,0";"2,0";
"436,0";"06,09,2020";"Петроградский";"400071486";"Столкновение";"";"0";"0";"г Санкт-Петербург пр-кт Каменноостровский 25";"0,0";"2,0";"2,0";"3,0";
"437,0";"06,09,2020";"Приморский";"400071430";"Наезд на велосипедиста";"";"0";"0";"г Санкт-Петербург пр-кт Коломяжский пр,Испытателей";"0,0";"1,0";"2,0";"2,0";
"438,0";"06,09,2020";"Курортный";"400074861";"Наезд на препятствие";"";"0";"0";"г Сестрорецк ш Приморское 192";"0,0";"1,0";"1,0";"2,0";
"439,0";"06,09,2020";"Выборгский";"400071450";"Столкновение";"";"0";"0";"г Санкт-Петербург ул Домостроительная 1Б";"0,0";"1,0";"3,0";"4,0";
"440,0";"06,09,2020";"Приморский";"400071548";"Наезд на велосипедиста";"";"0";"0";"г Санкт-Петербург  ";"0,0";"1,0";"2,0";"2,0";
"441,0";"06,09,2020";"Приморский";"400071413";"Столкновение";"";"0";"0";"г Санкт-Петербург ул Шаврова 12 лит Б";"0,0";"1,0";"2,0";"3,0";
"442,0";"06,09,2020";"Калининский";"400071476";"Наезд на велосипедиста";"";"0";"0";"г Санкт-Петербург  ";"0,0";"1,0";"2,0";"2,0";
"443,0";"06,09,2020";"Приморский";"400071528";"Наезд на пешехода";"";"0";"0";"г Санкт-Петербург ул Планерная Оптиков ул,";"0,0";"1,0";"1,0";"2,0";
"444,0";"06,09,2020";"Адмиралтейский";"400071487";"Столкновение";"";"0";"0";"г Санкт-Петербург пр-кт Московский 79";"0,0";"1,0";"2,0";"3,0";
"445,0";"06,09,2020";"Фрунзенский";"400071491";"Наезд на пешехода";"";"0";"0";"г Санкт-Петербург  ";"1,0";"0,0";"1,0";"2,0";
"446,0";"06,09,2020";"Московский";"400071346";"Столкновение";"";"0";"0";"г Санкт-Петербург ш Пулковское 27";"0,0";"1,0";"2,0";"2,0";
"447,0";"06,09,2020";"Красногвардейский";"400071499";"Столкновение";"";"0";"0";"г Санкт-Петербург ул Коммуны 13";"0,0";"1,0";"2,0";"3,0";
"448,0";"05,09,2020";"Калининский";"400071273";"Столкновение";"";"0";"0";"г Санкт-Петербург ул Комсомола 41";"0,0";"2,0";"2,0";"2,0";
"449,0";"05,09,2020";"Московский";"400073531";"Столкновение";"";"0";"0";"г Санкт-Петербург ул Варшавская 37-1";"0,0";"1,0";"2,0";"2,0";
"450,0";"05,09,2020";"Колпинский";"400071252";"Столкновение";"";"0";"0";"г Колпино пр-кт Ленина Братьев Радченко ул";"0,0";"1,0";"3,0";"2,0";
"451,0";"05,09,2020";"Выборгский";"400071155";"Столкновение";"";"0";"0";"г Санкт-Петербург наб Пироговская 19";"0,0";"1,0";"2,0";"2,0";
"452,0";"05,09,2020";"Московский";"400071124";"Столкновение";"";"0";"0";"г Санкт-Петербург пр-кт Дунайский 14к2";"0,0";"1,0";"2,0";"3,0";
"453,0";"05,09,2020";"Красногвардейский";"400071304";"Наезд на препятствие";"";"0";"0";"г Санкт-Петербург наб Свердловская 58 кор, 4";"0,0";"2,0";"3,0";"5,0";
"454,0";"05,09,2020";"Приморский";"400071164";"Наезд на велосипедиста";"";"0";"0";"г Санкт-Петербург ул Яхтенная 3-1";"0,0";"1,0";"2,0";"2,0";
"455,0";"05,09,2020";"Центральный";"400071074";"Наезд на пешехода";"";"0";"0";"г Санкт-Петербург наб Воскресенская 14";"1,0";"0,0";"1,0";"2,0";
"456,0";"05,09,2020";"Невский";"400071255";"Столкновение";"";"0";"0";"г Санкт-Петербург пр-кт Шлиссельбургский 16";"0,0";"1,0";"2,0";"2,0";
"457,0";"05,09,2020";"Невский";"400071167";"Столкновение";"А-118 Кольцевая автомобильная дорога вокруг Санкт-Петербурга";"57";"600";"г Санкт-Петербург  ";"0,0";"2,0";"2,0";"3,0";
"458,0";"05,09,2020";"Курортный";"400071278";"Наезд на велосипедиста";"";"0";"0";"п Солнечное ш Зеленогорское 3";"0,0";"1,0";"2,0";"2,0";
"459,0";"05,09,2020";"Колпинский";"400071280";"Наезд на препятствие";"";"0";"0";"г Колпино ул Софийская Колпинское ш,";"0,0";"1,0";"1,0";"1,0";
"460,0";"05,09,2020";"Курортный";"400071120";"Наезд на препятствие";"А-181 Скандинавия Санкт-Петербург - Выборг - граница с Финляндской Республикой (основное направление)";"42";"600";"г Санкт-Петербург  ";"0,0";"2,0";"1,0";"2,0";
"461,0";"05,09,2020";"Невский";"400071354";"Наезд на велосипедиста";"";"0";"0";"г Санкт-Петербург  ";"0,0";"1,0";"2,0";"2,0";
"462,0";"05,09,2020";"Красногвардейский";"400071174";"Столкновение";"А-118 Кольцевая автомобильная дорога вокруг Санкт-Петербурга";"33";"800";"г Санкт-Петербург  ";"0,0";"1,0";"3,0";"3,0";
"463,0";"05,09,2020";"Калининский";"400071314";"Наезд на велосипедиста";"";"0";"0";"г Санкт-Петербург ул Софьи Ковалевской 1к,1";"0,0";"1,0";"2,0";"2,0";
"464,0";"05,09,2020";"Выборгский";"400071287";"Съезд с дороги";"";"0";"0";"п Левашово ул Первомайская 1 66";"0,0";"1,0";"1,0";"1,0";
"465,0";"05,09,2020";"Фрунзенский";"400071130";"Столкновение";"";"0";"0";"г Санкт-Петербург ул Софийская 2";"0,0";"1,0";"2,0";"2,0";
"466,0";"05,09,2020";"Выборгский";"400071148";"Наезд на велосипедиста";"";"0";"0";"г Санкт-Петербург  ";"0,0";"1,0";"2,0";"2,0";
"467,0";"05,09,2020";"Красногвардейский";"400071215";"Наезд на стоящее ТС";"";"0";"0";"г Санкт-Петербург пр-кт Заневский 77";"0,0";"3,0";"2,0";"5,0";
"468,0";"05,09,2020";"Петродворцовый";"400071205";"Столкновение";"";"0";"0";"г Петергоф пр-кт Санкт-Петербургский 66";"0,0";"3,0";"2,0";"5,0";
"469,0";"05,09,2020";"Кронштадтский";"400071210";"Наезд на препятствие";"А-118 Кольцевая автомобильная дорога вокруг Санкт-Петербурга";"138";"0";"г Санкт-Петербург  ";"0,0";"1,0";"1,0";"1,0";
"470,0";"05,09,2020";"Выборгский";"400071311";"Столкновение";"";"0";"0";"г Санкт-Петербург пр-кт Луначарского 33";"0,0";"3,0";"2,0";"4,0";
"471,0";"04,09,2020";"Невский";"400070691";"Столкновение";"";"0";"0";"г Санкт-Петербург пр-кт Обуховской Обороны 163";"0,0";"1,0";"2,0";"2,0";
"472,0";"04,09,2020";"Центральный";"400070845";"Столкновение";"";"0";"0";"г Санкт-Петербург наб Реки Фонтанки 22";"0,0";"1,0";"3,0";"3,0";
"473,0";"04,09,2020";"Адмиралтейский";"400070824";"Столкновение";"";"0";"0";"г Санкт-Петербург наб Обводного канала 213";"0,0";"2,0";"3,0";"5,0";
"474,0";"04,09,2020";"Центральный";"400070789";"Столкновение";"";"0";"0";"г Санкт-Петербург пр-кт Невский 36-ул, Михайловская";"0,0";"1,0";"3,0";"3,0";
"475,0";"04,09,2020";"Колпинский";"400070837";"Столкновение";"";"0";"0";"г Колпино ул Финляндская ул, Фидерная";"0,0";"2,0";"2,0";"3,0";
"476,0";"04,09,2020";"Выборгский";"400070713";"Наезд на велосипедиста";"";"0";"0";"г Санкт-Петербург  ";"0,0";"1,0";"2,0";"2,0";
"477,0";"04,09,2020";"Невский";"400070750";"Столкновение";"";"0";"0";"г Санкт-Петербург пр-кт Обуховской Обороны 151";"0,0";"1,0";"3,0";"2,0";
"478,0";"04,09,2020";"Калининский";"400070891";"Наезд на пешехода";"";"0";"0";"г Санкт-Петербург ул Карпинского 23";"0,0";"1,0";"1,0";"2,0";
"479,0";"04,09,2020";"Выборгский";"400070949";"Столкновение";"";"0";"0";"г Санкт-Петербург пр-кт Луначарского 11 к 1";"0,0";"2,0";"2,0";"3,0";
"480,0";"04,09,2020";"Выборгский";"400070790";"Наезд на велосипедиста";"";"0";"0";"г Санкт-Петербург  ";"0,0";"1,0";"2,0";"2,0";
"481,0";"04,09,2020";"Центральный";"400070621";"Наезд на пешехода";"";"0";"0";"г Санкт-Петербург наб Реки Фонтанки 38";"0,0";"1,0";"1,0";"2,0";
"482,0";"04,09,2020";"Невский";"400070637";"Столкновение";"";"0";"0";"г Санкт-Петербург пр-кт Дальневосточный 48";"0,0";"1,0";"2,0";"3,0";
"483,0";"04,09,2020";"Выборгский";"400070793";"Наезд на пешехода";"";"0";"0";"г Санкт-Петербург  ";"0,0";"1,0";"1,0";"2,0";
"484,0";"04,09,2020";"Приморский";"400070686";"Наезд на пешехода";"";"0";"0";"г Санкт-Петербург ул Уточкина 7";"0,0";"1,0";"1,0";"2,0";
"485,0";"03,09,2020";"Петродворцовый";"400070305";"Столкновение";"";"0";"0";"г Петергоф ул Разводная 29";"0,0";"1,0";"2,0";"2,0";
"486,0";"03,09,2020";"Кировский";"400070446";"Столкновение";"";"0";"0";"г Санкт-Петербург пр-кт Дачный 23-1";"0,0";"1,0";"4,0";"4,0";
"487,0";"03,09,2020";"Калининский";"400070589";"Наезд на стоящее ТС";"";"0";"0";"г Санкт-Петербург наб Свердловская 34А (напротив)";"0,0";"1,0";"4,0";"4,0";
"488,0";"03,09,2020";"Центральный";"400070315";"Наезд на пешехода";"";"0";"0";"г Санкт-Петербург ул Садовая 12";"0,0";"1,0";"1,0";"2,0";
"489,0";"03,09,2020";"Выборгский";"400070302";"Столкновение";"";"0";"0";"г Санкт-Петербург ул Сантьяго-де-Куба 10 кор 1";"0,0";"1,0";"2,0";"2,0";
"490,0";"03,09,2020";"Красногвардейский";"400070443";"Падение пассажира";"";"0";"0";"г Санкт-Петербург пр-кт Энтузиастов 33";"0,0";"1,0";"1,0";"2,0";
"491,0";"03,09,2020";"Приморский";"400070614";"Столкновение";"";"0";"0";"г Санкт-Петербург пр-кт Комендантский 43к2";"0,0";"1,0";"2,0";"2,0";
"492,0";"03,09,2020";"Приморский";"400070447";"Наезд на пешехода";"";"0";"0";"г Санкт-Петербург ул Байконурская 26";"0,0";"1,0";"1,0";"2,0";
"493,0";"03,09,2020";"Выборгский";"400085990";"Наезд на пешехода";"";"0";"0";"г Санкт-Петербург  ";"0,0";"1,0";"1,0";"2,0";
"494,0";"03,09,2020";"Кировский";"400073137";"Падение пассажира";"";"0";"0";"г Санкт-Петербург ул Трефолева 42";"0,0";"1,0";"1,0";"2,0";
"495,0";"03,09,2020";"Выборгский";"400070502";"Столкновение";"";"0";"0";"г Санкт-Петербург пр-кт Энгельса 63";"0,0";"1,0";"2,0";"2,0";
"496,0";"03,09,2020";"Выборгский";"400070607";"Наезд на велосипедиста";"";"0";"0";"г Санкт-Петербург пр-кт Энгельса 140";"0,0";"1,0";"2,0";"2,0";
"497,0";"03,09,2020";"Московский";"400070560";"Наезд на пешехода";"";"0";"0";"г Санкт-Петербург ш Пулковское 43 к,1";"1,0";"0,0";"1,0";"2,0";
"498,0";"03,09,2020";"Колпинский";"400070604";"Столкновение";"";"0";"0";"п Понтонный ул Южная 3";"0,0";"2,0";"2,0";"3,0";
"499,0";"03,09,2020";"Приморский";"400070597";"Столкновение";"";"0";"0";"г Санкт-Петербург пр-кт Приморский 25";"0,0";"1,0";"4,0";"4,0";
"500,0";"03,09,2020";"Красногвардейский";"400070461";"Наезд на пешехода";"";"0";"0";"г Санкт-Петербург  ";"0,0";"1,0";"1,0";"2,0";
"501,0";"03,09,2020";"Фрунзенский";"400070456";"Столкновение";"";"0";"0";"г Санкт-Петербург пр-кт Славы 2 к,1";"0,0";"2,0";"3,0";"4,0";
"502,0";"03,09,2020";"Выборгский";"400070370";"Наезд на пешехода";"";"0";"0";"г Санкт-Петербург пр-кт Просвещения 19А по пр, Энгельса";"0,0";"1,0";"1,0";"2,0";
"503,0";"03,09,2020";"Красносельский";"400070364";"Падение пассажира";"";"0";"0";"г Санкт-Петербург пр-кт Ленина 103";"0,0";"1,0";"1,0";"2,0";
"504,0";"03,09,2020";"Невский";"400070284";"Столкновение";"";"0";"0";"г Санкт-Петербург пр-кт Российский 8";"0,0";"1,0";"2,0";"3,0";
"505,0";"03,09,2020";"Московский";"400070389";"Столкновение";"";"0";"0";"г Санкт-Петербург ш Пулковское 42 соор,1";"0,0";"2,0";"3,0";"3,0";
"506,0";"03,09,2020";"Московский";"400070283";"Столкновение";"";"0";"0";"г Санкт-Петербург ул Варшавская 23 кор,1";"0,0";"1,0";"2,0";"3,0";
"507,0";"03,09,2020";"Петроградский";"400070577";"Наезд на стоящее ТС";"";"0";"0";"г Санкт-Петербург наб Кронверкская 7 по Ал, ПАРКУ";"0,0";"1,0";"3,0";"5,0";
"508,0";"03,09,2020";"Колпинский";"400070400";"Наезд на пешехода";"";"0";"0";"г Колпино пр-кт Ленина 22";"0,0";"1,0";"1,0";"2,0";
"509,0";"03,09,2020";"Центральный";"400070609";"Опрокидывание";"";"0";"0";"г Санкт-Петербург ул Садовая 12";"0,0";"1,0";"1,0";"2,0";
"510,0";"03,09,2020";"Невский";"400070526";"Наезд на стоящее ТС";"";"0";"0";"г Санкт-Петербург пр-кт Белевский 1";"0,0";"1,0";"2,0";"3,0";
"511,0";"03,09,2020";"Фрунзенский";"400070520";"Наезд на пешехода";"";"0";"0";"г Санкт-Петербург пр-кт Славы 8";"1,0";"0,0";"1,0";"2,0";
"512,0";"03,09,2020";"Пушкинский";"400082383";"Падение пассажира";"";"0";"0";"г Пушкин ул Оранжерейная 56";"0,0";"1,0";"1,0";"2,0";
"513,0";"02,09,2020";"Василеостровский";"400070194";"Наезд на пешехода";"";"0";"0";"г Санкт-Петербург пр-кт Большой В,О, 59";"0,0";"1,0";"1,0";"2,0";
"514,0";"02,09,2020";"Невский";"400069947";"Наезд на пешехода";"";"0";"0";"г Санкт-Петербург ул Подвойского 29";"0,0";"1,0";"1,0";"2,0";
"515,0";"02,09,2020";"Центральный";"400070001";"Наезд на пешехода";"";"0";"0";"г Санкт-Петербург ул Марата 6";"0,0";"1,0";"1,0";"2,0";
"516,0";"02,09,2020";"Московский";"400069920";"Столкновение";"";"0";"0";"г Санкт-Петербург ш Пулковское 37к1";"0,0";"1,0";"2,0";"2,0";
"517,0";"02,09,2020";"Московский";"400069942";"Наезд на стоящее ТС";"";"0";"0";"г Санкт-Петербург ш Пулковское д,37ДВА";"0,0";"4,0";"2,0";"6,0";
"518,0";"02,09,2020";"Курортный";"400070224";"Столкновение";"";"0";"0";"г Санкт-Петербург ш Приморское 256";"0,0";"1,0";"2,0";"2,0";
"519,0";"02,09,2020";"Адмиралтейский";"400070044";"Столкновение";"";"0";"0";"г Санкт-Петербург пр-кт Рижский 52";"0,0";"1,0";"2,0";"2,0";
"520,0";"02,09,2020";"Невский";"400069998";"Наезд на пешехода";"";"0";"0";"г Санкт-Петербург ул Седова 18";"0,0";"1,0";"1,0";"2,0";
"521,0";"02,09,2020";"Выборгский";"400069960";"Наезд на пешехода";"";"0";"0";"г Санкт-Петербург пр-кт Энгельса 10";"0,0";"1,0";"2,0";"2,0";
"522,0";"02,09,2020";"Калининский";"400070109";"Столкновение";"";"0";"0";"г Санкт-Петербург ул Ушинского 2 к,1";"0,0";"1,0";"2,0";"2,0";
"523,0";"02,09,2020";"Василеостровский";"400070190";"Наезд на пешехода";"";"0";"0";"г Санкт-Петербург ул Кораблестроителей 12к1";"0,0";"1,0";"1,0";"2,0";
"524,0";"02,09,2020";"Кировский";"400070207";"Падение пассажира";"";"0";"0";"г Санкт-Петербург пр-кт Ленинский 139";"0,0";"1,0";"1,0";"2,0";
"525,0";"02,09,2020";"Калининский";"400070189";"Наезд на пешехода";"";"0";"0";"г Санкт-Петербург ул Веденеева 4";"0,0";"1,0";"1,0";"2,0";
"526,0";"02,09,2020";"Колпинский";"400070007";"Столкновение";"";"0";"0";"п Понтонный ш Петрозаводское 15 по ул, Южная";"0,0";"1,0";"2,0";"2,0";
"527,0";"02,09,2020";"Центральный";"400069891";"Столкновение";"";"0";"0";"г Санкт-Петербург наб Синопская 10";"0,0";"1,0";"2,0";"2,0";
"528,0";"02,09,2020";"Фрунзенский";"400070108";"Наезд на пешехода";"";"0";"0";"г Санкт-Петербург  ";"0,0";"1,0";"1,0";"2,0";
"529,0";"02,09,2020";"Невский";"400069965";"Наезд на велосипедиста";"";"0";"0";"г Санкт-Петербург пр-кт Солидарности 13 кор,1";"0,0";"1,0";"2,0";"2,0";
"530,0";"02,09,2020";"Адмиралтейский";"400069978";"Столкновение";"";"0";"0";"г Санкт-Петербург пр-кт Загородный 52А";"0,0";"1,0";"2,0";"3,0";
"531,0";"02,09,2020";"Адмиралтейский";"400069940";"Наезд на пешехода";"";"0";"0";"г Санкт-Петербург наб Реки Фонтанки 100";"0,0";"1,0";"1,0";"2,0";
"532,0";"02,09,2020";"Кировский";"400069951";"Опрокидывание";"";"0";"0";"г Санкт-Петербург ул Танкиста Хрустицкого Пр, Н, Ополчения";"0,0";"1,0";"1,0";"1,0";
"533,0";"02,09,2020";"Калининский";"400070208";"Наезд на велосипедиста";"";"0";"0";"г Санкт-Петербург ул Верности 13";"0,0";"1,0";"2,0";"2,0";
"534,0";"01,09,2020";"Центральный";"400069752";"Наезд на пешехода";"";"0";"0";"г Санкт-Петербург ул Садовая Итальянская ул,";"0,0";"1,0";"1,0";"2,0";
"535,0";"01,09,2020";"Кировский";"400069903";"Наезд на пешехода";"";"0";"0";"г Санкт-Петербург ул Солдата Корзуна 1к2";"0,0";"1,0";"1,0";"2,0";
"536,0";"01,09,2020";"Курортный";"400069631";"Столкновение";"";"0";"0";"г Санкт-Петербург ш Приморское 315";"0,0";"3,0";"2,0";"5,0";
"537,0";"01,09,2020";"Петроградский";"400069894";"Наезд на стоящее ТС";"";"0";"0";"г Санкт-Петербург ул Сытнинская 14";"0,0";"1,0";"4,0";"1,0";
"538,0";"01,09,2020";"Красногвардейский";"400069917";"Наезд на пешехода";"";"0";"0";"г Санкт-Петербург ул Большая Пороховская 24";"0,0";"1,0";"1,0";"2,0";
"539,0";"01,09,2020";"Калининский";"400069755";"Падение пассажира";"";"0";"0";"г Санкт-Петербург ул Бутлерова 11 к,1";"0,0";"2,0";"1,0";"3,0";
"540,0";"01,09,2020";"Петроградский";"400069597";"Столкновение";"";"0";"0";"г Санкт-Петербург ул Зверинская 12";"0,0";"1,0";"2,0";"3,0";
"541,0";"01,09,2020";"Колпинский";"400069571";"Наезд на пешехода";"";"0";"0";"г Колпино ул Красная 18";"0,0";"1,0";"1,0";"2,0";
"542,0";"01,09,2020";"Красносельский";"400069687";"Столкновение";"";"0";"0";"г Санкт-Петербург пр-кт Ветеранов М, Жукова";"0,0";"1,0";"2,0";"3,0";
"543,0";"01,09,2020";"Невский";"400069603";"Столкновение";"";"0";"0";"г Санкт-Петербург пр-кт Солидарности 6";"0,0";"1,0";"2,0";"2,0";
"544,0";"01,09,2020";"Выборгский";"400069718";"Падение пассажира";"";"0";"0";"г Санкт-Петербург пр-кт Тихорецкий 6 к 2";"0,0";"1,0";"1,0";"2,0";
"545,0";"01,09,2020";"Пушкинский";"400069720";"Столкновение";"";"0";"0";"п Шушары ш Московское 11 лит, А";"0,0";"1,0";"3,0";"4,0";
"546,0";"01,09,2020";"Кировский";"400069601";"Столкновение";"";"0";"0";"г Санкт-Петербург ул Автовская 21";"0,0";"2,0";"2,0";"2,0";
"547,0";"01,09,2020";"Выборгский";"400069786";"Наезд на пешехода";"";"0";"0";"п Парголово  ";"0,0";"1,0";"1,0";"2,0";