"1,0";"31,10,2022";"Приморский";"400097370";"Наезд на пешехода";"";"0";"0";"г Санкт-Петербург пер Лыжный 2";"0,0";"1,0";"1,0";"2,0";
"3,0";"31,10,2022";"Петродворцовый";"400097389";"Наезд на пешехода";"";"0";"0";"г Петергоф ул Разводная 2 по Б-ру Разведчика";"0,0";"1,0";"2,0";"3,0";
"4,0";"31,10,2022";"Кировский";"400099673";"Столкновение";"";"0";"0";"г Санкт-Петербург ул Маршала Говорова 35к5";"0,0";"2,0";"2,0";"3,0";
"5,0";"31,10,2022";"Московский";"400097468";"Наезд на препятствие";"А-118 Кольцевая автомобильная дорога вокруг Санкт-Петербурга";"67";"270";"г Санкт-Петербург  ";"0,0";"1,0";"5,0";"5,0";
"6,0";"31,10,2022";"Калининский";"400097462";"Столкновение";"";"0";"0";"г Санкт-Петербург пр-кт Суздальский 79";"0,0";"1,0";"2,0";"3,0";
"7,0";"31,10,2022";"Центральный";"400097256";"Наезд на пешехода";"";"0";"0";"г Санкт-Петербург пр-кт Невский 115";"0,0";"1,0";"1,0";"2,0";
"8,0";"31,10,2022";"Пушкинский";"400106647";"Падение пассажира";"";"0";"0";"г Пушкин ул Генерала Хазова Школьная ул";"0,0";"1,0";"1,0";"2,0";
"9,0";"30,10,2022";"Курортный";"400097065";"Столкновение";"";"0";"0";"п Комарово ул Кавалерийская 9";"0,0";"1,0";"2,0";"2,0";
"10,0";"30,10,2022";"Красногвардейский";"400097052";"Наезд на пешехода";"";"0";"0";"г Санкт-Петербург ул Большая Пороховская 16 27";"0,0";"1,0";"1,0";"2,0";
"11,0";"30,10,2022";"Красногвардейский";"400097212";"Столкновение";"";"0";"0";"г Санкт-Петербург пр-кт Пискарёвский 33";"1,0";"3,0";"2,0";"4,0";
"12,0";"30,10,2022";"Пушкинский";"400097208";"Наезд на препятствие";"М-11 Нева Москва - Санкт-Петербург (основное направление)";"674";"670";"п Шушары  ";"0,0";"1,0";"1,0";"1,0";
"13,0";"30,10,2022";"Кронштадтский";"400097151";"Наезд на пешехода";"";"0";"0";"г Кронштадт ул Мануильского 45 3";"1,0";"0,0";"2,0";"2,0";
"14,0";"30,10,2022";"Выборгский";"400096939";"Наезд на пешехода";"";"0";"0";"п Парголово ул Михаила Дудина 10";"0,0";"1,0";"1,0";"3,0";
"15,0";"30,10,2022";"Красносельский";"400097089";"Падение пассажира";"";"0";"0";"г Санкт-Петербург пр-кт Народного Ополчения 207 корп, 1";"0,0";"1,0";"2,0";"3,0";
"16,0";"30,10,2022";"Московский";"400101473";"Наезд на пешехода";"";"0";"0";"г Санкт-Петербург ул Типанова 19";"0,0";"1,0";"1,0";"2,0";
"17,0";"30,10,2022";"Московский";"400097215";"Столкновение";"";"0";"0";"г Санкт-Петербург пр-кт Московский 131 Рощинская ул,";"0,0";"1,0";"4,0";"4,0";
"18,0";"30,10,2022";"Московский";"400097211";"Наезд на пешехода";"";"0";"0";"г Санкт-Петербург пр-кт Ленинский 148 Кубинская ул,";"1,0";"0,0";"1,0";"2,0";
"19,0";"30,10,2022";"Центральный";"400097243";"Наезд на пешехода";"";"0";"0";"г Санкт-Петербург пр-кт Лиговский 44";"0,0";"1,0";"1,0";"2,0";
"20,0";"30,10,2022";"Выборгский";"400096978";"Наезд на пешехода";"";"0";"0";"г Санкт-Петербург ул Симонова 12 9";"0,0";"1,0";"1,0";"2,0";
"21,0";"30,10,2022";"Красногвардейский";"400097159";"Наезд на препятствие";"";"0";"0";"г Санкт-Петербург наб Свердловская 60";"0,0";"1,0";"3,0";"4,0";
"22,0";"29,10,2022";"Красносельский";"400096709";"Наезд на пешехода";"";"0";"0";"г Санкт-Петербург пр-кт Ветеранов 173к1";"0,0";"1,0";"1,0";"2,0";
"23,0";"29,10,2022";"Центральный";"400096720";"Столкновение";"";"0";"0";"г Санкт-Петербург пр-кт Невский 174";"0,0";"2,0";"2,0";"4,0";
"24,0";"29,10,2022";"Курортный";"400096774";"Столкновение";"";"0";"0";"г Санкт-Петербург ш Приморское 36 км, 250 м,";"0,0";"1,0";"4,0";"5,0";
"25,0";"29,10,2022";"Невский";"400096903";"Столкновение";"";"0";"0";"г Санкт-Петербург пр-кт Обуховской Обороны 33";"0,0";"2,0";"2,0";"2,0";
"26,0";"29,10,2022";"Василеостровский";"400096906";"Наезд на пешехода";"";"0";"0";"г Санкт-Петербург наб Новосмоленская 1";"0,0";"1,0";"1,0";"2,0";
"27,0";"29,10,2022";"Кировский";"400096859";"Наезд на пешехода";"";"0";"0";"г Санкт-Петербург пр-кт Дачный 22 кор,2";"0,0";"1,0";"1,0";"2,0";
"28,0";"29,10,2022";"Невский";"400096928";"Наезд на препятствие";"";"0";"0";"г Санкт-Петербург ул Профессора Качалова 11 в";"0,0";"1,0";"1,0";"2,0";
"29,0";"29,10,2022";"Красногвардейский";"400096927";"Наезд на стоящее ТС";"А-118 Кольцевая автомобильная дорога вокруг Санкт-Петербурга";"35";"600";"г Санкт-Петербург  ";"0,0";"2,0";"2,0";"2,0";
"30,0";"29,10,2022";"Невский";"400096879";"Наезд на пешехода";"";"0";"0";"г Санкт-Петербург ул Караваевская 7";"0,0";"1,0";"1,0";"2,0";
"31,0";"29,10,2022";"Адмиралтейский";"400108708";"Отбрасывание предмета";"";"0";"0";"г Санкт-Петербург наб Реки Мойки 100";"0,0";"1,0";"1,0";"2,0";
"32,0";"28,10,2022";"Приморский";"400096510";"Наезд на пешехода";"";"0";"0";"г Санкт-Петербург ш Приморское 10 по Лахтинскому пр";"0,0";"1,0";"1,0";"2,0";
"33,0";"28,10,2022";"Выборгский";"400097374";"Наезд на пешехода";"";"0";"0";"г Санкт-Петербург ул Хошимина 15";"0,0";"1,0";"1,0";"2,0";
"34,0";"28,10,2022";"Красносельский";"400096652";"Наезд на пешехода";"";"0";"0";"г Санкт-Петербург пр-кт Ленинский 64 корп,1";"0,0";"1,0";"1,0";"2,0";
"35,0";"28,10,2022";"Курортный";"400096570";"Наезд на пешехода";"";"0";"0";"г Сестрорецк ул 3-я Поперечная 77 ул,Гагаринская";"0,0";"1,0";"1,0";"2,0";
"36,0";"28,10,2022";"Петроградский";"400096354";"Наезд на пешехода";"";"0";"0";"г Санкт-Петербург пр-кт Чкаловский 60";"0,0";"1,0";"2,0";"2,0";
"37,0";"28,10,2022";"Петроградский";"400096630";"Столкновение";"";"0";"0";"г Санкт-Петербург наб Аптекарская 12";"0,0";"1,0";"3,0";"3,0";
"38,0";"28,10,2022";"Кировский";"400096559";"Наезд на пешехода";"";"0";"0";"г Санкт-Петербург пр-кт Народного Ополчения 28";"0,0";"1,0";"1,0";"2,0";
"39,0";"27,10,2022";"Василеостровский";"400096261";"Столкновение";"";"0";"0";"г Санкт-Петербург пр-кт Большой В,О, 29 21";"0,0";"2,0";"2,0";"2,0";
"40,0";"27,10,2022";"Колпинский";"400096029";"Столкновение";"";"0";"0";"п Усть-Ижора ул Труда 24";"0,0";"1,0";"3,0";"3,0";
"41,0";"27,10,2022";"Адмиралтейский";"400102223";"Наезд на пешехода";"";"0";"0";"г Санкт-Петербург пр-кт Лермонтовский 7 12";"0,0";"1,0";"1,0";"2,0";
"42,0";"27,10,2022";"Красносельский";"400096273";"Наезд на препятствие";"";"0";"0";"г Красное Село пр-кт Ленина 22";"1,0";"0,0";"1,0";"2,0";
"43,0";"27,10,2022";"Адмиралтейский";"400095971";"Наезд на пешехода";"";"0";"0";"г Санкт-Петербург пр-кт Московский 30";"1,0";"0,0";"1,0";"2,0";
"44,0";"27,10,2022";"Центральный";"400095989";"Наезд на пешехода";"";"0";"0";"г Санкт-Петербург наб Дворцовая 22";"0,0";"2,0";"1,0";"3,0";
"45,0";"27,10,2022";"Приморский";"400096046";"Наезд на пешехода";"";"0";"0";"г Санкт-Петербург ул Школьная 116";"0,0";"1,0";"1,0";"2,0";
"46,0";"27,10,2022";"Петроградский";"400096035";"Наезд на пешехода";"";"0";"0";"г Санкт-Петербург ул Лахтинская 14";"0,0";"1,0";"1,0";"2,0";
"47,0";"27,10,2022";"Красносельский";"400096376";"Наезд на пешехода";"";"0";"0";"г Санкт-Петербург  ";"0,0";"1,0";"1,0";"2,0";
"48,0";"27,10,2022";"Фрунзенский";"400096215";"Наезд на пешехода";"";"0";"0";"г Санкт-Петербург  ";"0,0";"1,0";"3,0";"3,0";
"49,0";"27,10,2022";"Выборгский";"400100629";"Наезд на пешехода";"";"0";"0";"п Парголово ул Ленинградская 93";"0,0";"1,0";"1,0";"2,0";
"50,0";"27,10,2022";"Невский";"400096125";"Наезд на пешехода";"";"0";"0";"г Санкт-Петербург ул Антонова-Овсеенко 25-1";"0,0";"1,0";"1,0";"2,0";
"51,0";"26,10,2022";"Петродворцовый";"400095676";"Наезд на пешехода";"";"0";"0";"г Петергоф ул Разводная 10";"0,0";"1,0";"1,0";"2,0";
"52,0";"26,10,2022";"Калининский";"400095903";"Наезд на препятствие";"";"0";"0";"г Санкт-Петербург  ";"0,0";"1,0";"1,0";"2,0";
"53,0";"26,10,2022";"Петроградский";"400097567";"Наезд на пешехода";"";"0";"0";"г Санкт-Петербург  ";"0,0";"1,0";"1,0";"2,0";
"54,0";"26,10,2022";"Выборгский";"400095836";"Наезд на пешехода";"";"0";"0";"п Парголово ул Михаила Дудина 6";"0,0";"1,0";"1,0";"2,0";
"55,0";"26,10,2022";"Адмиралтейский";"400095926";"Наезд на велосипедиста";"";"0";"0";"г Санкт-Петербург ул Почтамтская 9";"0,0";"1,0";"2,0";"2,0";
"56,0";"26,10,2022";"Красногвардейский";"400100520";"Падение пассажира";"";"0";"0";"г Санкт-Петербург пр-кт Большеохтинский 31";"0,0";"1,0";"1,0";"2,0";
"57,0";"26,10,2022";"Приморский";"400095849";"Столкновение";"";"0";"0";"г Санкт-Петербург ул Академика Крылова 1 17";"0,0";"1,0";"2,0";"3,0";
"58,0";"26,10,2022";"Центральный";"400095802";"Наезд на пешехода";"";"0";"0";"г Санкт-Петербург ул Моховая ул,Пестеля";"0,0";"1,0";"1,0";"2,0";
"59,0";"26,10,2022";"Калининский";"400095685";"Наезд на пешехода";"";"0";"0";"г Санкт-Петербург ул Верности 8";"0,0";"1,0";"1,0";"2,0";
"60,0";"26,10,2022";"Выборгский";"400095880";"Столкновение";"";"0";"0";"г Санкт-Петербург ул Шостаковича 2";"0,0";"2,0";"2,0";"4,0";
"61,0";"26,10,2022";"Красносельский";"400095692";"Наезд на пешехода";"";"0";"0";"г Санкт-Петербург пр-кт Ленинский 76 корп, 1";"0,0";"1,0";"1,0";"2,0";
"62,0";"26,10,2022";"Московский";"400095864";"Наезд на пешехода";"";"0";"0";"г Санкт-Петербург ул Бассейная 45";"0,0";"1,0";"1,0";"2,0";
"63,0";"26,10,2022";"Калининский";"400095927";"Наезд на пешехода";"";"0";"0";"г Санкт-Петербург ул Политехническая 29,лит,А";"0,0";"1,0";"1,0";"2,0";
"64,0";"26,10,2022";"Василеостровский";"400097897";"Наезд на пешехода";"";"0";"0";"г Санкт-Петербург пр-кт Большой В,О, 16";"0,0";"1,0";"1,0";"2,0";
"65,0";"26,10,2022";"Московский";"400095719";"Столкновение";"";"0";"0";"г Санкт-Петербург ул Кубинская 84 2 Предпортовый пр";"0,0";"1,0";"2,0";"2,0";
"66,0";"25,10,2022";"Пушкинский";"400095564";"Столкновение";"";"0";"0";"г Пушкин ш Киевское 28 км 300";"0,0";"2,0";"2,0";"2,0";
"67,0";"25,10,2022";"Пушкинский";"400095418";"Наезд на пешехода";"";"0";"0";"г Пушкин ул Московская 25";"0,0";"1,0";"1,0";"2,0";
"68,0";"25,10,2022";"Петродворцовый";"400096458";"Наезд на пешехода";"";"0";"0";"г Петергоф ул Петергофская 11А";"0,0";"1,0";"1,0";"2,0";
"69,0";"25,10,2022";"Кировский";"400095444";"Наезд на пешехода";"";"0";"0";"г Санкт-Петербург ул Солдата Корзуна 5";"0,0";"1,0";"1,0";"2,0";
"70,0";"25,10,2022";"Колпинский";"400095584";"Наезд на пешехода";"";"0";"0";"г Колпино ул Танкистов Пр-т Ленина";"0,0";"1,0";"1,0";"2,0";
"71,0";"25,10,2022";"Красносельский";"400095574";"Столкновение";"";"0";"0";"г Санкт-Петербург пр-кт Ленинский 61";"0,0";"3,0";"2,0";"5,0";
"72,0";"25,10,2022";"Невский";"400095465";"Наезд на пешехода";"";"0";"0";"г Санкт-Петербург пр-кт Искровский 14";"1,0";"0,0";"1,0";"2,0";
"73,0";"25,10,2022";"Калининский";"400095363";"Столкновение";"";"0";"0";"г Санкт-Петербург пр-кт Пискарёвский 56";"0,0";"2,0";"3,0";"4,0";
"74,0";"25,10,2022";"Невский";"400095458";"Столкновение";"";"0";"0";"г Санкт-Петербург пр-кт Товарищеский 32";"0,0";"1,0";"2,0";"2,0";
"75,0";"25,10,2022";"Центральный";"400095366";"Столкновение";"";"0";"0";"г Санкт-Петербург ул Константина Заслонова ул, Боровая";"0,0";"2,0";"2,0";"4,0";
"76,0";"25,10,2022";"Колпинский";"400095615";"Наезд на стоящее ТС";"";"0";"0";"п Металлострой ш Петрозаводское 11 по ул,Некрасова";"0,0";"2,0";"2,0";"3,0";
"77,0";"25,10,2022";"Красногвардейский";"400095460";"Столкновение";"А-118 Кольцевая автомобильная дорога вокруг Санкт-Петербурга";"39";"200";"г Санкт-Петербург  ";"0,0";"1,0";"3,0";"3,0";
"78,0";"24,10,2022";"Невский";"400095257";"Столкновение";"";"0";"0";"г Санкт-Петербург ул Народная 40";"0,0";"1,0";"2,0";"2,0";
"79,0";"24,10,2022";"Невский";"400095356";"Наезд на препятствие";"";"0";"0";"г Санкт-Петербург пр-кт Дальневосточный 15 а";"0,0";"2,0";"2,0";"3,0";
"80,0";"24,10,2022";"Центральный";"400095056";"Столкновение";"";"0";"0";"г Санкт-Петербург пр-кт Владимирский 13 9";"0,0";"1,0";"2,0";"2,0";
"81,0";"24,10,2022";"Приморский";"400095148";"Падение пассажира";"";"0";"0";"г Санкт-Петербург ул Аккуратова 12";"0,0";"2,0";"1,0";"4,0";
"82,0";"24,10,2022";"Московский";"400095259";"Столкновение";"";"0";"0";"г Санкт-Петербург ш Московское 44";"0,0";"1,0";"3,0";"3,0";
"83,0";"23,10,2022";"Колпинский";"400094971";"Наезд на пешехода";"";"0";"0";"п Петро-Славянка ул Софийская напротив д,127 к 1";"0,0";"1,0";"2,0";"3,0";
"84,0";"23,10,2022";"Красногвардейский";"400094832";"Наезд на пешехода";"";"0";"0";"г Санкт-Петербург дор Муринская 24";"0,0";"1,0";"1,0";"2,0";
"85,0";"23,10,2022";"Василеостровский";"400094918";"Наезд на пешехода";"";"0";"0";"г Санкт-Петербург пр-кт Малый В,О, 73";"0,0";"1,0";"1,0";"2,0";
"86,0";"23,10,2022";"Адмиралтейский";"400094926";"Наезд на пешехода";"";"0";"0";"г Санкт-Петербург пр-кт Загородный 45 а";"0,0";"1,0";"1,0";"2,0";
"87,0";"23,10,2022";"Петроградский";"400094827";"Столкновение";"";"0";"0";"г Санкт-Петербург пр-кт Морской 25";"0,0";"3,0";"2,0";"4,0";
"88,0";"23,10,2022";"Пушкинский";"400094921";"Столкновение";"";"0";"0";"п Шушары  ";"0,0";"1,0";"2,0";"3,0";
"89,0";"23,10,2022";"Адмиралтейский";"400095021";"Наезд на пешехода";"";"0";"0";"г Санкт-Петербург ул Декабристов 49";"0,0";"1,0";"1,0";"2,0";
"90,0";"23,10,2022";"Невский";"400094951";"Столкновение";"А-118 Кольцевая автомобильная дорога вокруг Санкт-Петербурга";"59";"0";"г Санкт-Петербург  ";"0,0";"3,0";"4,0";"5,0";
"91,0";"22,10,2022";"Курортный";"400094772";"Столкновение";"";"0";"0";"п Репино ш Зеленогорское 12, к,21";"0,0";"1,0";"2,0";"2,0";
"92,0";"22,10,2022";"Невский";"400094831";"Столкновение";"";"0";"0";"г Санкт-Петербург ул Подвойского 14 к, 1";"0,0";"1,0";"2,0";"3,0";
"93,0";"22,10,2022";"Приморский";"400094794";"Наезд на пешехода";"";"0";"0";"г Санкт-Петербург ул Парашютная 56";"0,0";"1,0";"1,0";"2,0";
"94,0";"22,10,2022";"Кировский";"400094737";"Столкновение";"";"0";"0";"г Санкт-Петербург ул Краснопутиловская пр,Н,Ополчения";"0,0";"1,0";"2,0";"4,0";
"95,0";"22,10,2022";"Выборгский";"400094819";"Столкновение";"";"0";"0";"г Санкт-Петербург ш Выборгское пр, Просвещения";"0,0";"1,0";"2,0";"3,0";
"96,0";"22,10,2022";"Московский";"400094609";"Падение пассажира";"";"0";"0";"г Санкт-Петербург пр-кт Московский 189";"0,0";"1,0";"1,0";"2,0";
"97,0";"22,10,2022";"Фрунзенский";"400094583";"Наезд на стоящее ТС";"А-118 Кольцевая автомобильная дорога вокруг Санкт-Петербурга";"61";"1";"г Санкт-Петербург  ";"0,0";"1,0";"3,0";"3,0";
"98,0";"22,10,2022";"Красногвардейский";"400103331";"Столкновение";"";"0";"0";"г Санкт-Петербург ул Якорная 5";"0,0";"1,0";"2,0";"2,0";
"99,0";"22,10,2022";"Фрунзенский";"400094796";"Столкновение";"";"0";"0";"г Санкт-Петербург ул Софийская 55";"0,0";"1,0";"3,0";"4,0";
"100,0";"22,10,2022";"Красногвардейский";"400094576";"Столкновение";"";"0";"0";"г Санкт-Петербург пр-кт Косыгина 23 к, 1";"0,0";"1,0";"2,0";"3,0";
"101,0";"22,10,2022";"Приморский";"400094635";"Падение пассажира";"";"0";"0";"г Санкт-Петербург пр-кт Комендантский 13к,1";"0,0";"1,0";"1,0";"2,0";
"102,0";"22,10,2022";"Красногвардейский";"400094667";"Наезд на стоящее ТС";"";"0";"0";"г Санкт-Петербург пр-кт Индустриальный 12";"0,0";"1,0";"3,0";"1,0";
"103,0";"22,10,2022";"Центральный";"400094613";"Наезд на пешехода";"";"0";"0";"г Санкт-Петербург пр-кт Загородный 34";"0,0";"1,0";"1,0";"2,0";
"104,0";"21,10,2022";"Приморский";"400094564";"Наезд на пешехода";"";"0";"0";"г Санкт-Петербург пр-кт Богатырский 4";"0,0";"1,0";"4,0";"2,0";
"105,0";"21,10,2022";"Невский";"400094302";"Наезд на велосипедиста";"";"0";"0";"г Санкт-Петербург ул Джона Рида 1";"0,0";"1,0";"2,0";"2,0";
"106,0";"21,10,2022";"Выборгский";"400094384";"Наезд на велосипедиста";"";"0";"0";"г Санкт-Петербург пр-кт Просвещения 46";"0,0";"1,0";"2,0";"2,0";
"107,0";"21,10,2022";"Фрунзенский";"400094473";"Наезд на пешехода";"";"0";"0";"г Санкт-Петербург ул Фучика 17Д";"0,0";"1,0";"1,0";"2,0";
"108,0";"21,10,2022";"Красногвардейский";"400094537";"Столкновение";"";"0";"0";"г Санкт-Петербург пр-кт Шафировский 12 е";"0,0";"1,0";"2,0";"3,0";
"109,0";"21,10,2022";"Фрунзенский";"400094569";"Наезд на стоящее ТС";"А-118 Кольцевая автомобильная дорога вокруг Санкт-Петербурга";"59";"283";"г Санкт-Петербург  ";"0,0";"2,0";"4,0";"5,0";
"110,0";"21,10,2022";"Московский";"400094491";"Наезд на пешехода";"";"0";"0";"г Санкт-Петербург ул Благодатная 71";"0,0";"1,0";"1,0";"2,0";
"111,0";"21,10,2022";"Адмиралтейский";"400094360";"Наезд на пешехода";"";"0";"0";"г Санкт-Петербург наб Адмиралтейская 2";"0,0";"1,0";"1,0";"2,0";
"112,0";"21,10,2022";"Невский";"400094482";"Наезд на пешехода";"";"0";"0";"г Санкт-Петербург ул Крупской 26";"0,0";"1,0";"1,0";"2,0";
"113,0";"21,10,2022";"Кировский";"400094507";"Наезд на пешехода";"";"0";"0";"г Санкт-Петербург ул Ивана Черных 31-33";"0,0";"1,0";"1,0";"2,0";
"114,0";"21,10,2022";"Кировский";"400094431";"Столкновение";"";"0";"0";"г Санкт-Петербург пр-кт Ленинский 139";"0,0";"1,0";"4,0";"3,0";
"115,0";"21,10,2022";"Московский";"400094381";"Столкновение";"";"0";"0";"г Санкт-Петербург ул Благодатная 71";"0,0";"1,0";"2,0";"2,0";
"116,0";"21,10,2022";"Фрунзенский";"400094528";"Наезд на пешехода";"";"0";"0";"г Санкт-Петербург ул Димитрова 17 К 1";"0,0";"1,0";"1,0";"2,0";
"117,0";"21,10,2022";"Пушкинский";"400094557";"Съезд с дороги";"";"0";"0";"п Шушары проезд 1-й Бадаевский 7";"0,0";"1,0";"1,0";"1,0";
"118,0";"21,10,2022";"Выборгский";"400094484";"Наезд на пешехода";"";"0";"0";"г Санкт-Петербург пр-кт Большой Сампсониевский 86";"0,0";"1,0";"2,0";"2,0";
"119,0";"21,10,2022";"Московский";"400094455";"Наезд на пешехода";"";"0";"0";"г Санкт-Петербург ул Орджоникидзе 42 пр, Юрия Гагарина";"0,0";"1,0";"1,0";"2,0";
"120,0";"20,10,2022";"Красногвардейский";"400094308";"Столкновение";"";"0";"0";"г Санкт-Петербург пр-кт Шафировский 20";"0,0";"1,0";"2,0";"3,0";
"121,0";"20,10,2022";"Фрунзенский";"400094018";"Столкновение";"";"0";"0";"г Санкт-Петербург ул Белградская 28-1";"0,0";"1,0";"2,0";"3,0";
"122,0";"20,10,2022";"Красногвардейский";"400094229";"Столкновение";"";"0";"0";"г Санкт-Петербург пр-кт Пискарёвский 165";"0,0";"1,0";"2,0";"2,0";
"123,0";"20,10,2022";"Красносельский";"400093974";"Наезд на пешехода";"";"0";"0";"г Красное Село пр-кт Двадцать Пятого Октября (Дудергоф) 19";"0,0";"1,0";"1,0";"2,0";
"124,0";"20,10,2022";"Пушкинский";"400093945";"Наезд на стоящее ТС";"";"0";"0";"п Шушары ул Софийская Усть-Ижорское шоссе";"0,0";"1,0";"2,0";"3,0";
"125,0";"20,10,2022";"Центральный";"400094047";"Падение пассажира";"";"0";"0";"г Санкт-Петербург пр-кт Невский 74";"0,0";"2,0";"1,0";"3,0";
"126,0";"20,10,2022";"Красносельский";"400093973";"Наезд на стоящее ТС";"";"0";"0";"г Санкт-Петербург ш Таллинское (Старо-Паново) 156";"0,0";"1,0";"2,0";"3,0";
"127,0";"20,10,2022";"Центральный";"400097650";"Столкновение";"";"0";"0";"г Санкт-Петербург наб Реки Фонтанки 15";"0,0";"1,0";"2,0";"2,0";
"128,0";"20,10,2022";"Красносельский";"400094230";"Столкновение";"";"0";"0";"г Санкт-Петербург пр-кт Ветеранов 142";"0,0";"1,0";"2,0";"3,0";
"129,0";"19,10,2022";"Невский";"400094505";"Наезд на пешехода";"";"0";"0";"г Санкт-Петербург  ";"0,0";"1,0";"1,0";"2,0";
"130,0";"19,10,2022";"Невский";"400097366";"Падение пассажира";"";"0";"0";"г Санкт-Петербург ул Чернова 7";"0,0";"1,0";"1,0";"2,0";
"131,0";"19,10,2022";"Выборгский";"400093643";"Наезд на стоящее ТС";"";"0";"0";"г Санкт-Петербург пр-кт Культуры 14к1";"0,0";"1,0";"2,0";"2,0";
"132,0";"19,10,2022";"Василеостровский";"400093891";"Наезд на пешехода";"";"0";"0";"г Санкт-Петербург пр-кт КИМа 4";"0,0";"1,0";"1,0";"2,0";
"133,0";"19,10,2022";"Центральный";"400093698";"Наезд на пешехода";"";"0";"0";"г Санкт-Петербург ул Садовая 20";"0,0";"1,0";"1,0";"2,0";
"134,0";"19,10,2022";"Адмиралтейский";"400093823";"Наезд на пешехода";"";"0";"0";"г Санкт-Петербург наб Обводного канала 108";"0,0";"1,0";"1,0";"2,0";
"135,0";"19,10,2022";"Курортный";"400093876";"Столкновение";"";"0";"0";"г Зеленогорск ш Приморское 570, к,8";"0,0";"1,0";"2,0";"2,0";
"136,0";"19,10,2022";"Московский";"400093758";"Наезд на пешехода";"";"0";"0";"г Санкт-Петербург ул Ленсовета 87";"0,0";"1,0";"1,0";"2,0";
"137,0";"19,10,2022";"Кировский";"400093825";"Наезд на препятствие";"";"0";"0";"г Санкт-Петербург пр-кт Стачек ул,Трефолева";"1,0";"0,0";"1,0";"1,0";
"138,0";"19,10,2022";"Невский";"400093946";"Столкновение";"";"0";"0";"г Санкт-Петербург пр-кт Дальневосточный 1 к, 2";"0,0";"1,0";"2,0";"3,0";
"139,0";"19,10,2022";"Московский";"400093664";"Наезд на пешехода";"";"0";"0";"г Санкт-Петербург пр-кт Московский 72";"1,0";"0,0";"2,0";"3,0";
"140,0";"19,10,2022";"Калининский";"400093690";"Наезд на пешехода";"";"0";"0";"г Санкт-Петербург пр-кт Металлистов 65";"0,0";"1,0";"1,0";"2,0";
"141,0";"18,10,2022";"Выборгский";"400093309";"Столкновение";"";"0";"0";"п Парголово пр-кт Комендантский 140";"0,0";"1,0";"3,0";"3,0";
"142,0";"18,10,2022";"Приморский";"400093310";"Наезд на стоящее ТС";"Западный скоростной диаметр";"28";"0";"г Санкт-Петербург  ";"0,0";"2,0";"3,0";"4,0";
"143,0";"18,10,2022";"Адмиралтейский";"400093306";"Столкновение";"";"0";"0";"г Санкт-Петербург пл Сенная 9";"0,0";"5,0";"2,0";"5,0";
"144,0";"18,10,2022";"Приморский";"400093579";"Столкновение";"";"0";"0";"г Санкт-Петербург ул Глухарская 13";"0,0";"1,0";"2,0";"3,0";
"145,0";"18,10,2022";"Красносельский";"400093454";"Наезд на стоящее ТС";"А-118 Кольцевая автомобильная дорога вокруг Санкт-Петербурга";"75";"300";"г Санкт-Петербург  ";"0,0";"1,0";"2,0";"1,0";
"146,0";"18,10,2022";"Невский";"400093434";"Наезд на пешехода";"";"0";"0";"г Санкт-Петербург пр-кт Большевиков 25";"0,0";"1,0";"1,0";"2,0";
"147,0";"18,10,2022";"Московский";"400094050";"Наезд на пешехода";"";"0";"0";"г Санкт-Петербург ул Краснопутиловская 121 Варшавская ул,";"0,0";"1,0";"1,0";"2,0";
"148,0";"18,10,2022";"Невский";"400093559";"Наезд на пешехода";"";"0";"0";"г Санкт-Петербург пр-кт Обуховской Обороны 69";"0,0";"1,0";"1,0";"2,0";
"149,0";"18,10,2022";"Петроградский";"400093453";"Столкновение";"";"0";"0";"г Санкт-Петербург пр-кт Каменноостровский 55";"0,0";"1,0";"2,0";"2,0";
"150,0";"18,10,2022";"Пушкинский";"400093368";"Столкновение";"";"0";"0";"п Шушары ул Софийская Пролетарская ул,";"0,0";"2,0";"3,0";"4,0";
"151,0";"18,10,2022";"Кировский";"400095859";"Наезд на пешехода";"";"0";"0";"г Санкт-Петербург пр-кт Ветеранов 105";"0,0";"1,0";"1,0";"2,0";
"152,0";"18,10,2022";"Приморский";"400093433";"Наезд на пешехода";"";"0";"0";"г Санкт-Петербург пер Шишмарёвский 18";"0,0";"1,0";"1,0";"2,0";
"153,0";"18,10,2022";"Московский";"400093492";"Столкновение";"Западный скоростной диаметр";"3";"200";"г Санкт-Петербург  ";"0,0";"1,0";"3,0";"4,0";
"154,0";"18,10,2022";"Выборгский";"400093450";"Столкновение";"";"0";"0";"п Левашово ш Горское 77";"0,0";"2,0";"4,0";"6,0";
"155,0";"18,10,2022";"Колпинский";"400093238";"Наезд на пешехода";"";"0";"0";"п Металлострой ул Железнодорожная 9";"0,0";"1,0";"1,0";"2,0";
"156,0";"18,10,2022";"Красногвардейский";"400101324";"Наезд на пешехода";"";"0";"0";"г Санкт-Петербург  ";"0,0";"1,0";"1,0";"2,0";
"157,0";"18,10,2022";"Красногвардейский";"400093264";"Столкновение";"";"0";"0";"г Санкт-Петербург пр-кт Пискарёвский 150";"0,0";"1,0";"3,0";"3,0";
"158,0";"18,10,2022";"Приморский";"400093292";"Столкновение";"";"0";"0";"п Лисий Нос ул Электропередач Делоаая ул,";"0,0";"1,0";"2,0";"2,0";
"159,0";"18,10,2022";"Калининский";"400093548";"Столкновение";"";"0";"0";"г Санкт-Петербург дор Кушелевская 17 к,4";"0,0";"1,0";"2,0";"2,0";
"160,0";"17,10,2022";"Московский";"400093181";"Столкновение";"";"0";"0";"г Санкт-Петербург ул Варшавская 23 Кузнецовская ул,";"0,0";"1,0";"2,0";"3,0";
"161,0";"17,10,2022";"Фрунзенский";"400093104";"Наезд на пешехода";"";"0";"0";"г Санкт-Петербург ул Будапештская 87 к 1";"0,0";"1,0";"2,0";"2,0";
"162,0";"17,10,2022";"Калининский";"400093045";"Столкновение";"";"0";"0";"г Санкт-Петербург пр-кт Кондратьевский 60";"0,0";"1,0";"2,0";"2,0";
"163,0";"17,10,2022";"Выборгский";"400093022";"Столкновение";"";"0";"0";"г Санкт-Петербург ш Выборгское 503,к,5";"0,0";"1,0";"2,0";"2,0";
"164,0";"17,10,2022";"Выборгский";"400093100";"Столкновение";"";"0";"0";"г Санкт-Петербург ул Кантемировская 33";"0,0";"1,0";"2,0";"3,0";
"165,0";"17,10,2022";"Московский";"400092912";"Столкновение";"";"0";"0";"г Санкт-Петербург ул Кубинская 21";"0,0";"1,0";"3,0";"4,0";
"166,0";"17,10,2022";"Кировский";"400093020";"Наезд на пешехода";"";"0";"0";"г Санкт-Петербург  ";"0,0";"1,0";"1,0";"2,0";
"167,0";"17,10,2022";"Красносельский";"400093016";"Наезд на препятствие";"А-118 Кольцевая автомобильная дорога вокруг Санкт-Петербурга";"79";"100";"г Санкт-Петербург  ";"0,0";"1,0";"2,0";"2,0";
"168,0";"17,10,2022";"Приморский";"400093097";"Столкновение";"";"0";"0";"г Санкт-Петербург ул Торжковская 15";"0,0";"1,0";"2,0";"3,0";
"169,0";"17,10,2022";"Василеостровский";"400093056";"Наезд на пешехода";"";"0";"0";"г Санкт-Петербург пр-кт Средний В,О, 79";"0,0";"1,0";"1,0";"2,0";
"170,0";"17,10,2022";"Приморский";"400093001";"Столкновение";"";"0";"0";"г Санкт-Петербург ул Туполевская Сизова";"0,0";"1,0";"2,0";"2,0";
"171,0";"16,10,2022";"Приморский";"400092801";"Столкновение";"";"0";"0";"г Санкт-Петербург пр-кт Коннолахтинский Приморское ш,";"0,0";"1,0";"2,0";"3,0";
"172,0";"16,10,2022";"Фрунзенский";"400092841";"Столкновение";"";"0";"0";"г Санкт-Петербург пр-кт Дунайский 47";"0,0";"1,0";"2,0";"4,0";
"173,0";"16,10,2022";"Выборгский";"400096487";"Наезд на пешехода";"";"0";"0";"г Санкт-Петербург ш Выборгское 3";"0,0";"1,0";"1,0";"2,0";
"174,0";"16,10,2022";"Московский";"400092696";"Наезд на пешехода";"";"0";"0";"г Санкт-Петербург ул Благодатная 35 Варшавская ул,";"1,0";"0,0";"1,0";"2,0";
"175,0";"16,10,2022";"Приморский";"400092881";"Столкновение";"А-118 Кольцевая автомобильная дорога вокруг Санкт-Петербурга";"140";"50";"г Санкт-Петербург  ";"0,0";"1,0";"2,0";"2,0";
"176,0";"16,10,2022";"Красносельский";"400092714";"Столкновение";"А-118 Кольцевая автомобильная дорога вокруг Санкт-Петербурга";"78";"800";"г Санкт-Петербург  ";"0,0";"1,0";"2,0";"2,0";
"177,0";"16,10,2022";"Приморский";"400092667";"Наезд на пешехода";"";"0";"0";"г Санкт-Петербург пр-кт Коломяжский 20";"0,0";"1,0";"2,0";"2,0";
"178,0";"16,10,2022";"Центральный";"400092849";"Столкновение";"";"0";"0";"г Санкт-Петербург ул Садовая 25";"0,0";"1,0";"2,0";"3,0";
"179,0";"16,10,2022";"Невский";"400092707";"Столкновение";"";"0";"0";"г Санкт-Петербург пр-кт Обуховской Обороны 120";"0,0";"1,0";"2,0";"2,0";
"180,0";"15,10,2022";"Кировский";"400092596";"Столкновение";"";"0";"0";"г Санкт-Петербург пр-кт Ленинский 137";"0,0";"1,0";"3,0";"4,0";
"181,0";"15,10,2022";"Адмиралтейский";"400092517";"Столкновение";"";"0";"0";"г Санкт-Петербург пр-кт Старо-Петергофский 9 Б";"0,0";"1,0";"2,0";"3,0";
"182,0";"15,10,2022";"Центральный";"400092509";"Столкновение";"";"0";"0";"г Санкт-Петербург ул Черняховского 16";"0,0";"1,0";"2,0";"3,0";
"183,0";"15,10,2022";"Центральный";"400092483";"Наезд на пешехода";"";"0";"0";"г Санкт-Петербург пр-кт Литейный 58";"0,0";"1,0";"1,0";"2,0";
"184,0";"15,10,2022";"Выборгский";"400092427";"Столкновение";"";"0";"0";"г Санкт-Петербург пр-кт Энгельса 99";"0,0";"1,0";"2,0";"3,0";
"185,0";"15,10,2022";"Красногвардейский";"400092487";"Наезд на стоящее ТС";"";"0";"0";"г Санкт-Петербург пр-кт Заневский 4";"0,0";"1,0";"4,0";"1,0";
"186,0";"15,10,2022";"Пушкинский";"400092530";"Наезд на пешехода";"";"0";"0";"п Шушары  ";"0,0";"1,0";"1,0";"2,0";
"187,0";"15,10,2022";"Курортный";"400092458";"Наезд на пешехода";"";"0";"0";"г Зеленогорск ул Мира 19";"1,0";"0,0";"1,0";"2,0";
"188,0";"15,10,2022";"Петроградский";"400092598";"Столкновение";"";"0";"0";"г Санкт-Петербург пр-кт Каменноостровский 26-28";"0,0";"8,0";"2,0";"9,0";
"189,0";"15,10,2022";"Кировский";"400092636";"Наезд на велосипедиста";"";"0";"0";"г Санкт-Петербург пр-кт Стачек ул, Зенитчиков";"0,0";"1,0";"2,0";"2,0";
"190,0";"14,10,2022";"Выборгский";"400092373";"Наезд на пешехода";"";"0";"0";"г Санкт-Петербург пр-кт Луначарского 15к1";"0,0";"1,0";"1,0";"2,0";
"191,0";"14,10,2022";"Кировский";"400092260";"Наезд на пешехода";"";"0";"0";"г Санкт-Петербург ул Трефолева 7";"0,0";"1,0";"1,0";"2,0";
"192,0";"14,10,2022";"Выборгский";"400095479";"Наезд на пешехода";"";"0";"0";"г Санкт-Петербург пр-кт Большой Сампсониевский 106";"0,0";"1,0";"1,0";"2,0";
"193,0";"14,10,2022";"Адмиралтейский";"400092061";"Наезд на стоящее ТС";"";"0";"0";"г Санкт-Петербург пр-кт Старо-Петергофский 42";"0,0";"2,0";"3,0";"2,0";
"194,0";"14,10,2022";"Приморский";"400092146";"Падение пассажира";"";"0";"0";"г Санкт-Петербург ул Торжковская 6";"0,0";"1,0";"1,0";"2,0";
"195,0";"14,10,2022";"Невский";"400092100";"Наезд на пешехода";"";"0";"0";"г Санкт-Петербург ул Дыбенко 27 кор, 1";"0,0";"1,0";"1,0";"2,0";
"196,0";"14,10,2022";"Выборгский";"400095792";"Падение пассажира";"";"0";"0";"г Санкт-Петербург пр-кт Энгельса 42 Лит,А";"0,0";"1,0";"1,0";"2,0";
"197,0";"14,10,2022";"Красногвардейский";"400092084";"Столкновение";"";"0";"0";"г Санкт-Петербург пр-кт Косыгина 17";"0,0";"1,0";"3,0";"3,0";
"198,0";"14,10,2022";"Московский";"400092173";"Столкновение";"";"0";"0";"г Санкт-Петербург пр-кт Ленинский 161";"0,0";"1,0";"2,0";"3,0";
"199,0";"14,10,2022";"Красносельский";"400103776";"Падение пассажира";"";"0";"0";"г Санкт-Петербург пр-кт Ветеранов 141 корп,1";"0,0";"1,0";"1,0";"2,0";
"200,0";"14,10,2022";"Красногвардейский";"400092211";"Наезд на пешехода";"";"0";"0";"г Санкт-Петербург пр-кт Ударников 27к1";"0,0";"1,0";"1,0";"2,0";
"201,0";"14,10,2022";"Приморский";"400092318";"Падение пассажира";"";"0";"0";"г Санкт-Петербург пр-кт Королёва 69";"0,0";"1,0";"1,0";"2,0";
"202,0";"13,10,2022";"Невский";"400091932";"Наезд на пешехода";"";"0";"0";"г Санкт-Петербург ул Ивановская 7";"0,0";"1,0";"1,0";"2,0";
"203,0";"13,10,2022";"Выборгский";"400091950";"Наезд на пешехода";"";"0";"0";"г Санкт-Петербург ул Композиторов 28";"0,0";"1,0";"1,0";"2,0";
"204,0";"13,10,2022";"Петродворцовый";"400091959";"Наезд на пешехода";"";"0";"0";"п Стрельна ш Санкт-Петербургское 18";"0,0";"2,0";"1,0";"3,0";
"205,0";"13,10,2022";"Курортный";"400091986";"Столкновение";"";"0";"0";"п Репино ш Приморское 428";"0,0";"2,0";"2,0";"3,0";
"206,0";"13,10,2022";"Красносельский";"400091628";"Столкновение";"";"0";"0";"г Санкт-Петербург пр-кт Кузнецова 22 к,1";"0,0";"1,0";"2,0";"2,0";
"207,0";"13,10,2022";"Кировский";"400110022";"Наезд на пешехода";"";"0";"0";"г Санкт-Петербург пр-кт Ветеранов 78";"0,0";"1,0";"1,0";"2,0";
"208,0";"13,10,2022";"Красногвардейский";"400091781";"Столкновение";"";"0";"0";"г Санкт-Петербург ул Бестужевская 75";"0,0";"11,0";"2,0";"13,0";
"209,0";"13,10,2022";"Приморский";"400091964";"Наезд на пешехода";"";"0";"0";"г Санкт-Петербург ул Оптиков 34 корп, 1";"0,0";"1,0";"1,0";"2,0";
"210,0";"13,10,2022";"Центральный";"400091789";"Наезд на пешехода";"";"0";"0";"г Санкт-Петербург пр-кт Невский 115";"0,0";"1,0";"1,0";"2,0";
"211,0";"13,10,2022";"Центральный";"400091979";"Падение пассажира";"";"0";"0";"г Санкт-Петербург пр-кт Невский Лиговский пркт";"0,0";"1,0";"1,0";"2,0";
"212,0";"13,10,2022";"Приморский";"400091767";"Наезд на пешехода";"";"0";"0";"г Санкт-Петербург  ";"0,0";"1,0";"1,0";"2,0";
"213,0";"13,10,2022";"Невский";"400092008";"Столкновение";"";"0";"0";"г Санкт-Петербург наб Октябрьская 48 корп,3";"0,0";"1,0";"2,0";"2,0";
"214,0";"13,10,2022";"Красногвардейский";"400091819";"Столкновение";"";"0";"0";"г Санкт-Петербург пр-кт Косыгина 2";"0,0";"1,0";"2,0";"2,0";
"215,0";"13,10,2022";"Адмиралтейский";"400091875";"Наезд на пешехода";"";"0";"0";"г Санкт-Петербург пр-кт Малодетскосельский 34";"0,0";"1,0";"1,0";"2,0";
"216,0";"13,10,2022";"Выборгский";"400094423";"Наезд на пешехода";"";"0";"0";"г Санкт-Петербург пр-кт Тореза 118";"0,0";"1,0";"1,0";"2,0";
"217,0";"13,10,2022";"Красносельский";"400091873";"Наезд на пешехода";"";"0";"0";"г Санкт-Петербург пр-кт Ветеранов 114к,4(напротив)";"0,0";"1,0";"2,0";"2,0";
"218,0";"13,10,2022";"Московский";"400092013";"Столкновение";"М-11 Нева Москва - Санкт-Петербург (основное направление)";"684";"800";"г Санкт-Петербург  ";"0,0";"1,0";"2,0";"3,0";
"219,0";"13,10,2022";"Калининский";"400091957";"Наезд на пешехода";"";"0";"0";"г Санкт-Петербург пр-кт Кондратьевский 83 к,1";"1,0";"0,0";"1,0";"2,0";
"220,0";"13,10,2022";"Московский";"400091881";"Столкновение";"А-118 Кольцевая автомобильная дорога вокруг Санкт-Петербурга";"66";"380";"г Санкт-Петербург  ";"0,0";"1,0";"2,0";"2,0";
"221,0";"12,10,2022";"Адмиралтейский";"400091395";"Наезд на пешехода";"";"0";"0";"г Санкт-Петербург наб Обводного канала 91";"0,0";"1,0";"1,0";"2,0";
"222,0";"12,10,2022";"Красносельский";"400091372";"Столкновение";"";"0";"0";"г Санкт-Петербург пр-кт Ленинский 79";"0,0";"1,0";"2,0";"2,0";
"223,0";"12,10,2022";"Кировский";"400095355";"Наезд на пешехода";"";"0";"0";"г Санкт-Петербург пр-кт Маршала Жукова 44";"0,0";"1,0";"2,0";"2,0";
"224,0";"12,10,2022";"Центральный";"400091558";"Столкновение";"";"0";"0";"г Санкт-Петербург ул Марата 54";"0,0";"1,0";"2,0";"2,0";
"225,0";"12,10,2022";"Фрунзенский";"400091499";"Наезд на пешехода";"";"0";"0";"г Санкт-Петербург  ";"1,0";"0,0";"1,0";"2,0";
"226,0";"12,10,2022";"Фрунзенский";"400091390";"Падение пассажира";"";"0";"0";"г Санкт-Петербург пр-кт Дунайский 44";"0,0";"2,0";"2,0";"6,0";
"227,0";"12,10,2022";"Невский";"400091710";"Столкновение";"";"0";"0";"г Санкт-Петербург ул Коллонтай 3";"0,0";"1,0";"2,0";"3,0";
"228,0";"12,10,2022";"Петродворцовый";"400091511";"Столкновение";"";"0";"0";"г Петергоф ш Ораниенбаумское 1";"0,0";"1,0";"3,0";"3,0";
"229,0";"12,10,2022";"Московский";"400091579";"Наезд на пешехода";"";"0";"0";"г Санкт-Петербург пр-кт Юрия Гагарина Благодатная ул,";"0,0";"1,0";"1,0";"2,0";
"230,0";"12,10,2022";"Калининский";"400091602";"Наезд на пешехода";"";"0";"0";"г Санкт-Петербург  ";"0,0";"1,0";"1,0";"2,0";
"231,0";"12,10,2022";"Кировский";"400095313";"Наезд на пешехода";"";"0";"0";"г Санкт-Петербург ул Солдата Корзуна 5";"0,0";"1,0";"1,0";"2,0";
"232,0";"12,10,2022";"Красносельский";"400091410";"Наезд на велосипедиста";"";"0";"0";"г Санкт-Петербург пр-кт Ветеранов 143 корпус 1";"0,0";"1,0";"2,0";"2,0";
"233,0";"12,10,2022";"Фрунзенский";"400091594";"Наезд на пешехода";"";"0";"0";"г Санкт-Петербург ул Бухарестская 80";"0,0";"1,0";"1,0";"2,0";
"234,0";"11,10,2022";"Курортный";"400091244";"Наезд на пешехода";"";"0";"0";"п Серово ш Приморское 647";"1,0";"0,0";"1,0";"2,0";
"235,0";"11,10,2022";"Московский";"400091211";"Наезд на пешехода";"";"0";"0";"г Санкт-Петербург ш Пулковское 3";"0,0";"1,0";"1,0";"2,0";
"236,0";"11,10,2022";"Красносельский";"400092126";"Наезд на пешехода";"";"0";"0";"г Санкт-Петербург ул Генерала Кравченко 7";"0,0";"1,0";"1,0";"2,0";
"237,0";"11,10,2022";"Красногвардейский";"400091141";"Наезд на велосипедиста";"";"0";"0";"г Санкт-Петербург ш Революции 52";"0,0";"1,0";"2,0";"2,0";
"238,0";"11,10,2022";"Адмиралтейский";"400091092";"Столкновение";"";"0";"0";"г Санкт-Петербург пр-кт Московский 73к5";"0,0";"1,0";"2,0";"2,0";
"239,0";"11,10,2022";"Адмиралтейский";"400091032";"Столкновение";"";"0";"0";"г Санкт-Петербург пр-кт Московский 63";"0,0";"1,0";"2,0";"2,0";
"240,0";"11,10,2022";"Выборгский";"400091362";"Столкновение";"";"0";"0";"г Санкт-Петербург проезд Актёрский 6";"0,0";"1,0";"2,0";"3,0";
"241,0";"11,10,2022";"Невский";"400091301";"Столкновение";"";"0";"0";"г Санкт-Петербург ул Тельмана 24";"0,0";"1,0";"2,0";"2,0";
"242,0";"11,10,2022";"Московский";"400091060";"Опрокидывание";"";"0";"0";"г Санкт-Петербург ш Пулковское 35 кор,5";"0,0";"1,0";"1,0";"1,0";
"243,0";"11,10,2022";"Красносельский";"400094466";"Падение пассажира";"";"0";"0";"г Санкт-Петербург пр-кт Ветеранов 120";"0,0";"1,0";"1,0";"2,0";
"244,0";"11,10,2022";"Выборгский";"400091093";"Наезд на пешехода";"";"0";"0";"г Санкт-Петербург пер Учебный 2";"0,0";"1,0";"1,0";"2,0";
"245,0";"10,10,2022";"Фрунзенский";"400090823";"Наезд на пешехода";"";"0";"0";"г Санкт-Петербург ул Бухарестская 132";"0,0";"1,0";"1,0";"2,0";
"246,0";"10,10,2022";"Красногвардейский";"400090790";"Столкновение";"";"0";"0";"г Санкт-Петербург пр-кт Металлистов 70";"0,0";"1,0";"2,0";"3,0";
"247,0";"10,10,2022";"Невский";"400090851";"Столкновение";"";"0";"0";"г Санкт-Петербург ул Подвойского 22";"0,0";"1,0";"2,0";"3,0";
"248,0";"10,10,2022";"Колпинский";"400090787";"Наезд на пешехода";"";"0";"0";"г Колпино ул Тверская Напротив д, 36-9";"0,0";"1,0";"1,0";"2,0";
"249,0";"10,10,2022";"Василеостровский";"400090831";"Наезд на велосипедиста";"";"0";"0";"г Санкт-Петербург ул Шевченко 27";"0,0";"1,0";"2,0";"2,0";
"250,0";"10,10,2022";"Выборгский";"400095790";"Падение пассажира";"";"0";"0";"г Санкт-Петербург пр-кт Просвещения 54 кор,4";"0,0";"1,0";"1,0";"2,0";
"251,0";"10,10,2022";"Адмиралтейский";"400090719";"Наезд на велосипедиста";"";"0";"0";"г Санкт-Петербург ул Гороховая 59";"0,0";"1,0";"2,0";"2,0";
"252,0";"10,10,2022";"Выборгский";"400090757";"Падение пассажира";"";"0";"0";"г Санкт-Петербург ш Выборгское 13";"0,0";"1,0";"2,0";"3,0";
"253,0";"10,10,2022";"Кировский";"400090905";"Столкновение";"";"0";"0";"г Санкт-Петербург ул Танкиста Хрустицкого 27";"0,0";"1,0";"2,0";"2,0";
"254,0";"10,10,2022";"Невский";"400090836";"Наезд на пешехода";"";"0";"0";"г Санкт-Петербург ул Дыбенко 12 кор, 1";"0,0";"1,0";"1,0";"2,0";
"255,0";"10,10,2022";"Кировский";"400091020";"Столкновение";"Западный скоростной диаметр";"11";"500";"г Санкт-Петербург  ";"0,0";"1,0";"3,0";"4,0";
"256,0";"10,10,2022";"Приморский";"400090874";"Наезд на стоящее ТС";"";"0";"0";"г Санкт-Петербург ул Мебельная 47";"0,0";"1,0";"2,0";"2,0";
"257,0";"10,10,2022";"Центральный";"400090778";"Столкновение";"";"0";"0";"г Санкт-Петербург ул Садовая 12";"0,0";"1,0";"2,0";"3,0";
"258,0";"10,10,2022";"Выборгский";"400090746";"Падение пассажира";"";"0";"0";"г Санкт-Петербург ул Есенина 1 к 1";"0,0";"1,0";"1,0";"2,0";
"259,0";"09,10,2022";"Калининский";"400090481";"Столкновение";"";"0";"0";"г Санкт-Петербург ул Бутлерова 30";"0,0";"2,0";"2,0";"3,0";
"260,0";"09,10,2022";"Невский";"400090677";"Наезд на пешехода";"";"0";"0";"г Санкт-Петербург ш Южное 40";"1,0";"0,0";"1,0";"2,0";
"261,0";"09,10,2022";"Петроградский";"400090528";"Наезд на пешехода";"";"0";"0";"г Санкт-Петербург ул Большая Зеленина 1 44";"0,0";"1,0";"2,0";"3,0";
"262,0";"09,10,2022";"Красногвардейский";"400090680";"Наезд на пешехода";"";"0";"0";"г Санкт-Петербург пр-кт Индустриальный 18";"0,0";"1,0";"3,0";"2,0";
"263,0";"09,10,2022";"Невский";"400090490";"Наезд на пешехода";"";"0";"0";"г Санкт-Петербург ул Коллонтай 28 кор, 1";"0,0";"1,0";"1,0";"2,0";
"264,0";"09,10,2022";"Калининский";"400090714";"Наезд на велосипедиста";"";"0";"0";"г Санкт-Петербург ул Обручевых 4";"0,0";"1,0";"2,0";"2,0";
"265,0";"09,10,2022";"Кронштадтский";"400090568";"Наезд на стоящее ТС";"А-118 Кольцевая автомобильная дорога вокруг Санкт-Петербурга";"139";"800";"г Санкт-Петербург  ";"0,0";"1,0";"6,0";"8,0";
"266,0";"09,10,2022";"Адмиралтейский";"400090686";"Наезд на пешехода";"";"0";"0";"г Санкт-Петербург наб Реки Фонтанки 102";"0,0";"1,0";"1,0";"2,0";
"267,0";"09,10,2022";"Фрунзенский";"400090698";"Столкновение";"";"0";"0";"г Санкт-Петербург ул Белы Куна 3";"0,0";"1,0";"2,0";"2,0";
"268,0";"09,10,2022";"Адмиралтейский";"400090652";"Наезд на пешехода";"";"0";"0";"г Санкт-Петербург пр-кт Римского-Корсакова 43";"0,0";"1,0";"1,0";"2,0";
"269,0";"09,10,2022";"Московский";"400096446";"Наезд на пешехода";"";"0";"0";"г Санкт-Петербург  ";"0,0";"1,0";"1,0";"2,0";
"270,0";"09,10,2022";"Выборгский";"400090653";"Столкновение";"";"0";"0";"п Парголово ш Приозерское (Осиновая Роща) и Юкковское ш";"0,0";"1,0";"3,0";"3,0";
"271,0";"09,10,2022";"Адмиралтейский";"400090573";"Столкновение";"";"0";"0";"г Санкт-Петербург пр-кт Римского-Корсакова 16к2";"0,0";"1,0";"2,0";"3,0";
"272,0";"09,10,2022";"Центральный";"400090458";"Столкновение";"";"0";"0";"г Санкт-Петербург ул Садовая 28";"0,0";"1,0";"2,0";"3,0";
"273,0";"09,10,2022";"Приморский";"400090484";"Столкновение";"";"0";"0";"г Санкт-Петербург ул Савушкина Планерная ул,";"0,0";"1,0";"2,0";"3,0";
"274,0";"09,10,2022";"Пушкинский";"400090663";"Столкновение";"";"0";"0";"п Шушары пр-кт Витебский 145";"0,0";"1,0";"4,0";"5,0";
"275,0";"08,10,2022";"Приморский";"400090415";"Наезд на стоящее ТС";"";"0";"0";"г Санкт-Петербург ул Торжковская 1";"0,0";"2,0";"4,0";"5,0";
"276,0";"08,10,2022";"Невский";"400090342";"Столкновение";"";"0";"0";"г Санкт-Петербург пр-кт Большевиков 44";"0,0";"2,0";"2,0";"3,0";
"277,0";"08,10,2022";"Красногвардейский";"400090251";"Столкновение";"А-118 Кольцевая автомобильная дорога вокруг Санкт-Петербурга";"39";"100";"г Санкт-Петербург  ";"0,0";"3,0";"3,0";"5,0";
"278,0";"08,10,2022";"Выборгский";"400090396";"Столкновение";"";"0";"0";"г Санкт-Петербург пер 6-й Верхний напротив д,12Б";"0,0";"1,0";"2,0";"2,0";
"279,0";"08,10,2022";"Красносельский";"400090325";"Наезд на пешехода";"";"0";"0";"г Санкт-Петербург пр-кт Ленинский 92 корпус 1";"0,0";"1,0";"1,0";"2,0";
"280,0";"08,10,2022";"Выборгский";"400090248";"Падение пассажира";"";"0";"0";"г Санкт-Петербург пр-кт Финляндский 1";"0,0";"1,0";"1,0";"2,0";
"281,0";"08,10,2022";"Красногвардейский";"400090413";"Столкновение";"А-118 Кольцевая автомобильная дорога вокруг Санкт-Петербурга";"40";"100";"г Санкт-Петербург  ";"0,0";"1,0";"2,0";"2,0";
"282,0";"08,10,2022";"Красносельский";"400090213";"Столкновение";"";"0";"0";"г Санкт-Петербург пр-кт Будённого (Сергиево) 2";"0,0";"1,0";"2,0";"3,0";
"283,0";"08,10,2022";"Выборгский";"400091472";"Наезд на пешехода";"";"0";"0";"г Санкт-Петербург пр-кт Луначарского 76";"0,0";"1,0";"2,0";"2,0";
"284,0";"08,10,2022";"Московский";"400090263";"Наезд на пешехода";"";"0";"0";"г Санкт-Петербург  ";"0,0";"1,0";"1,0";"2,0";
"285,0";"08,10,2022";"Московский";"400090378";"Наезд на пешехода";"";"0";"0";"г Санкт-Петербург пр-кт Московский 98";"1,0";"0,0";"1,0";"2,0";
"286,0";"08,10,2022";"Красногвардейский";"400090290";"Падение пассажира";"";"0";"0";"г Санкт-Петербург пр-кт Индустриальный 23";"0,0";"1,0";"1,0";"2,0";
"287,0";"08,10,2022";"Московский";"400094090";"Наезд на пешехода";"";"0";"0";"г Санкт-Петербург ул Типанова 19";"0,0";"1,0";"1,0";"2,0";
"288,0";"08,10,2022";"Красносельский";"400090392";"Наезд на пешехода";"";"0";"0";"г Санкт-Петербург пр-кт Ветеранов 147";"0,0";"1,0";"1,0";"2,0";
"289,0";"08,10,2022";"Василеостровский";"400090259";"Наезд на пешехода";"";"0";"0";"г Санкт-Петербург линия 18-я В,О, 25";"0,0";"1,0";"1,0";"2,0";
"290,0";"08,10,2022";"Адмиралтейский";"400090276";"Наезд на пешехода";"";"0";"0";"г Санкт-Петербург пер Бойцова 8";"0,0";"1,0";"1,0";"2,0";
"291,0";"08,10,2022";"Красногвардейский";"400090212";"Столкновение";"";"0";"0";"г Санкт-Петербург ш Революции 21";"0,0";"2,0";"2,0";"2,0";
"292,0";"08,10,2022";"Калининский";"400090235";"Столкновение";"";"0";"0";"г Санкт-Петербург пр-кт Просвещения 99";"0,0";"2,0";"2,0";"2,0";
"293,0";"08,10,2022";"Невский";"400090377";"Столкновение";"";"0";"0";"г Санкт-Петербург ул Подвойского 48 корп,1";"0,0";"1,0";"2,0";"2,0";
"294,0";"08,10,2022";"Василеостровский";"400090214";"Наезд на велосипедиста";"";"0";"0";"г Санкт-Петербург наб Новосмоленская 8";"0,0";"1,0";"2,0";"2,0";
"295,0";"07,10,2022";"Московский";"400092086";"Наезд на пешехода";"";"0";"0";"г Санкт-Петербург ул Типанова 34 к,1";"0,0";"1,0";"1,0";"2,0";
"296,0";"07,10,2022";"Приморский";"400089851";"Столкновение";"";"0";"0";"г Санкт-Петербург ул Маршала Новикова 42";"0,0";"1,0";"2,0";"2,0";
"297,0";"07,10,2022";"Центральный";"400090097";"Наезд на велосипедиста";"";"0";"0";"г Санкт-Петербург ул Восстания 12";"0,0";"1,0";"2,0";"2,0";
"298,0";"07,10,2022";"Выборгский";"400089847";"Столкновение";"";"0";"0";"г Санкт-Петербург пр-кт Тореза 96";"0,0";"1,0";"2,0";"3,0";
"299,0";"07,10,2022";"Калининский";"400090146";"Столкновение";"";"0";"0";"г Санкт-Петербург пр-кт Гражданский 116";"0,0";"1,0";"2,0";"2,0";
"300,0";"07,10,2022";"Московский";"400089984";"Столкновение";"А-118 Кольцевая автомобильная дорога вокруг Санкт-Петербурга";"71";"300";"г Санкт-Петербург  ";"0,0";"1,0";"3,0";"3,0";
"301,0";"07,10,2022";"Красносельский";"400089828";"Столкновение";"";"0";"0";"г Красное Село пр-кт Ленина 98";"0,0";"1,0";"2,0";"3,0";
"302,0";"07,10,2022";"Петродворцовый";"400089871";"Наезд на пешехода";"";"0";"0";"п Стрельна ш Санкт-Петербургское Нагорная";"0,0";"1,0";"1,0";"2,0";
"303,0";"07,10,2022";"Выборгский";"400089881";"Наезд на пешехода";"";"0";"0";"г Санкт-Петербург пр-кт Просвещения 9";"0,0";"2,0";"1,0";"3,0";
"304,0";"07,10,2022";"Невский";"400090156";"Наезд на пешехода";"";"0";"0";"г Санкт-Петербург наб Октябрьская 24 к 1";"0,0";"1,0";"1,0";"2,0";
"305,0";"07,10,2022";"Петроградский";"400091460";"Наезд на пешехода";"";"0";"0";"г Санкт-Петербург пр-кт Каменноостровский 52";"0,0";"1,0";"1,0";"2,0";
"306,0";"07,10,2022";"Невский";"400089803";"Наезд на пешехода";"";"0";"0";"г Санкт-Петербург  ";"0,0";"1,0";"1,0";"2,0";
"307,0";"07,10,2022";"Невский";"400089889";"Столкновение";"";"0";"0";"г Санкт-Петербург пр-кт Большевиков 49-2";"0,0";"2,0";"2,0";"2,0";
"308,0";"07,10,2022";"Выборгский";"400089869";"Столкновение";"";"0";"0";"п Парголово ш Выборгское 435";"0,0";"1,0";"2,0";"2,0";
"309,0";"06,10,2022";"Невский";"400089580";"Наезд на пешехода";"";"0";"0";"г Санкт-Петербург  ";"0,0";"1,0";"2,0";"2,0";
"310,0";"06,10,2022";"Московский";"400089525";"Падение пассажира";"";"0";"0";"г Санкт-Петербург ш Пулковское 3кор1";"0,0";"1,0";"1,0";"2,0";
"311,0";"06,10,2022";"Выборгский";"400089597";"Наезд на пешехода";"";"0";"0";"г Санкт-Петербург  ";"0,0";"1,0";"1,0";"2,0";
"312,0";"06,10,2022";"Кировский";"400089762";"Наезд на пешехода";"";"0";"0";"г Санкт-Петербург ул Маршала Говорова ул,В,Алексеева";"0,0";"1,0";"1,0";"2,0";
"313,0";"06,10,2022";"Красногвардейский";"400089671";"Наезд на пешехода";"";"0";"0";"г Санкт-Петербург пр-кт Шаумяна 40";"0,0";"1,0";"1,0";"2,0";
"314,0";"06,10,2022";"Адмиралтейский";"400089498";"Наезд на велосипедиста";"";"0";"0";"г Санкт-Петербург наб Реки Мойки 102";"0,0";"1,0";"2,0";"2,0";
"315,0";"06,10,2022";"Приморский";"400089649";"Наезд на пешехода";"";"0";"0";"г Санкт-Петербург  ";"0,0";"1,0";"1,0";"2,0";
"316,0";"06,10,2022";"Калининский";"400089518";"Столкновение";"";"0";"0";"г Санкт-Петербург пр-кт Металлистов 97";"0,0";"1,0";"2,0";"2,0";
"317,0";"06,10,2022";"Приморский";"400089749";"Наезд на пешехода";"";"0";"0";"г Санкт-Петербург пр-кт Комендантский 60 к 1";"0,0";"2,0";"1,0";"3,0";
"318,0";"06,10,2022";"Красногвардейский";"400089534";"Наезд на стоящее ТС";"А-118 Кольцевая автомобильная дорога вокруг Санкт-Петербурга";"34";"800";"г Санкт-Петербург  ";"0,0";"1,0";"2,0";"2,0";
"319,0";"06,10,2022";"Выборгский";"400089693";"Наезд на велосипедиста";"";"0";"0";"г Санкт-Петербург пр-кт Светлановский 26 по Тихорецкому";"0,0";"1,0";"2,0";"2,0";
"320,0";"06,10,2022";"Приморский";"400089495";"Наезд на пешехода";"";"0";"0";"г Санкт-Петербург ул Оптиков 40 17";"0,0";"1,0";"1,0";"2,0";
"321,0";"06,10,2022";"Калининский";"400089686";"Столкновение";"";"0";"0";"г Санкт-Петербург пр-кт Пискарёвский 16";"0,0";"1,0";"2,0";"2,0";
"322,0";"05,10,2022";"Центральный";"400089439";"Столкновение";"";"0";"0";"г Санкт-Петербург пр-кт Лиговский Разъезжая";"0,0";"3,0";"2,0";"3,0";
"323,0";"05,10,2022";"Выборгский";"400093313";"Наезд на пешехода";"";"0";"0";"г Санкт-Петербург ш Суздальское 12";"0,0";"1,0";"2,0";"2,0";
"324,0";"05,10,2022";"Выборгский";"400089160";"Столкновение";"";"0";"0";"г Санкт-Петербург пр-кт Энгельса 190";"0,0";"1,0";"2,0";"2,0";
"325,0";"05,10,2022";"Курортный";"400089427";"Наезд на пешехода";"";"0";"0";"г Сестрорецк ул Токарева 13";"0,0";"1,0";"1,0";"2,0";
"326,0";"05,10,2022";"Красногвардейский";"400089454";"Наезд на пешехода";"";"0";"0";"г Санкт-Петербург пр-кт Среднеохтинский 44 корп, 1";"0,0";"1,0";"1,0";"2,0";
"327,0";"05,10,2022";"Выборгский";"400089387";"Столкновение";"";"0";"0";"п Парголово пр-кт Комендантский Легковая";"0,0";"1,0";"2,0";"2,0";
"328,0";"05,10,2022";"Красногвардейский";"400089174";"Столкновение";"";"0";"0";"г Санкт-Петербург дор Муринская 84";"0,0";"1,0";"2,0";"2,0";
"329,0";"05,10,2022";"Кировский";"400089473";"Опрокидывание";"";"0";"0";"г Санкт-Петербург пр-кт Маршала Жукова 80 к 3";"0,0";"1,0";"1,0";"1,0";
"330,0";"05,10,2022";"Колпинский";"400089875";"Наезд на пешехода";"";"0";"0";"г Колпино  ";"0,0";"1,0";"1,0";"2,0";
"331,0";"05,10,2022";"Калининский";"400089184";"Наезд на пешехода";"";"0";"0";"г Санкт-Петербург пр-кт Просвещения 53 к,1";"0,0";"1,0";"1,0";"2,0";
"332,0";"05,10,2022";"Адмиралтейский";"400089449";"Наезд на стоящее ТС";"";"0";"0";"г Санкт-Петербург наб Обводного канала 173";"0,0";"2,0";"3,0";"5,0";
"333,0";"04,10,2022";"Невский";"400088842";"Наезд на стоящее ТС";"";"0";"0";"г Санкт-Петербург ул Дыбенко 40-2";"0,0";"2,0";"2,0";"3,0";
"334,0";"04,10,2022";"Московский";"400088947";"Наезд на стоящее ТС";"А-118 Кольцевая автомобильная дорога вокруг Санкт-Петербурга";"71";"100";"г Санкт-Петербург  ";"0,0";"1,0";"3,0";"4,0";
"335,0";"04,10,2022";"Фрунзенский";"400089130";"Столкновение";"";"0";"0";"г Санкт-Петербург наб Обводного канала 60";"0,0";"2,0";"2,0";"3,0";
"336,0";"04,10,2022";"Центральный";"400089033";"Наезд на пешехода";"";"0";"0";"г Санкт-Петербург наб Канала Грибоедова 4";"0,0";"1,0";"1,0";"2,0";
"337,0";"04,10,2022";"Выборгский";"400089061";"Наезд на пешехода";"";"0";"0";"г Санкт-Петербург пр-кт Художников 43 14";"0,0";"1,0";"2,0";"2,0";
"338,0";"04,10,2022";"Кировский";"400089017";"Столкновение";"";"0";"0";"г Санкт-Петербург ул Краснопутиловская 69";"0,0";"1,0";"2,0";"2,0";
"339,0";"04,10,2022";"Приморский";"400093017";"Падение пассажира";"";"0";"0";"г Санкт-Петербург ул Аккуратова 2";"0,0";"1,0";"1,0";"2,0";
"340,0";"04,10,2022";"Центральный";"400088829";"Столкновение";"";"0";"0";"г Санкт-Петербург пр-кт Лиговский 107ул, Разъезжая";"0,0";"1,0";"2,0";"3,0";
"341,0";"04,10,2022";"Пушкинский";"400089000";"Столкновение";"";"0";"0";"г Пушкин  ";"0,0";"1,0";"2,0";"2,0";
"342,0";"04,10,2022";"Петродворцовый";"400088877";"Столкновение";"";"0";"0";"г Ломоносов пр-кт Ораниенбаумский 39";"0,0";"1,0";"2,0";"3,0";
"343,0";"04,10,2022";"Красногвардейский";"400089020";"Наезд на препятствие";"А-118 Кольцевая автомобильная дорога вокруг Санкт-Петербурга";"37";"900";"г Санкт-Петербург  ";"0,0";"2,0";"4,0";"4,0";
"344,0";"04,10,2022";"Выборгский";"400088903";"Наезд на велосипедиста";"";"0";"0";"г Санкт-Петербург ул Белоостровская 3";"0,0";"1,0";"2,0";"2,0";
"345,0";"04,10,2022";"Выборгский";"400088820";"Наезд на пешехода";"";"0";"0";"г Санкт-Петербург ш Выборгское 248";"0,0";"1,0";"1,0";"2,0";
"346,0";"04,10,2022";"Московский";"400088878";"Наезд на стоящее ТС";"";"0";"0";"г Санкт-Петербург ш Пулковское 19б";"0,0";"1,0";"3,0";"4,0";
"347,0";"04,10,2022";"Петроградский";"400089019";"Наезд на пешехода";"";"0";"0";"г Санкт-Петербург пр-кт Большой П,С, 96";"0,0";"1,0";"1,0";"2,0";
"348,0";"04,10,2022";"Кировский";"400089119";"Наезд на пешехода";"";"0";"0";"г Санкт-Петербург пр-кт Ленинский 118";"0,0";"1,0";"2,0";"2,0";
"349,0";"04,10,2022";"Невский";"400088953";"Падение пассажира";"";"0";"0";"г Санкт-Петербург ул Бабушкина 38-2";"0,0";"1,0";"1,0";"2,0";
"350,0";"04,10,2022";"Выборгский";"400089060";"Столкновение";"";"0";"0";"г Санкт-Петербург пр-кт Художников 43 14";"0,0";"1,0";"2,0";"3,0";
"351,0";"04,10,2022";"Красногвардейский";"400088731";"Столкновение";"";"0";"0";"г Санкт-Петербург пр-кт Шафировский 2";"0,0";"2,0";"2,0";"2,0";
"352,0";"03,10,2022";"Курортный";"400088741";"Наезд на пешехода";"А-118 Кольцевая автомобильная дорога вокруг Санкт-Петербурга";"1";"200";"г Санкт-Петербург  ";"0,0";"1,0";"1,0";"2,0";
"353,0";"03,10,2022";"Красногвардейский";"400088614";"Наезд на пешехода";"";"0";"0";"г Санкт-Петербург пр-кт Большеохтинский 15";"0,0";"1,0";"1,0";"2,0";
"354,0";"03,10,2022";"Невский";"400088633";"Наезд на пешехода";"";"0";"0";"г Санкт-Петербург  ";"0,0";"1,0";"1,0";"2,0";
"355,0";"03,10,2022";"Приморский";"400088663";"Наезд на пешехода";"";"0";"0";"г Санкт-Петербург пр-кт Авиаконструкторов 1";"0,0";"1,0";"1,0";"2,0";
"356,0";"03,10,2022";"Кировский";"400088721";"Наезд на пешехода";"";"0";"0";"г Санкт-Петербург пр-кт Стачек ул,Трефолева";"0,0";"1,0";"1,0";"2,0";
"357,0";"03,10,2022";"Приморский";"400088940";"Наезд на велосипедиста";"";"0";"0";"г Санкт-Петербург  ";"0,0";"1,0";"2,0";"2,0";
"358,0";"03,10,2022";"Колпинский";"400088565";"Наезд на пешехода";"";"0";"0";"г Колпино ул Финляндская 22 Д";"0,0";"1,0";"1,0";"2,0";
"359,0";"03,10,2022";"Калининский";"400088681";"Наезд на пешехода";"";"0";"0";"г Санкт-Петербург ул Вавиловых 5 кор 1";"1,0";"0,0";"1,0";"2,0";
"360,0";"03,10,2022";"Адмиралтейский";"400088563";"Наезд на пешехода";"";"0";"0";"г Санкт-Петербург пер Бойцова 8";"0,0";"1,0";"1,0";"2,0";
"361,0";"03,10,2022";"Выборгский";"400088644";"Наезд на пешехода";"";"0";"0";"г Санкт-Петербург пр-кт Луначарского 54";"0,0";"2,0";"1,0";"3,0";
"362,0";"03,10,2022";"Калининский";"400088621";"Иной вид ДТП";"";"0";"0";"г Санкт-Петербург пр-кт Суздальский 65";"0,0";"1,0";"1,0";"1,0";
"363,0";"03,10,2022";"Калининский";"400088673";"Наезд на пешехода";"";"0";"0";"г Санкт-Петербург ул Руставели 30";"0,0";"1,0";"2,0";"3,0";
"364,0";"03,10,2022";"Пушкинский";"400089962";"Наезд на пешехода";"";"0";"0";"г Пушкин ул Сапёрная 30";"0,0";"1,0";"1,0";"3,0";
"365,0";"03,10,2022";"Выборгский";"400088516";"Столкновение";"";"0";"0";"г Санкт-Петербург ш Выборгское 369 к6";"0,0";"1,0";"2,0";"2,0";
"366,0";"03,10,2022";"Адмиралтейский";"400088691";"Наезд на пешехода";"";"0";"0";"г Санкт-Петербург пр-кт Московский 2";"0,0";"2,0";"1,0";"3,0";
"367,0";"03,10,2022";"Петроградский";"400089283";"Наезд на пешехода";"";"0";"0";"г Санкт-Петербург пр-кт Аптекарский 18";"0,0";"1,0";"1,0";"2,0";
"368,0";"03,10,2022";"Центральный";"400088613";"Наезд на пешехода";"";"0";"0";"г Санкт-Петербург ул Кирочная 43";"0,0";"1,0";"1,0";"2,0";
"369,0";"03,10,2022";"Выборгский";"400088553";"Столкновение";"";"0";"0";"г Санкт-Петербург пр-кт Большой Сампсониевский 66";"0,0";"2,0";"2,0";"2,0";
"370,0";"03,10,2022";"Выборгский";"400088532";"Столкновение";"";"0";"0";"г Санкт-Петербург пр-кт Лесной 18";"0,0";"1,0";"2,0";"3,0";
"371,0";"02,10,2022";"Кировский";"400088358";"Столкновение";"";"0";"0";"г Санкт-Петербург ул Маршала Говорова 40";"0,0";"1,0";"2,0";"2,0";
"372,0";"02,10,2022";"Московский";"400088256";"Столкновение";"";"0";"0";"г Санкт-Петербург пр-кт Витебский 90";"0,0";"1,0";"2,0";"3,0";
"373,0";"02,10,2022";"Московский";"400088399";"Столкновение";"";"0";"0";"г Санкт-Петербург ш Московское 173";"0,0";"1,0";"2,0";"2,0";
"374,0";"02,10,2022";"Выборгский";"400094405";"Падение пассажира";"";"0";"0";"г Санкт-Петербург пр-кт Культуры 12";"0,0";"1,0";"1,0";"2,0";
"375,0";"02,10,2022";"Василеостровский";"400088261";"Наезд на пешехода";"";"0";"0";"г Санкт-Петербург пр-кт Большой В,О, 68";"0,0";"1,0";"1,0";"2,0";
"376,0";"02,10,2022";"Кировский";"400088328";"Опрокидывание";"";"0";"0";"г Санкт-Петербург ул Калинина ул,Трефолева";"0,0";"2,0";"1,0";"3,0";
"377,0";"02,10,2022";"Пушкинский";"400088234";"Столкновение";"";"0";"0";"п Шушары пр-кт Витебский 138";"0,0";"1,0";"2,0";"2,0";
"378,0";"02,10,2022";"Красногвардейский";"400088222";"Наезд на стоящее ТС";"А-118 Кольцевая автомобильная дорога вокруг Санкт-Петербурга";"40";"600";"г Санкт-Петербург  ";"0,0";"1,0";"3,0";"4,0";
"379,0";"02,10,2022";"Центральный";"400088213";"Наезд на стоящее ТС";"";"0";"0";"г Санкт-Петербург ул Шпалерная 38";"1,0";"0,0";"2,0";"3,0";
"380,0";"02,10,2022";"Фрунзенский";"400088400";"Съезд с дороги";"";"0";"0";"г Санкт-Петербург ул Малая Балканская 54";"0,0";"1,0";"1,0";"1,0";
"381,0";"02,10,2022";"Пушкинский";"400088413";"Столкновение";"";"0";"0";"п Шушары ш Московское Паровозная дорога";"0,0";"2,0";"4,0";"2,0";
"382,0";"02,10,2022";"Московский";"400088327";"Наезд на велосипедиста";"";"0";"0";"г Санкт-Петербург пр-кт Юрия Гагарина 14кор1";"0,0";"1,0";"2,0";"2,0";
"383,0";"02,10,2022";"Красносельский";"400088207";"Столкновение";"А-118 Кольцевая автомобильная дорога вокруг Санкт-Петербурга";"81";"800";"г Санкт-Петербург  ";"0,0";"1,0";"3,0";"3,0";
"384,0";"01,10,2022";"Курортный";"400088152";"Наезд на пешехода";"";"0";"0";"п Смолячково ш Приморское 703";"1,0";"0,0";"1,0";"2,0";
"385,0";"01,10,2022";"Центральный";"400087829";"Наезд на пешехода";"";"0";"0";"г Санкт-Петербург ул Гончарная 7";"0,0";"1,0";"1,0";"2,0";
"386,0";"01,10,2022";"Московский";"400088148";"Наезд на пешехода";"";"0";"0";"г Санкт-Петербург ш Волхонское 2";"1,0";"0,0";"1,0";"2,0";
"387,0";"01,10,2022";"Адмиралтейский";"400088892";"Наезд на пешехода";"";"0";"0";"г Санкт-Петербург наб Реки Фонтанки 91";"0,0";"1,0";"1,0";"2,0";
"388,0";"01,10,2022";"Кировский";"400088132";"Наезд на пешехода";"";"0";"0";"г Санкт-Петербург  ";"0,0";"1,0";"1,0";"2,0";
"389,0";"01,10,2022";"Красногвардейский";"400087960";"Столкновение";"";"0";"0";"г Санкт-Петербург ул Передовиков 14к2";"0,0";"1,0";"2,0";"2,0";
"390,0";"01,10,2022";"Московский";"400088047";"Столкновение";"";"0";"0";"г Санкт-Петербург ш Пулковское 18";"0,0";"1,0";"2,0";"2,0";
"391,0";"01,10,2022";"Центральный";"400088160";"Наезд на пешехода";"";"0";"0";"г Санкт-Петербург ул Садовая 11";"0,0";"1,0";"1,0";"2,0";
"392,0";"01,10,2022";"Красногвардейский";"400088216";"Наезд на стоящее ТС";"";"0";"0";"г Санкт-Петербург пр-кт Шафировский 12";"0,0";"2,0";"2,0";"2,0";
"393,0";"01,10,2022";"Красногвардейский";"400087866";"Столкновение";"";"0";"0";"г Санкт-Петербург наб Малоохтинская 10";"0,0";"1,0";"2,0";"2,0";