"1,0";"30,04,2019";"Невский";"";"Столкновение";"";"0";"0";"г Санкт-Петербург ул Кржижановского 12 корп,1";"0,0";"1,0";"2,0";"2,0";
"3,0";"30,04,2019";"Красносельский";"";"Наезд на препятствие";"";"0";"0";"г Санкт-Петербург пр-кт Ленинский пр, Героев";"0,0";"1,0";"2,0";"3,0";
"4,0";"30,04,2019";"Кировский";"";"Падение пассажира";"";"0";"0";"г Санкт-Петербург пр-кт Стачек 80";"0,0";"1,0";"1,0";"2,0";
"5,0";"30,04,2019";"Василеостровский";"";"Наезд на пешехода";"";"0";"0";"г Санкт-Петербург ул Вёсельная 5";"0,0";"1,0";"1,0";"2,0";
"6,0";"30,04,2019";"Адмиралтейский";"";"Наезд на пешехода";"";"0";"0";"г Санкт-Петербург пр-кт Английский 34";"0,0";"1,0";"1,0";"2,0";
"7,0";"30,04,2019";"Калининский";"";"Падение пассажира";"";"0";"0";"г Санкт-Петербург пр-кт Гражданский 114";"0,0";"1,0";"1,0";"2,0";
"8,0";"30,04,2019";"Невский";"";"Столкновение";"";"0";"0";"г Санкт-Петербург пр-кт Российский 10";"0,0";"1,0";"2,0";"2,0";
"9,0";"30,04,2019";"Петроградский";"";"Наезд на пешехода";"";"0";"0";"г Санкт-Петербург пр-кт Чкаловский 27";"0,0";"1,0";"1,0";"2,0";
"10,0";"30,04,2019";"Выборгский";"";"Падение пассажира";"";"0";"0";"г Санкт-Петербург пр-кт Тореза 64";"0,0";"1,0";"1,0";"2,0";
"11,0";"30,04,2019";"Невский";"";"Столкновение";"";"0";"0";"г Санкт-Петербург пр-кт Большевиков 24";"0,0";"1,0";"2,0";"2,0";
"12,0";"30,04,2019";"Фрунзенский";"";"Столкновение";"";"0";"0";"г Санкт-Петербург  ";"0,0";"1,0";"2,0";"3,0";
"13,0";"30,04,2019";"Приморский";"";"Наезд на пешехода";"";"0";"0";"г Санкт-Петербург  ";"0,0";"2,0";"1,0";"3,0";
"14,0";"29,04,2019";"Калининский";"";"Наезд на пешехода";"";"0";"0";"г Санкт-Петербург  ";"0,0";"1,0";"1,0";"2,0";
"15,0";"29,04,2019";"Московский";"";"Наезд на пешехода";"";"0";"0";"г Санкт-Петербург  ";"0,0";"1,0";"1,0";"2,0";
"16,0";"29,04,2019";"Фрунзенский";"";"Наезд на пешехода";"";"0";"0";"г Санкт-Петербург  ";"0,0";"1,0";"1,0";"2,0";
"17,0";"29,04,2019";"Центральный";"";"Столкновение";"";"0";"0";"г Санкт-Петербург ул 2-я Советская ул, Мытнинская";"0,0";"2,0";"2,0";"4,0";
"18,0";"29,04,2019";"Кировский";"";"Наезд на пешехода";"";"0";"0";"г Санкт-Петербург ул Трефолева 37";"0,0";"1,0";"1,0";"2,0";
"19,0";"29,04,2019";"Петроградский";"";"Столкновение";"";"0";"0";"г Санкт-Петербург пр-кт Большой П,С, 32";"0,0";"1,0";"2,0";"3,0";
"20,0";"29,04,2019";"Приморский";"";"Наезд на стоящее ТС";"";"0";"0";"г Санкт-Петербург ул Академика Шиманского 9 по ул, Сестрорецка";"0,0";"2,0";"2,0";"3,0";
"21,0";"29,04,2019";"Московский";"";"Наезд на пешехода";"";"0";"0";"г Санкт-Петербург  ";"0,0";"1,0";"1,0";"2,0";
"22,0";"29,04,2019";"Фрунзенский";"";"Столкновение";"";"0";"0";"г Санкт-Петербург ул Пражская 15";"0,0";"1,0";"2,0";"2,0";
"23,0";"29,04,2019";"Пушкинский";"";"Наезд на препятствие";"";"0";"0";"п Александровская ш Волхонское 16";"0,0";"1,0";"1,0";"2,0";
"24,0";"29,04,2019";"Кировский";"";"Столкновение";"";"0";"0";"г Санкт-Петербург пр-кт Ленинский 101";"0,0";"1,0";"2,0";"2,0";
"25,0";"29,04,2019";"Кировский";"";"Столкновение";"";"0";"0";"г Санкт-Петербург пр-кт Стачек 22";"0,0";"1,0";"2,0";"2,0";
"26,0";"29,04,2019";"Центральный";"";"Наезд на пешехода";"";"0";"0";"г Санкт-Петербург ул Белинского 8";"0,0";"1,0";"1,0";"2,0";
"27,0";"29,04,2019";"Выборгский";"";"Падение пассажира";"";"0";"0";"п Парголово ул Вологдина (Торфяное) 2";"0,0";"1,0";"1,0";"2,0";
"28,0";"29,04,2019";"Приморский";"";"Наезд на велосипедиста";"";"0";"0";"г Санкт-Петербург ул Планерная 69 корп,1";"0,0";"1,0";"2,0";"2,0";
"29,0";"29,04,2019";"Фрунзенский";"";"Столкновение";"";"0";"0";"г Санкт-Петербург пр-кт Славы 48 по Будапештской";"0,0";"1,0";"5,0";"6,0";
"30,0";"28,04,2019";"Кировский";"";"Падение пассажира";"";"0";"0";"г Санкт-Петербург пр-кт Ленинский 139";"0,0";"1,0";"1,0";"2,0";
"31,0";"28,04,2019";"Пушкинский";"";"Наезд на стоящее ТС";"";"0";"0";"п Шушары ш Московское 14";"0,0";"2,0";"3,0";"3,0";
"32,0";"28,04,2019";"Приморский";"";"Наезд на препятствие";"";"0";"0";"г Санкт-Петербург пр-кт Лахтинский 2 к,1";"2,0";"3,0";"1,0";"5,0";
"33,0";"28,04,2019";"Красносельский";"";"Столкновение";"";"0";"0";"г Санкт-Петербург ш Красносельское (Горелово) 2к,1";"0,0";"1,0";"2,0";"3,0";
"34,0";"28,04,2019";"Петродворцовый";"";"Наезд на пешехода";"";"0";"0";"г Петергоф  ";"0,0";"1,0";"1,0";"2,0";
"35,0";"28,04,2019";"Выборгский";"";"Столкновение";"";"0";"0";"г Санкт-Петербург ул Сикейроса 12";"0,0";"1,0";"2,0";"3,0";
"36,0";"28,04,2019";"Калининский";"";"Столкновение";"";"0";"0";"г Санкт-Петербург пр-кт Культуры 21 кор,1 - Просвещен";"0,0";"1,0";"2,0";"2,0";
"37,0";"28,04,2019";"Московский";"";"Столкновение";"";"0";"0";"г Санкт-Петербург ул Орджоникидзе Космонавтов пр,";"0,0";"3,0";"2,0";"4,0";
"38,0";"28,04,2019";"Красносельский";"";"Столкновение";"";"0";"0";"г Санкт-Петербург пр-кт Ветеранов 2-я Комсомольская";"0,0";"1,0";"2,0";"2,0";
"39,0";"28,04,2019";"Курортный";"";"Столкновение";"";"0";"0";"г Сестрорецк  ";"0,0";"2,0";"2,0";"3,0";
"40,0";"28,04,2019";"Московский";"";"Столкновение";"";"0";"0";"г Санкт-Петербург пр-кт Витебский Дунайский пр ЮП";"0,0";"2,0";"2,0";"3,0";
"41,0";"28,04,2019";"Центральный";"";"Столкновение";"";"0";"0";"г Санкт-Петербург  ";"0,0";"1,0";"2,0";"3,0";
"42,0";"27,04,2019";"Адмиралтейский";"";"Наезд на пешехода";"";"0";"0";"г Санкт-Петербург пр-кт Московский 44";"0,0";"1,0";"1,0";"2,0";
"43,0";"27,04,2019";"Приморский";"";"Наезд на лицо, не являющееся участником дорожного движения, осуществляющее несение службы";"";"0";"0";"г Санкт-Петербург ул Долгоозёрная 2";"0,0";"1,0";"1,0";"2,0";
"44,0";"27,04,2019";"Красносельский";"";"Столкновение";"";"0";"0";"г Санкт-Петербург ул Мира (Горелово) 48 ул,Новопроложенна";"0,0";"1,0";"2,0";"2,0";
"45,0";"27,04,2019";"Калининский";"";"Наезд на пешехода";"";"0";"0";"г Санкт-Петербург  ";"0,0";"1,0";"1,0";"2,0";
"46,0";"27,04,2019";"Красногвардейский";"";"Столкновение";"";"0";"0";"г Санкт-Петербург пр-кт Заневский 14";"0,0";"1,0";"2,0";"2,0";
"47,0";"27,04,2019";"Кировский";"";"Наезд на препятствие";"";"0";"0";"г Санкт-Петербург пр-кт Ленинский 128";"0,0";"3,0";"2,0";"4,0";
"48,0";"27,04,2019";"Выборгский";"";"Столкновение";"";"0";"0";"г Санкт-Петербург пр-кт Энгельса Николая Рубцова";"0,0";"1,0";"2,0";"3,0";
"49,0";"27,04,2019";"Красногвардейский";"";"Наезд на стоящее ТС";"";"0";"0";"г Санкт-Петербург ш Революции 21";"0,0";"1,0";"2,0";"3,0";
"50,0";"27,04,2019";"Кировский";"";"Наезд на пешехода";"";"0";"0";"г Санкт-Петербург ул Стойкости ул,Г,Симоняка";"0,0";"1,0";"1,0";"2,0";
"51,0";"27,04,2019";"Красносельский";"";"Столкновение";"";"0";"0";"г Санкт-Петербург ул Маршала Захарова Брестский б-р";"0,0";"1,0";"2,0";"3,0";
"52,0";"27,04,2019";"Красносельский";"";"Столкновение";"";"0";"0";"г Санкт-Петербург ул Чекистов 18";"0,0";"1,0";"3,0";"3,0";
"53,0";"27,04,2019";"Курортный";"";"Наезд на пешехода";"";"0";"0";"п Солнечное  ";"0,0";"1,0";"1,0";"2,0";
"54,0";"27,04,2019";"Фрунзенский";"";"Столкновение";"";"0";"0";"г Санкт-Петербург пр-кт Дунайский 37 корп, 1";"0,0";"2,0";"2,0";"2,0";
"55,0";"27,04,2019";"Приморский";"";"Столкновение";"";"0";"0";"г Санкт-Петербург ул Савушкина 110";"0,0";"1,0";"2,0";"2,0";
"56,0";"27,04,2019";"Курортный";"";"Столкновение";"Западный скоростной диаметр";"2";"500";"г Санкт-Петербург  ";"1,0";"0,0";"3,0";"2,0";
"57,0";"27,04,2019";"Красносельский";"";"Наезд на пешехода";"";"0";"0";"г Санкт-Петербург ул Свердлова (Сергиево) 12к2";"0,0";"1,0";"1,0";"2,0";
"58,0";"26,04,2019";"Кировский";"";"Столкновение";"";"0";"0";"г Санкт-Петербург ул Лёни Голикова 62";"0,0";"1,0";"2,0";"2,0";
"59,0";"26,04,2019";"Кронштадтский";"";"Наезд на велосипедиста";"";"0";"0";"г Кронштадт ул Флотская 2";"0,0";"1,0";"2,0";"2,0";
"60,0";"26,04,2019";"Центральный";"";"Наезд на пешехода";"";"0";"0";"г Санкт-Петербург пр-кт Владимирский д,6";"0,0";"1,0";"1,0";"2,0";
"61,0";"26,04,2019";"Пушкинский";"";"Столкновение";"";"0";"0";"г Павловск ул Детскосельская 13";"0,0";"1,0";"2,0";"2,0";
"62,0";"26,04,2019";"Центральный";"";"Наезд на велосипедиста";"";"0";"0";"г Санкт-Петербург пл Александра Невского съезд с моста";"0,0";"1,0";"2,0";"2,0";
"63,0";"26,04,2019";"Адмиралтейский";"";"Наезд на пешехода";"";"0";"0";"г Санкт-Петербург наб Реки Фонтанки 93";"0,0";"1,0";"1,0";"2,0";
"64,0";"26,04,2019";"Московский";"";"Столкновение";"А-118 Кольцевая автомобильная дорога вокруг Санкт-Петербурга";"73";"600";"г Санкт-Петербург  ";"0,0";"1,0";"3,0";"3,0";
"65,0";"26,04,2019";"Центральный";"";"Столкновение";"";"0";"0";"г Санкт-Петербург пр-кт Суворовский 63";"0,0";"1,0";"2,0";"3,0";
"66,0";"26,04,2019";"Невский";"";"Наезд на велосипедиста";"";"0";"0";"г Санкт-Петербург пр-кт Обуховской Обороны 32";"0,0";"1,0";"2,0";"2,0";
"67,0";"26,04,2019";"Красногвардейский";"";"Падение пассажира";"";"0";"0";"г Санкт-Петербург пр-кт Заневский 73";"0,0";"1,0";"1,0";"2,0";
"68,0";"26,04,2019";"Василеостровский";"";"Наезд на велосипедиста";"";"0";"0";"г Санкт-Петербург линия 8-я В,О, 83";"0,0";"1,0";"2,0";"2,0";
"69,0";"26,04,2019";"Невский";"";"Столкновение";"";"0";"0";"г Санкт-Петербург ул Дыбенко 42";"0,0";"1,0";"2,0";"3,0";
"70,0";"26,04,2019";"Кировский";"";"Столкновение";"";"0";"0";"г Санкт-Петербург пр-кт Стачек 118";"0,0";"4,0";"2,0";"5,0";
"71,0";"26,04,2019";"Красногвардейский";"";"Наезд на пешехода";"";"0";"0";"г Санкт-Петербург пр-кт Большеохтинский 7";"0,0";"1,0";"1,0";"2,0";
"72,0";"26,04,2019";"Приморский";"";"Столкновение";"";"0";"0";"г Санкт-Петербург пр-кт Испытателей Серебристый бр";"0,0";"1,0";"2,0";"2,0";
"73,0";"26,04,2019";"Фрунзенский";"";"Столкновение";"А-118 Кольцевая автомобильная дорога вокруг Санкт-Петербурга";"60";"500";"г Санкт-Петербург  ";"0,0";"1,0";"3,0";"3,0";
"74,0";"26,04,2019";"Приморский";"";"Столкновение";"";"0";"0";"г Санкт-Петербург ул Савушкина 36 напротив";"0,0";"1,0";"2,0";"3,0";
"75,0";"26,04,2019";"Калининский";"";"Падение пассажира";"";"0";"0";"г Санкт-Петербург пр-кт Культуры 7, корпус 1";"0,0";"2,0";"1,0";"3,0";
"76,0";"26,04,2019";"Фрунзенский";"";"Столкновение";"";"0";"0";"г Санкт-Петербург наб Обводного канала 48";"0,0";"1,0";"2,0";"2,0";
"77,0";"26,04,2019";"Калининский";"";"Наезд на пешехода";"";"0";"0";"г Санкт-Петербург  ";"0,0";"1,0";"1,0";"2,0";
"78,0";"26,04,2019";"Выборгский";"";"Падение пассажира";"";"0";"0";"г Санкт-Петербург пр-кт Просвещения 15";"0,0";"1,0";"1,0";"2,0";
"79,0";"25,04,2019";"Красногвардейский";"";"Столкновение";"";"0";"0";"г Санкт-Петербург пр-кт Энергетиков 21";"0,0";"1,0";"2,0";"2,0";
"80,0";"25,04,2019";"Выборгский";"";"Падение пассажира";"";"0";"0";"г Санкт-Петербург ул Кантемировская Парголовская ул,";"0,0";"1,0";"1,0";"2,0";
"81,0";"25,04,2019";"Центральный";"";"Наезд на велосипедиста";"";"0";"0";"г Санкт-Петербург ул Чайковского 14";"0,0";"1,0";"2,0";"2,0";
"82,0";"25,04,2019";"Калининский";"";"Столкновение";"";"0";"0";"г Санкт-Петербург ул Учительская 9к1";"0,0";"1,0";"2,0";"2,0";
"83,0";"25,04,2019";"Центральный";"";"Наезд на пешехода";"";"0";"0";"г Санкт-Петербург  ";"0,0";"1,0";"1,0";"2,0";
"84,0";"25,04,2019";"Василеостровский";"";"Наезд на пешехода";"";"0";"0";"г Санкт-Петербург пр-кт Средний В,О, 47";"0,0";"1,0";"1,0";"2,0";
"85,0";"25,04,2019";"Адмиралтейский";"";"Наезд на пешехода";"";"0";"0";"г Санкт-Петербург пр-кт Московский 44";"0,0";"1,0";"1,0";"2,0";
"86,0";"25,04,2019";"Выборгский";"";"Наезд на пешехода";"";"0";"0";"г Санкт-Петербург ул Грибалёвой д,6";"0,0";"1,0";"1,0";"2,0";
"87,0";"25,04,2019";"Фрунзенский";"";"Столкновение";"";"0";"0";"г Санкт-Петербург ул Фучика 8 корп, 2";"0,0";"1,0";"2,0";"2,0";
"88,0";"25,04,2019";"Фрунзенский";"";"Наезд на пешехода";"";"0";"0";"г Санкт-Петербург ул Бухарестская 32 (напротив)";"0,0";"1,0";"1,0";"2,0";
"89,0";"25,04,2019";"Выборгский";"";"Наезд на пешехода";"";"0";"0";"г Санкт-Петербург б-р Поэтический 9";"0,0";"1,0";"1,0";"2,0";
"90,0";"25,04,2019";"Василеостровский";"";"Столкновение";"";"0";"0";"г Санкт-Петербург наб Лейтенанта Шмидта 9";"0,0";"1,0";"2,0";"3,0";
"91,0";"25,04,2019";"Кировский";"";"Столкновение";"";"0";"0";"г Санкт-Петербург пр-кт Ленинский Ул,З,Портновой";"0,0";"1,0";"2,0";"2,0";
"92,0";"25,04,2019";"Василеостровский";"";"Падение пассажира";"";"0";"0";"г Санкт-Петербург ул Наличная 40";"0,0";"1,0";"1,0";"2,0";
"93,0";"25,04,2019";"Адмиралтейский";"";"Столкновение";"";"0";"0";"г Санкт-Петербург ул Перекопская 1";"0,0";"1,0";"2,0";"2,0";
"94,0";"25,04,2019";"Пушкинский";"";"Столкновение";"";"0";"0";"п Шушары ул Вишерская 16";"0,0";"3,0";"4,0";"6,0";
"95,0";"25,04,2019";"Фрунзенский";"";"Наезд на велосипедиста";"";"0";"0";"г Санкт-Петербург  ";"0,0";"1,0";"2,0";"2,0";
"96,0";"25,04,2019";"Приморский";"";"Столкновение";"";"0";"0";"г Санкт-Петербург ул Парашютная Сизова пр,";"0,0";"1,0";"2,0";"3,0";
"97,0";"25,04,2019";"Красносельский";"";"Столкновение";"";"0";"0";"г Красное Село пр-кт Ленина 45";"0,0";"2,0";"2,0";"3,0";
"98,0";"25,04,2019";"Пушкинский";"";"Столкновение";"";"0";"0";"п Шушары ш Московское 682 км";"0,0";"1,0";"3,0";"3,0";
"99,0";"25,04,2019";"Выборгский";"";"Наезд на пешехода";"";"0";"0";"г Санкт-Петербург  ";"0,0";"1,0";"1,0";"2,0";
"100,0";"24,04,2019";"Приморский";"";"Столкновение";"";"0";"0";"г Санкт-Петербург пр-кт Богатырский Шуваловский пр,";"0,0";"4,0";"2,0";"4,0";
"101,0";"24,04,2019";"Выборгский";"";"Падение пассажира";"";"0";"0";"г Санкт-Петербург ул Руднева 13";"0,0";"1,0";"2,0";"3,0";
"102,0";"24,04,2019";"Пушкинский";"";"Наезд на пешехода";"";"0";"0";"п Шушары ш Колпинское 38кор,1";"0,0";"1,0";"1,0";"2,0";
"103,0";"24,04,2019";"Калининский";"";"Столкновение";"";"0";"0";"г Санкт-Петербург пр-кт Просвещения 87";"0,0";"1,0";"2,0";"2,0";
"104,0";"24,04,2019";"Калининский";"";"Столкновение";"";"0";"0";"г Санкт-Петербург пр-кт Светлановский 85";"0,0";"1,0";"2,0";"2,0";
"105,0";"24,04,2019";"Василеостровский";"";"Наезд на пешехода";"";"0";"0";"г Санкт-Петербург ул Вёсельная 2";"0,0";"1,0";"1,0";"2,0";
"106,0";"24,04,2019";"Пушкинский";"";"Столкновение";"";"0";"0";"п Шушары пр-кт Витебский Пушкинская ул";"0,0";"1,0";"2,0";"2,0";
"107,0";"24,04,2019";"Приморский";"";"Столкновение";"";"0";"0";"г Санкт-Петербург ул Академика Крылова 1";"0,0";"1,0";"2,0";"3,0";
"108,0";"24,04,2019";"Выборгский";"";"Падение пассажира";"";"0";"0";"г Санкт-Петербург пр-кт Художников 32";"0,0";"1,0";"1,0";"2,0";
"109,0";"24,04,2019";"Московский";"";"Столкновение";"";"0";"0";"г Санкт-Петербург ш Пулковское 36к2 Выезд с прилега";"0,0";"1,0";"3,0";"3,0";
"110,0";"24,04,2019";"Адмиралтейский";"";"Наезд на пешехода";"";"0";"0";"г Санкт-Петербург наб Обводного канала 191";"1,0";"0,0";"1,0";"2,0";
"111,0";"24,04,2019";"Василеостровский";"";"Наезд на пешехода";"";"0";"0";"г Санкт-Петербург пр-кт КИМа 4";"0,0";"1,0";"1,0";"2,0";
"112,0";"24,04,2019";"Василеостровский";"";"Падение пассажира";"";"0";"0";"г Санкт-Петербург ул Наличная 45";"0,0";"1,0";"1,0";"3,0";
"113,0";"24,04,2019";"Невский";"";"Наезд на пешехода";"";"0";"0";"г Санкт-Петербург  ";"0,0";"1,0";"1,0";"2,0";
"114,0";"24,04,2019";"Василеостровский";"";"Наезд на пешехода";"";"0";"0";"г Санкт-Петербург пр-кт Средний В,О, 102";"0,0";"1,0";"1,0";"2,0";
"115,0";"24,04,2019";"Кировский";"";"Столкновение";"";"0";"0";"г Санкт-Петербург пр-кт Народного Ополчения П,Кузьмина";"0,0";"1,0";"2,0";"2,0";
"116,0";"24,04,2019";"Кировский";"";"Столкновение";"";"0";"0";"г Санкт-Петербург ул Зины Портновой 21к1";"0,0";"1,0";"2,0";"2,0";
"117,0";"24,04,2019";"Калининский";"";"Падение пассажира";"";"0";"0";"г Санкт-Петербург пр-кт Науки 18";"0,0";"1,0";"1,0";"2,0";
"118,0";"23,04,2019";"Центральный";"";"Столкновение";"";"0";"0";"г Санкт-Петербург пр-кт Чернышевского 16";"0,0";"1,0";"2,0";"2,0";
"119,0";"23,04,2019";"Московский";"";"Наезд на велосипедиста";"";"0";"0";"г Санкт-Петербург ул Ленсовета 53";"0,0";"1,0";"2,0";"2,0";
"120,0";"23,04,2019";"Пушкинский";"";"Столкновение";"";"0";"0";"п Шушары ул Софийская 115";"0,0";"1,0";"4,0";"3,0";
"121,0";"23,04,2019";"Кировский";"";"Наезд на пешехода";"";"0";"0";"г Санкт-Петербург пр-кт Маршала Жукова 60 к1";"0,0";"1,0";"1,0";"2,0";
"122,0";"23,04,2019";"Кировский";"";"Наезд на пешехода";"";"0";"0";"г Санкт-Петербург пр-кт Ленинский 121";"1,0";"0,0";"1,0";"2,0";
"123,0";"23,04,2019";"Красногвардейский";"";"Столкновение";"";"0";"0";"г Санкт-Петербург ул Партизанская 15, корп, 1";"0,0";"1,0";"2,0";"2,0";
"124,0";"23,04,2019";"Фрунзенский";"";"Наезд на пешехода";"";"0";"0";"г Санкт-Петербург ул Расстанная 13";"0,0";"1,0";"1,0";"2,0";
"125,0";"23,04,2019";"Невский";"";"Столкновение";"";"0";"0";"г Санкт-Петербург пр-кт Солидарности 15 по Кржижановского";"0,0";"1,0";"2,0";"3,0";
"126,0";"23,04,2019";"Приморский";"";"Наезд на велосипедиста";"";"0";"0";"г Санкт-Петербург ул Гаккелевская 27";"0,0";"1,0";"2,0";"2,0";
"127,0";"23,04,2019";"Калининский";"";"Наезд на пешехода";"";"0";"0";"г Санкт-Петербург ул Академика Константинова 16";"0,0";"1,0";"1,0";"2,0";
"128,0";"23,04,2019";"Выборгский";"";"Наезд на пешехода";"";"0";"0";"г Санкт-Петербург пр-кт Энгельса 11а";"0,0";"1,0";"1,0";"2,0";
"129,0";"23,04,2019";"Кировский";"";"Столкновение";"";"0";"0";"г Санкт-Петербург пр-кт Ветеранов Ул, солдата Корзуна";"0,0";"1,0";"2,0";"3,0";
"130,0";"23,04,2019";"Московский";"";"Наезд на пешехода";"";"0";"0";"г Санкт-Петербург ул Варшавская 98";"1,0";"0,0";"1,0";"2,0";
"131,0";"23,04,2019";"Московский";"";"Наезд на препятствие";"";"0";"0";"г Санкт-Петербург пр-кт Московский Решетникова ул,";"0,0";"1,0";"1,0";"2,0";
"132,0";"23,04,2019";"Красногвардейский";"";"Столкновение";"";"0";"0";"г Санкт-Петербург пр-кт Пискарёвский 63";"0,0";"1,0";"3,0";"3,0";
"133,0";"23,04,2019";"Центральный";"";"Наезд на пешехода";"";"0";"0";"г Санкт-Петербург пер Графский 4";"0,0";"1,0";"1,0";"2,0";
"134,0";"23,04,2019";"Красносельский";"";"Столкновение";"";"0";"0";"г Красное Село ул Голубко 45";"0,0";"1,0";"2,0";"3,0";
"135,0";"22,04,2019";"Красносельский";"";"Наезд на пешехода";"";"0";"0";"г Санкт-Петербург ул Маршала Захарова 18к1";"0,0";"1,0";"1,0";"2,0";
"136,0";"22,04,2019";"Пушкинский";"";"Наезд на велосипедиста";"";"0";"0";"г Пушкин ш Красносельское Соболевская дорога";"0,0";"1,0";"2,0";"2,0";
"137,0";"22,04,2019";"Кировский";"";"Столкновение";"";"0";"0";"г Санкт-Петербург пр-кт Стачек Ул, Зайцева";"0,0";"1,0";"2,0";"3,0";
"138,0";"22,04,2019";"Красногвардейский";"";"Наезд на пешехода";"";"0";"0";"г Санкт-Петербург  ";"0,0";"1,0";"1,0";"2,0";
"139,0";"22,04,2019";"Приморский";"";"Наезд на пешехода";"";"0";"0";"г Санкт-Петербург пр-кт Комендантский 11";"0,0";"1,0";"1,0";"2,0";
"140,0";"22,04,2019";"Василеостровский";"";"Наезд на пешехода";"";"0";"0";"г Санкт-Петербург пр-кт Средний В,О, 28 29";"0,0";"1,0";"1,0";"2,0";
"141,0";"22,04,2019";"Красногвардейский";"";"Наезд на велосипедиста";"";"0";"0";"г Санкт-Петербург  ";"0,0";"1,0";"2,0";"2,0";
"142,0";"22,04,2019";"Петродворцовый";"";"Столкновение";"";"0";"0";"г Ломоносов ул Федюнинского 3";"0,0";"1,0";"2,0";"4,0";
"143,0";"22,04,2019";"Приморский";"";"Наезд на препятствие";"";"0";"0";"г Санкт-Петербург пр-кт Коломяжский 10";"0,0";"1,0";"1,0";"2,0";
"144,0";"22,04,2019";"Московский";"";"Столкновение";"";"0";"0";"г Санкт-Петербург пр-кт Московский Рощинская ул,";"0,0";"1,0";"2,0";"2,0";
"145,0";"22,04,2019";"Красносельский";"";"Наезд на пешехода";"";"0";"0";"г Санкт-Петербург ул Партизана Германа 26";"0,0";"1,0";"1,0";"2,0";
"146,0";"22,04,2019";"Центральный";"";"Наезд на велосипедиста";"";"0";"0";"г Санкт-Петербург пр-кт Невский владимирский пр,";"0,0";"1,0";"2,0";"2,0";
"147,0";"22,04,2019";"Петроградский";"";"Наезд на пешехода";"";"0";"0";"г Санкт-Петербург пр-кт Чкаловский 36";"0,0";"1,0";"1,0";"2,0";
"148,0";"22,04,2019";"Калининский";"";"Столкновение";"";"0";"0";"г Санкт-Петербург пр-кт Науки 44";"0,0";"1,0";"2,0";"3,0";
"149,0";"22,04,2019";"Выборгский";"";"Наезд на пешехода";"";"0";"0";"г Санкт-Петербург  ";"0,0";"1,0";"1,0";"2,0";
"150,0";"22,04,2019";"Кировский";"";"Столкновение";"";"0";"0";"г Санкт-Петербург пр-кт Ленинский Пр, Н, Ополчения";"0,0";"1,0";"2,0";"3,0";
"151,0";"22,04,2019";"Московский";"";"Наезд на пешехода";"";"0";"0";"г Санкт-Петербург пр-кт Новоизмайловский 49";"0,0";"1,0";"1,0";"2,0";
"152,0";"22,04,2019";"Красносельский";"";"Столкновение";"";"0";"0";"г Санкт-Петербург ул Отважных 4";"0,0";"1,0";"2,0";"2,0";
"153,0";"22,04,2019";"Красногвардейский";"";"Столкновение";"";"0";"0";"г Санкт-Петербург пл Красногвардейская 4";"0,0";"1,0";"2,0";"2,0";
"154,0";"22,04,2019";"Василеостровский";"";"Падение пассажира";"";"0";"0";"г Санкт-Петербург пр-кт Средний В,О, 86";"0,0";"1,0";"1,0";"2,0";
"155,0";"22,04,2019";"Красносельский";"";"Столкновение";"";"0";"0";"г Санкт-Петербург ш Санкт-Петербургское 2А";"1,0";"1,0";"2,0";"3,0";
"156,0";"22,04,2019";"Приморский";"";"Столкновение";"";"0";"0";"г Санкт-Петербург пр-кт Испытателей Сизова пр,";"0,0";"1,0";"3,0";"4,0";
"157,0";"22,04,2019";"Красносельский";"";"Столкновение";"";"0";"0";"г Санкт-Петербург ш Петергофское Пограничника Гарькал";"0,0";"2,0";"3,0";"3,0";
"158,0";"21,04,2019";"Невский";"";"Наезд на пешехода";"";"0";"0";"г Санкт-Петербург ул Фарфоровская 10";"0,0";"1,0";"1,0";"2,0";
"159,0";"21,04,2019";"Выборгский";"";"Столкновение";"";"0";"0";"г Санкт-Петербург пр-кт Энгельса 27";"0,0";"1,0";"2,0";"3,0";
"160,0";"21,04,2019";"Красносельский";"";"Наезд на пешехода";"";"0";"0";"г Санкт-Петербург пр-кт Маршала Жукова 31 к,1";"0,0";"1,0";"1,0";"2,0";
"161,0";"21,04,2019";"Адмиралтейский";"";"Наезд на пешехода";"";"0";"0";"г Санкт-Петербург пр-кт Троицкий 1";"0,0";"1,0";"1,0";"2,0";
"162,0";"21,04,2019";"Адмиралтейский";"";"Столкновение";"";"0";"0";"г Санкт-Петербург наб Обводного канала 108";"0,0";"1,0";"2,0";"3,0";
"163,0";"21,04,2019";"Невский";"";"Опрокидывание";"";"0";"0";"г Санкт-Петербург пр-кт Большевиков 38 кор, 5";"0,0";"2,0";"1,0";"2,0";
"164,0";"21,04,2019";"Адмиралтейский";"";"Наезд на пешехода";"";"0";"0";"г Санкт-Петербург наб Реки Пряжки 30";"0,0";"1,0";"1,0";"2,0";
"165,0";"21,04,2019";"Калининский";"";"Столкновение";"";"0";"0";"г Санкт-Петербург пр-кт Маршала Блюхера 1";"0,0";"1,0";"2,0";"2,0";
"166,0";"21,04,2019";"Невский";"";"Наезд на стоящее ТС";"";"0";"0";"г Санкт-Петербург пр-кт Большевиков 38";"0,0";"2,0";"6,0";"8,0";
"167,0";"21,04,2019";"Кировский";"";"Столкновение";"";"0";"0";"г Санкт-Петербург пр-кт Стачек 98к2";"0,0";"4,0";"3,0";"5,0";
"168,0";"21,04,2019";"Красносельский";"";"Столкновение";"";"0";"0";"г Санкт-Петербург ш Петергофское 3к,2";"0,0";"1,0";"2,0";"2,0";
"169,0";"21,04,2019";"Красногвардейский";"";"Столкновение";"";"0";"0";"г Санкт-Петербург пр-кт Малоохтинский 61а";"0,0";"1,0";"2,0";"2,0";
"170,0";"21,04,2019";"Выборгский";"";"Столкновение";"";"0";"0";"г Санкт-Петербург ул Хошимина Композиторов ул,";"0,0";"1,0";"3,0";"4,0";
"171,0";"21,04,2019";"Приморский";"";"Опрокидывание";"";"0";"0";"г Санкт-Петербург ул Планерная 17";"0,0";"1,0";"1,0";"1,0";
"172,0";"21,04,2019";"Калининский";"";"Падение пассажира";"";"0";"0";"г Санкт-Петербург пр-кт Маршала Блюхера 2";"0,0";"1,0";"1,0";"2,0";
"173,0";"21,04,2019";"Невский";"";"Столкновение";"";"0";"0";"г Санкт-Петербург пр-кт Российский 2";"0,0";"2,0";"2,0";"3,0";
"174,0";"21,04,2019";"Красносельский";"";"Наезд на стоящее ТС";"";"0";"0";"г Красное Село ул Лермонтова 7";"0,0";"1,0";"2,0";"1,0";
"175,0";"21,04,2019";"Фрунзенский";"";"Наезд на пешехода";"";"0";"0";"г Санкт-Петербург ул Софийская 53";"0,0";"1,0";"1,0";"2,0";
"176,0";"21,04,2019";"Московский";"";"Наезд на стоящее ТС";"";"0";"0";"г Санкт-Петербург ул Костюшко 22";"0,0";"1,0";"2,0";"2,0";
"177,0";"21,04,2019";"Невский";"";"Столкновение";"";"0";"0";"г Санкт-Петербург пр-кт Товарищеский 6к1";"1,0";"0,0";"2,0";"2,0";
"178,0";"20,04,2019";"Красногвардейский";"";"Наезд на пешехода";"";"0";"0";"г Санкт-Петербург пр-кт Заневский 36";"0,0";"1,0";"1,0";"2,0";
"179,0";"20,04,2019";"Пушкинский";"";"Наезд на стоящее ТС";"";"0";"0";"п Шушары  ";"0,0";"1,0";"4,0";"4,0";
"180,0";"20,04,2019";"Курортный";"";"Столкновение";"";"0";"0";"г Сестрорецк ш Левашовское 6";"0,0";"1,0";"2,0";"2,0";
"181,0";"20,04,2019";"Красногвардейский";"";"Наезд на пешехода";"";"0";"0";"г Санкт-Петербург ул Маршала Тухачевского 25";"0,0";"1,0";"1,0";"2,0";
"182,0";"20,04,2019";"Московский";"";"Наезд на велосипедиста";"";"0";"0";"г Санкт-Петербург пр-кт Юрия Гагарина 26 кор1";"0,0";"1,0";"2,0";"2,0";
"183,0";"20,04,2019";"Выборгский";"";"Наезд на пешехода";"";"0";"0";"г Санкт-Петербург ул Композиторов д,1, к,1";"0,0";"1,0";"1,0";"2,0";
"184,0";"20,04,2019";"Калининский";"";"Столкновение";"";"0";"0";"г Санкт-Петербург пр-кт Луначарского 100";"0,0";"1,0";"2,0";"3,0";
"185,0";"20,04,2019";"Приморский";"";"Столкновение";"";"0";"0";"г Санкт-Петербург ул Академика Крылова 1";"0,0";"1,0";"2,0";"3,0";
"186,0";"20,04,2019";"Приморский";"";"Столкновение";"";"0";"0";"г Санкт-Петербург ул Парашютная 33 корп, 1";"0,0";"5,0";"7,0";"7,0";
"187,0";"20,04,2019";"Петродворцовый";"";"Столкновение";"";"0";"0";"п Стрельна ш Санкт-Петербургское 43";"0,0";"1,0";"2,0";"2,0";
"188,0";"20,04,2019";"Невский";"";"Падение пассажира";"";"0";"0";"г Санкт-Петербург пр-кт Большевиков 6";"0,0";"1,0";"1,0";"2,0";
"189,0";"20,04,2019";"Фрунзенский";"";"Наезд на пешехода";"";"0";"0";"г Санкт-Петербург  ";"0,0";"1,0";"1,0";"2,0";
"190,0";"20,04,2019";"Калининский";"";"Падение пассажира";"";"0";"0";"г Санкт-Петербург пл Северная 1";"0,0";"1,0";"1,0";"2,0";
"191,0";"20,04,2019";"Приморский";"";"Столкновение";"";"0";"0";"г Санкт-Петербург пр-кт Богатырский Туристская ул,";"0,0";"1,0";"2,0";"2,0";
"192,0";"20,04,2019";"Кировский";"";"Наезд на велосипедиста";"";"0";"0";"г Санкт-Петербург пр-кт Стачек Ул,Белоусова";"0,0";"1,0";"2,0";"2,0";
"193,0";"20,04,2019";"Московский";"";"Столкновение";"";"0";"0";"г Санкт-Петербург пр-кт Дунайский 24";"0,0";"4,0";"2,0";"5,0";
"194,0";"19,04,2019";"Петродворцовый";"";"Падение пассажира";"";"0";"0";"г Петергоф ул Петергофская 163 М ОТ СПБ ПР,";"0,0";"1,0";"1,0";"2,0";
"195,0";"19,04,2019";"Кировский";"";"Наезд на пешехода";"";"0";"0";"г Санкт-Петербург пр-кт Ленинский 119к5";"0,0";"1,0";"1,0";"2,0";
"196,0";"19,04,2019";"Василеостровский";"";"Наезд на пешехода";"";"0";"0";"г Санкт-Петербург линия Биржевая 10";"0,0";"1,0";"1,0";"2,0";
"197,0";"19,04,2019";"Выборгский";"";"Наезд на препятствие";"";"0";"0";"г Санкт-Петербург наб Пироговская Сампсониевский мост";"0,0";"2,0";"1,0";"2,0";
"198,0";"19,04,2019";"Красносельский";"";"Столкновение";"";"0";"0";"г Красное Село пр-кт Ленина ул, Первого Мая";"0,0";"1,0";"2,0";"2,0";
"199,0";"19,04,2019";"Красносельский";"";"Наезд на пешехода";"";"0";"0";"г Санкт-Петербург ул Маршала Захарова 35к1";"0,0";"1,0";"1,0";"2,0";
"200,0";"19,04,2019";"Красногвардейский";"";"Падение пассажира";"";"0";"0";"г Санкт-Петербург пр-кт Шаумяна 51";"0,0";"1,0";"1,0";"2,0";
"201,0";"19,04,2019";"Калининский";"";"Столкновение";"";"0";"0";"г Санкт-Петербург пр-кт Науки 25- пр, Науки";"0,0";"2,0";"2,0";"3,0";
"202,0";"19,04,2019";"Красногвардейский";"";"Падение пассажира";"";"0";"0";"г Санкт-Петербург пр-кт Наставников 24, к, 1";"0,0";"1,0";"1,0";"2,0";
"203,0";"19,04,2019";"Василеостровский";"";"Столкновение";"Западный скоростной диаметр";"16";"900";"г Санкт-Петербург  ";"0,0";"1,0";"2,0";"3,0";
"204,0";"19,04,2019";"Адмиралтейский";"";"Столкновение";"";"0";"0";"г Санкт-Петербург пр-кт Загородный 47";"0,0";"1,0";"2,0";"2,0";
"205,0";"19,04,2019";"Выборгский";"";"Столкновение";"";"0";"0";"п Парголово ул Фёдора Абрамова Николая Рубцова";"0,0";"1,0";"2,0";"3,0";
"206,0";"19,04,2019";"Калининский";"";"Падение пассажира";"";"0";"0";"г Санкт-Петербург ул Замшина 21";"0,0";"1,0";"1,0";"2,0";
"207,0";"19,04,2019";"Кировский";"";"Столкновение";"";"0";"0";"г Санкт-Петербург пр-кт Стачек 6";"0,0";"1,0";"2,0";"3,0";
"208,0";"19,04,2019";"Кировский";"";"Столкновение";"";"0";"0";"г Санкт-Петербург пр-кт Стачек Зайцева ул,";"0,0";"1,0";"2,0";"2,0";
"209,0";"19,04,2019";"Красносельский";"";"Столкновение";"";"0";"0";"г Санкт-Петербург пр-кт Ветеранов 120";"0,0";"2,0";"2,0";"3,0";
"210,0";"19,04,2019";"Московский";"";"Столкновение";"";"0";"0";"г Санкт-Петербург ул Ленсовета 87";"0,0";"1,0";"2,0";"2,0";
"211,0";"18,04,2019";"Красногвардейский";"";"Наезд на пешехода";"";"0";"0";"г Санкт-Петербург пл Карла Фаберже 4";"0,0";"1,0";"1,0";"2,0";
"212,0";"18,04,2019";"Красногвардейский";"";"Наезд на пешехода";"";"0";"0";"г Санкт-Петербург  ";"0,0";"1,0";"1,0";"2,0";
"213,0";"18,04,2019";"Красногвардейский";"";"Наезд на пешехода";"";"0";"0";"г Санкт-Петербург пр-кт Шаумяна 87";"0,0";"1,0";"1,0";"2,0";
"214,0";"18,04,2019";"Кировский";"";"Столкновение";"";"0";"0";"г Санкт-Петербург ул Морской Пехоты Пр,М,Жукова";"0,0";"1,0";"2,0";"2,0";
"215,0";"18,04,2019";"Кировский";"";"Наезд на пешехода";"";"0";"0";"г Санкт-Петербург  ";"0,0";"1,0";"1,0";"2,0";
"216,0";"18,04,2019";"Выборгский";"";"Столкновение";"";"0";"0";"г Санкт-Петербург пр-кт Энгельса Поклоногорская";"0,0";"1,0";"5,0";"5,0";
"217,0";"18,04,2019";"Центральный";"";"Наезд на пешехода";"";"0";"0";"г Санкт-Петербург ул Боровая ул, К, Заслонова";"0,0";"1,0";"1,0";"2,0";
"218,0";"18,04,2019";"Красносельский";"";"Наезд на пешехода";"";"0";"0";"г Санкт-Петербург пр-кт Ветеранов 160";"0,0";"1,0";"1,0";"2,0";
"219,0";"18,04,2019";"Невский";"";"Столкновение";"";"0";"0";"г Санкт-Петербург ул Народная 100";"0,0";"2,0";"2,0";"3,0";
"220,0";"18,04,2019";"Калининский";"";"Наезд на пешехода";"";"0";"0";"г Санкт-Петербург пр-кт Светлановский Учительская";"0,0";"1,0";"1,0";"2,0";
"221,0";"18,04,2019";"Петродворцовый";"";"Наезд на велосипедиста";"";"0";"0";"г Ломоносов ул Еленинская 13литА";"0,0";"1,0";"2,0";"2,0";
"222,0";"18,04,2019";"Выборгский";"";"Наезд на пешехода";"";"0";"0";"г Санкт-Петербург  ";"0,0";"1,0";"1,0";"2,0";
"223,0";"18,04,2019";"Центральный";"";"Наезд на пешехода";"";"0";"0";"г Санкт-Петербург  ";"0,0";"1,0";"1,0";"2,0";
"224,0";"18,04,2019";"Красносельский";"";"Столкновение";"";"0";"0";"г Санкт-Петербург пр-кт Героев М,Захарова,ул";"0,0";"1,0";"2,0";"2,0";
"225,0";"18,04,2019";"Центральный";"";"Наезд на пешехода";"";"0";"0";"г Санкт-Петербург ул Радищева 28";"0,0";"1,0";"1,0";"2,0";
"226,0";"18,04,2019";"Приморский";"";"Наезд на пешехода";"";"0";"0";"г Санкт-Петербург ул Малая Десятинная 11 лит,А";"0,0";"1,0";"1,0";"2,0";
"227,0";"18,04,2019";"Петродворцовый";"";"Падение пассажира";"";"0";"0";"г Петергоф пр-кт Санкт-Петербургский 14";"0,0";"1,0";"1,0";"2,0";
"228,0";"18,04,2019";"Невский";"";"Столкновение";"";"0";"0";"г Санкт-Петербург ул Подвойского 13 корп,2";"0,0";"1,0";"2,0";"2,0";
"229,0";"18,04,2019";"Приморский";"";"Падение пассажира";"";"0";"0";"г Санкт-Петербург пр-кт Коломяжский 15к8";"0,0";"1,0";"1,0";"2,0";
"230,0";"18,04,2019";"Петроградский";"";"Наезд на пешехода";"";"0";"0";"г Санкт-Петербург ул Малая Монетная 7";"0,0";"1,0";"1,0";"2,0";
"231,0";"18,04,2019";"Адмиралтейский";"";"Падение пассажира";"";"0";"0";"г Санкт-Петербург наб Обводного канала 134";"0,0";"1,0";"1,0";"2,0";
"232,0";"18,04,2019";"Центральный";"";"Столкновение";"";"0";"0";"г Санкт-Петербург наб Реки Фонтанки Невский пр,";"0,0";"6,0";"2,0";"8,0";
"233,0";"18,04,2019";"Василеостровский";"";"Столкновение";"";"0";"0";"г Санкт-Петербург пр-кт Среднегаванский 2";"0,0";"1,0";"2,0";"3,0";
"234,0";"17,04,2019";"Невский";"";"Столкновение";"";"0";"0";"г Санкт-Петербург пр-кт Рыбацкий 35";"1,0";"0,0";"2,0";"2,0";
"235,0";"17,04,2019";"Кировский";"";"Наезд на велосипедиста";"";"0";"0";"г Санкт-Петербург ул Маршала Говорова 10 по ул,Краснопутил";"0,0";"1,0";"2,0";"2,0";
"236,0";"17,04,2019";"Красносельский";"";"Наезд на пешехода";"";"0";"0";"г Санкт-Петербург ул Доблести Р,Зорге";"0,0";"1,0";"1,0";"2,0";
"237,0";"17,04,2019";"Колпинский";"";"Падение пассажира";"";"0";"0";"г Колпино ул Труда 22 15";"0,0";"1,0";"1,0";"2,0";
"238,0";"17,04,2019";"Приморский";"";"Наезд на пешехода";"";"0";"0";"г Санкт-Петербург пр-кт Испытателей 15к1(боковой проезд)";"0,0";"1,0";"1,0";"2,0";
"239,0";"17,04,2019";"Выборгский";"";"Наезд на велосипедиста";"";"0";"0";"г Санкт-Петербург пр-кт Культуры Луначарского пр,";"0,0";"1,0";"2,0";"2,0";
"240,0";"17,04,2019";"Невский";"";"Столкновение";"";"0";"0";"г Санкт-Петербург пр-кт Большевиков 36";"0,0";"1,0";"2,0";"2,0";
"241,0";"17,04,2019";"Курортный";"";"Столкновение";"";"0";"0";"п Песочный ул Советская 36";"0,0";"5,0";"3,0";"6,0";
"242,0";"17,04,2019";"Василеостровский";"";"Падение пассажира";"";"0";"0";"г Санкт-Петербург пр-кт Средний В,О, 91";"0,0";"1,0";"1,0";"2,0";
"243,0";"17,04,2019";"Приморский";"";"Наезд на пешехода";"";"0";"0";"г Санкт-Петербург ул Аэродромная 18 по пр,Коломяжский";"0,0";"1,0";"1,0";"2,0";
"244,0";"17,04,2019";"Калининский";"";"Столкновение";"";"0";"0";"г Санкт-Петербург  ";"0,0";"1,0";"2,0";"2,0";
"245,0";"17,04,2019";"Красногвардейский";"";"Наезд на пешехода";"";"0";"0";"г Санкт-Петербург  ";"0,0";"1,0";"1,0";"2,0";
"246,0";"17,04,2019";"Приморский";"";"Съезд с дороги";"";"0";"0";"г Санкт-Петербург ш Приморское 24 км 400м";"1,0";"0,0";"1,0";"1,0";
"247,0";"17,04,2019";"Петроградский";"";"Столкновение";"";"0";"0";"г Санкт-Петербург ул Мира 37";"0,0";"1,0";"2,0";"3,0";
"248,0";"17,04,2019";"Московский";"";"Наезд на пешехода";"";"0";"0";"г Санкт-Петербург ул Типанова Демонстрационный ЮП";"0,0";"1,0";"1,0";"2,0";
"249,0";"17,04,2019";"Центральный";"";"Наезд на велосипедиста";"";"0";"0";"г Санкт-Петербург  ";"0,0";"1,0";"2,0";"2,0";
"250,0";"17,04,2019";"Московский";"";"Опрокидывание";"";"0";"0";"г Санкт-Петербург пр-кт Лиговский ул, Коли Томчака";"0,0";"1,0";"1,0";"1,0";
"251,0";"17,04,2019";"Выборгский";"";"Наезд на пешехода";"";"0";"0";"г Санкт-Петербург ш Выборгское 487";"0,0";"1,0";"1,0";"2,0";
"252,0";"17,04,2019";"Центральный";"";"Столкновение";"";"0";"0";"г Санкт-Петербург пр-кт Невский 73-75";"0,0";"2,0";"6,0";"8,0";
"253,0";"16,04,2019";"Адмиралтейский";"";"Наезд на пешехода";"";"0";"0";"г Санкт-Петербург ул Декабристов 52";"0,0";"1,0";"1,0";"2,0";
"254,0";"16,04,2019";"Колпинский";"";"Столкновение";"";"0";"0";"п Петро-Славянка ул Софийская 1,4км до д,112";"0,0";"1,0";"2,0";"3,0";
"255,0";"16,04,2019";"Калининский";"";"Столкновение";"";"0";"0";"г Санкт-Петербург дор Кушелевская 14";"0,0";"2,0";"3,0";"3,0";
"256,0";"16,04,2019";"Выборгский";"";"Наезд на пешехода";"";"0";"0";"г Санкт-Петербург пр-кт 2-й Муринский 26";"0,0";"1,0";"2,0";"3,0";
"257,0";"16,04,2019";"Центральный";"";"Наезд на препятствие";"";"0";"0";"г Санкт-Петербург пр-кт Литейный ул, Захарьевская";"0,0";"1,0";"2,0";"3,0";
"258,0";"16,04,2019";"Калининский";"";"Наезд на пешехода";"";"0";"0";"г Санкт-Петербург  ";"0,0";"1,0";"1,0";"2,0";
"259,0";"16,04,2019";"Невский";"";"Наезд на велосипедиста";"";"0";"0";"г Санкт-Петербург  ";"0,0";"1,0";"2,0";"2,0";
"260,0";"16,04,2019";"Петродворцовый";"";"Столкновение";"";"0";"0";"г Ломоносов пр-кт Дворцовый 50";"0,0";"1,0";"2,0";"2,0";
"261,0";"16,04,2019";"Красногвардейский";"";"Падение пассажира";"";"0";"0";"г Санкт-Петербург пр-кт Косыгина 17, корп, 1";"0,0";"2,0";"1,0";"3,0";
"262,0";"16,04,2019";"Пушкинский";"";"Столкновение";"";"0";"0";"г Пушкин ш Павловское 83";"0,0";"2,0";"2,0";"3,0";
"263,0";"16,04,2019";"Калининский";"";"Наезд на пешехода";"";"0";"0";"г Санкт-Петербург пр-кт Кондратьевский 5";"0,0";"1,0";"1,0";"2,0";
"264,0";"16,04,2019";"Петроградский";"";"Наезд на пешехода";"";"0";"0";"г Санкт-Петербург наб Петровская 6";"0,0";"1,0";"1,0";"2,0";
"265,0";"16,04,2019";"Фрунзенский";"";"Наезд на стоящее ТС";"";"0";"0";"г Санкт-Петербург ул Пражская 7 к,1";"0,0";"1,0";"2,0";"1,0";
"266,0";"16,04,2019";"Выборгский";"";"Наезд на пешехода";"";"0";"0";"г Санкт-Петербург ул Руднева 7-1";"0,0";"1,0";"1,0";"2,0";
"267,0";"16,04,2019";"Петроградский";"";"Наезд на пешехода";"";"0";"0";"г Санкт-Петербург  ";"0,0";"1,0";"1,0";"2,0";
"268,0";"16,04,2019";"Колпинский";"";"Наезд на пешехода";"";"0";"0";"г Колпино пр-кт Ленина 29";"0,0";"1,0";"1,0";"2,0";
"269,0";"16,04,2019";"Кировский";"";"Падение пассажира";"";"0";"0";"г Санкт-Петербург пр-кт Ленинский 103";"0,0";"1,0";"1,0";"2,0";
"270,0";"16,04,2019";"Красногвардейский";"";"Столкновение";"";"0";"0";"г Санкт-Петербург пр-кт Энергетиков 57";"0,0";"1,0";"2,0";"3,0";
"271,0";"16,04,2019";"Невский";"";"Столкновение";"";"0";"0";"г Санкт-Петербург пр-кт Российский 15";"0,0";"1,0";"2,0";"2,0";
"272,0";"15,04,2019";"Фрунзенский";"";"Наезд на пешехода";"";"0";"0";"г Санкт-Петербург  ";"0,0";"1,0";"1,0";"2,0";
"273,0";"15,04,2019";"Невский";"";"Столкновение";"";"0";"0";"г Санкт-Петербург пр-кт Искровский 31";"0,0";"1,0";"2,0";"3,0";
"274,0";"15,04,2019";"Невский";"";"Наезд на пешехода";"";"0";"0";"г Санкт-Петербург ул Кржижановского 13";"0,0";"1,0";"1,0";"2,0";
"275,0";"15,04,2019";"Приморский";"";"Наезд на пешехода";"";"0";"0";"г Санкт-Петербург ул Камышовая 14";"1,0";"0,0";"1,0";"2,0";
"276,0";"15,04,2019";"Калининский";"";"Падение пассажира";"";"0";"0";"г Санкт-Петербург ул Политехническая 29";"0,0";"1,0";"1,0";"2,0";
"277,0";"15,04,2019";"Петроградский";"";"Наезд на препятствие";"";"0";"0";"г Санкт-Петербург дор Южная 14";"0,0";"1,0";"1,0";"1,0";
"278,0";"15,04,2019";"Приморский";"";"Опрокидывание";"";"0";"0";"г Санкт-Петербург  ";"0,0";"1,0";"1,0";"1,0";
"279,0";"15,04,2019";"Петродворцовый";"";"Наезд на препятствие";"";"0";"0";"г Ломоносов ш Краснофлотское 49 А";"0,0";"1,0";"1,0";"2,0";
"280,0";"15,04,2019";"Приморский";"";"Наезд на пешехода";"";"0";"0";"г Санкт-Петербург ул Савушкина Академика Шиманского";"0,0";"1,0";"2,0";"2,0";
"281,0";"15,04,2019";"Красногвардейский";"";"Столкновение";"";"0";"0";"г Санкт-Петербург пр-кт Заневский 28";"0,0";"1,0";"2,0";"2,0";
"282,0";"15,04,2019";"Выборгский";"";"Наезд на пешехода";"";"0";"0";"г Санкт-Петербург  ";"0,0";"1,0";"1,0";"2,0";
"283,0";"15,04,2019";"Центральный";"";"Столкновение";"";"0";"0";"г Санкт-Петербург  ";"0,0";"1,0";"2,0";"2,0";
"284,0";"15,04,2019";"Петродворцовый";"";"Наезд на пешехода";"";"0";"0";"г Петергоф  ";"0,0";"1,0";"1,0";"2,0";
"285,0";"15,04,2019";"Калининский";"";"Наезд на пешехода";"";"0";"0";"г Санкт-Петербург пр-кт Культуры 41 кор,4 - Верхняя у";"0,0";"1,0";"1,0";"2,0";
"286,0";"15,04,2019";"Василеостровский";"";"Столкновение";"";"0";"0";"г Санкт-Петербург линия Кожевенная 24";"0,0";"1,0";"2,0";"3,0";
"287,0";"15,04,2019";"Приморский";"";"Наезд на пешехода";"";"0";"0";"г Санкт-Петербург пр-кт Авиаконструкторов 34";"0,0";"1,0";"1,0";"2,0";
"288,0";"15,04,2019";"Выборгский";"";"Столкновение";"";"0";"0";"п Парголово дор Михайловская Дорога в Каменку";"0,0";"1,0";"3,0";"3,0";
"289,0";"15,04,2019";"Колпинский";"";"Наезд на пешехода";"";"0";"0";"г Колпино пр-кт Ленина 1 тем, Ижорских Заво";"0,0";"1,0";"1,0";"2,0";
"290,0";"15,04,2019";"Красносельский";"";"Столкновение";"";"0";"0";"г Санкт-Петербург пр-кт Народного Ополчения 221";"0,0";"1,0";"2,0";"2,0";
"291,0";"15,04,2019";"Пушкинский";"";"Падение пассажира";"";"0";"0";"п Шушары пр-кт Витебский д1 Пушкинская ул,";"0,0";"1,0";"1,0";"2,0";
"292,0";"15,04,2019";"Приморский";"";"Наезд на пешехода";"";"0";"0";"г Санкт-Петербург пр-кт Коломяжский 15к2";"0,0";"1,0";"1,0";"2,0";
"293,0";"15,04,2019";"Калининский";"";"Падение пассажира";"";"0";"0";"г Санкт-Петербург пр-кт Науки 17-6";"0,0";"1,0";"1,0";"2,0";
"294,0";"15,04,2019";"Центральный";"";"Падение пассажира";"";"0";"0";"г Санкт-Петербург пр-кт Лиговский 55";"0,0";"1,0";"1,0";"2,0";
"295,0";"15,04,2019";"Приморский";"";"Столкновение";"";"0";"0";"г Санкт-Петербург пр-кт Испытателей пр,Сизова";"0,0";"1,0";"2,0";"2,0";
"296,0";"15,04,2019";"Красногвардейский";"";"Наезд на пешехода";"";"0";"0";"г Санкт-Петербург пр-кт Новочеркасский 1";"0,0";"1,0";"1,0";"2,0";
"297,0";"15,04,2019";"Московский";"";"Столкновение";"";"0";"0";"г Санкт-Петербург ул Кубинская 21";"0,0";"1,0";"3,0";"3,0";
"298,0";"15,04,2019";"Петроградский";"";"Наезд на пешехода";"";"0";"0";"г Санкт-Петербург наб Песочная 47 по ул,Проф,Попова";"0,0";"1,0";"1,0";"2,0";
"299,0";"15,04,2019";"Василеостровский";"";"Наезд на пешехода";"";"0";"0";"г Санкт-Петербург ул Уральская 2";"0,0";"1,0";"1,0";"2,0";
"300,0";"14,04,2019";"Калининский";"";"Столкновение";"";"0";"0";"г Санкт-Петербург пр-кт Светлановский Просвещения 75";"0,0";"2,0";"2,0";"4,0";
"301,0";"14,04,2019";"Выборгский";"";"Наезд на пешехода";"";"0";"0";"г Санкт-Петербург  ";"0,0";"1,0";"1,0";"2,0";
"302,0";"14,04,2019";"Калининский";"";"Столкновение";"";"0";"0";"г Санкт-Петербург пр-кт Науки 79";"0,0";"1,0";"2,0";"3,0";
"303,0";"14,04,2019";"Невский";"";"Столкновение";"";"0";"0";"г Санкт-Петербург наб Октябрьская 50";"0,0";"1,0";"2,0";"2,0";
"304,0";"14,04,2019";"Выборгский";"";"Столкновение";"";"0";"0";"г Санкт-Петербург ул Композиторов Хошимина";"0,0";"1,0";"2,0";"2,0";
"305,0";"14,04,2019";"Красногвардейский";"";"Наезд на пешехода";"";"0";"0";"г Санкт-Петербург  ";"0,0";"1,0";"1,0";"2,0";
"306,0";"14,04,2019";"Колпинский";"";"Наезд на препятствие";"";"0";"0";"г Колпино ул Пролетарская ул, Вавилова";"2,0";"0,0";"2,0";"3,0";
"307,0";"14,04,2019";"Центральный";"";"Наезд на стоящее ТС";"";"0";"0";"г Санкт-Петербург пр-кт Лиговский 131";"0,0";"1,0";"3,0";"4,0";
"308,0";"14,04,2019";"Пушкинский";"";"Столкновение";"";"0";"0";"г Павловск ул Конюшенная 1 го Мая";"0,0";"1,0";"2,0";"2,0";
"309,0";"14,04,2019";"Красногвардейский";"";"Наезд на стоящее ТС";"";"0";"0";"г Санкт-Петербург ш Революции 9";"0,0";"1,0";"2,0";"1,0";
"310,0";"14,04,2019";"Приморский";"";"Столкновение";"";"0";"0";"г Санкт-Петербург ул Савушкина 123";"0,0";"1,0";"2,0";"2,0";
"311,0";"14,04,2019";"Калининский";"";"Столкновение";"";"0";"0";"г Санкт-Петербург пр-кт Пискарёвский 10-Полюстровский пр,";"0,0";"1,0";"2,0";"2,0";
"312,0";"14,04,2019";"Красносельский";"";"Наезд на велосипедиста";"";"0";"0";"г Санкт-Петербург пр-кт Героев 34";"0,0";"1,0";"2,0";"2,0";
"313,0";"14,04,2019";"Приморский";"";"Наезд на велосипедиста";"";"0";"0";"г Санкт-Петербург  ";"0,0";"1,0";"2,0";"2,0";
"314,0";"14,04,2019";"Приморский";"";"Наезд на пешехода";"";"0";"0";"г Санкт-Петербург ул Беговая 1";"0,0";"1,0";"1,0";"2,0";
"315,0";"14,04,2019";"Приморский";"";"Наезд на велосипедиста";"";"0";"0";"г Санкт-Петербург ул Мебельная мебельный проезд";"0,0";"1,0";"2,0";"2,0";
"316,0";"14,04,2019";"Приморский";"";"Наезд на пешехода";"";"0";"0";"г Санкт-Петербург пр-кт Коломяжский 20";"0,0";"1,0";"1,0";"2,0";
"317,0";"14,04,2019";"Выборгский";"";"Столкновение";"";"0";"0";"г Санкт-Петербург пр-кт Большой Сампсониевский Кантемировская";"0,0";"1,0";"2,0";"3,0";
"318,0";"14,04,2019";"Фрунзенский";"";"Наезд на пешехода";"";"0";"0";"г Санкт-Петербург ул Турку 11 к,1";"0,0";"1,0";"1,0";"2,0";
"319,0";"13,04,2019";"Московский";"";"Наезд на пешехода";"";"0";"0";"г Санкт-Петербург пр-кт Лиговский 281";"0,0";"1,0";"1,0";"2,0";
"320,0";"13,04,2019";"Московский";"";"Наезд на пешехода";"";"0";"0";"г Санкт-Петербург  ";"0,0";"1,0";"1,0";"2,0";
"321,0";"13,04,2019";"Фрунзенский";"";"Столкновение";"";"0";"0";"г Санкт-Петербург пр-кт Дунайский 34 16";"0,0";"1,0";"4,0";"3,0";
"322,0";"13,04,2019";"Московский";"";"Столкновение";"";"0";"0";"г Санкт-Петербург пр-кт Ленинский Кубинская ул,";"0,0";"2,0";"2,0";"2,0";
"323,0";"13,04,2019";"Выборгский";"";"Наезд на пешехода";"";"0";"0";"г Санкт-Петербург пр-кт Луначарского 66";"0,0";"1,0";"1,0";"2,0";
"324,0";"13,04,2019";"Приморский";"";"Столкновение";"";"0";"0";"г Санкт-Петербург пер Карельский Наб,Чёрной Речки";"0,0";"1,0";"2,0";"2,0";
"325,0";"13,04,2019";"Центральный";"";"Столкновение";"";"0";"0";"г Санкт-Петербург пр-кт Невский пр, Лиговский";"0,0";"2,0";"2,0";"3,0";
"326,0";"13,04,2019";"Центральный";"";"Наезд на пешехода";"";"0";"0";"г Санкт-Петербург ул Александра Невского 9";"1,0";"0,0";"1,0";"2,0";
"327,0";"13,04,2019";"Центральный";"";"Столкновение";"";"0";"0";"г Санкт-Петербург пр-кт Невский ул, Караванная";"0,0";"1,0";"2,0";"3,0";
"328,0";"13,04,2019";"Кировский";"";"Падение пассажира";"";"0";"0";"г Санкт-Петербург пр-кт Трамвайный 1";"0,0";"1,0";"1,0";"2,0";
"329,0";"13,04,2019";"Невский";"";"Столкновение";"";"0";"0";"г Санкт-Петербург пр-кт Обуховской Обороны 56";"0,0";"1,0";"2,0";"2,0";
"330,0";"13,04,2019";"Невский";"";"Столкновение";"А-118 Кольцевая автомобильная дорога вокруг Санкт-Петербурга";"58";"300";"г Санкт-Петербург  ";"0,0";"1,0";"4,0";"4,0";
"331,0";"13,04,2019";"Фрунзенский";"";"Наезд на пешехода";"";"0";"0";"г Санкт-Петербург ул Бухарестская 78(напротив)";"0,0";"1,0";"1,0";"2,0";
"332,0";"13,04,2019";"Адмиралтейский";"";"Столкновение";"";"0";"0";"г Санкт-Петербург ул Введенский канал 6";"0,0";"1,0";"4,0";"4,0";
"333,0";"13,04,2019";"Фрунзенский";"";"Столкновение";"";"0";"0";"г Санкт-Петербург  ";"0,0";"1,0";"2,0";"2,0";
"334,0";"12,04,2019";"Центральный";"";"Столкновение";"";"0";"0";"г Санкт-Петербург наб Реки Мойки ул, Садовая";"0,0";"1,0";"2,0";"3,0";
"335,0";"12,04,2019";"Кировский";"";"Столкновение";"";"0";"0";"г Санкт-Петербург ул Кронштадтская Корабельная ул,";"0,0";"1,0";"2,0";"2,0";
"336,0";"12,04,2019";"Фрунзенский";"";"Столкновение";"";"0";"0";"г Санкт-Петербург ул Будапештская 79 крп, 1";"0,0";"1,0";"2,0";"3,0";
"337,0";"12,04,2019";"Невский";"";"Наезд на препятствие";"";"0";"0";"г Санкт-Петербург пр-кт Солидарности 14";"0,0";"1,0";"1,0";"1,0";
"338,0";"12,04,2019";"Пушкинский";"";"Столкновение";"";"0";"0";"п Шушары ш Московское Паровозная дорога";"0,0";"1,0";"5,0";"5,0";
"339,0";"12,04,2019";"Невский";"";"Наезд на пешехода";"";"0";"0";"г Санкт-Петербург пр-кт Большевиков 36";"0,0";"1,0";"1,0";"2,0";
"340,0";"12,04,2019";"Невский";"";"Наезд на пешехода";"";"0";"0";"г Санкт-Петербург ул Коллонтай 31к2";"0,0";"1,0";"1,0";"2,0";
"341,0";"12,04,2019";"Красносельский";"";"Падение пассажира";"";"0";"0";"г Красное Село ш Гатчинское 4к,2";"0,0";"1,0";"1,0";"2,0";
"342,0";"12,04,2019";"Невский";"";"Падение пассажира";"";"0";"0";"г Санкт-Петербург пр-кт Искровский 40";"0,0";"1,0";"1,0";"2,0";
"343,0";"12,04,2019";"Кировский";"";"Столкновение";"";"0";"0";"г Санкт-Петербург ул Автовская Кронштадтская ул,";"0,0";"2,0";"2,0";"2,0";
"344,0";"12,04,2019";"Центральный";"";"Наезд на пешехода";"";"0";"0";"г Санкт-Петербург пр-кт Невский 21";"0,0";"1,0";"1,0";"2,0";
"345,0";"12,04,2019";"Фрунзенский";"";"Наезд на препятствие";"";"0";"0";"г Санкт-Петербург пр-кт Славы 50 48";"0,0";"2,0";"1,0";"2,0";
"346,0";"12,04,2019";"Приморский";"";"Наезд на пешехода";"";"0";"0";"г Санкт-Петербург пр-кт Королёва 53кор4по Комендантск";"0,0";"1,0";"1,0";"2,0";
"347,0";"12,04,2019";"Приморский";"";"Наезд на пешехода";"";"0";"0";"г Санкт-Петербург ул Планерная 53 корп, 1";"0,0";"1,0";"1,0";"2,0";
"348,0";"12,04,2019";"Петродворцовый";"";"Наезд на стоящее ТС";"";"0";"0";"г Петергоф ул Озерковая 53 1";"0,0";"1,0";"3,0";"3,0";
"349,0";"12,04,2019";"Невский";"";"Наезд на пешехода";"";"0";"0";"г Санкт-Петербург  ";"0,0";"1,0";"1,0";"2,0";
"350,0";"12,04,2019";"Выборгский";"";"Столкновение";"Западный скоростной диаметр";"34";"0";"г Санкт-Петербург  ";"0,0";"1,0";"3,0";"2,0";
"351,0";"12,04,2019";"Приморский";"";"Столкновение";"";"0";"0";"г Санкт-Петербург ул Савушкина 139";"0,0";"1,0";"3,0";"3,0";
"352,0";"12,04,2019";"Московский";"";"Столкновение";"";"0";"0";"г Санкт-Петербург пр-кт Космонавтов Орджоникидзе";"0,0";"1,0";"2,0";"3,0";
"353,0";"11,04,2019";"Красногвардейский";"";"Наезд на пешехода";"";"0";"0";"г Санкт-Петербург пр-кт Наставников 47, корп, 1";"0,0";"1,0";"1,0";"2,0";
"354,0";"11,04,2019";"Выборгский";"";"Наезд на пешехода";"";"0";"0";"г Санкт-Петербург ул Хошимина Просвещения";"0,0";"1,0";"1,0";"2,0";
"355,0";"11,04,2019";"Приморский";"";"Наезд на пешехода";"";"0";"0";"г Санкт-Петербург б-р Серебристый 12";"0,0";"1,0";"1,0";"2,0";
"356,0";"11,04,2019";"Петроградский";"";"Столкновение";"";"0";"0";"г Санкт-Петербург наб Реки Карповки 2";"0,0";"2,0";"2,0";"2,0";
"357,0";"11,04,2019";"Фрунзенский";"";"Наезд на пешехода";"";"0";"0";"г Санкт-Петербург ул Бухарестская 30";"0,0";"1,0";"1,0";"2,0";
"358,0";"11,04,2019";"Калининский";"";"Падение пассажира";"";"0";"0";"г Санкт-Петербург пр-кт Просвещения Демьяна Бедного";"0,0";"1,0";"1,0";"2,0";
"359,0";"11,04,2019";"Красносельский";"";"Столкновение";"";"0";"0";"г Санкт-Петербург пр-кт Ветеранов 118";"0,0";"1,0";"4,0";"5,0";
"360,0";"11,04,2019";"Красногвардейский";"";"Наезд на пешехода";"";"0";"0";"г Санкт-Петербург дор Муринская 80, корп,1";"0,0";"1,0";"1,0";"2,0";
"361,0";"11,04,2019";"Петродворцовый";"";"Съезд с дороги";"";"0";"0";"г Ломоносов ш Краснофлотское 60";"0,0";"1,0";"1,0";"2,0";
"362,0";"11,04,2019";"Невский";"";"Столкновение";"";"0";"0";"г Санкт-Петербург ул Караваевская 41 1";"0,0";"3,0";"2,0";"3,0";
"363,0";"11,04,2019";"Приморский";"";"Наезд на пешехода";"";"0";"0";"г Санкт-Петербург пр-кт Коломяжский 2 по ул, пл, Поликар";"0,0";"1,0";"1,0";"2,0";
"364,0";"11,04,2019";"Фрунзенский";"";"Наезд на пешехода";"";"0";"0";"г Санкт-Петербург ул Бухарестская 134";"0,0";"1,0";"1,0";"2,0";
"365,0";"11,04,2019";"Выборгский";"";"Столкновение";"";"0";"0";"г Санкт-Петербург наб Пироговская 5 2";"0,0";"1,0";"3,0";"3,0";
"366,0";"11,04,2019";"Невский";"";"Падение пассажира";"";"0";"0";"г Санкт-Петербург пр-кт Шлиссельбургский 22";"0,0";"1,0";"1,0";"2,0";
"367,0";"11,04,2019";"Кировский";"";"Столкновение";"";"0";"0";"г Санкт-Петербург пр-кт Маршала Жукова 82А";"0,0";"1,0";"2,0";"3,0";
"368,0";"11,04,2019";"Красногвардейский";"";"Столкновение";"";"0";"0";"г Санкт-Петербург пр-кт Шафировский 21";"0,0";"2,0";"2,0";"2,0";
"369,0";"11,04,2019";"Красногвардейский";"";"Наезд на пешехода";"";"0";"0";"г Санкт-Петербург  ";"0,0";"2,0";"1,0";"3,0";
"370,0";"11,04,2019";"Красносельский";"";"Столкновение";"";"0";"0";"г Санкт-Петербург пр-кт Ленинский 100 кор 1";"0,0";"1,0";"2,0";"2,0";
"371,0";"11,04,2019";"Невский";"";"Столкновение";"";"0";"0";"г Санкт-Петербург пр-кт Обуховской Обороны 116";"0,0";"1,0";"2,0";"2,0";
"372,0";"11,04,2019";"Приморский";"";"Наезд на пешехода";"";"0";"0";"г Санкт-Петербург проезд Мебельный Оптиков";"0,0";"1,0";"1,0";"2,0";
"373,0";"11,04,2019";"Пушкинский";"";"Столкновение";"А-118 Кольцевая автомобильная дорога вокруг Санкт-Петербурга";"79";"300";"г Санкт-Петербург  ";"0,0";"2,0";"3,0";"5,0";
"374,0";"10,04,2019";"Выборгский";"";"Наезд на пешехода";"";"0";"0";"г Санкт-Петербург ш Выборгское 106А";"0,0";"1,0";"1,0";"2,0";
"375,0";"10,04,2019";"Невский";"";"Столкновение";"";"0";"0";"г Санкт-Петербург ул Караваевская 24 корпус 1";"0,0";"2,0";"2,0";"3,0";
"376,0";"10,04,2019";"Приморский";"";"Столкновение";"";"0";"0";"г Санкт-Петербург пр-кт Комендантский Долгоозерная ул,";"0,0";"1,0";"2,0";"2,0";
"377,0";"10,04,2019";"Приморский";"";"Наезд на пешехода";"";"0";"0";"г Санкт-Петербург ул Кантемировская 12";"0,0";"1,0";"1,0";"2,0";
"378,0";"10,04,2019";"Красносельский";"";"Наезд на пешехода";"";"0";"0";"г Санкт-Петербург ул Доблести 7";"0,0";"1,0";"1,0";"2,0";
"379,0";"10,04,2019";"Красносельский";"";"Наезд на пешехода";"";"0";"0";"г Санкт-Петербург ул Пограничника Гарькавого 39";"0,0";"1,0";"1,0";"2,0";
"380,0";"10,04,2019";"Красногвардейский";"";"Падение пассажира";"";"0";"0";"г Санкт-Петербург пр-кт Ударников 56";"0,0";"1,0";"1,0";"2,0";
"381,0";"10,04,2019";"Пушкинский";"";"Столкновение";"";"0";"0";"г Пушкин ш Киевское 30 км,";"0,0";"6,0";"2,0";"7,0";
"382,0";"09,04,2019";"Адмиралтейский";"";"Падение пассажира";"";"0";"0";"г Санкт-Петербург пл Труда 4";"0,0";"1,0";"1,0";"2,0";
"383,0";"09,04,2019";"Выборгский";"";"Наезд на пешехода";"";"0";"0";"г Санкт-Петербург пр-кт Просвещения 36А";"0,0";"1,0";"1,0";"2,0";
"384,0";"09,04,2019";"Фрунзенский";"";"Столкновение";"";"0";"0";"г Санкт-Петербург ул Софийская 8";"1,0";"0,0";"2,0";"2,0";
"385,0";"09,04,2019";"Колпинский";"";"Столкновение";"";"0";"0";"г Колпино наб Комсомольского канала ул, Тверская";"0,0";"2,0";"2,0";"4,0";
"386,0";"09,04,2019";"Адмиралтейский";"";"Наезд на пешехода";"";"0";"0";"г Санкт-Петербург пр-кт Старо-Петергофский 13";"1,0";"0,0";"2,0";"2,0";
"387,0";"09,04,2019";"Василеостровский";"";"Наезд на пешехода";"";"0";"0";"г Санкт-Петербург линия 5-я В,О, 30";"0,0";"1,0";"2,0";"2,0";
"388,0";"09,04,2019";"Пушкинский";"";"Наезд на пешехода";"";"0";"0";"п Шушары  ";"0,0";"1,0";"1,0";"2,0";
"389,0";"09,04,2019";"Василеостровский";"";"Наезд на пешехода";"";"0";"0";"г Санкт-Петербург пр-кт Малый В,О, 58";"0,0";"1,0";"1,0";"2,0";
"390,0";"09,04,2019";"Фрунзенский";"";"Наезд на пешехода";"";"0";"0";"г Санкт-Петербург ул Купчинская 25 11";"0,0";"1,0";"1,0";"2,0";
"391,0";"08,04,2019";"Василеостровский";"";"Наезд на пешехода";"";"0";"0";"г Санкт-Петербург ул Нахимова 20";"0,0";"2,0";"1,0";"3,0";
"392,0";"08,04,2019";"Приморский";"";"Столкновение";"";"0";"0";"г Санкт-Петербург наб Чёрной речки школьная";"0,0";"1,0";"2,0";"2,0";
"393,0";"08,04,2019";"Приморский";"";"Столкновение";"";"0";"0";"г Санкт-Петербург ул Яхтенная ПРИМОРСКОЕ Ш";"0,0";"2,0";"2,0";"4,0";
"394,0";"08,04,2019";"Красносельский";"";"Наезд на пешехода";"";"0";"0";"г Красное Село ул Освобождения 36";"0,0";"1,0";"1,0";"2,0";
"395,0";"08,04,2019";"Кировский";"";"Столкновение";"";"0";"0";"г Санкт-Петербург пр-кт Дачный пр,Ветеранов";"0,0";"1,0";"3,0";"3,0";
"396,0";"08,04,2019";"Выборгский";"";"Наезд на велосипедиста";"";"0";"0";"п Парголово  ";"0,0";"1,0";"2,0";"2,0";
"397,0";"08,04,2019";"Петроградский";"";"Столкновение";"";"0";"0";"г Санкт-Петербург пр-кт Каменноостровский 38 96";"0,0";"1,0";"2,0";"3,0";
"398,0";"08,04,2019";"Выборгский";"";"Падение пассажира";"";"0";"0";"г Санкт-Петербург пр-кт 2-й Муринский 19";"0,0";"1,0";"1,0";"2,0";
"399,0";"08,04,2019";"Василеостровский";"";"Столкновение";"";"0";"0";"г Санкт-Петербург пр-кт Малый В,О, 82";"0,0";"1,0";"2,0";"3,0";
"400,0";"08,04,2019";"Приморский";"";"Столкновение";"";"0";"0";"г Санкт-Петербург ул Поклонногорская Афонская ул";"0,0";"1,0";"2,0";"3,0";
"401,0";"08,04,2019";"Петроградский";"";"Наезд на пешехода";"";"0";"0";"г Санкт-Петербург пр-кт Медиков 9";"0,0";"1,0";"1,0";"2,0";
"402,0";"08,04,2019";"Приморский";"";"Наезд на пешехода";"";"0";"0";"г Санкт-Петербург пр-кт Испытателей 6-1";"0,0";"1,0";"1,0";"2,0";
"403,0";"08,04,2019";"Фрунзенский";"";"Наезд на пешехода";"";"0";"0";"г Санкт-Петербург ул Салова 2 по ул, Фучика";"0,0";"1,0";"1,0";"2,0";
"404,0";"08,04,2019";"Адмиралтейский";"";"Наезд на пешехода";"";"0";"0";"г Санкт-Петербург пр-кт Клинский 10";"0,0";"1,0";"1,0";"2,0";
"405,0";"08,04,2019";"Московский";"";"Наезд на пешехода";"";"0";"0";"г Санкт-Петербург ш Пулковское 41";"0,0";"1,0";"1,0";"2,0";
"406,0";"07,04,2019";"Калининский";"";"Столкновение";"";"0";"0";"г Санкт-Петербург ул Бестужевская Кондратьевский 68кор";"0,0";"1,0";"2,0";"3,0";
"407,0";"07,04,2019";"Приморский";"";"Наезд на велосипедиста";"";"0";"0";"г Санкт-Петербург ул Маршала Новикова Парашютная ул";"0,0";"1,0";"2,0";"2,0";
"408,0";"07,04,2019";"Московский";"";"Столкновение";"А-118 Кольцевая автомобильная дорога вокруг Санкт-Петербурга";"68";"850";"г Санкт-Петербург  ";"0,0";"1,0";"2,0";"2,0";
"409,0";"07,04,2019";"Центральный";"";"Падение пассажира";"";"0";"0";"г Санкт-Петербург пр-кт Невский 176";"0,0";"1,0";"2,0";"3,0";
"410,0";"07,04,2019";"Невский";"";"Столкновение";"";"0";"0";"г Санкт-Петербург пр-кт Дальневосточный 46";"0,0";"1,0";"2,0";"3,0";
"411,0";"07,04,2019";"Невский";"";"Наезд на препятствие";"";"0";"0";"г Санкт-Петербург ул Дыбенко 31";"0,0";"1,0";"1,0";"1,0";
"412,0";"07,04,2019";"Московский";"";"Наезд на пешехода";"";"0";"0";"г Санкт-Петербург  ";"0,0";"1,0";"1,0";"2,0";
"413,0";"07,04,2019";"Петроградский";"";"Столкновение";"";"0";"0";"г Санкт-Петербург ул Куйбышева 2-4";"0,0";"2,0";"2,0";"4,0";
"414,0";"07,04,2019";"Приморский";"";"Наезд на пешехода";"";"0";"0";"г Санкт-Петербург ул Матроса Железняка 1";"0,0";"1,0";"1,0";"2,0";
"415,0";"07,04,2019";"Калининский";"";"Наезд на пешехода";"";"0";"0";"г Санкт-Петербург пр-кт Маршала Блюхера 14";"0,0";"1,0";"1,0";"2,0";
"416,0";"07,04,2019";"Кронштадтский";"";"Столкновение";"А-118 Кольцевая автомобильная дорога вокруг Санкт-Петербурга";"11";"500";"г Санкт-Петербург  ";"0,0";"1,0";"2,0";"2,0";
"417,0";"07,04,2019";"Колпинский";"";"Наезд на препятствие";"";"0";"0";"п Саперный ш Петрозаводское 2 по ул,Победы";"0,0";"1,0";"1,0";"3,0";
"418,0";"07,04,2019";"Василеостровский";"";"Наезд на стоящее ТС";"";"0";"0";"г Санкт-Петербург ул Кораблестроителей 22 к,1";"0,0";"3,0";"2,0";"4,0";
"419,0";"06,04,2019";"Красносельский";"";"Наезд на пешехода";"";"0";"0";"г Санкт-Петербург ш Петергофское 5к1";"0,0";"1,0";"1,0";"2,0";
"420,0";"06,04,2019";"Фрунзенский";"";"Столкновение";"";"0";"0";"г Санкт-Петербург ул Купчинская 30к1";"0,0";"1,0";"3,0";"3,0";
"421,0";"06,04,2019";"Центральный";"";"Наезд на пешехода";"";"0";"0";"г Санкт-Петербург  ";"0,0";"1,0";"1,0";"2,0";
"422,0";"06,04,2019";"Центральный";"";"Наезд на пешехода";"";"0";"0";"г Санкт-Петербург наб Реки Фонтанки 64";"0,0";"1,0";"1,0";"2,0";
"423,0";"06,04,2019";"Калининский";"";"Столкновение";"";"0";"0";"г Санкт-Петербург пр-кт Полюстровский 52,к2,литА";"0,0";"1,0";"2,0";"3,0";
"424,0";"06,04,2019";"Кировский";"";"Столкновение";"";"0";"0";"г Санкт-Петербург пр-кт Ленинский Кронштадтская пл,";"0,0";"1,0";"2,0";"3,0";
"425,0";"06,04,2019";"Фрунзенский";"";"Наезд на пешехода";"";"0";"0";"г Санкт-Петербург  ";"0,0";"1,0";"1,0";"2,0";
"426,0";"06,04,2019";"Кировский";"";"Столкновение";"";"0";"0";"г Санкт-Петербург пр-кт Народного Ополчения ул,Г,Симоняка";"0,0";"1,0";"2,0";"3,0";
"427,0";"06,04,2019";"Невский";"";"Наезд на стоящее ТС";"";"0";"0";"г Санкт-Петербург пр-кт Шлиссельбургский 12";"0,0";"2,0";"2,0";"3,0";
"428,0";"06,04,2019";"Приморский";"";"Наезд на пешехода";"";"0";"0";"г Санкт-Петербург  ";"0,0";"1,0";"1,0";"2,0";
"429,0";"05,04,2019";"Выборгский";"";"Падение пассажира";"";"0";"0";"г Санкт-Петербург ул Кантемировская 7";"0,0";"1,0";"2,0";"3,0";
"430,0";"05,04,2019";"Центральный";"";"Столкновение";"";"0";"0";"г Санкт-Петербург ул Херсонская ул, Амбарная";"0,0";"1,0";"2,0";"2,0";
"431,0";"05,04,2019";"Красносельский";"";"Столкновение";"";"0";"0";"г Санкт-Петербург ш Таллинское (Старо-Паново) 85 лит,А";"0,0";"1,0";"2,0";"2,0";
"432,0";"05,04,2019";"Фрунзенский";"";"Наезд на пешехода";"";"0";"0";"г Санкт-Петербург ул Камчатская 3";"0,0";"1,0";"1,0";"2,0";
"433,0";"05,04,2019";"Адмиралтейский";"";"Столкновение";"";"0";"0";"г Санкт-Петербург наб Адмиралтейская 2";"0,0";"2,0";"2,0";"4,0";
"434,0";"05,04,2019";"Выборгский";"";"Наезд на пешехода";"";"0";"0";"г Санкт-Петербург ул Руднева д,9 к3";"0,0";"1,0";"1,0";"2,0";
"435,0";"05,04,2019";"Пушкинский";"";"Столкновение";"";"0";"0";"п Шушары ш Ям-Ижорское 4км 700м";"0,0";"2,0";"2,0";"2,0";
"436,0";"05,04,2019";"Петроградский";"";"Столкновение";"";"0";"0";"г Санкт-Петербург ул Мира 38";"0,0";"1,0";"2,0";"3,0";
"437,0";"05,04,2019";"Фрунзенский";"";"Столкновение";"";"0";"0";"г Санкт-Петербург пр-кт Славы 48 по Будапештской";"0,0";"1,0";"2,0";"2,0";
"438,0";"05,04,2019";"Приморский";"";"Наезд на стоящее ТС";"";"0";"0";"г Санкт-Петербург пр-кт Комендантский 71";"0,0";"1,0";"5,0";"2,0";
"439,0";"05,04,2019";"Василеостровский";"";"Наезд на пешехода";"";"0";"0";"г Санкт-Петербург пр-кт Малый В,О, 67к1";"0,0";"1,0";"1,0";"2,0";
"440,0";"05,04,2019";"Колпинский";"";"Падение пассажира";"";"0";"0";"п Усть-Ижора ш Петрозаводское 11";"0,0";"1,0";"1,0";"2,0";
"441,0";"05,04,2019";"Василеостровский";"";"Наезд на пешехода";"";"0";"0";"г Санкт-Петербург ул Наличная 22";"0,0";"1,0";"1,0";"2,0";
"442,0";"05,04,2019";"Московский";"";"Наезд на пешехода";"";"0";"0";"г Санкт-Петербург пр-кт Новоизмайловский 20 корп 1";"0,0";"1,0";"1,0";"2,0";
"443,0";"05,04,2019";"Приморский";"";"Наезд на пешехода";"";"0";"0";"г Санкт-Петербург пр-кт Комендантский 50 кор,1";"0,0";"1,0";"1,0";"2,0";
"444,0";"05,04,2019";"Кировский";"";"Столкновение";"";"0";"0";"г Санкт-Петербург ул Двинская 11";"0,0";"1,0";"2,0";"2,0";
"445,0";"05,04,2019";"Кировский";"";"Наезд на пешехода";"";"0";"0";"г Санкт-Петербург ул Турбинная 29";"0,0";"1,0";"1,0";"2,0";
"446,0";"04,04,2019";"Красногвардейский";"";"Падение пассажира";"";"0";"0";"г Санкт-Петербург пр-кт Наставников 24";"0,0";"1,0";"1,0";"2,0";
"447,0";"04,04,2019";"Московский";"";"Столкновение";"";"0";"0";"г Санкт-Петербург ш Пулковское 37 к5 Дорога в аэроп";"0,0";"1,0";"2,0";"3,0";
"448,0";"04,04,2019";"Петроградский";"";"Наезд на пешехода";"";"0";"0";"г Санкт-Петербург ул Большая Пушкарская 3";"0,0";"1,0";"1,0";"2,0";
"449,0";"04,04,2019";"Невский";"";"Столкновение";"";"0";"0";"г Санкт-Петербург наб Октябрьская 102";"0,0";"2,0";"3,0";"4,0";
"450,0";"04,04,2019";"Красногвардейский";"";"Наезд на велосипедиста";"";"0";"0";"г Санкт-Петербург  ";"0,0";"1,0";"2,0";"2,0";
"451,0";"04,04,2019";"Адмиралтейский";"";"Падение пассажира";"";"0";"0";"г Санкт-Петербург пр-кт Римского-Корсакова 31";"0,0";"1,0";"1,0";"2,0";
"452,0";"04,04,2019";"Калининский";"";"Наезд на велосипедиста";"";"0";"0";"г Санкт-Петербург пр-кт Гражданский 129";"0,0";"1,0";"2,0";"2,0";
"453,0";"04,04,2019";"Невский";"";"Наезд на пешехода";"";"0";"0";"г Санкт-Петербург ул Ткачей 19";"0,0";"1,0";"1,0";"2,0";
"454,0";"04,04,2019";"Пушкинский";"";"Наезд на пешехода";"";"0";"0";"п Шушары  ";"0,0";"1,0";"1,0";"2,0";
"455,0";"04,04,2019";"Петродворцовый";"";"Столкновение";"";"0";"0";"г Ломоносов ул Александровская 32 Б";"0,0";"1,0";"2,0";"3,0";
"456,0";"04,04,2019";"Центральный";"";"Падение пассажира";"";"0";"0";"г Санкт-Петербург ул Жуковского 31";"0,0";"1,0";"1,0";"2,0";
"457,0";"04,04,2019";"Красносельский";"";"Столкновение";"";"0";"0";"г Санкт-Петербург пр-кт Ленинский ул, Доблести";"0,0";"1,0";"2,0";"3,0";
"458,0";"04,04,2019";"Приморский";"";"Столкновение";"";"0";"0";"г Санкт-Петербург ул Планерная 21 к1";"0,0";"1,0";"4,0";"4,0";
"459,0";"04,04,2019";"Приморский";"";"Столкновение";"";"0";"0";"г Санкт-Петербург пр-кт Лахтинский 15";"0,0";"1,0";"4,0";"5,0";
"460,0";"04,04,2019";"Выборгский";"";"Столкновение";"";"0";"0";"г Санкт-Петербург пр-кт Энгельса Северный пр,";"0,0";"1,0";"2,0";"3,0";
"461,0";"04,04,2019";"Колпинский";"";"Столкновение";"";"0";"0";"п Петро-Славянка ул Софийская 310м до д,104 к КАДу";"0,0";"1,0";"4,0";"3,0";
"462,0";"04,04,2019";"Красносельский";"";"Падение пассажира";"";"0";"0";"г Санкт-Петербург пр-кт Ветеранов ул, Летчика Пилютова";"0,0";"1,0";"1,0";"2,0";
"463,0";"04,04,2019";"Красногвардейский";"";"Наезд на велосипедиста";"";"0";"0";"г Санкт-Петербург  ";"0,0";"1,0";"2,0";"2,0";
"464,0";"03,04,2019";"Кронштадтский";"";"Столкновение";"А-118 Кольцевая автомобильная дорога вокруг Санкт-Петербурга";"117";"950";"г Санкт-Петербург  ";"0,0";"1,0";"3,0";"2,0";
"465,0";"03,04,2019";"Красносельский";"";"Наезд на пешехода";"";"0";"0";"г Санкт-Петербург пр-кт Ленинский ул,Котина";"0,0";"1,0";"1,0";"2,0";
"466,0";"03,04,2019";"Фрунзенский";"";"Наезд на пешехода";"";"0";"0";"г Санкт-Петербург  ";"0,0";"1,0";"1,0";"2,0";
"467,0";"03,04,2019";"Фрунзенский";"";"Наезд на пешехода";"";"0";"0";"г Санкт-Петербург ул Малая Карпатская 5 30";"0,0";"1,0";"1,0";"2,0";
"468,0";"03,04,2019";"Приморский";"";"Наезд на велосипедиста";"";"0";"0";"г Санкт-Петербург ул Савушкина 82";"0,0";"1,0";"3,0";"3,0";
"469,0";"03,04,2019";"Пушкинский";"";"Наезд на пешехода";"";"0";"0";"г Пушкин  ";"0,0";"1,0";"1,0";"2,0";
"470,0";"03,04,2019";"Василеостровский";"";"Падение пассажира";"";"0";"0";"г Санкт-Петербург линия 9-я В,О, 20";"0,0";"1,0";"1,0";"2,0";
"471,0";"03,04,2019";"Петроградский";"";"Столкновение";"";"0";"0";"г Санкт-Петербург пр-кт Константиновский 20";"0,0";"2,0";"2,0";"4,0";
"472,0";"03,04,2019";"Адмиралтейский";"";"Наезд на стоящее ТС";"";"0";"0";"г Санкт-Петербург ул 1-я Красноармейская 8";"0,0";"1,0";"5,0";"3,0";
"473,0";"03,04,2019";"Адмиралтейский";"";"Столкновение";"";"0";"0";"г Санкт-Петербург пр-кт Загородный 54";"0,0";"1,0";"2,0";"3,0";
"474,0";"03,04,2019";"Фрунзенский";"";"Столкновение";"";"0";"0";"г Санкт-Петербург ул Бухарестская 15 по ул, Фучика";"0,0";"2,0";"2,0";"4,0";
"475,0";"03,04,2019";"Красносельский";"";"Столкновение";"";"0";"0";"г Санкт-Петербург пр-кт Ветеранов 158";"0,0";"1,0";"2,0";"3,0";
"476,0";"03,04,2019";"Московский";"";"Столкновение";"";"0";"0";"г Санкт-Петербург ул Кубинская 77";"0,0";"2,0";"2,0";"2,0";
"477,0";"03,04,2019";"Кировский";"";"Падение пассажира";"";"0";"0";"г Санкт-Петербург пр-кт Стачек Зенитчиков";"0,0";"1,0";"1,0";"2,0";
"478,0";"03,04,2019";"Калининский";"";"Падение пассажира";"";"0";"0";"г Санкт-Петербург пр-кт Гражданский 43 КОР 1";"0,0";"1,0";"1,0";"2,0";
"479,0";"03,04,2019";"Василеостровский";"";"Падение пассажира";"";"0";"0";"г Санкт-Петербург ул Нахимова 3 к,1";"0,0";"1,0";"1,0";"2,0";
"480,0";"02,04,2019";"Невский";"";"Столкновение";"";"0";"0";"г Санкт-Петербург наб Октябрьская 44";"0,0";"1,0";"2,0";"3,0";
"481,0";"02,04,2019";"Калининский";"";"Падение пассажира";"";"0";"0";"г Санкт-Петербург пр-кт Гражданский 84";"0,0";"1,0";"1,0";"2,0";
"482,0";"02,04,2019";"Выборгский";"";"Наезд на пешехода";"";"0";"0";"г Санкт-Петербург  ";"0,0";"1,0";"1,0";"2,0";
"483,0";"02,04,2019";"Калининский";"";"Наезд на пешехода";"";"0";"0";"г Санкт-Петербург ул Карпинского 36 кор 1";"0,0";"1,0";"4,0";"3,0";
"484,0";"02,04,2019";"Фрунзенский";"";"Наезд на препятствие";"";"0";"0";"г Санкт-Петербург  ";"0,0";"1,0";"1,0";"2,0";
"485,0";"02,04,2019";"Адмиралтейский";"";"Столкновение";"";"0";"0";"г Санкт-Петербург пр-кт Московский 14";"0,0";"4,0";"2,0";"5,0";
"486,0";"02,04,2019";"Калининский";"";"Столкновение";"";"0";"0";"г Санкт-Петербург ул Бутлерова 9";"0,0";"1,0";"2,0";"3,0";
"487,0";"02,04,2019";"Московский";"";"Столкновение";"";"0";"0";"г Санкт-Петербург ул Кубинская 56";"0,0";"1,0";"3,0";"3,0";
"488,0";"02,04,2019";"Невский";"";"Столкновение";"";"0";"0";"г Санкт-Петербург ул Бабушкина 33";"0,0";"1,0";"2,0";"2,0";
"489,0";"02,04,2019";"Приморский";"";"Наезд на пешехода";"";"0";"0";"г Санкт-Петербург пр-кт Коломяжский 15к1";"0,0";"1,0";"1,0";"2,0";
"490,0";"02,04,2019";"Красносельский";"";"Столкновение";"";"0";"0";"г Санкт-Петербург ш Петергофское 88";"0,0";"1,0";"2,0";"3,0";
"491,0";"02,04,2019";"Невский";"";"Столкновение";"";"0";"0";"г Санкт-Петербург ул Тельмана 31";"0,0";"1,0";"2,0";"3,0";
"492,0";"02,04,2019";"Калининский";"";"Столкновение";"";"0";"0";"г Санкт-Петербург пр-кт Суздальский 95";"0,0";"1,0";"3,0";"4,0";
"493,0";"02,04,2019";"Петродворцовый";"";"Столкновение";"";"0";"0";"г Ломоносов ул Александровская 23";"0,0";"1,0";"2,0";"2,0";
"494,0";"02,04,2019";"Московский";"";"Наезд на пешехода";"";"0";"0";"г Санкт-Петербург ул Стартовая 5";"0,0";"1,0";"1,0";"2,0";
"495,0";"02,04,2019";"Петроградский";"";"Столкновение";"";"0";"0";"г Санкт-Петербург ул Рюхина 9д";"0,0";"1,0";"2,0";"2,0";
"496,0";"02,04,2019";"Василеостровский";"";"Падение пассажира";"";"0";"0";"г Санкт-Петербург ул Кораблестроителей 34А";"0,0";"1,0";"1,0";"2,0";
"497,0";"01,04,2019";"Невский";"";"Столкновение";"";"0";"0";"г Санкт-Петербург пр-кт Дальневосточный 16к,2";"0,0";"1,0";"2,0";"2,0";
"498,0";"01,04,2019";"Красногвардейский";"";"Наезд на пешехода";"";"0";"0";"г Санкт-Петербург ул Хасанская 22, корп 1";"0,0";"1,0";"1,0";"2,0";
"499,0";"01,04,2019";"Красногвардейский";"";"Наезд на препятствие";"";"0";"0";"г Санкт-Петербург пр-кт Пискарёвский 39";"0,0";"1,0";"1,0";"2,0";
"500,0";"01,04,2019";"Фрунзенский";"";"Наезд на пешехода";"";"0";"0";"г Санкт-Петербург  ";"0,0";"1,0";"1,0";"2,0";
"501,0";"01,04,2019";"Московский";"";"Наезд на препятствие";"";"0";"0";"г Санкт-Петербург ш Пулковское 120к2";"0,0";"1,0";"2,0";"1,0";
"502,0";"01,04,2019";"Колпинский";"";"Столкновение";"";"0";"0";"г Колпино ул Ремизова Красная";"0,0";"3,0";"2,0";"3,0";
"503,0";"01,04,2019";"Невский";"";"Столкновение";"";"0";"0";"г Санкт-Петербург пр-кт Шлиссельбургский 36 корпус 1";"0,0";"3,0";"2,0";"4,0";
"504,0";"01,04,2019";"Центральный";"";"Столкновение";"";"0";"0";"г Санкт-Петербург пр-кт Невский ул, Михайловская";"0,0";"2,0";"3,0";"4,0";
"505,0";"01,04,2019";"Курортный";"";"Наезд на препятствие";"Зеленогорское шоссе";"2";"730";"г Санкт-Петербург  ";"0,0";"1,0";"1,0";"1,0";
"506,0";"01,04,2019";"Центральный";"";"Наезд на пешехода";"";"0";"0";"г Санкт-Петербург пр-кт Невский 41";"0,0";"1,0";"1,0";"2,0";
"507,0";"01,04,2019";"Невский";"";"Наезд на пешехода";"";"0";"0";"г Санкт-Петербург  ";"0,0";"1,0";"1,0";"2,0";
"508,0";"01,04,2019";"Московский";"";"Столкновение";"";"0";"0";"г Санкт-Петербург ш Пулковское 109";"0,0";"1,0";"5,0";"5,0";
"509,0";"01,04,2019";"Невский";"";"Столкновение";"";"0";"0";"г Санкт-Петербург ул Цимбалина 54";"0,0";"1,0";"2,0";"2,0";
"510,0";"01,04,2019";"Петродворцовый";"";"Столкновение";"";"0";"0";"г Петергоф ш Санкт-Петербургское РОПШИНСКОЕ Ш";"0,0";"2,0";"2,0";"4,0";
"511,0";"01,04,2019";"Калининский";"";"Наезд на пешехода";"";"0";"0";"г Санкт-Петербург пр-кт Гражданский 111";"0,0";"1,0";"1,0";"2,0";
"512,0";"01,04,2019";"Невский";"";"Наезд на пешехода";"";"0";"0";"г Санкт-Петербург ул Дмитрия Устинова 11";"0,0";"1,0";"1,0";"2,0";
"513,0";"01,04,2019";"Пушкинский";"";"Наезд на пешехода";"";"0";"0";"г Пушкин ул Сетевая 9";"0,0";"1,0";"1,0";"2,0";