"1,0";"28,02,2019";"Калининский";"";"Столкновение";"";"0";"0";"г Санкт-Петербург наб Свердловская 34";"0,0";"1,0";"2,0";"3,0";
"3,0";"28,02,2019";"Кировский";"";"Наезд на пешехода";"";"0";"0";"г Санкт-Петербург ул Краснопутиловская 20";"1,0";"0,0";"1,0";"2,0";
"4,0";"28,02,2019";"Курортный";"";"Наезд на пешехода";"";"0";"0";"г Зеленогорск ш Приморское Липовая";"0,0";"1,0";"1,0";"2,0";
"5,0";"28,02,2019";"Приморский";"";"Наезд на препятствие";"А-118 Кольцевая автомобильная дорога вокруг Санкт-Петербурга";"0";"97";"г Санкт-Петербург  ";"0,0";"1,0";"1,0";"1,0";
"6,0";"28,02,2019";"Калининский";"";"Наезд на внезапно возникшее препятствие";"";"0";"0";"г Санкт-Петербург пр-кт Просвещения 86к1";"0,0";"1,0";"1,0";"2,0";
"7,0";"28,02,2019";"Невский";"";"Наезд на стоящее ТС";"";"0";"0";"г Санкт-Петербург  ";"0,0";"1,0";"5,0";"4,0";
"8,0";"28,02,2019";"Московский";"";"Столкновение";"";"0";"0";"г Санкт-Петербург ул Воздухоплавательная Лиговский пр,";"0,0";"1,0";"3,0";"3,0";
"9,0";"28,02,2019";"Петродворцовый";"";"Наезд на пешехода";"";"0";"0";"г Ломоносов пр-кт Дворцовый 39";"0,0";"1,0";"1,0";"2,0";
"10,0";"28,02,2019";"Центральный";"";"Наезд на пешехода";"";"0";"0";"г Санкт-Петербург ул Новгородская ул, Моисеенко";"0,0";"1,0";"1,0";"2,0";
"11,0";"28,02,2019";"Выборгский";"";"Столкновение";"";"0";"0";"г Санкт-Петербург ул Кантемировская Гриболевой";"0,0";"1,0";"2,0";"2,0";
"12,0";"28,02,2019";"Калининский";"";"Наезд на препятствие";"";"0";"0";"г Санкт-Петербург наб Свердловская 18н";"0,0";"1,0";"1,0";"1,0";
"13,0";"28,02,2019";"Красногвардейский";"";"Наезд на стоящее ТС";"";"0";"0";"г Санкт-Петербург пр-кт Заневский 2 8";"0,0";"1,0";"2,0";"2,0";
"14,0";"28,02,2019";"Невский";"";"Наезд на пешехода";"";"0";"0";"г Санкт-Петербург пр-кт Товарищеский 28 корп, 1";"0,0";"1,0";"1,0";"2,0";
"15,0";"28,02,2019";"Петроградский";"";"Столкновение";"";"0";"0";"г Санкт-Петербург пр-кт Чкаловский 18";"0,0";"1,0";"2,0";"2,0";
"16,0";"28,02,2019";"Пушкинский";"";"Столкновение";"";"0";"0";"п Шушары ул Ростовская (Славянка) 4 корп, 4, лит, А";"0,0";"2,0";"2,0";"2,0";
"17,0";"28,02,2019";"Адмиралтейский";"";"Наезд на пешехода";"";"0";"0";"г Санкт-Петербург ул Ефимова 4";"0,0";"1,0";"1,0";"2,0";
"18,0";"28,02,2019";"Выборгский";"";"Наезд на препятствие";"А-118 Кольцевая автомобильная дорога вокруг Санкт-Петербурга";"11";"700";"г Санкт-Петербург  ";"2,0";"0,0";"1,0";"2,0";
"19,0";"28,02,2019";"Калининский";"";"Столкновение";"";"0";"0";"г Санкт-Петербург пр-кт Лесной 32";"0,0";"5,0";"3,0";"7,0";
"20,0";"27,02,2019";"Красногвардейский";"";"Падение пассажира";"";"0";"0";"г Санкт-Петербург ул Осипенко 2";"0,0";"1,0";"1,0";"2,0";
"21,0";"27,02,2019";"Василеостровский";"";"Столкновение";"";"0";"0";"г Санкт-Петербург наб Морская 41";"0,0";"1,0";"3,0";"3,0";
"22,0";"27,02,2019";"Невский";"";"Столкновение";"";"0";"0";"г Санкт-Петербург ул Тельмана 44";"0,0";"1,0";"2,0";"3,0";
"23,0";"27,02,2019";"Красносельский";"";"Наезд на пешехода";"";"0";"0";"г Красное Село пр-кт Красных Командиров 67";"1,0";"0,0";"1,0";"2,0";
"24,0";"27,02,2019";"Калининский";"";"Наезд на пешехода";"";"0";"0";"г Санкт-Петербург пр-кт Науки 47к2";"0,0";"1,0";"1,0";"2,0";
"25,0";"27,02,2019";"Василеостровский";"";"Падение пассажира";"";"0";"0";"г Санкт-Петербург линия 1-я В,О, 40";"0,0";"2,0";"1,0";"3,0";
"26,0";"27,02,2019";"Калининский";"";"Наезд на пешехода";"";"0";"0";"г Санкт-Петербург  ";"0,0";"1,0";"1,0";"2,0";
"27,0";"27,02,2019";"Адмиралтейский";"";"Наезд на пешехода";"";"0";"0";"г Санкт-Петербург ул Глинки 2";"0,0";"1,0";"1,0";"2,0";
"28,0";"27,02,2019";"Московский";"";"Наезд на пешехода";"";"0";"0";"г Санкт-Петербург ул Благодатная 36";"0,0";"1,0";"1,0";"2,0";
"29,0";"27,02,2019";"Московский";"";"Наезд на пешехода";"";"0";"0";"г Санкт-Петербург  ";"0,0";"1,0";"1,0";"2,0";
"30,0";"27,02,2019";"Василеостровский";"";"Падение пассажира";"";"0";"0";"г Санкт-Петербург ул Наличная 49";"0,0";"1,0";"1,0";"2,0";
"31,0";"27,02,2019";"Невский";"";"Наезд на стоящее ТС";"";"0";"0";"г Санкт-Петербург пр-кт Большевиков 10 к1";"0,0";"2,0";"4,0";"4,0";
"32,0";"27,02,2019";"Приморский";"";"Падение пассажира";"";"0";"0";"г Санкт-Петербург пр-кт Коломяжский 17 к,1";"0,0";"1,0";"1,0";"2,0";
"33,0";"27,02,2019";"Приморский";"";"Наезд на препятствие";"";"0";"0";"г Санкт-Петербург пр-кт Лахтинский 87";"0,0";"1,0";"1,0";"1,0";
"34,0";"27,02,2019";"Пушкинский";"";"Наезд на пешехода";"";"0";"0";"г Пушкин ул Новодеревенская 8";"0,0";"1,0";"1,0";"2,0";
"35,0";"27,02,2019";"Красногвардейский";"";"Столкновение";"";"0";"0";"г Санкт-Петербург пл Красногвардейская 5";"0,0";"1,0";"2,0";"2,0";
"36,0";"27,02,2019";"Красногвардейский";"";"Столкновение";"А-118 Кольцевая автомобильная дорога вокруг Санкт-Петербурга";"36";"650";"г Санкт-Петербург  ";"0,0";"1,0";"2,0";"2,0";
"37,0";"27,02,2019";"Красносельский";"";"Столкновение";"";"0";"0";"г Санкт-Петербург пр-кт Ленинский 57 к,1";"0,0";"1,0";"2,0";"2,0";
"38,0";"26,02,2019";"Адмиралтейский";"";"Наезд на пешехода";"";"0";"0";"г Санкт-Петербург ул 1-я Красноармейская 15 лит а";"0,0";"1,0";"1,0";"2,0";
"39,0";"26,02,2019";"Калининский";"";"Наезд на пешехода";"";"0";"0";"г Санкт-Петербург ул Демьяна Бедного 30 к,1";"0,0";"1,0";"1,0";"2,0";
"40,0";"26,02,2019";"Красносельский";"";"Наезд на пешехода";"";"0";"0";"г Санкт-Петербург ул Партизана Германа 5";"0,0";"1,0";"1,0";"2,0";
"41,0";"26,02,2019";"Приморский";"";"Столкновение";"";"0";"0";"г Санкт-Петербург ул Сердобольская 7";"0,0";"1,0";"3,0";"3,0";
"42,0";"26,02,2019";"Кировский";"";"Столкновение";"";"0";"0";"г Санкт-Петербург ул Краснопутиловская 65";"0,0";"1,0";"3,0";"3,0";
"43,0";"26,02,2019";"Московский";"";"Столкновение";"";"0";"0";"г Санкт-Петербург ш Московское 23";"0,0";"1,0";"2,0";"2,0";
"44,0";"26,02,2019";"Московский";"";"Столкновение";"Западный скоростной диаметр";"42";"800";"г Санкт-Петербург  ";"0,0";"3,0";"3,0";"4,0";
"45,0";"26,02,2019";"Адмиралтейский";"";"Столкновение";"";"0";"0";"г Санкт-Петербург наб Реки Фонтанки 92";"0,0";"1,0";"2,0";"3,0";
"46,0";"26,02,2019";"Выборгский";"";"Наезд на пешехода";"";"0";"0";"г Санкт-Петербург пр-кт Раевского 16";"0,0";"1,0";"1,0";"2,0";
"47,0";"26,02,2019";"Адмиралтейский";"";"Иной вид ДТП";"";"0";"0";"г Санкт-Петербург пр-кт Московский 28";"0,0";"1,0";"1,0";"1,0";
"48,0";"26,02,2019";"Красногвардейский";"";"Столкновение";"";"0";"0";"г Санкт-Петербург ул Бокситогорская 24А";"0,0";"1,0";"2,0";"2,0";
"49,0";"26,02,2019";"Калининский";"";"Наезд на пешехода";"";"0";"0";"г Санкт-Петербург пр-кт Луначарского 90 кор, 1";"0,0";"1,0";"1,0";"2,0";
"50,0";"26,02,2019";"Невский";"";"Наезд на пешехода";"";"0";"0";"г Санкт-Петербург ул Подвойского 20 корп,1";"0,0";"1,0";"1,0";"2,0";
"51,0";"26,02,2019";"Красносельский";"";"Наезд на пешехода";"";"0";"0";"г Санкт-Петербург пр-кт Ленинский 88";"0,0";"1,0";"1,0";"2,0";
"52,0";"26,02,2019";"Колпинский";"";"Наезд на пешехода";"";"0";"0";"г Колпино ул Красная 1";"0,0";"1,0";"1,0";"2,0";
"53,0";"26,02,2019";"Невский";"";"Столкновение";"";"0";"0";"г Санкт-Петербург ул Тельмана 36 корп,1";"0,0";"1,0";"3,0";"4,0";
"54,0";"25,02,2019";"Красногвардейский";"";"Падение пассажира";"";"0";"0";"г Санкт-Петербург пр-кт Новочеркасский 36";"0,0";"1,0";"1,0";"2,0";
"55,0";"25,02,2019";"Центральный";"";"Наезд на пешехода";"";"0";"0";"г Санкт-Петербург пр-кт Лиговский 55";"0,0";"1,0";"1,0";"2,0";
"56,0";"25,02,2019";"Курортный";"";"Наезд на препятствие";"";"0";"0";"г Санкт-Петербург ш Зеленогорское 11 км 900";"0,0";"2,0";"1,0";"2,0";
"57,0";"25,02,2019";"Невский";"";"Наезд на пешехода";"";"0";"0";"г Санкт-Петербург ул Подвойского 35";"0,0";"1,0";"1,0";"2,0";
"58,0";"25,02,2019";"Приморский";"";"Столкновение";"";"0";"0";"г Санкт-Петербург ул Оптиков Планерная ул,";"0,0";"1,0";"2,0";"2,0";
"59,0";"25,02,2019";"Калининский";"";"Наезд на пешехода";"";"0";"0";"г Санкт-Петербург  ";"0,0";"1,0";"1,0";"2,0";
"60,0";"25,02,2019";"Выборгский";"";"Столкновение";"";"0";"0";"г Санкт-Петербург аллея Придорожная 9к1";"0,0";"1,0";"2,0";"3,0";
"61,0";"25,02,2019";"Фрунзенский";"";"Наезд на стоящее ТС";"";"0";"0";"г Санкт-Петербург ул Софийская 55";"0,0";"1,0";"4,0";"4,0";
"62,0";"25,02,2019";"Выборгский";"";"Съезд с дороги";"";"0";"0";"п Парголово ш Юкковское (Осиновая Роща) 12 по Приозерскому ш";"0,0";"1,0";"1,0";"2,0";
"63,0";"25,02,2019";"Выборгский";"";"Наезд на пешехода";"";"0";"0";"г Санкт-Петербург  ";"0,0";"1,0";"1,0";"2,0";
"64,0";"25,02,2019";"Красносельский";"";"Столкновение";"";"0";"0";"г Санкт-Петербург пр-кт Ленинский Кузнецова";"0,0";"1,0";"2,0";"3,0";
"65,0";"25,02,2019";"Московский";"";"Наезд на стоящее ТС";"";"0";"0";"г Санкт-Петербург пл Победы 2";"0,0";"1,0";"2,0";"3,0";
"66,0";"25,02,2019";"Центральный";"";"Столкновение";"";"0";"0";"г Санкт-Петербург пр-кт Невский 98";"0,0";"1,0";"2,0";"2,0";
"67,0";"25,02,2019";"Петроградский";"";"Наезд на пешехода";"";"0";"0";"г Санкт-Петербург ул Малая Зеленина 6";"0,0";"1,0";"1,0";"2,0";
"68,0";"25,02,2019";"Красногвардейский";"";"Наезд на пешехода";"";"0";"0";"г Санкт-Петербург пр-кт Индустриальный 40";"1,0";"0,0";"1,0";"2,0";
"69,0";"24,02,2019";"Кировский";"";"Столкновение";"";"0";"0";"г Санкт-Петербург пр-кт Стачек Краснопутиловская";"0,0";"1,0";"2,0";"3,0";
"70,0";"24,02,2019";"Выборгский";"";"Наезд на пешехода";"";"0";"0";"г Санкт-Петербург  ";"0,0";"1,0";"1,0";"2,0";
"71,0";"24,02,2019";"Невский";"";"Столкновение";"";"0";"0";"г Санкт-Петербург ул Караваевская 18";"0,0";"1,0";"2,0";"2,0";
"72,0";"24,02,2019";"Московский";"";"Столкновение";"";"0";"0";"г Санкт-Петербург пр-кт Московский Благодатная ул,";"0,0";"1,0";"3,0";"4,0";
"73,0";"24,02,2019";"Приморский";"";"Столкновение";"";"0";"0";"г Санкт-Петербург пр-кт Авиаконструкторов 31к1";"0,0";"2,0";"2,0";"3,0";
"74,0";"24,02,2019";"Невский";"";"Столкновение";"";"0";"0";"г Санкт-Петербург пр-кт Дальневосточный 48";"0,0";"1,0";"2,0";"3,0";
"75,0";"24,02,2019";"Василеостровский";"";"Столкновение";"";"0";"0";"г Санкт-Петербург пр-кт Большой В,О, 39";"0,0";"1,0";"2,0";"3,0";
"76,0";"24,02,2019";"Приморский";"";"Столкновение";"";"0";"0";"г Санкт-Петербург ул Торжковская 32";"0,0";"2,0";"2,0";"3,0";
"77,0";"24,02,2019";"Колпинский";"";"Столкновение";"";"0";"0";"п Петро-Славянка ул Софийская 127";"0,0";"1,0";"2,0";"3,0";
"78,0";"24,02,2019";"Красногвардейский";"";"Наезд на пешехода";"";"0";"0";"г Санкт-Петербург  ";"0,0";"1,0";"1,0";"2,0";
"79,0";"24,02,2019";"Центральный";"";"Столкновение";"";"0";"0";"г Санкт-Петербург пр-кт Невский 55";"2,0";"3,0";"3,0";"8,0";
"80,0";"24,02,2019";"Петродворцовый";"";"Наезд на пешехода";"";"0";"0";"г Петергоф ул Разводная 5 1";"0,0";"1,0";"1,0";"2,0";
"81,0";"24,02,2019";"Невский";"";"Наезд на велосипедиста";"";"0";"0";"г Санкт-Петербург пр-кт Российский 5";"0,0";"1,0";"2,0";"2,0";
"82,0";"24,02,2019";"Приморский";"";"Столкновение";"Западный скоростной диаметр";"25";"700";"г Санкт-Петербург  ";"0,0";"1,0";"2,0";"3,0";
"83,0";"24,02,2019";"Петроградский";"";"Наезд на пешехода";"";"0";"0";"г Санкт-Петербург  ";"0,0";"1,0";"1,0";"2,0";
"84,0";"24,02,2019";"Московский";"";"Столкновение";"";"0";"0";"г Санкт-Петербург ул Типанова 27 39";"0,0";"1,0";"2,0";"3,0";
"85,0";"24,02,2019";"Невский";"";"Столкновение";"";"0";"0";"г Санкт-Петербург наб Октябрьская 68";"0,0";"1,0";"4,0";"5,0";
"86,0";"23,02,2019";"Невский";"";"Столкновение";"";"0";"0";"г Санкт-Петербург ул Народная 100";"0,0";"1,0";"2,0";"3,0";
"87,0";"23,02,2019";"Красногвардейский";"";"Наезд на стоящее ТС";"";"0";"0";"г Санкт-Петербург пр-кт Заневский 65 корр,5";"0,0";"2,0";"4,0";"5,0";
"88,0";"23,02,2019";"Московский";"";"Наезд на пешехода";"";"0";"0";"г Санкт-Петербург ул Варшавская 75";"0,0";"1,0";"1,0";"2,0";
"89,0";"23,02,2019";"Красносельский";"";"Наезд на препятствие";"А-118 Кольцевая автомобильная дорога вокруг Санкт-Петербурга";"78";"900";"г Санкт-Петербург  ";"0,0";"1,0";"1,0";"2,0";
"90,0";"23,02,2019";"Калининский";"";"Наезд на пешехода";"";"0";"0";"г Санкт-Петербург пр-кт Мечникова 3";"0,0";"1,0";"1,0";"2,0";
"91,0";"23,02,2019";"Московский";"";"Наезд на препятствие";"";"0";"0";"г Санкт-Петербург ш Пулковское 92";"0,0";"2,0";"1,0";"2,0";
"92,0";"23,02,2019";"Пушкинский";"";"Наезд на препятствие";"";"0";"0";"г Пушкин ш Красносельское 67";"0,0";"1,0";"1,0";"1,0";
"93,0";"23,02,2019";"Приморский";"";"Столкновение";"";"0";"0";"г Санкт-Петербург пр-кт Комендантский 21";"0,0";"1,0";"2,0";"3,0";
"94,0";"23,02,2019";"Невский";"";"Падение пассажира";"";"0";"0";"г Санкт-Петербург ул Латышских Стрелков 13, корп,1";"0,0";"1,0";"1,0";"2,0";
"95,0";"23,02,2019";"Невский";"";"Наезд на пешехода";"";"0";"0";"г Санкт-Петербург ул Дыбенко 32 к 1";"0,0";"1,0";"1,0";"2,0";
"96,0";"23,02,2019";"Центральный";"";"Наезд на пешехода";"";"0";"0";"г Санкт-Петербург ул Итальянская садовая";"0,0";"1,0";"1,0";"2,0";
"97,0";"23,02,2019";"Василеостровский";"";"Столкновение";"";"0";"0";"г Санкт-Петербург наб Реки Смоленки 14";"0,0";"1,0";"2,0";"2,0";
"98,0";"23,02,2019";"Центральный";"";"Столкновение";"";"0";"0";"г Санкт-Петербург наб Реки Фонтанки 57";"0,0";"1,0";"2,0";"3,0";
"99,0";"23,02,2019";"Калининский";"";"Наезд на пешехода";"";"0";"0";"г Санкт-Петербург  ";"0,0";"1,0";"1,0";"2,0";
"100,0";"23,02,2019";"Фрунзенский";"";"Наезд на стоящее ТС";"";"0";"0";"г Санкт-Петербург ул Бухарестская 3 ул, Белы Куна";"0,0";"1,0";"4,0";"4,0";
"101,0";"22,02,2019";"Адмиралтейский";"";"Наезд на пешехода";"";"0";"0";"г Санкт-Петербург наб Обводного канала 173";"0,0";"1,0";"1,0";"2,0";
"102,0";"22,02,2019";"Василеостровский";"";"Наезд на пешехода";"";"0";"0";"г Санкт-Петербург линия 27-я В,О, 2";"0,0";"1,0";"1,0";"2,0";
"103,0";"22,02,2019";"Московский";"";"Столкновение";"";"0";"0";"г Санкт-Петербург пр-кт Новоизмайловский 34 кор,2";"0,0";"3,0";"2,0";"4,0";
"104,0";"22,02,2019";"Красносельский";"";"Наезд на препятствие";"";"0";"0";"г Красное Село пр-кт Ленина 51";"0,0";"1,0";"1,0";"1,0";
"105,0";"22,02,2019";"Пушкинский";"";"Наезд на пешехода";"";"0";"0";"п Шушары тер Московская Славянка 17А";"1,0";"0,0";"2,0";"2,0";
"106,0";"22,02,2019";"Калининский";"";"Наезд на пешехода";"";"0";"0";"г Санкт-Петербург пр-кт Кондратьевский 66 КОР 2";"0,0";"1,0";"1,0";"2,0";
"107,0";"22,02,2019";"Петродворцовый";"";"Столкновение";"";"0";"0";"г Петергоф ул Братьев Горкушенко 28";"0,0";"1,0";"2,0";"2,0";
"108,0";"22,02,2019";"Петроградский";"";"Наезд на пешехода";"";"0";"0";"г Санкт-Петербург ул Большая Пушкарская 5";"0,0";"1,0";"1,0";"2,0";
"109,0";"22,02,2019";"Выборгский";"";"Столкновение";"";"0";"0";"г Санкт-Петербург пр-кт Светлановский 11";"0,0";"1,0";"2,0";"3,0";
"110,0";"21,02,2019";"Фрунзенский";"";"Наезд на пешехода";"";"0";"0";"г Санкт-Петербург наб Обводного канала 64";"0,0";"1,0";"1,0";"2,0";
"111,0";"21,02,2019";"Красногвардейский";"";"Наезд на пешехода";"";"0";"0";"г Санкт-Петербург пр-кт Ударников 56, корп,1";"0,0";"1,0";"1,0";"2,0";
"112,0";"21,02,2019";"Невский";"";"Столкновение";"";"0";"0";"г Санкт-Петербург наб Октябрьская 38 корп,3";"0,0";"2,0";"2,0";"2,0";
"113,0";"21,02,2019";"Выборгский";"";"Наезд на пешехода";"";"0";"0";"г Санкт-Петербург пр-кт Финляндский 1";"0,0";"1,0";"1,0";"2,0";
"114,0";"21,02,2019";"Красносельский";"";"Столкновение";"";"0";"0";"г Санкт-Петербург ш Таллинское (Старо-Паново) 79";"0,0";"1,0";"4,0";"4,0";
"115,0";"21,02,2019";"Адмиралтейский";"";"Столкновение";"";"0";"0";"г Санкт-Петербург наб Обводного канала 193";"0,0";"1,0";"2,0";"3,0";
"116,0";"21,02,2019";"Невский";"";"Столкновение";"";"0";"0";"г Санкт-Петербург пр-кт Российский 2";"0,0";"1,0";"2,0";"2,0";
"117,0";"21,02,2019";"Приморский";"";"Столкновение";"";"0";"0";"г Санкт-Петербург пр-кт Испытателей Сизова пр,";"0,0";"1,0";"2,0";"3,0";
"118,0";"21,02,2019";"Кировский";"";"Наезд на пешехода";"";"0";"0";"г Санкт-Петербург пр-кт Ветеранов 3к1";"0,0";"1,0";"1,0";"2,0";
"119,0";"21,02,2019";"Приморский";"";"Столкновение";"";"0";"0";"г Санкт-Петербург ул Аэродромная 4";"0,0";"1,0";"4,0";"3,0";
"120,0";"21,02,2019";"Невский";"";"Наезд на пешехода";"";"0";"0";"г Санкт-Петербург ул Коллонтай 47кор,1";"0,0";"1,0";"1,0";"2,0";
"121,0";"21,02,2019";"Петроградский";"";"Наезд на пешехода";"";"0";"0";"г Санкт-Петербург пр-кт Каменноостровский 44 16";"0,0";"1,0";"1,0";"2,0";
"122,0";"21,02,2019";"Курортный";"";"Столкновение";"Зеленогорское шоссе";"2";"965";"г Санкт-Петербург  ";"0,0";"1,0";"3,0";"3,0";
"123,0";"21,02,2019";"Выборгский";"";"Столкновение";"";"0";"0";"г Санкт-Петербург пр-кт Энгельса 151к1";"0,0";"1,0";"2,0";"2,0";
"124,0";"21,02,2019";"Пушкинский";"";"Наезд на пешехода";"";"0";"0";"г Пушкин ш Киевское Красносельское ш";"0,0";"1,0";"2,0";"2,0";
"125,0";"21,02,2019";"Приморский";"";"Столкновение";"";"0";"0";"г Санкт-Петербург пр-кт Коломяжский пр, Испытателей";"0,0";"1,0";"2,0";"3,0";
"126,0";"21,02,2019";"Фрунзенский";"";"Столкновение";"";"0";"0";"г Санкт-Петербург ул Софийская 30";"1,0";"2,0";"2,0";"3,0";
"127,0";"20,02,2019";"Петроградский";"";"Падение пассажира";"";"0";"0";"г Санкт-Петербург пр-кт Большой П,С, 14";"0,0";"1,0";"2,0";"3,0";
"128,0";"20,02,2019";"Курортный";"";"Столкновение";"";"0";"0";"г Сестрорецк ш Приморское 202";"0,0";"3,0";"2,0";"5,0";
"129,0";"20,02,2019";"Красносельский";"";"Столкновение";"";"0";"0";"г Санкт-Петербург пр-кт Ветеранов 117";"0,0";"1,0";"2,0";"2,0";
"130,0";"20,02,2019";"Красногвардейский";"";"Столкновение";"";"0";"0";"г Санкт-Петербург пр-кт Косыгина 28";"0,0";"1,0";"2,0";"2,0";
"131,0";"20,02,2019";"Центральный";"";"Столкновение";"";"0";"0";"г Санкт-Петербург пр-кт Литейный 36";"0,0";"1,0";"3,0";"4,0";
"132,0";"20,02,2019";"Выборгский";"";"Наезд на пешехода";"";"0";"0";"п Парголово ш Выборгское Шишкина ул,";"0,0";"1,0";"1,0";"2,0";
"133,0";"20,02,2019";"Красносельский";"";"Падение пассажира";"";"0";"0";"г Санкт-Петербург ул Партизана Германа Петергофское";"0,0";"1,0";"1,0";"2,0";
"134,0";"20,02,2019";"Красносельский";"";"Наезд на пешехода";"";"0";"0";"г Санкт-Петербург ул Авангардная 14";"0,0";"1,0";"2,0";"3,0";
"135,0";"20,02,2019";"Невский";"";"Столкновение";"";"0";"0";"г Санкт-Петербург пр-кт Советский (Усть-Славянка) 39";"0,0";"1,0";"2,0";"3,0";
"136,0";"20,02,2019";"Московский";"";"Наезд на пешехода";"";"0";"0";"г Санкт-Петербург пр-кт Московский Авиационная ул,";"1,0";"1,0";"1,0";"3,0";
"137,0";"20,02,2019";"Выборгский";"";"Столкновение";"";"0";"0";"г Санкт-Петербург пр-кт 2-й Муринский 11";"0,0";"1,0";"3,0";"3,0";
"138,0";"20,02,2019";"Невский";"";"Наезд на препятствие";"";"0";"0";"г Санкт-Петербург пр-кт Дальневосточный 61";"0,0";"1,0";"1,0";"1,0";
"139,0";"20,02,2019";"Калининский";"";"Наезд на стоящее ТС";"";"0";"0";"г Санкт-Петербург ул Бестужевская 31";"0,0";"4,0";"2,0";"6,0";
"140,0";"20,02,2019";"Кировский";"";"Наезд на пешехода";"";"0";"0";"г Санкт-Петербург пр-кт Дачный 10к1";"0,0";"1,0";"1,0";"2,0";
"141,0";"20,02,2019";"Центральный";"";"Столкновение";"";"0";"0";"г Санкт-Петербург наб Обводного канала 57";"0,0";"1,0";"4,0";"3,0";
"142,0";"20,02,2019";"Выборгский";"";"Столкновение";"";"0";"0";"г Санкт-Петербург пр-кт Лесной 36 А";"0,0";"1,0";"3,0";"2,0";
"143,0";"20,02,2019";"Выборгский";"";"Столкновение";"";"0";"0";"г Санкт-Петербург пр-кт Энгельса 158 к,4";"0,0";"5,0";"3,0";"5,0";
"144,0";"20,02,2019";"Фрунзенский";"";"Наезд на пешехода";"";"0";"0";"г Санкт-Петербург ул Софийская 62 А напротив";"0,0";"1,0";"1,0";"2,0";
"145,0";"20,02,2019";"Калининский";"";"Столкновение";"";"0";"0";"г Санкт-Петербург ул Арсенальная 27 литер, А";"0,0";"3,0";"2,0";"4,0";
"146,0";"20,02,2019";"Приморский";"";"Столкновение";"";"0";"0";"г Санкт-Петербург пр-кт Авиаконструкторов Шуваловский пр,";"0,0";"1,0";"2,0";"2,0";
"147,0";"19,02,2019";"Приморский";"";"Столкновение";"";"0";"0";"г Санкт-Петербург ул Вербная Афонская";"0,0";"1,0";"2,0";"3,0";
"148,0";"19,02,2019";"Курортный";"";"Столкновение";"";"0";"0";"г Зеленогорск ш Зеленогорское пр,Ленина д,44";"0,0";"1,0";"2,0";"2,0";
"149,0";"19,02,2019";"Пушкинский";"";"Столкновение";"А-118 Кольцевая автомобильная дорога вокруг Санкт-Петербурга";"75";"500";"г Санкт-Петербург  ";"0,0";"1,0";"2,0";"2,0";
"150,0";"19,02,2019";"Фрунзенский";"";"Падение пассажира";"";"0";"0";"г Санкт-Петербург ул Бухарестская 39";"0,0";"1,0";"1,0";"2,0";
"151,0";"19,02,2019";"Курортный";"";"Столкновение";"";"0";"0";"г Зеленогорск пр-кт Ленина 44";"0,0";"1,0";"2,0";"2,0";
"152,0";"19,02,2019";"Фрунзенский";"";"Наезд на пешехода";"";"0";"0";"г Санкт-Петербург ул Купчинская 19";"0,0";"1,0";"1,0";"2,0";
"153,0";"19,02,2019";"Московский";"";"Наезд на пешехода";"";"0";"0";"г Санкт-Петербург ул Варшавская Бассенйая ул,";"0,0";"1,0";"2,0";"3,0";
"154,0";"19,02,2019";"Кировский";"";"Наезд на пешехода";"";"0";"0";"г Санкт-Петербург пр-кт Дачный 24к2";"0,0";"1,0";"1,0";"2,0";
"155,0";"19,02,2019";"Невский";"";"Столкновение";"";"0";"0";"г Санкт-Петербург пр-кт Рыбацкий 18";"0,0";"1,0";"5,0";"3,0";
"156,0";"19,02,2019";"Центральный";"";"Наезд на пешехода";"";"0";"0";"г Санкт-Петербург пр-кт Суворовский 3";"0,0";"1,0";"1,0";"2,0";
"157,0";"19,02,2019";"Петродворцовый";"";"Наезд на пешехода";"";"0";"0";"г Ломоносов пр-кт Дворцовый 22А";"0,0";"1,0";"1,0";"2,0";
"158,0";"19,02,2019";"Пушкинский";"";"Столкновение";"";"0";"0";"п Шушары ул Софийская 96";"0,0";"1,0";"2,0";"2,0";
"159,0";"19,02,2019";"Красносельский";"";"Наезд на пешехода";"";"0";"0";"г Санкт-Петербург ул Адмирала Трибуца ул, А, Коновалова";"0,0";"1,0";"1,0";"2,0";
"160,0";"19,02,2019";"Петродворцовый";"";"Наезд на пешехода";"";"0";"0";"п Стрельна ш Санкт-Петербургское 46";"0,0";"1,0";"1,0";"2,0";
"161,0";"19,02,2019";"Курортный";"";"Столкновение";"";"0";"0";"п Солнечное  ";"0,0";"1,0";"2,0";"2,0";
"162,0";"19,02,2019";"Калининский";"";"Наезд на пешехода";"";"0";"0";"г Санкт-Петербург пр-кт Науки 17 к,2";"0,0";"1,0";"1,0";"2,0";
"163,0";"19,02,2019";"Центральный";"";"Наезд на пешехода";"";"0";"0";"г Санкт-Петербург пр-кт Невский 27";"1,0";"0,0";"1,0";"2,0";
"164,0";"19,02,2019";"Центральный";"";"Наезд на пешехода";"";"0";"0";"г Санкт-Петербург ул Гончарная 12";"0,0";"1,0";"1,0";"2,0";
"165,0";"19,02,2019";"Невский";"";"Падение пассажира";"";"0";"0";"г Санкт-Петербург пр-кт Советский (Усть-Славянка) 32";"0,0";"1,0";"1,0";"2,0";
"166,0";"18,02,2019";"Приморский";"";"Наезд на пешехода";"";"0";"0";"г Санкт-Петербург пр-кт Коломяжский 13";"0,0";"1,0";"1,0";"2,0";
"167,0";"18,02,2019";"Василеостровский";"";"Наезд на пешехода";"";"0";"0";"г Санкт-Петербург линия 10-я В,О, 49 А";"0,0";"1,0";"1,0";"2,0";
"168,0";"18,02,2019";"Приморский";"";"Наезд на пешехода";"";"0";"0";"г Санкт-Петербург пр-кт Испытателей Коломяжский пр,";"0,0";"1,0";"1,0";"2,0";
"169,0";"18,02,2019";"Московский";"";"Наезд на пешехода";"";"0";"0";"г Санкт-Петербург проезд 4-й Предпортовый 5";"0,0";"1,0";"1,0";"2,0";
"170,0";"18,02,2019";"Фрунзенский";"";"Столкновение";"";"0";"0";"г Санкт-Петербург пр-кт Лиговский 226 7";"0,0";"1,0";"2,0";"3,0";
"171,0";"18,02,2019";"Красносельский";"";"Падение пассажира";"";"0";"0";"г Санкт-Петербург ул Доблести Петергофское ш,";"0,0";"1,0";"1,0";"2,0";
"172,0";"18,02,2019";"Василеостровский";"";"Столкновение";"";"0";"0";"г Санкт-Петербург ул Кораблестроителей 8 ПО НОВОСМОЛЕНСКОЙ";"0,0";"1,0";"2,0";"3,0";
"173,0";"18,02,2019";"Петроградский";"";"Наезд на пешехода";"";"0";"0";"г Санкт-Петербург ул Профессора Попова 37щ";"0,0";"1,0";"1,0";"2,0";
"174,0";"18,02,2019";"Выборгский";"";"Наезд на пешехода";"";"0";"0";"г Санкт-Петербург ул Асафьева Композиторов";"0,0";"1,0";"1,0";"2,0";
"175,0";"18,02,2019";"Петроградский";"";"Столкновение";"";"0";"0";"г Санкт-Петербург наб Адмирала Лазарева 20";"0,0";"1,0";"3,0";"3,0";
"176,0";"18,02,2019";"Фрунзенский";"";"Столкновение";"";"0";"0";"г Санкт-Петербург пр-кт Лиговский 251";"0,0";"1,0";"2,0";"3,0";
"177,0";"18,02,2019";"Невский";"";"Наезд на пешехода";"";"0";"0";"г Санкт-Петербург ул Седова 13";"0,0";"1,0";"1,0";"2,0";
"178,0";"18,02,2019";"Пушкинский";"";"Столкновение";"";"0";"0";"п Шушары ш Московское 24";"0,0";"1,0";"3,0";"3,0";
"179,0";"18,02,2019";"Невский";"";"Наезд на пешехода";"";"0";"0";"г Санкт-Петербург  ";"0,0";"1,0";"1,0";"2,0";
"180,0";"18,02,2019";"Выборгский";"";"Столкновение";"";"0";"0";"г Санкт-Петербург пр-кт Энгельса 140";"0,0";"1,0";"3,0";"3,0";
"181,0";"18,02,2019";"Калининский";"";"Наезд на пешехода";"";"0";"0";"г Санкт-Петербург ул Лабораторная 20";"0,0";"1,0";"1,0";"2,0";
"182,0";"17,02,2019";"Невский";"";"Наезд на пешехода";"";"0";"0";"г Санкт-Петербург пр-кт Дальневосточный 60";"0,0";"1,0";"1,0";"2,0";
"183,0";"17,02,2019";"Кировский";"";"Наезд на пешехода";"";"0";"0";"г Санкт-Петербург пр-кт Ветеранов Ул,Г,Симоняка";"0,0";"1,0";"1,0";"2,0";
"184,0";"17,02,2019";"Красногвардейский";"";"Столкновение";"";"0";"0";"г Санкт-Петербург пр-кт Ириновский 41-1";"0,0";"1,0";"2,0";"2,0";
"185,0";"17,02,2019";"Пушкинский";"";"Наезд на пешехода";"";"0";"0";"г Пушкин ул Конюшенная 9 38";"0,0";"1,0";"1,0";"2,0";
"186,0";"17,02,2019";"Калининский";"";"Наезд на пешехода";"";"0";"0";"г Санкт-Петербург пр-кт Тихорецкий 17";"0,0";"1,0";"1,0";"2,0";
"187,0";"17,02,2019";"Красногвардейский";"";"Наезд на пешехода";"";"0";"0";"г Санкт-Петербург  ";"0,0";"1,0";"1,0";"2,0";
"188,0";"17,02,2019";"Пушкинский";"";"Наезд на пешехода";"";"0";"0";"г Павловск ул Берёзовая Детскосельская";"0,0";"1,0";"1,0";"2,0";
"189,0";"17,02,2019";"Выборгский";"";"Столкновение";"";"0";"0";"г Санкт-Петербург ш Выборгское 214";"0,0";"2,0";"2,0";"2,0";
"190,0";"17,02,2019";"Красносельский";"";"Наезд на пешехода";"";"0";"0";"г Санкт-Петербург ул Маршала Захарова 56";"0,0";"1,0";"1,0";"2,0";
"191,0";"17,02,2019";"Приморский";"";"Столкновение";"";"0";"0";"г Санкт-Петербург пр-кт Приморский 91(напротив)";"0,0";"2,0";"3,0";"5,0";
"192,0";"16,02,2019";"Василеостровский";"";"Наезд на стоящее ТС";"";"0";"0";"г Санкт-Петербург ул Шкиперский проток 14";"0,0";"1,0";"2,0";"2,0";
"193,0";"16,02,2019";"Кировский";"";"Столкновение";"";"0";"0";"г Санкт-Петербург пр-кт Ветеранов 98";"0,0";"1,0";"2,0";"2,0";
"194,0";"16,02,2019";"Василеостровский";"";"Столкновение";"";"0";"0";"г Санкт-Петербург ул Кораблестроителей 41";"0,0";"1,0";"2,0";"3,0";
"195,0";"16,02,2019";"Московский";"";"Наезд на пешехода";"";"0";"0";"г Санкт-Петербург ул Ленсовета 101";"0,0";"1,0";"1,0";"2,0";
"196,0";"16,02,2019";"Пушкинский";"";"Падение пассажира";"";"0";"0";"п Шушары ш Московское 185";"0,0";"1,0";"1,0";"2,0";
"197,0";"16,02,2019";"Выборгский";"";"Столкновение";"";"0";"0";"г Санкт-Петербург ул Кустодиева Просвещения пр,";"0,0";"3,0";"2,0";"3,0";
"198,0";"16,02,2019";"Московский";"";"Столкновение";"";"0";"0";"г Санкт-Петербург ш Московское 44";"0,0";"1,0";"2,0";"2,0";
"199,0";"16,02,2019";"Выборгский";"";"Наезд на пешехода";"";"0";"0";"п Парголово ул Михаила Дудина 12";"0,0";"1,0";"1,0";"2,0";
"200,0";"16,02,2019";"Адмиралтейский";"";"Столкновение";"";"0";"0";"г Санкт-Петербург ул Введенский канал 7";"0,0";"1,0";"2,0";"3,0";
"201,0";"16,02,2019";"Колпинский";"";"Столкновение";"";"0";"0";"п Понтонный ш Петрозаводское 35 по ул,Южной";"1,0";"4,0";"5,0";"8,0";
"202,0";"16,02,2019";"Петродворцовый";"";"Столкновение";"";"0";"0";"г Ломоносов ул Александровская ул,красного флотал,";"0,0";"2,0";"2,0";"2,0";
"203,0";"16,02,2019";"Московский";"";"Наезд на пешехода";"";"0";"0";"г Санкт-Петербург пл Конституции 7";"0,0";"1,0";"1,0";"2,0";
"204,0";"16,02,2019";"Выборгский";"";"Наезд на пешехода";"";"0";"0";"г Санкт-Петербург  ";"0,0";"1,0";"1,0";"2,0";
"205,0";"16,02,2019";"Петроградский";"";"Наезд на пешехода";"";"0";"0";"г Санкт-Петербург ул Ленина 45";"0,0";"1,0";"1,0";"2,0";
"206,0";"16,02,2019";"Колпинский";"";"Падение пассажира";"";"0";"0";"г Колпино пр-кт Ленина Радченко";"0,0";"1,0";"1,0";"2,0";
"207,0";"16,02,2019";"Пушкинский";"";"Наезд на пешехода";"";"0";"0";"г Павловск ш Павловское (Динамо) ";"0,0";"1,0";"1,0";"2,0";
"208,0";"16,02,2019";"Пушкинский";"";"Столкновение";"";"0";"0";"п Шушары пр-кт Витебский 1000м до Петербургск";"0,0";"1,0";"3,0";"3,0";
"209,0";"15,02,2019";"Кировский";"";"Наезд на пешехода";"";"0";"0";"г Санкт-Петербург пр-кт Ветеранов М,Жукова";"0,0";"1,0";"1,0";"2,0";
"210,0";"15,02,2019";"Кировский";"";"Падение пассажира";"";"0";"0";"г Санкт-Петербург пр-кт Стачек 101к3";"0,0";"1,0";"1,0";"2,0";
"211,0";"15,02,2019";"Василеостровский";"";"Наезд на пешехода";"";"0";"0";"г Санкт-Петербург линия 7-я В,О, 76";"0,0";"1,0";"1,0";"2,0";
"212,0";"15,02,2019";"Адмиралтейский";"";"Столкновение";"";"0";"0";"г Санкт-Петербург пр-кт Московский 79";"0,0";"1,0";"2,0";"3,0";
"213,0";"15,02,2019";"Центральный";"";"Наезд на пешехода";"";"0";"0";"г Санкт-Петербург наб Реки Мойки Садовая";"0,0";"1,0";"1,0";"2,0";
"214,0";"15,02,2019";"Фрунзенский";"";"Столкновение";"";"0";"0";"г Санкт-Петербург пр-кт Дунайский 124 по Бухарестской";"0,0";"2,0";"2,0";"4,0";
"215,0";"15,02,2019";"Невский";"";"Столкновение";"";"0";"0";"г Санкт-Петербург пр-кт Обуховской Обороны 195";"0,0";"1,0";"2,0";"3,0";
"216,0";"15,02,2019";"Кировский";"";"Падение пассажира";"";"0";"0";"г Санкт-Петербург пр-кт Ветеранов ул,С,Корзуна";"0,0";"1,0";"1,0";"2,0";
"217,0";"15,02,2019";"Кировский";"";"Наезд на препятствие";"";"0";"0";"г Санкт-Петербург пр-кт Ленинский 101к3";"0,0";"1,0";"2,0";"3,0";
"218,0";"15,02,2019";"Калининский";"";"Наезд на пешехода";"";"0";"0";"г Санкт-Петербург  ";"0,0";"1,0";"1,0";"2,0";
"219,0";"15,02,2019";"Выборгский";"";"Наезд на пешехода";"";"0";"0";"г Санкт-Петербург  ";"0,0";"1,0";"1,0";"2,0";
"220,0";"15,02,2019";"Московский";"";"Наезд на пешехода";"";"0";"0";"г Санкт-Петербург ул Ленсовета 56";"0,0";"1,0";"1,0";"2,0";
"221,0";"15,02,2019";"Адмиралтейский";"";"Столкновение";"";"0";"0";"г Санкт-Петербург ул Рузовская 35";"0,0";"1,0";"2,0";"3,0";
"222,0";"14,02,2019";"Курортный";"";"Наезд на препятствие";"А-118 Кольцевая автомобильная дорога вокруг Санкт-Петербурга";"4";"300";"г Санкт-Петербург  ";"0,0";"2,0";"1,0";"2,0";
"223,0";"14,02,2019";"Адмиралтейский";"";"Столкновение";"";"0";"0";"г Санкт-Петербург пр-кт Старо-Петергофский 4";"0,0";"1,0";"2,0";"3,0";
"224,0";"14,02,2019";"Приморский";"";"Наезд на пешехода";"";"0";"0";"г Санкт-Петербург пр-кт Коломяжский Богатырский";"0,0";"1,0";"1,0";"2,0";
"225,0";"14,02,2019";"Московский";"";"Падение пассажира";"";"0";"0";"г Санкт-Петербург пр-кт Московский 116";"0,0";"1,0";"1,0";"2,0";
"226,0";"14,02,2019";"Приморский";"";"Столкновение";"Западный скоростной диаметр";"25";"550";"г Санкт-Петербург  ";"0,0";"1,0";"2,0";"2,0";
"227,0";"14,02,2019";"Красносельский";"";"Наезд на пешехода";"";"0";"0";"г Санкт-Петербург пр-кт Маршала Жукова 41";"0,0";"1,0";"1,0";"2,0";
"228,0";"14,02,2019";"Пушкинский";"";"Иной вид ДТП";"";"0";"0";"п Шушары ул Вишерская 22";"0,0";"1,0";"1,0";"2,0";
"229,0";"14,02,2019";"Московский";"";"Наезд на стоящее ТС";"";"0";"0";"г Санкт-Петербург ул Кубинская Бассенйная ул,";"0,0";"1,0";"4,0";"4,0";
"230,0";"14,02,2019";"Красносельский";"";"Наезд на пешехода";"";"0";"0";"г Санкт-Петербург ул 2-я Комсомольская 36к,1";"0,0";"1,0";"1,0";"2,0";
"231,0";"14,02,2019";"Приморский";"";"Наезд на пешехода";"";"0";"0";"г Санкт-Петербург ул Камышовая 2";"0,0";"1,0";"1,0";"2,0";
"232,0";"14,02,2019";"Центральный";"";"Столкновение";"";"0";"0";"г Санкт-Петербург пр-кт Невский 104";"0,0";"3,0";"4,0";"5,0";
"233,0";"14,02,2019";"Московский";"";"Столкновение";"";"0";"0";"г Санкт-Петербург пр-кт Московский 216";"0,0";"6,0";"2,0";"8,0";
"234,0";"14,02,2019";"Московский";"";"Наезд на пешехода";"";"0";"0";"г Санкт-Петербург  ";"0,0";"1,0";"1,0";"2,0";
"235,0";"13,02,2019";"Красносельский";"";"Падение пассажира";"";"0";"0";"г Санкт-Петербург пр-кт Ленинский 79-3";"0,0";"1,0";"1,0";"2,0";
"236,0";"13,02,2019";"Пушкинский";"";"Наезд на стоящее ТС";"";"0";"0";"п Шушары ш Московское Паравозная дорога";"0,0";"1,0";"3,0";"2,0";
"237,0";"13,02,2019";"Приморский";"";"Столкновение";"";"0";"0";"г Санкт-Петербург пр-кт Коломяжский 19 к,2";"0,0";"1,0";"2,0";"2,0";
"238,0";"13,02,2019";"Центральный";"";"Столкновение";"";"0";"0";"г Санкт-Петербург ул Тележная 37";"0,0";"1,0";"2,0";"3,0";
"239,0";"13,02,2019";"Фрунзенский";"";"Столкновение";"";"0";"0";"г Санкт-Петербург ул Димитрова 13";"0,0";"1,0";"2,0";"2,0";
"240,0";"13,02,2019";"Приморский";"";"Наезд на стоящее ТС";"";"0";"0";"п Лисий Нос ш Приморское 142";"0,0";"1,0";"3,0";"3,0";
"241,0";"13,02,2019";"Выборгский";"";"Наезд на стоящее ТС";"";"0";"0";"г Санкт-Петербург пр-кт Луначарского 76к2";"0,0";"2,0";"2,0";"4,0";
"242,0";"13,02,2019";"Курортный";"";"Столкновение";"";"0";"0";"г Сестрорецк ш Приморское 256А";"0,0";"1,0";"3,0";"3,0";
"243,0";"13,02,2019";"Курортный";"";"Наезд на препятствие";"";"0";"0";"г Сестрорецк дор К Шалашу Ленина 3";"0,0";"1,0";"1,0";"2,0";
"244,0";"13,02,2019";"Петроградский";"";"Столкновение";"";"0";"0";"г Санкт-Петербург пр-кт Крестовский 12";"0,0";"2,0";"2,0";"3,0";
"245,0";"13,02,2019";"Кировский";"";"Наезд на пешехода";"";"0";"0";"г Санкт-Петербург ул Зины Портновой 36";"0,0";"1,0";"1,0";"2,0";
"246,0";"13,02,2019";"Невский";"";"Наезд на пешехода";"";"0";"0";"г Санкт-Петербург пр-кт Шлиссельбургский 18";"0,0";"1,0";"1,0";"2,0";
"247,0";"13,02,2019";"Калининский";"";"Наезд на пешехода";"";"0";"0";"г Санкт-Петербург пр-кт Светлановский 62кор1";"0,0";"1,0";"1,0";"2,0";
"248,0";"13,02,2019";"Красносельский";"";"Падение пассажира";"";"0";"0";"г Санкт-Петербург пр-кт Ветеранов Добровольцев";"0,0";"1,0";"1,0";"2,0";
"249,0";"13,02,2019";"Фрунзенский";"";"Падение пассажира";"";"0";"0";"г Санкт-Петербург ул Бухарестская 1";"0,0";"1,0";"1,0";"2,0";
"250,0";"12,02,2019";"Калининский";"";"Падение пассажира";"";"0";"0";"г Санкт-Петербург ул Политехническая 29";"0,0";"1,0";"1,0";"2,0";
"251,0";"12,02,2019";"Красносельский";"";"Столкновение";"";"0";"0";"г Санкт-Петербург ул Маршала Захарова 20";"0,0";"3,0";"2,0";"5,0";
"252,0";"12,02,2019";"Приморский";"";"Наезд на пешехода";"";"0";"0";"г Санкт-Петербург пр-кт Коломяжский 26 Б";"0,0";"1,0";"1,0";"2,0";
"253,0";"12,02,2019";"Курортный";"";"Столкновение";"";"0";"0";"г Санкт-Петербург  ";"0,0";"1,0";"2,0";"2,0";
"254,0";"12,02,2019";"Пушкинский";"";"Столкновение";"";"0";"0";"г Пушкин ш Киевское 24км 325метров";"0,0";"1,0";"2,0";"2,0";
"255,0";"12,02,2019";"Петроградский";"";"Столкновение";"";"0";"0";"г Санкт-Петербург ул Большая Пушкарская 10";"0,0";"1,0";"3,0";"3,0";
"256,0";"12,02,2019";"Калининский";"";"Столкновение";"";"0";"0";"г Санкт-Петербург ул Руставели 18";"0,0";"1,0";"2,0";"3,0";
"257,0";"12,02,2019";"Невский";"";"Наезд на пешехода";"";"0";"0";"г Санкт-Петербург ул Ворошилова 6";"0,0";"1,0";"1,0";"2,0";
"258,0";"12,02,2019";"Калининский";"";"Наезд на пешехода";"";"0";"0";"г Санкт-Петербург  ";"0,0";"1,0";"1,0";"2,0";
"259,0";"12,02,2019";"Центральный";"";"Столкновение";"";"0";"0";"г Санкт-Петербург пр-кт Загородный 25";"0,0";"1,0";"2,0";"2,0";
"260,0";"12,02,2019";"Петроградский";"";"Столкновение";"";"0";"0";"г Санкт-Петербург наб Песочная 18";"0,0";"1,0";"3,0";"4,0";
"261,0";"12,02,2019";"Московский";"";"Столкновение";"А-118 Кольцевая автомобильная дорога вокруг Санкт-Петербурга";"71";"250";"г Санкт-Петербург  ";"0,0";"1,0";"2,0";"2,0";
"262,0";"12,02,2019";"Калининский";"";"Наезд на препятствие";"";"0";"0";"г Санкт-Петербург дор Кушелевская 18";"0,0";"1,0";"1,0";"1,0";
"263,0";"12,02,2019";"Невский";"";"Столкновение";"";"0";"0";"г Санкт-Петербург пр-кт Искровский 20";"0,0";"1,0";"4,0";"2,0";
"264,0";"12,02,2019";"Курортный";"";"Наезд на препятствие";"";"0";"0";"г Сестрорецк ш Приморское 176";"0,0";"3,0";"1,0";"3,0";
"265,0";"12,02,2019";"Колпинский";"";"Столкновение";"";"0";"0";"г Колпино ул Загородная 9ш";"0,0";"4,0";"2,0";"4,0";
"266,0";"12,02,2019";"Кировский";"";"Столкновение";"";"0";"0";"г Санкт-Петербург пр-кт Народного Ополчения 193";"0,0";"1,0";"3,0";"4,0";
"267,0";"12,02,2019";"Кировский";"";"Столкновение";"";"0";"0";"г Санкт-Петербург ул Краснопутиловская ул,Ч,Казачества";"0,0";"2,0";"2,0";"3,0";
"268,0";"12,02,2019";"Кировский";"";"Столкновение";"";"0";"0";"г Санкт-Петербург ул Автовская 22";"0,0";"1,0";"2,0";"2,0";
"269,0";"12,02,2019";"Приморский";"";"Наезд на пешехода";"";"0";"0";"г Санкт-Петербург пр-кт Комендантский 21 кор,2";"0,0";"1,0";"1,0";"2,0";
"270,0";"12,02,2019";"Приморский";"";"Столкновение";"";"0";"0";"г Санкт-Петербург ул Парашютная 1 по ул,Репищева";"0,0";"1,0";"2,0";"2,0";
"271,0";"11,02,2019";"Калининский";"";"Наезд на пешехода";"";"0";"0";"г Санкт-Петербург пр-кт Гражданский 93";"0,0";"1,0";"1,0";"2,0";
"272,0";"11,02,2019";"Выборгский";"";"Столкновение";"";"0";"0";"г Санкт-Петербург наб Выборгская 59";"0,0";"1,0";"2,0";"3,0";
"273,0";"11,02,2019";"Калининский";"";"Столкновение";"";"0";"0";"г Санкт-Петербург пр-кт Луначарского 102";"0,0";"1,0";"2,0";"3,0";
"274,0";"11,02,2019";"Калининский";"";"Наезд на пешехода";"";"0";"0";"г Санкт-Петербург ул Арсенальная 2";"0,0";"1,0";"1,0";"2,0";
"275,0";"11,02,2019";"Пушкинский";"";"Наезд на пешехода";"";"0";"0";"п Шушары ш Московское 289";"0,0";"1,0";"1,0";"2,0";
"276,0";"11,02,2019";"Кировский";"";"Падение пассажира";"";"0";"0";"г Санкт-Петербург ул Зины Портновой 48";"0,0";"1,0";"1,0";"2,0";
"277,0";"11,02,2019";"Приморский";"";"Падение пассажира";"";"0";"0";"г Санкт-Петербург ул Шаврова 15";"0,0";"1,0";"1,0";"2,0";
"278,0";"11,02,2019";"Адмиралтейский";"";"Наезд на пешехода";"";"0";"0";"г Санкт-Петербург пер Гривцова 13";"0,0";"1,0";"1,0";"2,0";
"279,0";"11,02,2019";"Кировский";"";"Наезд на пешехода";"";"0";"0";"г Санкт-Петербург пр-кт Ветеранов 16";"1,0";"0,0";"1,0";"2,0";
"280,0";"11,02,2019";"Невский";"";"Столкновение";"";"0";"0";"г Санкт-Петербург ул Зольная 11";"0,0";"1,0";"2,0";"2,0";
"281,0";"11,02,2019";"Московский";"";"Наезд на пешехода";"";"0";"0";"г Санкт-Петербург ул Ленсовета Звездная ул,";"0,0";"1,0";"1,0";"2,0";
"282,0";"11,02,2019";"Петроградский";"";"Наезд на пешехода";"";"0";"0";"г Санкт-Петербург пр-кт Добролюбова 27";"0,0";"1,0";"1,0";"2,0";
"283,0";"11,02,2019";"Колпинский";"";"Наезд на пешехода";"";"0";"0";"г Колпино ул Пролетарская 60";"0,0";"1,0";"1,0";"2,0";
"284,0";"11,02,2019";"Приморский";"";"Столкновение";"";"0";"0";"г Санкт-Петербург пр-кт Приморский 108 по Савушкина";"0,0";"1,0";"2,0";"2,0";
"285,0";"10,02,2019";"Пушкинский";"";"Наезд на препятствие";"";"0";"0";"п Шушары ш Московское 674км 900метров";"0,0";"1,0";"1,0";"1,0";
"286,0";"10,02,2019";"Фрунзенский";"";"Наезд на пешехода";"";"0";"0";"г Санкт-Петербург ул Будапештская 87";"0,0";"1,0";"1,0";"2,0";
"287,0";"10,02,2019";"Кировский";"";"Наезд на пешехода";"";"0";"0";"г Санкт-Петербург ул Маршала Говорова 37";"0,0";"1,0";"1,0";"2,0";
"288,0";"09,02,2019";"Московский";"";"Столкновение";"А-118 Кольцевая автомобильная дорога вокруг Санкт-Петербурга";"71";"250";"г Санкт-Петербург  ";"0,0";"1,0";"2,0";"3,0";
"289,0";"09,02,2019";"Невский";"";"Столкновение";"";"0";"0";"г Санкт-Петербург пр-кт Обуховской Обороны 142";"0,0";"3,0";"2,0";"3,0";
"290,0";"09,02,2019";"Выборгский";"";"Наезд на пешехода";"";"0";"0";"г Санкт-Петербург ул Академика Лебедева Комсомола";"0,0";"1,0";"1,0";"2,0";
"291,0";"09,02,2019";"Калининский";"";"Наезд на пешехода";"";"0";"0";"г Санкт-Петербург  ";"0,0";"1,0";"1,0";"2,0";
"292,0";"09,02,2019";"Невский";"";"Падение пассажира";"";"0";"0";"г Санкт-Петербург ул Народная 1";"0,0";"1,0";"1,0";"2,0";
"293,0";"09,02,2019";"Адмиралтейский";"";"Наезд на пешехода";"";"0";"0";"г Санкт-Петербург  ";"0,0";"1,0";"1,0";"2,0";
"294,0";"09,02,2019";"Кировский";"";"Столкновение";"Западный скоростной диаметр";"12";"300";"г Санкт-Петербург  ";"0,0";"2,0";"2,0";"3,0";
"295,0";"09,02,2019";"Приморский";"";"Иной вид ДТП";"";"0";"0";"г Санкт-Петербург ул Омская 12";"0,0";"1,0";"1,0";"2,0";
"296,0";"09,02,2019";"Невский";"";"Столкновение";"";"0";"0";"г Санкт-Петербург пр-кт Дальневосточный 68 к 1";"0,0";"2,0";"3,0";"3,0";
"297,0";"09,02,2019";"Центральный";"";"Наезд на пешехода";"";"0";"0";"г Санкт-Петербург ул Восстания 16";"0,0";"1,0";"1,0";"2,0";
"298,0";"08,02,2019";"Московский";"";"Столкновение";"";"0";"0";"г Санкт-Петербург ул Кубинская 56";"0,0";"2,0";"2,0";"2,0";
"299,0";"08,02,2019";"Калининский";"";"Столкновение";"";"0";"0";"г Санкт-Петербург ул Комсомола 2";"0,0";"1,0";"2,0";"2,0";
"300,0";"08,02,2019";"Кировский";"";"Наезд на пешехода";"";"0";"0";"г Санкт-Петербург пр-кт Ветеранов 13";"0,0";"1,0";"1,0";"2,0";
"301,0";"08,02,2019";"Невский";"";"Столкновение";"";"0";"0";"г Санкт-Петербург ул Латышских Стрелков 3";"0,0";"1,0";"4,0";"3,0";
"302,0";"08,02,2019";"Выборгский";"";"Падение пассажира";"";"0";"0";"г Санкт-Петербург  ";"0,0";"1,0";"1,0";"2,0";
"303,0";"08,02,2019";"Красносельский";"";"Наезд на пешехода";"";"0";"0";"г Санкт-Петербург ул Пограничника Гарькавого 34-1";"0,0";"1,0";"1,0";"2,0";
"304,0";"08,02,2019";"Калининский";"";"Наезд на пешехода";"";"0";"0";"г Санкт-Петербург  ";"0,0";"1,0";"1,0";"2,0";
"305,0";"08,02,2019";"Адмиралтейский";"";"Наезд на пешехода";"";"0";"0";"г Санкт-Петербург пл Исаакиевская 11";"0,0";"1,0";"1,0";"2,0";
"306,0";"07,02,2019";"Приморский";"";"Столкновение";"";"0";"0";"г Санкт-Петербург пр-кт Королёва Долгоозерная ул,";"0,0";"1,0";"2,0";"2,0";
"307,0";"07,02,2019";"Петроградский";"";"Наезд на пешехода";"";"0";"0";"г Санкт-Петербург пр-кт Большой П,С, 38-40";"0,0";"1,0";"1,0";"2,0";
"308,0";"07,02,2019";"Красногвардейский";"";"Падение пассажира";"";"0";"0";"г Санкт-Петербург пр-кт Пискарёвский 31";"0,0";"1,0";"1,0";"2,0";
"309,0";"07,02,2019";"Невский";"";"Наезд на стоящее ТС";"";"0";"0";"г Санкт-Петербург пр-кт Обуховской Обороны 125";"0,0";"1,0";"2,0";"2,0";
"310,0";"07,02,2019";"Красносельский";"";"Столкновение";"";"0";"0";"г Красное Село ул Освобождения Спирина";"0,0";"1,0";"2,0";"2,0";
"311,0";"07,02,2019";"Адмиралтейский";"";"Наезд на пешехода";"";"0";"0";"г Санкт-Петербург наб Адмиралтейская 14";"0,0";"1,0";"1,0";"2,0";
"312,0";"06,02,2019";"Невский";"";"Наезд на пешехода";"";"0";"0";"г Санкт-Петербург ул Профессора Качалова 8";"0,0";"1,0";"1,0";"2,0";
"313,0";"06,02,2019";"Московский";"";"Наезд на пешехода";"";"0";"0";"г Санкт-Петербург  ";"0,0";"1,0";"1,0";"2,0";
"314,0";"06,02,2019";"Красногвардейский";"";"Наезд на пешехода";"";"0";"0";"г Санкт-Петербург  ";"0,0";"1,0";"1,0";"2,0";
"315,0";"06,02,2019";"Калининский";"";"Наезд на пешехода";"";"0";"0";"г Санкт-Петербург  ";"0,0";"1,0";"1,0";"2,0";
"316,0";"06,02,2019";"Василеостровский";"";"Наезд на препятствие";"Западный скоростной диаметр";"27";"510";"г Санкт-Петербург  ";"0,0";"1,0";"1,0";"1,0";
"317,0";"06,02,2019";"Петроградский";"";"Наезд на пешехода";"";"0";"0";"г Санкт-Петербург пр-кт Каменноостровский 59";"0,0";"1,0";"1,0";"2,0";
"318,0";"06,02,2019";"Центральный";"";"Столкновение";"";"0";"0";"г Санкт-Петербург ул Мытнинская 12";"0,0";"1,0";"2,0";"4,0";
"319,0";"06,02,2019";"Фрунзенский";"";"Столкновение";"";"0";"0";"г Санкт-Петербург ул Купчинская 8к,1";"0,0";"1,0";"3,0";"3,0";
"320,0";"06,02,2019";"Фрунзенский";"";"Столкновение";"";"0";"0";"г Санкт-Петербург пер Альпийский 26";"0,0";"1,0";"2,0";"2,0";
"321,0";"06,02,2019";"Красногвардейский";"";"Столкновение";"";"0";"0";"г Санкт-Петербург ул Хасанская 15";"0,0";"1,0";"2,0";"2,0";
"322,0";"06,02,2019";"Курортный";"";"Наезд на пешехода";"";"0";"0";"г Зеленогорск ул Танкистов 4";"0,0";"1,0";"1,0";"2,0";
"323,0";"06,02,2019";"Центральный";"";"Столкновение";"";"0";"0";"г Санкт-Петербург ул Шпалерная пр, Чернышевского";"0,0";"1,0";"2,0";"3,0";
"324,0";"06,02,2019";"Московский";"";"Наезд на пешехода";"";"0";"0";"г Санкт-Петербург ул Звёздная 11-1";"0,0";"1,0";"1,0";"2,0";
"325,0";"06,02,2019";"Адмиралтейский";"";"Столкновение";"";"0";"0";"г Санкт-Петербург пр-кт Московский 19";"0,0";"1,0";"3,0";"3,0";
"326,0";"05,02,2019";"Калининский";"";"Столкновение";"";"0";"0";"г Санкт-Петербург пр-кт Маршала Блюхера Кондратьевский дом 6";"0,0";"1,0";"2,0";"3,0";
"327,0";"05,02,2019";"Невский";"";"Столкновение";"";"0";"0";"г Санкт-Петербург пр-кт Обуховской Обороны 45";"0,0";"2,0";"2,0";"2,0";
"328,0";"05,02,2019";"Красногвардейский";"";"Столкновение";"";"0";"0";"г Санкт-Петербург пр-кт Энтузиастов 22";"0,0";"1,0";"2,0";"2,0";
"329,0";"05,02,2019";"Центральный";"";"Столкновение";"";"0";"0";"г Санкт-Петербург наб Обводного канала Днепропетровская,";"0,0";"1,0";"2,0";"3,0";
"330,0";"05,02,2019";"Красногвардейский";"";"Наезд на пешехода";"";"0";"0";"г Санкт-Петербург ул Коммуны 36";"0,0";"1,0";"1,0";"2,0";
"331,0";"05,02,2019";"Московский";"";"Наезд на стоящее ТС";"";"0";"0";"г Санкт-Петербург пр-кт Московский Благодатная ул,";"0,0";"1,0";"3,0";"4,0";
"332,0";"04,02,2019";"Приморский";"";"Наезд на пешехода";"";"0";"0";"г Санкт-Петербург б-р Серебристый 9";"0,0";"1,0";"1,0";"2,0";
"333,0";"04,02,2019";"Выборгский";"";"Наезд на пешехода";"";"0";"0";"г Санкт-Петербург  ";"0,0";"1,0";"1,0";"2,0";
"334,0";"04,02,2019";"Пушкинский";"";"Столкновение";"";"0";"0";"п Шушары ш Московское 52";"0,0";"1,0";"2,0";"2,0";
"335,0";"04,02,2019";"Красносельский";"";"Столкновение";"";"0";"0";"г Санкт-Петербург ул Рихарда Зорге Кузнецова";"0,0";"1,0";"2,0";"3,0";
"336,0";"04,02,2019";"Фрунзенский";"";"Наезд на пешехода";"";"0";"0";"г Санкт-Петербург  ";"0,0";"1,0";"1,0";"2,0";
"337,0";"04,02,2019";"Красносельский";"";"Столкновение";"";"0";"0";"г Санкт-Петербург ул Адмирала Черокова 22";"0,0";"3,0";"2,0";"4,0";
"338,0";"04,02,2019";"Выборгский";"";"Наезд на пешехода";"";"0";"0";"г Санкт-Петербург ул Композиторов 29 кор,1";"0,0";"1,0";"1,0";"2,0";
"339,0";"04,02,2019";"Невский";"";"Наезд на стоящее ТС";"";"0";"0";"г Санкт-Петербург ул Бабушкина 111";"0,0";"2,0";"4,0";"2,0";
"340,0";"04,02,2019";"Кировский";"";"Столкновение";"";"0";"0";"г Санкт-Петербург ул Кронштадтская Ул, Портовая";"0,0";"1,0";"2,0";"3,0";
"341,0";"04,02,2019";"Калининский";"";"Наезд на пешехода";"";"0";"0";"г Санкт-Петербург  ";"0,0";"1,0";"1,0";"2,0";
"342,0";"04,02,2019";"Красногвардейский";"";"Наезд на пешехода";"";"0";"0";"г Санкт-Петербург  ";"0,0";"1,0";"1,0";"2,0";
"343,0";"04,02,2019";"Московский";"";"Столкновение";"";"0";"0";"г Санкт-Петербург ш Московское 13литВ";"0,0";"1,0";"3,0";"3,0";
"344,0";"04,02,2019";"Василеостровский";"";"Наезд на пешехода";"";"0";"0";"г Санкт-Петербург ул Кораблестроителей 42 корп,1";"0,0";"1,0";"1,0";"2,0";
"345,0";"03,02,2019";"Выборгский";"";"Столкновение";"";"0";"0";"г Санкт-Петербург пр-кт 2-й Муринский 14";"0,0";"1,0";"4,0";"4,0";
"346,0";"03,02,2019";"Курортный";"";"Наезд на пешехода";"";"0";"0";"г Сестрорецк ш Дубковское 2";"0,0";"1,0";"1,0";"2,0";
"347,0";"03,02,2019";"Красногвардейский";"";"Наезд на пешехода";"";"0";"0";"г Санкт-Петербург ул Коммуны 40";"0,0";"1,0";"1,0";"2,0";
"348,0";"03,02,2019";"Приморский";"";"Столкновение";"";"0";"0";"г Санкт-Петербург ул Парашютная Лётчика Паршина";"0,0";"1,0";"2,0";"3,0";
"349,0";"03,02,2019";"Василеостровский";"";"Столкновение";"";"0";"0";"г Санкт-Петербург ул Одоевского 34";"0,0";"1,0";"3,0";"2,0";
"350,0";"03,02,2019";"Калининский";"";"Наезд на пешехода";"";"0";"0";"г Санкт-Петербург  ";"0,0";"1,0";"1,0";"2,0";
"351,0";"03,02,2019";"Приморский";"";"Столкновение";"";"0";"0";"г Санкт-Петербург ул Камышовая 52";"0,0";"1,0";"2,0";"3,0";
"352,0";"03,02,2019";"Адмиралтейский";"";"Столкновение";"";"0";"0";"г Санкт-Петербург наб Обводного канала 128";"0,0";"1,0";"2,0";"2,0";
"353,0";"03,02,2019";"Центральный";"";"Столкновение";"";"0";"0";"г Санкт-Петербург наб Синопская улхерсонская";"0,0";"1,0";"2,0";"3,0";
"354,0";"03,02,2019";"Приморский";"";"Наезд на препятствие";"";"0";"0";"г Санкт-Петербург ш Приморское 25 км, далее 800";"0,0";"2,0";"1,0";"2,0";
"355,0";"03,02,2019";"Центральный";"";"Столкновение";"";"0";"0";"г Санкт-Петербург ул Марата 3";"0,0";"1,0";"2,0";"3,0";
"356,0";"03,02,2019";"Курортный";"";"Столкновение";"";"0";"0";"п Серово ш Приморское 644";"1,0";"1,0";"2,0";"3,0";
"357,0";"03,02,2019";"Адмиралтейский";"";"Наезд на пешехода";"";"0";"0";"г Санкт-Петербург пр-кт Загородный 52";"0,0";"1,0";"1,0";"2,0";
"358,0";"03,02,2019";"Выборгский";"";"Наезд на пешехода";"";"0";"0";"г Санкт-Петербург ул Руднева 19";"0,0";"1,0";"1,0";"2,0";
"359,0";"03,02,2019";"Кировский";"";"Наезд на препятствие";"Западный скоростной диаметр";"8";"320";"г Санкт-Петербург  ";"0,0";"1,0";"1,0";"1,0";
"360,0";"03,02,2019";"Василеостровский";"";"Столкновение";"";"0";"0";"г Санкт-Петербург ул Наличная 25";"0,0";"1,0";"2,0";"3,0";
"361,0";"02,02,2019";"Приморский";"";"Наезд на пешехода";"";"0";"0";"г Санкт-Петербург  ";"0,0";"1,0";"1,0";"2,0";
"362,0";"02,02,2019";"Невский";"";"Наезд на пешехода";"";"0";"0";"г Санкт-Петербург ул Ново-Александровская 21";"0,0";"1,0";"1,0";"2,0";
"363,0";"02,02,2019";"Петроградский";"";"Столкновение";"";"0";"0";"г Санкт-Петербург пр-кт Каменноостровский 8";"0,0";"1,0";"2,0";"3,0";
"364,0";"02,02,2019";"Петроградский";"";"Наезд на пешехода";"";"0";"0";"г Санкт-Петербург пр-кт Большой П,С, 59";"0,0";"1,0";"1,0";"2,0";
"365,0";"02,02,2019";"Московский";"";"Падение пассажира";"";"0";"0";"г Санкт-Петербург пр-кт Ленинский 147";"0,0";"1,0";"1,0";"2,0";
"366,0";"02,02,2019";"Невский";"";"Столкновение";"";"0";"0";"г Санкт-Петербург пр-кт Белевский 20А";"0,0";"2,0";"2,0";"2,0";
"367,0";"02,02,2019";"Калининский";"";"Наезд на пешехода";"";"0";"0";"г Санкт-Петербург ул Лабораторная 14 А";"0,0";"1,0";"1,0";"2,0";
"368,0";"02,02,2019";"Кировский";"";"Наезд на пешехода";"";"0";"0";"г Санкт-Петербург пр-кт Ветеранов 1к1";"0,0";"1,0";"1,0";"2,0";
"369,0";"02,02,2019";"Красногвардейский";"";"Столкновение";"";"0";"0";"г Санкт-Петербург ул Хасанская 17";"0,0";"1,0";"2,0";"2,0";
"370,0";"02,02,2019";"Невский";"";"Наезд на пешехода";"";"0";"0";"г Санкт-Петербург  ";"0,0";"1,0";"1,0";"2,0";
"371,0";"02,02,2019";"Кировский";"";"Наезд на пешехода";"";"0";"0";"г Санкт-Петербург пр-кт Маршала Жукова Ленинский пр,";"0,0";"1,0";"2,0";"2,0";
"372,0";"02,02,2019";"Невский";"";"Столкновение";"";"0";"0";"г Санкт-Петербург пр-кт Дальневосточный 60";"0,0";"1,0";"2,0";"2,0";
"373,0";"02,02,2019";"Выборгский";"";"Столкновение";"";"0";"0";"г Санкт-Петербург ул Хошимина 13к1";"0,0";"2,0";"2,0";"4,0";
"374,0";"01,02,2019";"Адмиралтейский";"";"Столкновение";"";"0";"0";"г Санкт-Петербург пр-кт Римского-Корсакова 71";"0,0";"1,0";"2,0";"2,0";
"375,0";"01,02,2019";"Выборгский";"";"Наезд на пешехода";"";"0";"0";"г Санкт-Петербург  ";"0,0";"1,0";"1,0";"2,0";
"376,0";"01,02,2019";"Фрунзенский";"";"Наезд на пешехода";"";"0";"0";"г Санкт-Петербург  ";"0,0";"1,0";"2,0";"2,0";
"377,0";"01,02,2019";"Калининский";"";"Наезд на стоящее ТС";"";"0";"0";"г Санкт-Петербург ул Комсомола 17";"0,0";"1,0";"2,0";"2,0";
"378,0";"01,02,2019";"Приморский";"";"Наезд на пешехода";"";"0";"0";"г Санкт-Петербург  ";"0,0";"1,0";"1,0";"2,0";
"379,0";"01,02,2019";"Петродворцовый";"";"Наезд на пешехода";"";"0";"0";"г Петергоф ш Санкт-Петербургское 115";"0,0";"1,0";"1,0";"2,0";
"380,0";"01,02,2019";"Московский";"";"Наезд на пешехода";"";"0";"0";"г Санкт-Петербург ул Варшавская 108";"0,0";"1,0";"1,0";"2,0";
"381,0";"01,02,2019";"Калининский";"";"Столкновение";"";"0";"0";"г Санкт-Петербург пр-кт Просвещения 53";"0,0";"1,0";"2,0";"3,0";
"382,0";"01,02,2019";"Центральный";"";"Наезд на пешехода";"";"0";"0";"г Санкт-Петербург ул Херсонская 3";"0,0";"1,0";"1,0";"2,0";
"383,0";"01,02,2019";"Василеостровский";"";"Наезд на пешехода";"";"0";"0";"г Санкт-Петербург линия 8-я В,О, 21";"0,0";"1,0";"1,0";"2,0";