"1,0";"31,01,2019";"Петродворцовый";"";"Наезд на препятствие";"";"0";"0";"г Петергоф ш Ораниенбаумское Красноармейский пер,";"0,0";"1,0";"1,0";"1,0";
"3,0";"31,01,2019";"Фрунзенский";"";"Столкновение";"";"0";"0";"г Санкт-Петербург ул Софийская 17";"0,0";"1,0";"2,0";"3,0";
"4,0";"31,01,2019";"Калининский";"";"Столкновение";"";"0";"0";"г Санкт-Петербург ул Руставели 25";"0,0";"1,0";"2,0";"2,0";
"5,0";"31,01,2019";"Фрунзенский";"";"Наезд на пешехода";"";"0";"0";"г Санкт-Петербург  ";"0,0";"1,0";"1,0";"2,0";
"6,0";"31,01,2019";"Московский";"";"Падение пассажира";"";"0";"0";"г Санкт-Петербург пр-кт Московский 216";"0,0";"1,0";"1,0";"2,0";
"7,0";"31,01,2019";"Курортный";"";"Наезд на пешехода";"";"0";"0";"г Сестрорецк пл Свободы 2";"0,0";"2,0";"1,0";"3,0";
"8,0";"31,01,2019";"Московский";"";"Наезд на пешехода";"";"0";"0";"г Санкт-Петербург ул Кузнецовская 38";"0,0";"1,0";"1,0";"2,0";
"9,0";"31,01,2019";"Калининский";"";"Наезд на пешехода";"";"0";"0";"г Санкт-Петербург ул Михайлова 11";"0,0";"1,0";"1,0";"2,0";
"10,0";"31,01,2019";"Василеостровский";"";"Столкновение";"";"0";"0";"г Санкт-Петербург ул Уральская 13";"0,0";"1,0";"3,0";"3,0";
"11,0";"31,01,2019";"Красносельский";"";"Столкновение";"";"0";"0";"г Красное Село ул Восстановления Голубко";"0,0";"1,0";"2,0";"3,0";
"12,0";"30,01,2019";"Московский";"";"Наезд на пешехода";"";"0";"0";"г Санкт-Петербург пр-кт Новоизмайловский 2";"0,0";"1,0";"1,0";"2,0";
"13,0";"30,01,2019";"Невский";"";"Наезд на пешехода";"";"0";"0";"г Санкт-Петербург ул Грибакиных 3-й Рабфаковск5к4л,а";"0,0";"1,0";"1,0";"2,0";
"14,0";"30,01,2019";"Василеостровский";"";"Падение пассажира";"";"0";"0";"г Санкт-Петербург линия 1-я В,О, 56";"0,0";"1,0";"1,0";"2,0";
"15,0";"30,01,2019";"Красносельский";"";"Столкновение";"";"0";"0";"г Санкт-Петербург ул Тамбасова 13";"0,0";"2,0";"3,0";"4,0";
"16,0";"30,01,2019";"Центральный";"";"Наезд на пешехода";"";"0";"0";"г Санкт-Петербург пр-кт Невский 39";"0,0";"1,0";"1,0";"2,0";
"17,0";"30,01,2019";"Адмиралтейский";"";"Наезд на пешехода";"";"0";"0";"г Санкт-Петербург пл Балтийского вокзала 1";"0,0";"1,0";"1,0";"2,0";
"18,0";"30,01,2019";"Центральный";"";"Столкновение";"";"0";"0";"г Санкт-Петербург ул Марата 46";"0,0";"1,0";"2,0";"2,0";
"19,0";"30,01,2019";"Василеостровский";"";"Наезд на препятствие";"";"0";"0";"г Санкт-Петербург наб Морская 37";"0,0";"1,0";"1,0";"2,0";
"20,0";"30,01,2019";"Красносельский";"";"Наезд на препятствие";"";"0";"0";"г Санкт-Петербург ул Тамбасова Ветеранов";"0,0";"1,0";"1,0";"2,0";
"21,0";"30,01,2019";"Калининский";"";"Падение пассажира";"";"0";"0";"г Санкт-Петербург ул Комсомола 19";"0,0";"1,0";"1,0";"2,0";
"22,0";"30,01,2019";"Московский";"";"Наезд на пешехода";"";"0";"0";"г Санкт-Петербург ул Типанова пр, Космонавтов";"0,0";"1,0";"1,0";"2,0";
"23,0";"30,01,2019";"Адмиралтейский";"";"Столкновение";"";"0";"0";"г Санкт-Петербург наб Обводного канала 143";"0,0";"1,0";"3,0";"3,0";
"24,0";"30,01,2019";"Красносельский";"";"Столкновение";"";"0";"0";"г Санкт-Петербург ул Тамбасова 24";"0,0";"2,0";"2,0";"2,0";
"25,0";"30,01,2019";"Фрунзенский";"";"Наезд на пешехода";"";"0";"0";"г Санкт-Петербург пр-кт Дунайский 27 по Загребскому";"0,0";"2,0";"1,0";"3,0";
"26,0";"30,01,2019";"Курортный";"";"Наезд на пешехода";"";"0";"0";"г Сестрорецк  ";"0,0";"1,0";"1,0";"2,0";
"27,0";"29,01,2019";"Московский";"";"Столкновение";"";"0";"0";"г Санкт-Петербург ул Типанова Демонстрационный ЮП";"0,0";"1,0";"3,0";"2,0";
"28,0";"29,01,2019";"Фрунзенский";"";"Наезд на стоящее ТС";"";"0";"0";"г Санкт-Петербург ул Бухарестская 94к,1";"0,0";"1,0";"3,0";"1,0";
"29,0";"29,01,2019";"Петродворцовый";"";"Столкновение";"";"0";"0";"п Стрельна ш Санкт-Петербургское 79";"0,0";"1,0";"2,0";"2,0";
"30,0";"29,01,2019";"Центральный";"";"Наезд на пешехода";"";"0";"0";"г Санкт-Петербург пр-кт Владимирский 11";"0,0";"1,0";"1,0";"2,0";
"31,0";"29,01,2019";"Выборгский";"";"Наезд на пешехода";"";"0";"0";"г Санкт-Петербург  ";"0,0";"1,0";"1,0";"2,0";
"32,0";"29,01,2019";"Пушкинский";"";"Наезд на пешехода";"";"0";"0";"п Шушары ул Ростовская (Славянка) 22";"0,0";"1,0";"1,0";"2,0";
"33,0";"29,01,2019";"Невский";"";"Столкновение";"";"0";"0";"г Санкт-Петербург ул Народная 1";"0,0";"2,0";"3,0";"3,0";
"34,0";"29,01,2019";"Центральный";"";"Наезд на пешехода";"";"0";"0";"г Санкт-Петербург ул Миргородская 24";"0,0";"1,0";"1,0";"2,0";
"35,0";"29,01,2019";"Невский";"";"Наезд на стоящее ТС";"";"0";"0";"г Санкт-Петербург пр-кт Дальневосточный 51";"0,0";"1,0";"2,0";"2,0";
"36,0";"29,01,2019";"Калининский";"";"Столкновение";"";"0";"0";"г Санкт-Петербург пр-кт Науки 13 1";"0,0";"1,0";"2,0";"3,0";
"37,0";"29,01,2019";"Колпинский";"";"Столкновение";"";"0";"0";"г Колпино ул Понтонная Вознесенскоешоссе";"0,0";"1,0";"2,0";"3,0";
"38,0";"29,01,2019";"Курортный";"";"Наезд на пешехода";"";"0";"0";"г Сестрорецк ш Приморское 256";"0,0";"1,0";"1,0";"2,0";
"39,0";"29,01,2019";"Колпинский";"";"Столкновение";"";"0";"0";"г Колпино ул Танкистов 10";"0,0";"2,0";"2,0";"3,0";
"40,0";"29,01,2019";"Невский";"";"Столкновение";"";"0";"0";"г Санкт-Петербург ул Ивановская 9";"0,0";"1,0";"2,0";"2,0";
"41,0";"28,01,2019";"Выборгский";"";"Падение пассажира";"";"0";"0";"г Санкт-Петербург ул Новолитовская 10";"0,0";"1,0";"1,0";"2,0";
"42,0";"28,01,2019";"Василеостровский";"";"Столкновение";"Западный скоростной диаметр";"28";"700";"г Санкт-Петербург  ";"0,0";"1,0";"2,0";"2,0";
"43,0";"28,01,2019";"Выборгский";"";"Наезд на препятствие";"А-118 Кольцевая автомобильная дорога вокруг Санкт-Петербурга";"16";"0";"г Санкт-Петербург  ";"0,0";"1,0";"1,0";"1,0";
"44,0";"28,01,2019";"Кировский";"";"Столкновение";"";"0";"0";"г Санкт-Петербург пр-кт Ленинский 115";"0,0";"1,0";"2,0";"3,0";
"45,0";"28,01,2019";"Колпинский";"";"Столкновение";"";"0";"0";"г Колпино ул Колпинская 9А";"0,0";"1,0";"2,0";"2,0";
"46,0";"28,01,2019";"Выборгский";"";"Наезд на пешехода";"";"0";"0";"г Санкт-Петербург ул Комиссара Смирнова 15";"0,0";"1,0";"1,0";"2,0";
"47,0";"28,01,2019";"Невский";"";"Столкновение";"";"0";"0";"г Санкт-Петербург ул Народная 65";"0,0";"3,0";"2,0";"5,0";
"48,0";"28,01,2019";"Колпинский";"";"Столкновение";"";"0";"0";"г Колпино ул Оборонная Анисимова";"0,0";"1,0";"2,0";"3,0";
"49,0";"28,01,2019";"Пушкинский";"";"Столкновение";"";"0";"0";"п Шушары ш Московское Колпинское ш,";"0,0";"1,0";"2,0";"3,0";
"50,0";"28,01,2019";"Выборгский";"";"Наезд на пешехода";"";"0";"0";"г Санкт-Петербург пр-кт Художников 26 корп, 1";"0,0";"1,0";"1,0";"2,0";
"51,0";"28,01,2019";"Кировский";"";"Наезд на пешехода";"";"0";"0";"г Санкт-Петербург пр-кт Стачек пр, М, Жукова";"0,0";"1,0";"1,0";"2,0";
"52,0";"28,01,2019";"Невский";"";"Столкновение";"";"0";"0";"г Санкт-Петербург ул Ивановская 6";"0,0";"1,0";"4,0";"4,0";
"53,0";"28,01,2019";"Невский";"";"Столкновение";"";"0";"0";"г Санкт-Петербург пр-кт Обуховской Обороны 53";"0,0";"4,0";"2,0";"4,0";
"54,0";"28,01,2019";"Петроградский";"";"Наезд на пешехода";"";"0";"0";"г Санкт-Петербург ул Льва Толстого 6 8";"0,0";"1,0";"1,0";"2,0";
"55,0";"28,01,2019";"Центральный";"";"Падение пассажира";"";"0";"0";"г Санкт-Петербург пр-кт Загородный 27";"0,0";"1,0";"1,0";"2,0";
"56,0";"28,01,2019";"Красногвардейский";"";"Столкновение";"";"0";"0";"г Санкт-Петербург пр-кт Пискарёвский 1";"0,0";"2,0";"2,0";"2,0";
"57,0";"27,01,2019";"Кировский";"";"Наезд на препятствие";"Западный скоростной диаметр";"10";"800";"г Санкт-Петербург  ";"0,0";"2,0";"1,0";"2,0";
"58,0";"27,01,2019";"Красносельский";"";"Столкновение";"";"0";"0";"г Санкт-Петербург ш Таллинское (Старо-Паново) 159";"0,0";"1,0";"2,0";"3,0";
"59,0";"27,01,2019";"Выборгский";"";"Столкновение";"";"0";"0";"г Санкт-Петербург пр-кт 2-й Муринский 31";"0,0";"2,0";"2,0";"3,0";
"60,0";"27,01,2019";"Калининский";"";"Наезд на препятствие";"";"0";"0";"г Санкт-Петербург ул Руставели 50";"0,0";"1,0";"1,0";"2,0";
"61,0";"27,01,2019";"Московский";"";"Столкновение";"";"0";"0";"г Санкт-Петербург ш Митрофаньевское 29";"0,0";"4,0";"3,0";"5,0";
"62,0";"27,01,2019";"Калининский";"";"Наезд на пешехода";"";"0";"0";"г Санкт-Петербург пр-кт Кондратьевский 75 корпус 4";"0,0";"1,0";"1,0";"2,0";
"63,0";"27,01,2019";"Приморский";"";"Наезд на препятствие";"";"0";"0";"г Санкт-Петербург ш Приморское 47";"0,0";"1,0";"1,0";"1,0";
"64,0";"27,01,2019";"Калининский";"";"Наезд на пешехода";"";"0";"0";"г Санкт-Петербург пр-кт Культуры 25 корпус 4";"0,0";"1,0";"1,0";"2,0";
"65,0";"27,01,2019";"Василеостровский";"";"Столкновение";"";"0";"0";"г Санкт-Петербург наб Университетская 1";"0,0";"1,0";"3,0";"4,0";
"66,0";"27,01,2019";"Калининский";"";"Столкновение";"";"0";"0";"г Санкт-Петербург пр-кт Луначарского 82";"0,0";"1,0";"2,0";"2,0";
"67,0";"27,01,2019";"Выборгский";"";"Столкновение";"";"0";"0";"г Санкт-Петербург пр-кт Большой Сампсониевский 89";"0,0";"1,0";"2,0";"2,0";
"68,0";"27,01,2019";"Красногвардейский";"";"Столкновение";"";"0";"0";"г Санкт-Петербург ш Революции 88";"0,0";"1,0";"2,0";"2,0";
"69,0";"26,01,2019";"Калининский";"";"Столкновение";"";"0";"0";"г Санкт-Петербург ул Бестужевская 33 корпус 2";"0,0";"2,0";"2,0";"3,0";
"70,0";"26,01,2019";"Калининский";"";"Столкновение";"";"0";"0";"г Санкт-Петербург пр-кт Гражданский 92 1";"0,0";"1,0";"2,0";"3,0";
"71,0";"26,01,2019";"Кронштадтский";"";"Столкновение";"А-118 Кольцевая автомобильная дорога вокруг Санкт-Петербурга";"139";"700";"г Санкт-Петербург  ";"0,0";"1,0";"3,0";"3,0";
"72,0";"26,01,2019";"Выборгский";"";"Опрокидывание";"А-118 Кольцевая автомобильная дорога вокруг Санкт-Петербурга";"122";"800";"г Санкт-Петербург  ";"0,0";"1,0";"2,0";"1,0";
"73,0";"26,01,2019";"Невский";"";"Наезд на пешехода";"";"0";"0";"г Санкт-Петербург пр-кт Товарищеский 28 к,1";"0,0";"1,0";"1,0";"2,0";
"74,0";"26,01,2019";"Кронштадтский";"";"Столкновение";"";"0";"0";"г Кронштадт ш Кронштадтское 32";"0,0";"2,0";"3,0";"4,0";
"75,0";"26,01,2019";"Приморский";"";"Наезд на стоящее ТС";"";"0";"0";"г Санкт-Петербург ш Приморское 118 по Латинскому пр";"0,0";"2,0";"2,0";"3,0";
"76,0";"26,01,2019";"Кировский";"";"Наезд на препятствие";"Западный скоростной диаметр";"33";"700";"г Санкт-Петербург  ";"0,0";"2,0";"2,0";"6,0";
"77,0";"26,01,2019";"Невский";"";"Наезд на пешехода";"";"0";"0";"г Санкт-Петербург пр-кт Шлиссельбургский 3";"0,0";"1,0";"1,0";"2,0";
"78,0";"26,01,2019";"Приморский";"";"Наезд на препятствие";"";"0";"0";"п Лисий Нос ш Приморское 24 км,";"0,0";"3,0";"1,0";"3,0";
"79,0";"26,01,2019";"Пушкинский";"";"Столкновение";"";"0";"0";"г Пушкин ш Киевское 24 300метров";"0,0";"1,0";"5,0";"4,0";
"80,0";"26,01,2019";"Московский";"";"Столкновение";"";"0";"0";"г Санкт-Петербург ш Пулковское 23";"0,0";"1,0";"2,0";"3,0";
"81,0";"26,01,2019";"Василеостровский";"";"Столкновение";"";"0";"0";"г Санкт-Петербург линия 9-я В,О, 16";"0,0";"1,0";"2,0";"3,0";
"82,0";"26,01,2019";"Выборгский";"";"Столкновение";"";"0";"0";"г Санкт-Петербург пр-кт Большой Сампсониевский 89";"0,0";"1,0";"2,0";"2,0";
"83,0";"26,01,2019";"Курортный";"";"Столкновение";"Пухтоловская дорога";"3";"0";"г Санкт-Петербург  ";"0,0";"1,0";"2,0";"2,0";
"84,0";"26,01,2019";"Выборгский";"";"Наезд на препятствие";"";"0";"0";"г Санкт-Петербург пр-кт 2-й Муринский 16";"0,0";"1,0";"1,0";"2,0";
"85,0";"26,01,2019";"Выборгский";"";"Столкновение";"";"0";"0";"г Санкт-Петербург наб Пироговская 21";"0,0";"1,0";"3,0";"4,0";
"86,0";"26,01,2019";"Фрунзенский";"";"Столкновение";"";"0";"0";"г Санкт-Петербург ул Белы Куна 26";"0,0";"1,0";"2,0";"2,0";
"87,0";"26,01,2019";"Калининский";"";"Столкновение";"";"0";"0";"г Санкт-Петербург наб Арсенальная 7";"0,0";"2,0";"2,0";"3,0";
"88,0";"26,01,2019";"Кронштадтский";"";"Столкновение";"А-118 Кольцевая автомобильная дорога вокруг Санкт-Петербурга";"139";"900";"г Санкт-Петербург  ";"0,0";"1,0";"4,0";"5,0";
"89,0";"26,01,2019";"Колпинский";"";"Столкновение";"";"0";"0";"п Петро-Славянка ул Софийская 127 к,1";"1,0";"0,0";"3,0";"2,0";
"90,0";"26,01,2019";"Приморский";"";"Столкновение";"А-118 Кольцевая автомобильная дорога вокруг Санкт-Петербурга";"140";"800";"г Санкт-Петербург  ";"0,0";"1,0";"2,0";"2,0";
"91,0";"25,01,2019";"Красносельский";"";"Столкновение";"";"0";"0";"г Санкт-Петербург ул Доблести 9";"0,0";"1,0";"2,0";"2,0";
"92,0";"25,01,2019";"Красногвардейский";"";"Наезд на препятствие";"";"0";"0";"г Санкт-Петербург пр-кт Индустриальный 68";"0,0";"1,0";"1,0";"1,0";
"93,0";"25,01,2019";"Красногвардейский";"";"Столкновение";"";"0";"0";"г Санкт-Петербург пл Красногвардейская 5";"0,0";"1,0";"2,0";"2,0";
"94,0";"25,01,2019";"Петроградский";"";"Падение пассажира";"";"0";"0";"г Санкт-Петербург пр-кт Большой П,С, 64";"0,0";"1,0";"1,0";"2,0";
"95,0";"25,01,2019";"Калининский";"";"Наезд на стоящее ТС";"";"0";"0";"г Санкт-Петербург дор Кушелевская Маршала Блюхера д,4";"0,0";"1,0";"2,0";"3,0";
"96,0";"25,01,2019";"Красносельский";"";"Столкновение";"";"0";"0";"г Красное Село пр-кт Ленина 92-1";"0,0";"1,0";"2,0";"3,0";
"97,0";"25,01,2019";"Центральный";"";"Падение пассажира";"";"0";"0";"г Санкт-Петербург пр-кт Невский 39";"0,0";"1,0";"1,0";"2,0";
"98,0";"25,01,2019";"Фрунзенский";"";"Наезд на стоящее ТС";"";"0";"0";"г Санкт-Петербург ул Димитрова 32";"0,0";"1,0";"2,0";"2,0";
"99,0";"25,01,2019";"Красногвардейский";"";"Столкновение";"";"0";"0";"г Санкт-Петербург  ";"0,0";"1,0";"2,0";"3,0";
"100,0";"25,01,2019";"Фрунзенский";"";"Столкновение";"";"0";"0";"г Санкт-Петербург ул Димитрова 32";"0,0";"1,0";"2,0";"2,0";
"101,0";"24,01,2019";"Центральный";"";"Наезд на пешехода";"";"0";"0";"г Санкт-Петербург пр-кт Литейный 31";"0,0";"1,0";"1,0";"2,0";
"102,0";"24,01,2019";"Красносельский";"";"Столкновение";"";"0";"0";"г Санкт-Петербург пр-кт Ленина ул,Пушкина д,40";"0,0";"2,0";"3,0";"4,0";
"103,0";"24,01,2019";"Адмиралтейский";"";"Столкновение";"";"0";"0";"г Санкт-Петербург пр-кт Лермонтовский 10";"0,0";"1,0";"2,0";"2,0";
"104,0";"24,01,2019";"Выборгский";"";"Столкновение";"";"0";"0";"г Санкт-Петербург ул Композиторов 33к5";"0,0";"1,0";"2,0";"2,0";
"105,0";"24,01,2019";"Выборгский";"";"Наезд на пешехода";"";"0";"0";"г Санкт-Петербург пр-кт Художников 43 14";"0,0";"1,0";"1,0";"2,0";
"106,0";"24,01,2019";"Московский";"";"Столкновение";"";"0";"0";"г Санкт-Петербург пр-кт Витебский 107";"0,0";"1,0";"3,0";"3,0";
"107,0";"24,01,2019";"Адмиралтейский";"";"Падение пассажира";"";"0";"0";"г Санкт-Петербург ул Садовая 37";"0,0";"1,0";"1,0";"2,0";
"108,0";"24,01,2019";"Адмиралтейский";"";"Столкновение";"";"0";"0";"г Санкт-Петербург пр-кт Измайловский 9";"0,0";"3,0";"2,0";"5,0";
"109,0";"24,01,2019";"Фрунзенский";"";"Столкновение";"";"0";"0";"г Санкт-Петербург ул Бухарестская 6 по ул, Фучика";"0,0";"1,0";"2,0";"2,0";
"110,0";"24,01,2019";"Красногвардейский";"";"Столкновение";"";"0";"0";"г Санкт-Петербург ул Хасанская 2";"0,0";"1,0";"2,0";"2,0";
"111,0";"24,01,2019";"Петродворцовый";"";"Столкновение";"";"0";"0";"г Петергоф ш Санкт-Петербургское 115";"0,0";"2,0";"2,0";"4,0";
"112,0";"24,01,2019";"Выборгский";"";"Наезд на пешехода";"";"0";"0";"г Санкт-Петербург пр-кт Культуры 30";"0,0";"1,0";"1,0";"2,0";
"113,0";"24,01,2019";"Московский";"";"Наезд на пешехода";"";"0";"0";"г Санкт-Петербург ул Варшавская 37к1";"0,0";"1,0";"1,0";"2,0";
"114,0";"24,01,2019";"Петроградский";"";"Наезд на стоящее ТС";"";"0";"0";"г Санкт-Петербург наб Песочная 18";"0,0";"1,0";"2,0";"2,0";
"115,0";"23,01,2019";"Невский";"";"Наезд на пешехода";"";"0";"0";"г Санкт-Петербург пр-кт Рыбацкий 39";"1,0";"0,0";"1,0";"2,0";
"116,0";"23,01,2019";"Центральный";"";"Столкновение";"";"0";"0";"г Санкт-Петербург наб Кутузова 28";"0,0";"3,0";"2,0";"4,0";
"117,0";"23,01,2019";"Приморский";"";"Столкновение";"";"0";"0";"г Санкт-Петербург ул Маршала Новикова 41 корпус 2";"0,0";"1,0";"3,0";"3,0";
"118,0";"23,01,2019";"Выборгский";"";"Столкновение";"";"0";"0";"г Санкт-Петербург пр-кт Энгельса 33";"0,0";"2,0";"3,0";"4,0";
"119,0";"23,01,2019";"Московский";"";"Наезд на пешехода";"";"0";"0";"г Санкт-Петербург ул Кубинская 70";"0,0";"1,0";"1,0";"2,0";
"120,0";"23,01,2019";"Пушкинский";"";"Столкновение";"";"0";"0";"г Пушкин ул Красной Звезды Ул, Радищева";"0,0";"1,0";"2,0";"3,0";
"121,0";"23,01,2019";"Приморский";"";"Наезд на пешехода";"";"0";"0";"г Санкт-Петербург  ";"0,0";"1,0";"1,0";"2,0";
"122,0";"23,01,2019";"Невский";"";"Наезд на пешехода";"";"0";"0";"г Санкт-Петербург ул Фарфоровская 1";"0,0";"1,0";"1,0";"2,0";
"123,0";"23,01,2019";"Приморский";"";"Наезд на пешехода";"";"0";"0";"г Санкт-Петербург  ";"0,0";"1,0";"1,0";"2,0";
"124,0";"23,01,2019";"Центральный";"";"Наезд на пешехода";"";"0";"0";"г Санкт-Петербург пр-кт Лиговский 128";"0,0";"1,0";"1,0";"2,0";
"125,0";"23,01,2019";"Невский";"";"Столкновение";"";"0";"0";"г Санкт-Петербург пр-кт Александровской Фермы 19";"0,0";"1,0";"4,0";"4,0";
"126,0";"22,01,2019";"Московский";"";"Столкновение";"";"0";"0";"г Санкт-Петербург проезд 5-й Предпортовый 18";"0,0";"1,0";"2,0";"2,0";
"127,0";"22,01,2019";"Колпинский";"";"Наезд на пешехода";"";"0";"0";"г Колпино б-р Трудящихся 12";"0,0";"1,0";"1,0";"2,0";
"128,0";"22,01,2019";"Выборгский";"";"Наезд на пешехода";"";"0";"0";"п Парголово ул Михаила Дудина 15";"0,0";"1,0";"1,0";"2,0";
"129,0";"22,01,2019";"Московский";"";"Наезд на пешехода";"";"0";"0";"г Санкт-Петербург  ";"0,0";"1,0";"1,0";"2,0";
"130,0";"22,01,2019";"Выборгский";"";"Наезд на препятствие";"";"0";"0";"г Санкт-Петербург пр-кт Большой Сампсониевский Институтский";"0,0";"1,0";"1,0";"1,0";
"131,0";"22,01,2019";"Приморский";"";"Наезд на пешехода";"";"0";"0";"г Санкт-Петербург ул Оптиков 54";"0,0";"1,0";"1,0";"2,0";
"132,0";"21,01,2019";"Калининский";"";"Столкновение";"";"0";"0";"г Санкт-Петербург пр-кт Гражданский 92 корпус 1";"0,0";"1,0";"2,0";"2,0";
"133,0";"21,01,2019";"Василеостровский";"";"Столкновение";"";"0";"0";"г Санкт-Петербург наб Морская 39";"0,0";"1,0";"2,0";"2,0";
"134,0";"21,01,2019";"Невский";"";"Столкновение";"";"0";"0";"г Санкт-Петербург ул Шелгунова 10";"0,0";"1,0";"3,0";"2,0";
"135,0";"21,01,2019";"Красносельский";"";"Столкновение";"";"0";"0";"г Санкт-Петербург ул Пограничника Гарькавого Новобелецкая";"0,0";"1,0";"2,0";"3,0";
"136,0";"21,01,2019";"Калининский";"";"Наезд на стоящее ТС";"";"0";"0";"г Санкт-Петербург пр-кт Пискарёвский 38";"0,0";"1,0";"2,0";"3,0";
"137,0";"21,01,2019";"Калининский";"";"Наезд на пешехода";"";"0";"0";"г Санкт-Петербург  ";"0,0";"1,0";"1,0";"2,0";
"138,0";"20,01,2019";"Приморский";"";"Столкновение";"";"0";"0";"г Санкт-Петербург дор Торфяная 7а";"0,0";"1,0";"2,0";"3,0";
"139,0";"20,01,2019";"Невский";"";"Наезд на пешехода";"";"0";"0";"г Санкт-Петербург ул Коллонтай 31";"0,0";"1,0";"1,0";"2,0";
"140,0";"20,01,2019";"Кировский";"";"Столкновение";"";"0";"0";"г Санкт-Петербург пр-кт Народного Ополчения 26";"0,0";"1,0";"2,0";"2,0";
"141,0";"20,01,2019";"Московский";"";"Наезд на пешехода";"";"0";"0";"г Санкт-Петербург ш Пулковское 120к2";"0,0";"1,0";"1,0";"2,0";
"142,0";"20,01,2019";"Красногвардейский";"";"Столкновение";"";"0";"0";"г Санкт-Петербург пр-кт Металлистов 76";"0,0";"2,0";"2,0";"3,0";
"143,0";"20,01,2019";"Кировский";"";"Наезд на пешехода";"";"0";"0";"г Санкт-Петербург пр-кт Стачек 105 к 4";"0,0";"1,0";"1,0";"2,0";
"144,0";"20,01,2019";"Василеостровский";"";"Столкновение";"";"0";"0";"г Санкт-Петербург пр-кт Большой В,О, 77";"0,0";"1,0";"2,0";"3,0";
"145,0";"20,01,2019";"Невский";"";"Наезд на пешехода";"";"0";"0";"г Санкт-Петербург ул Бабушкина 64";"0,0";"1,0";"1,0";"2,0";
"146,0";"20,01,2019";"Василеостровский";"";"Столкновение";"";"0";"0";"г Санкт-Петербург пр-кт Средний В,О, 39";"0,0";"2,0";"2,0";"3,0";
"147,0";"20,01,2019";"Красносельский";"";"Наезд на препятствие";"";"0";"0";"г Санкт-Петербург ш Таллинское (Старо-Паново) 85";"0,0";"3,0";"1,0";"4,0";
"148,0";"20,01,2019";"Красносельский";"";"Наезд на пешехода";"";"0";"0";"г Санкт-Петербург пр-кт Ленинский Кузнецова,пр";"0,0";"1,0";"3,0";"2,0";
"149,0";"19,01,2019";"Выборгский";"";"Столкновение";"";"0";"0";"г Санкт-Петербург пр-кт Светлановский 43";"0,0";"1,0";"3,0";"4,0";
"150,0";"19,01,2019";"Калининский";"";"Наезд на пешехода";"";"0";"0";"г Санкт-Петербург ул Боткинская 1";"0,0";"1,0";"1,0";"2,0";
"151,0";"19,01,2019";"Красногвардейский";"";"Столкновение";"";"0";"0";"г Санкт-Петербург ул Коммуны 61";"0,0";"1,0";"2,0";"2,0";
"152,0";"19,01,2019";"Калининский";"";"Падение пассажира";"";"0";"0";"г Санкт-Петербург ул Демьяна Бедного 30";"0,0";"1,0";"1,0";"2,0";
"153,0";"19,01,2019";"Калининский";"";"Падение пассажира";"";"0";"0";"г Санкт-Петербург ул Демьяна Бедного Просвещения";"0,0";"1,0";"1,0";"2,0";
"154,0";"19,01,2019";"Выборгский";"";"Столкновение";"";"0";"0";"г Санкт-Петербург пр-кт Большой Сампсониевский Институтский пер,";"0,0";"1,0";"2,0";"2,0";
"155,0";"19,01,2019";"Приморский";"";"Наезд на пешехода";"";"0";"0";"г Санкт-Петербург ул Маршала Новикова д, 4, корп, 1";"0,0";"1,0";"1,0";"2,0";
"156,0";"18,01,2019";"Калининский";"";"Наезд на препятствие";"";"0";"0";"г Санкт-Петербург наб Арсенальная 7";"0,0";"1,0";"2,0";"2,0";
"157,0";"18,01,2019";"Калининский";"";"Наезд на пешехода";"";"0";"0";"г Санкт-Петербург пр-кт Гражданский 88 корпус 6";"0,0";"1,0";"1,0";"2,0";
"158,0";"18,01,2019";"Красносельский";"";"Столкновение";"";"0";"0";"г Красное Село ш Кингисеппское 50";"0,0";"1,0";"2,0";"3,0";
"159,0";"18,01,2019";"Невский";"";"Столкновение";"";"0";"0";"г Санкт-Петербург пр-кт Большевиков 31";"0,0";"2,0";"3,0";"5,0";
"160,0";"18,01,2019";"Приморский";"";"Наезд на пешехода";"";"0";"0";"г Санкт-Петербург ул Щербакова Репищева ул,";"0,0";"1,0";"1,0";"2,0";
"161,0";"18,01,2019";"Приморский";"";"Наезд на пешехода";"";"0";"0";"г Санкт-Петербург наб Чёрной речки 53";"0,0";"1,0";"1,0";"2,0";
"162,0";"18,01,2019";"Адмиралтейский";"";"Наезд на пешехода";"";"0";"0";"г Санкт-Петербург пр-кт Московский 1";"0,0";"1,0";"1,0";"2,0";
"163,0";"18,01,2019";"Выборгский";"";"Наезд на препятствие";"";"0";"0";"г Санкт-Петербург пр-кт Светлановский 35";"0,0";"1,0";"1,0";"1,0";
"164,0";"18,01,2019";"Курортный";"";"Наезд на пешехода";"";"0";"0";"г Сестрорецк ш Приморское 202";"0,0";"1,0";"1,0";"2,0";
"165,0";"18,01,2019";"Выборгский";"";"Наезд на пешехода";"";"0";"0";"г Санкт-Петербург пр-кт Светлановский 43";"0,0";"1,0";"1,0";"2,0";
"166,0";"18,01,2019";"Петродворцовый";"";"Столкновение";"";"0";"0";"п Стрельна ш Санкт-Петербургское 17";"0,0";"1,0";"2,0";"2,0";
"167,0";"18,01,2019";"Калининский";"";"Наезд на пешехода";"";"0";"0";"г Санкт-Петербург  ";"0,0";"1,0";"1,0";"2,0";
"168,0";"18,01,2019";"Василеостровский";"";"Наезд на пешехода";"";"0";"0";"г Санкт-Петербург ул Наличная 38";"0,0";"1,0";"1,0";"2,0";
"169,0";"18,01,2019";"Центральный";"";"Столкновение";"";"0";"0";"г Санкт-Петербург ул Тележная 37";"0,0";"1,0";"2,0";"2,0";
"170,0";"18,01,2019";"Невский";"";"Столкновение";"А-118 Кольцевая автомобильная дорога вокруг Санкт-Петербурга";"82";"800";"г Санкт-Петербург  ";"0,0";"1,0";"5,0";"5,0";
"171,0";"18,01,2019";"Адмиралтейский";"";"Столкновение";"";"0";"0";"г Санкт-Петербург наб Обводного канала 108";"0,0";"1,0";"2,0";"2,0";
"172,0";"18,01,2019";"Фрунзенский";"";"Наезд на пешехода";"";"0";"0";"г Санкт-Петербург ул Димитрова 8к2";"0,0";"1,0";"1,0";"2,0";
"173,0";"18,01,2019";"Красногвардейский";"";"Наезд на пешехода";"";"0";"0";"г Санкт-Петербург ул Магнитогорская 11";"0,0";"1,0";"1,0";"2,0";
"174,0";"18,01,2019";"Невский";"";"Столкновение";"";"0";"0";"г Санкт-Петербург пр-кт Обуховской Обороны 195";"0,0";"1,0";"2,0";"2,0";
"175,0";"17,01,2019";"Кировский";"";"Столкновение";"";"0";"0";"г Санкт-Петербург ул Маршала Говорова возрождения";"0,0";"2,0";"2,0";"3,0";
"176,0";"17,01,2019";"Приморский";"";"Наезд на пешехода";"";"0";"0";"п Лисий Нос ш Приморское 18";"0,0";"1,0";"1,0";"2,0";
"177,0";"17,01,2019";"Адмиралтейский";"";"Наезд на пешехода";"";"0";"0";"г Санкт-Петербург пр-кт Старо-Петергофский 3-5";"0,0";"1,0";"1,0";"2,0";
"178,0";"17,01,2019";"Московский";"";"Наезд на пешехода";"";"0";"0";"г Санкт-Петербург ул Предпортовая 1";"0,0";"1,0";"1,0";"2,0";
"179,0";"17,01,2019";"Калининский";"";"Столкновение";"";"0";"0";"г Санкт-Петербург пр-кт Тихорецкий 21";"0,0";"1,0";"2,0";"2,0";
"180,0";"17,01,2019";"Пушкинский";"";"Столкновение";"";"0";"0";"г Пушкин ш Киевское 261 км";"0,0";"1,0";"2,0";"2,0";
"181,0";"17,01,2019";"Курортный";"";"Столкновение";"";"0";"0";"п Песочный ул Ленинградская 63";"0,0";"1,0";"3,0";"3,0";
"182,0";"17,01,2019";"Кировский";"";"Наезд на пешехода";"";"0";"0";"г Санкт-Петербург  ";"0,0";"1,0";"1,0";"2,0";
"183,0";"17,01,2019";"Фрунзенский";"";"Наезд на пешехода";"";"0";"0";"г Санкт-Петербург ул Турку 11 к,1";"0,0";"1,0";"1,0";"2,0";
"184,0";"17,01,2019";"Калининский";"";"Наезд на пешехода";"";"0";"0";"г Санкт-Петербург пр-кт Культуры 7";"0,0";"1,0";"1,0";"2,0";
"185,0";"17,01,2019";"Василеостровский";"";"Столкновение";"";"0";"0";"г Санкт-Петербург ул Кораблестроителей 16";"0,0";"1,0";"2,0";"2,0";
"186,0";"17,01,2019";"Колпинский";"";"Столкновение";"";"0";"0";"г Колпино пр-кт Ленина Веры Слуцкой";"0,0";"2,0";"2,0";"4,0";
"187,0";"17,01,2019";"Московский";"";"Столкновение";"";"0";"0";"г Санкт-Петербург ул Типанова Демонстрационный пр";"0,0";"1,0";"2,0";"3,0";
"188,0";"17,01,2019";"Красногвардейский";"";"Наезд на пешехода";"";"0";"0";"г Санкт-Петербург  ";"0,0";"1,0";"1,0";"2,0";
"189,0";"17,01,2019";"Петроградский";"";"Наезд на пешехода";"";"0";"0";"г Санкт-Петербург наб Петроградская 44";"0,0";"1,0";"1,0";"2,0";
"190,0";"17,01,2019";"Калининский";"";"Наезд на пешехода";"";"0";"0";"г Санкт-Петербург пр-кт Науки 47";"0,0";"1,0";"1,0";"2,0";
"191,0";"17,01,2019";"Адмиралтейский";"";"Столкновение";"";"0";"0";"г Санкт-Петербург наб Обводного канала 175";"0,0";"1,0";"2,0";"2,0";
"192,0";"16,01,2019";"Московский";"";"Столкновение";"";"0";"0";"г Санкт-Петербург ул Типанова 6";"0,0";"1,0";"2,0";"3,0";
"193,0";"16,01,2019";"Адмиралтейский";"";"Наезд на пешехода";"";"0";"0";"г Санкт-Петербург пр-кт Лермонтовский 49";"0,0";"1,0";"1,0";"2,0";
"194,0";"16,01,2019";"Кронштадтский";"";"Наезд на стоящее ТС";"А-118 Кольцевая автомобильная дорога вокруг Санкт-Петербурга";"13";"300";"г Санкт-Петербург  ";"0,0";"1,0";"2,0";"2,0";
"195,0";"16,01,2019";"Фрунзенский";"";"Наезд на пешехода";"";"0";"0";"г Санкт-Петербург ул Будапештская 71";"0,0";"1,0";"1,0";"2,0";
"196,0";"16,01,2019";"Невский";"";"Наезд на пешехода";"";"0";"0";"г Санкт-Петербург  ";"0,0";"1,0";"1,0";"2,0";
"197,0";"16,01,2019";"Московский";"";"Наезд на пешехода";"";"0";"0";"г Санкт-Петербург  ";"0,0";"1,0";"1,0";"2,0";
"198,0";"16,01,2019";"Красносельский";"";"Столкновение";"";"0";"0";"г Санкт-Петербург пр-кт Ленинский Ул,Котина";"0,0";"1,0";"2,0";"2,0";
"199,0";"16,01,2019";"Московский";"";"Столкновение";"";"0";"0";"г Санкт-Петербург пр-кт Московский 193";"0,0";"1,0";"2,0";"3,0";
"200,0";"16,01,2019";"Центральный";"";"Наезд на пешехода";"";"0";"0";"г Санкт-Петербург ул Мытнинская 24";"0,0";"1,0";"1,0";"2,0";
"201,0";"16,01,2019";"Петродворцовый";"";"Столкновение";"";"0";"0";"г Ломоносов ул Федюнинского 1а";"0,0";"1,0";"2,0";"2,0";
"202,0";"16,01,2019";"Пушкинский";"";"Наезд на стоящее ТС";"";"0";"0";"г Пушкин ш Киевское 262 км 300 метров";"0,0";"4,0";"3,0";"4,0";
"203,0";"16,01,2019";"Приморский";"";"Наезд на пешехода";"";"0";"0";"г Санкт-Петербург  ";"0,0";"1,0";"1,0";"2,0";
"204,0";"15,01,2019";"Кировский";"";"Столкновение";"";"0";"0";"г Санкт-Петербург пр-кт Ветеранов 108";"0,0";"1,0";"2,0";"4,0";
"205,0";"15,01,2019";"Центральный";"";"Столкновение";"";"0";"0";"г Санкт-Петербург пр-кт Лиговский 10";"0,0";"1,0";"5,0";"5,0";
"206,0";"15,01,2019";"Курортный";"";"Столкновение";"Зеленогорское шоссе";"3";"570";"п Солнечное  ";"0,0";"1,0";"2,0";"2,0";
"207,0";"15,01,2019";"Московский";"";"Столкновение";"";"0";"0";"г Санкт-Петербург пр-кт Юрия Гагарина 4";"0,0";"2,0";"3,0";"3,0";
"208,0";"15,01,2019";"Московский";"";"Столкновение";"";"0";"0";"г Санкт-Петербург ул Ново-Рыбинская Лиговский пр,";"0,0";"1,0";"2,0";"2,0";
"209,0";"15,01,2019";"Адмиралтейский";"";"Наезд на пешехода";"";"0";"0";"г Санкт-Петербург пр-кт Английский 40";"0,0";"1,0";"1,0";"2,0";
"210,0";"15,01,2019";"Колпинский";"";"Наезд на пешехода";"";"0";"0";"г Колпино ш Вознесенское 49к,2";"0,0";"1,0";"1,0";"2,0";
"211,0";"15,01,2019";"Калининский";"";"Наезд на стоящее ТС";"";"0";"0";"г Санкт-Петербург пр-кт Кондратьевский 13А";"0,0";"1,0";"3,0";"3,0";
"212,0";"15,01,2019";"Центральный";"";"Столкновение";"";"0";"0";"г Санкт-Петербург пр-кт Суворовский 63";"0,0";"1,0";"3,0";"4,0";
"213,0";"15,01,2019";"Колпинский";"";"Наезд на пешехода";"";"0";"0";"г Колпино ул Павловская 42 лит А";"0,0";"1,0";"1,0";"2,0";
"214,0";"15,01,2019";"Фрунзенский";"";"Наезд на пешехода";"";"0";"0";"г Санкт-Петербург ул Софийская 32 к, 1";"1,0";"0,0";"1,0";"2,0";
"215,0";"15,01,2019";"Красносельский";"";"Столкновение";"А-118 Кольцевая автомобильная дорога вокруг Санкт-Петербурга";"79";"50";"г Санкт-Петербург  ";"0,0";"1,0";"2,0";"3,0";
"216,0";"15,01,2019";"Фрунзенский";"";"Наезд на пешехода";"";"0";"0";"г Санкт-Петербург ул Салова 82";"0,0";"1,0";"1,0";"2,0";
"217,0";"15,01,2019";"Красногвардейский";"";"Наезд на пешехода";"";"0";"0";"г Санкт-Петербург  ";"0,0";"1,0";"1,0";"2,0";
"218,0";"14,01,2019";"Калининский";"";"Наезд на пешехода";"";"0";"0";"г Санкт-Петербург  ";"0,0";"1,0";"1,0";"2,0";
"219,0";"14,01,2019";"Выборгский";"";"Столкновение";"";"0";"0";"г Санкт-Петербург ул Прокофьева 5 33";"0,0";"2,0";"4,0";"6,0";
"220,0";"14,01,2019";"Невский";"";"Столкновение";"";"0";"0";"г Санкт-Петербург ул Бабушкина 52";"0,0";"1,0";"2,0";"3,0";
"221,0";"14,01,2019";"Адмиралтейский";"";"Наезд на стоящее ТС";"";"0";"0";"г Санкт-Петербург наб Английская 16";"0,0";"1,0";"4,0";"4,0";
"222,0";"14,01,2019";"Красносельский";"";"Наезд на пешехода";"";"0";"0";"г Санкт-Петербург ш Петергофское 1к1";"0,0";"1,0";"1,0";"2,0";
"223,0";"14,01,2019";"Невский";"";"Столкновение";"";"0";"0";"г Санкт-Петербург пр-кт Большевиков 1";"0,0";"1,0";"2,0";"3,0";
"224,0";"14,01,2019";"Красногвардейский";"";"Наезд на пешехода";"";"0";"0";"г Санкт-Петербург пр-кт Новочеркасский 12";"0,0";"1,0";"1,0";"2,0";
"225,0";"14,01,2019";"Выборгский";"";"Наезд на пешехода";"";"0";"0";"г Санкт-Петербург пр-кт Культуры 1-й Верхний пер,";"0,0";"1,0";"1,0";"2,0";
"226,0";"14,01,2019";"Петродворцовый";"";"Наезд на пешехода";"";"0";"0";"п Стрельна ш Санкт-Петербургское 98 1";"0,0";"1,0";"1,0";"2,0";
"227,0";"14,01,2019";"Невский";"";"Наезд на пешехода";"";"0";"0";"г Санкт-Петербург  ";"0,0";"1,0";"1,0";"2,0";
"228,0";"14,01,2019";"Калининский";"";"Падение пассажира";"";"0";"0";"г Санкт-Петербург пр-кт Пискарёвский 50 корпус 2";"0,0";"1,0";"1,0";"2,0";
"229,0";"14,01,2019";"Кировский";"";"Наезд на пешехода";"";"0";"0";"г Санкт-Петербург ул Счастливая 14";"0,0";"1,0";"1,0";"2,0";
"230,0";"14,01,2019";"Выборгский";"";"Столкновение";"";"0";"0";"п Парголово ул Фёдора Абрамова Н, Рубцова";"0,0";"1,0";"2,0";"2,0";
"231,0";"14,01,2019";"Выборгский";"";"Наезд на пешехода";"";"0";"0";"г Санкт-Петербург пр-кт Лесной 88";"0,0";"1,0";"1,0";"2,0";
"232,0";"13,01,2019";"Адмиралтейский";"";"Наезд на препятствие";"";"0";"0";"г Санкт-Петербург ул Садовая 64";"0,0";"1,0";"1,0";"1,0";
"233,0";"13,01,2019";"Центральный";"";"Наезд на пешехода";"";"0";"0";"г Санкт-Петербург пр-кт Литейный 26";"0,0";"1,0";"1,0";"2,0";
"234,0";"13,01,2019";"Кировский";"";"Столкновение";"";"0";"0";"г Санкт-Петербург пр-кт Дачный 24-2";"0,0";"1,0";"3,0";"3,0";
"235,0";"13,01,2019";"Московский";"";"Наезд на пешехода";"";"0";"0";"г Санкт-Петербург  ";"0,0";"1,0";"1,0";"2,0";
"236,0";"13,01,2019";"Кировский";"";"Столкновение";"";"0";"0";"г Санкт-Петербург пр-кт Народного Ополчения Краснопутиловская ул";"0,0";"1,0";"2,0";"3,0";
"237,0";"13,01,2019";"Невский";"";"Столкновение";"";"0";"0";"г Санкт-Петербург наб Октябрьская 44 корп,2";"0,0";"1,0";"2,0";"3,0";
"238,0";"13,01,2019";"Московский";"";"Столкновение";"";"0";"0";"г Санкт-Петербург пр-кт Космонавтов Южное ш,";"0,0";"3,0";"2,0";"4,0";
"239,0";"13,01,2019";"Красносельский";"";"Падение пассажира";"";"0";"0";"г Санкт-Петербург пр-кт Маршала Жукова 31";"0,0";"1,0";"1,0";"2,0";
"240,0";"13,01,2019";"Центральный";"";"Наезд на пешехода";"";"0";"0";"г Санкт-Петербург пр-кт Литейный 5";"0,0";"1,0";"1,0";"2,0";
"241,0";"13,01,2019";"Петроградский";"";"Столкновение";"";"0";"0";"г Санкт-Петербург наб Адмирала Лазарева 44 6 по ул,Большая З";"0,0";"2,0";"3,0";"3,0";
"242,0";"13,01,2019";"Невский";"";"Наезд на пешехода";"";"0";"0";"г Санкт-Петербург  ";"0,0";"1,0";"1,0";"2,0";
"243,0";"13,01,2019";"Адмиралтейский";"";"Наезд на пешехода";"";"0";"0";"г Санкт-Петербург пр-кт Рижский 25";"0,0";"1,0";"1,0";"2,0";
"244,0";"13,01,2019";"Приморский";"";"Столкновение";"";"0";"0";"г Санкт-Петербург ул Матроса Железняка 29";"0,0";"2,0";"2,0";"3,0";
"245,0";"13,01,2019";"Пушкинский";"";"Столкновение";"";"0";"0";"п Шушары ул Софийская 9";"0,0";"1,0";"4,0";"3,0";
"246,0";"12,01,2019";"Красносельский";"";"Столкновение";"";"0";"0";"г Санкт-Петербург ш Петергофское 47";"0,0";"1,0";"2,0";"3,0";
"247,0";"12,01,2019";"Кировский";"";"Столкновение";"";"0";"0";"г Санкт-Петербург пр-кт Народного Ополчения 199";"0,0";"1,0";"2,0";"3,0";
"248,0";"12,01,2019";"Центральный";"";"Наезд на пешехода";"";"0";"0";"г Санкт-Петербург ул Садовая 21А";"0,0";"1,0";"2,0";"3,0";
"249,0";"12,01,2019";"Выборгский";"";"Столкновение";"";"0";"0";"г Санкт-Петербург пр-кт Энгельса Поклоногорская";"0,0";"1,0";"2,0";"3,0";
"250,0";"12,01,2019";"Калининский";"";"Столкновение";"";"0";"0";"г Санкт-Петербург пр-кт Пискарёвский 4";"0,0";"1,0";"2,0";"2,0";
"251,0";"12,01,2019";"Петродворцовый";"";"Столкновение";"";"0";"0";"г Петергоф ул Фрунзе 2";"0,0";"3,0";"2,0";"4,0";
"252,0";"12,01,2019";"Выборгский";"";"Наезд на пешехода";"";"0";"0";"г Санкт-Петербург ул Выборгская 5";"0,0";"1,0";"1,0";"2,0";
"253,0";"12,01,2019";"Красногвардейский";"";"Столкновение";"";"0";"0";"г Санкт-Петербург ул Передовиков 33";"0,0";"1,0";"3,0";"3,0";
"254,0";"12,01,2019";"Калининский";"";"Наезд на пешехода";"";"0";"0";"г Санкт-Петербург пр-кт Науки 13 1";"0,0";"1,0";"1,0";"2,0";
"255,0";"12,01,2019";"Фрунзенский";"";"Наезд на пешехода";"";"0";"0";"г Санкт-Петербург наб Обводного канала 60";"0,0";"1,0";"1,0";"2,0";
"256,0";"12,01,2019";"Выборгский";"";"Наезд на пешехода";"";"0";"0";"г Санкт-Петербург пр-кт Художников 13 корп, 1";"0,0";"1,0";"1,0";"2,0";
"257,0";"12,01,2019";"Красногвардейский";"";"Наезд на стоящее ТС";"";"0";"0";"г Санкт-Петербург ул Белорусская 28";"0,0";"1,0";"2,0";"2,0";
"258,0";"12,01,2019";"Пушкинский";"";"Наезд на пешехода";"";"0";"0";"п Шушары ул Ростовская (Славянка) 8лит,А";"0,0";"1,0";"1,0";"2,0";
"259,0";"12,01,2019";"Красносельский";"";"Столкновение";"";"0";"0";"г Санкт-Петербург пр-кт Ленинский Доблести";"0,0";"3,0";"2,0";"4,0";
"260,0";"12,01,2019";"Красногвардейский";"";"Столкновение";"";"0";"0";"г Санкт-Петербург ул Хасанская 18";"0,0";"1,0";"2,0";"3,0";
"261,0";"12,01,2019";"Кировский";"";"Столкновение";"";"0";"0";"г Санкт-Петербург пр-кт Стачек 15";"0,0";"1,0";"3,0";"3,0";
"262,0";"12,01,2019";"Красногвардейский";"";"Столкновение";"А-118 Кольцевая автомобильная дорога вокруг Санкт-Петербурга";"37";"930";"г Санкт-Петербург  ";"0,0";"2,0";"2,0";"3,0";
"263,0";"12,01,2019";"Центральный";"";"Наезд на пешехода";"";"0";"0";"г Санкт-Петербург ул Моховая 34";"0,0";"1,0";"1,0";"2,0";
"264,0";"11,01,2019";"Красногвардейский";"";"Наезд на пешехода";"";"0";"0";"г Санкт-Петербург пр-кт Косыгина 19";"0,0";"1,0";"1,0";"2,0";
"265,0";"11,01,2019";"Невский";"";"Наезд на пешехода";"";"0";"0";"г Санкт-Петербург ул Антонова-Овсеенко 25к1";"0,0";"1,0";"1,0";"2,0";
"266,0";"11,01,2019";"Невский";"";"Падение пассажира";"";"0";"0";"г Санкт-Петербург пр-кт Солидарности 1";"0,0";"1,0";"1,0";"2,0";
"267,0";"11,01,2019";"Московский";"";"Наезд на пешехода";"";"0";"0";"г Санкт-Петербург пр-кт Новоизмайловский 79";"0,0";"1,0";"1,0";"2,0";
"268,0";"11,01,2019";"Приморский";"";"Наезд на пешехода";"";"0";"0";"г Санкт-Петербург  ";"0,0";"1,0";"2,0";"2,0";
"269,0";"11,01,2019";"Московский";"";"Столкновение";"";"0";"0";"г Санкт-Петербург пр-кт Московский 212";"0,0";"1,0";"2,0";"2,0";
"270,0";"11,01,2019";"Фрунзенский";"";"Наезд на пешехода";"";"0";"0";"г Санкт-Петербург ул Бухарестская 110";"0,0";"1,0";"1,0";"2,0";
"271,0";"11,01,2019";"Приморский";"";"Столкновение";"";"0";"0";"г Санкт-Петербург ш Приморское 4 корп, 1";"0,0";"1,0";"2,0";"2,0";
"272,0";"11,01,2019";"Калининский";"";"Столкновение";"";"0";"0";"г Санкт-Петербург ул Руставели Науки";"0,0";"1,0";"2,0";"2,0";
"273,0";"11,01,2019";"Невский";"";"Наезд на пешехода";"";"0";"0";"г Санкт-Петербург  ";"0,0";"1,0";"1,0";"2,0";
"274,0";"11,01,2019";"Выборгский";"";"Наезд на пешехода";"";"0";"0";"п Парголово дор Ольгинская (Торфяное) 2 по ул,Донецкой";"0,0";"1,0";"1,0";"2,0";
"275,0";"11,01,2019";"Невский";"";"Наезд на пешехода";"";"0";"0";"г Санкт-Петербург  ";"0,0";"1,0";"1,0";"2,0";
"276,0";"11,01,2019";"Пушкинский";"";"Столкновение";"";"0";"0";"г Пушкин ул Конюшенная Пушкинская ул,";"0,0";"1,0";"2,0";"3,0";
"277,0";"11,01,2019";"Приморский";"";"Столкновение";"";"0";"0";"г Санкт-Петербург пр-кт Богатырский 18к2";"0,0";"1,0";"2,0";"3,0";
"278,0";"11,01,2019";"Красногвардейский";"";"Падение пассажира";"";"0";"0";"г Санкт-Петербург ул Красина (Пороховые) 9-А";"0,0";"1,0";"1,0";"2,0";
"279,0";"11,01,2019";"Выборгский";"";"Наезд на пешехода";"";"0";"0";"г Санкт-Петербург пр-кт Энгельса 13 2";"0,0";"1,0";"1,0";"2,0";
"280,0";"11,01,2019";"Фрунзенский";"";"Столкновение";"";"0";"0";"г Санкт-Петербург пр-кт Дунайский 48-1";"0,0";"3,0";"2,0";"5,0";
"281,0";"10,01,2019";"Пушкинский";"";"Столкновение";"";"0";"0";"г Павловск ул Детскосельская 4";"0,0";"2,0";"4,0";"6,0";
"282,0";"10,01,2019";"Приморский";"";"Наезд на пешехода";"";"0";"0";"г Санкт-Петербург пр-кт Королёва 61";"0,0";"1,0";"1,0";"2,0";
"283,0";"10,01,2019";"Выборгский";"";"Наезд на пешехода";"";"0";"0";"г Санкт-Петербург пр-кт Полюстровский 84";"0,0";"2,0";"1,0";"3,0";
"284,0";"10,01,2019";"Колпинский";"";"Столкновение";"";"0";"0";"п Саперный ш Петрозаводское 52 лит,А";"0,0";"1,0";"2,0";"3,0";
"285,0";"10,01,2019";"Центральный";"";"Наезд на препятствие";"";"0";"0";"г Санкт-Петербург наб Смольная напротив д, 53";"0,0";"1,0";"1,0";"1,0";
"286,0";"10,01,2019";"Петродворцовый";"";"Наезд на пешехода";"";"0";"0";"г Петергоф ш Санкт-Петербургское 115";"0,0";"1,0";"1,0";"2,0";
"287,0";"10,01,2019";"Московский";"";"Столкновение";"";"0";"0";"г Санкт-Петербург ул Благодатная ул,Варшавская";"0,0";"1,0";"3,0";"4,0";
"288,0";"10,01,2019";"Петродворцовый";"";"Столкновение";"";"0";"0";"п Стрельна ш Волхонское 4";"0,0";"2,0";"2,0";"3,0";
"289,0";"10,01,2019";"Выборгский";"";"Столкновение";"";"0";"0";"г Санкт-Петербург пр-кт Культуры 30";"0,0";"1,0";"2,0";"3,0";
"290,0";"10,01,2019";"Невский";"";"Столкновение";"";"0";"0";"г Санкт-Петербург ул Коллонтай 7";"0,0";"1,0";"2,0";"2,0";
"291,0";"10,01,2019";"Петроградский";"";"Столкновение";"";"0";"0";"г Санкт-Петербург ул Спортивная 15 по Морскому пр";"0,0";"2,0";"2,0";"4,0";
"292,0";"10,01,2019";"Калининский";"";"Наезд на пешехода";"";"0";"0";"г Санкт-Петербург ул Академика Константинова Науки";"0,0";"1,0";"1,0";"2,0";
"293,0";"10,01,2019";"Адмиралтейский";"";"Столкновение";"";"0";"0";"г Санкт-Петербург ул Лифляндская 12";"0,0";"1,0";"2,0";"2,0";
"294,0";"10,01,2019";"Невский";"";"Наезд на пешехода";"";"0";"0";"г Санкт-Петербург ул Седова 13";"0,0";"3,0";"2,0";"5,0";
"295,0";"10,01,2019";"Калининский";"";"Наезд на пешехода";"";"0";"0";"г Санкт-Петербург пр-кт Маршала Блюхера 12 кор 7";"0,0";"1,0";"1,0";"2,0";
"296,0";"09,01,2019";"Московский";"";"Наезд на пешехода";"";"0";"0";"г Санкт-Петербург ул Кубинская 56";"0,0";"1,0";"1,0";"2,0";
"297,0";"09,01,2019";"Пушкинский";"";"Падение пассажира";"";"0";"0";"п Шушары ул Первомайская 16";"0,0";"1,0";"1,0";"2,0";
"298,0";"09,01,2019";"Приморский";"";"Наезд на препятствие";"";"0";"0";"п Лисий Нос ш Ленинградское 1";"0,0";"1,0";"1,0";"2,0";
"299,0";"09,01,2019";"Центральный";"";"Столкновение";"";"0";"0";"г Санкт-Петербург наб Смольная 3";"1,0";"0,0";"3,0";"2,0";
"300,0";"09,01,2019";"Колпинский";"";"Столкновение";"";"0";"0";"п Саперный ш Петрозаводское 70 м, от д,52";"0,0";"3,0";"2,0";"3,0";
"301,0";"09,01,2019";"Колпинский";"";"Столкновение";"";"0";"0";"п Саперный ш Петрозаводское 52 лит,А";"0,0";"2,0";"2,0";"3,0";
"302,0";"09,01,2019";"Калининский";"";"Наезд на пешехода";"";"0";"0";"г Санкт-Петербург пр-кт Кондратьевский 3";"0,0";"2,0";"1,0";"3,0";
"303,0";"09,01,2019";"Калининский";"";"Наезд на пешехода";"";"0";"0";"г Санкт-Петербург пр-кт Мечникова 23";"0,0";"2,0";"1,0";"3,0";
"304,0";"09,01,2019";"Выборгский";"";"Наезд на пешехода";"";"0";"0";"г Санкт-Петербург  ";"0,0";"1,0";"1,0";"2,0";
"305,0";"09,01,2019";"Московский";"";"Столкновение";"";"0";"0";"г Санкт-Петербург ш Пулковское 37 к1";"0,0";"1,0";"2,0";"2,0";
"306,0";"09,01,2019";"Приморский";"";"Столкновение";"";"0";"0";"г Санкт-Петербург ул Савушкина Туристская";"0,0";"1,0";"2,0";"3,0";
"307,0";"09,01,2019";"Петродворцовый";"";"Наезд на препятствие";"";"0";"0";"п Стрельна ш Санкт-Петербургское 13";"0,0";"1,0";"1,0";"2,0";
"308,0";"09,01,2019";"Василеостровский";"";"Столкновение";"";"0";"0";"г Санкт-Петербург наб Реки Смоленки 5";"0,0";"1,0";"2,0";"3,0";
"309,0";"09,01,2019";"Приморский";"";"Столкновение";"";"0";"0";"г Санкт-Петербург ул Парашютная х Коломяжский пр,";"0,0";"1,0";"2,0";"3,0";
"310,0";"09,01,2019";"Невский";"";"Столкновение";"";"0";"0";"г Санкт-Петербург ул Дыбенко 26";"0,0";"1,0";"2,0";"3,0";
"311,0";"09,01,2019";"Калининский";"";"Столкновение";"";"0";"0";"г Санкт-Петербург пр-кт Гражданский 85";"0,0";"1,0";"2,0";"3,0";
"312,0";"09,01,2019";"Красносельский";"";"Столкновение";"";"0";"0";"г Санкт-Петербург ул Маршала Казакова Доблести,ул";"0,0";"1,0";"2,0";"2,0";
"313,0";"09,01,2019";"Пушкинский";"";"Наезд на пешехода";"";"0";"0";"п Шушары ш Московское 52";"0,0";"1,0";"1,0";"2,0";
"314,0";"09,01,2019";"Калининский";"";"Наезд на пешехода";"";"0";"0";"г Санкт-Петербург  ";"0,0";"1,0";"1,0";"2,0";
"315,0";"09,01,2019";"Приморский";"";"Столкновение";"";"0";"0";"г Санкт-Петербург пр-кт Королёва 65";"0,0";"1,0";"2,0";"2,0";
"316,0";"09,01,2019";"Красногвардейский";"";"Наезд на пешехода";"";"0";"0";"г Санкт-Петербург пл Карла Фаберже 8";"0,0";"1,0";"1,0";"2,0";
"317,0";"09,01,2019";"Центральный";"";"Наезд на пешехода";"";"0";"0";"г Санкт-Петербург ул Некрасова 9";"0,0";"1,0";"1,0";"2,0";
"318,0";"09,01,2019";"Невский";"";"Иной вид ДТП";"";"0";"0";"г Санкт-Петербург ул Бабушкина 135";"0,0";"1,0";"1,0";"2,0";
"319,0";"08,01,2019";"Кировский";"";"Наезд на пешехода";"";"0";"0";"г Санкт-Петербург пр-кт Стачек ул,Трефолева";"0,0";"1,0";"1,0";"2,0";
"320,0";"08,01,2019";"Калининский";"";"Столкновение";"";"0";"0";"г Санкт-Петербург ул Руставели пр,Науки";"0,0";"1,0";"2,0";"3,0";
"321,0";"08,01,2019";"Красносельский";"";"Столкновение";"";"0";"0";"г Санкт-Петербург ш Петергофское 79к2";"0,0";"1,0";"2,0";"2,0";
"322,0";"08,01,2019";"Пушкинский";"";"Наезд на препятствие";"А-118 Кольцевая автомобильная дорога вокруг Санкт-Петербурга";"76";"900";"г Санкт-Петербург  ";"0,0";"1,0";"1,0";"2,0";
"323,0";"08,01,2019";"Калининский";"";"Столкновение";"";"0";"0";"г Санкт-Петербург наб Арсенальная 15";"0,0";"1,0";"4,0";"4,0";
"324,0";"08,01,2019";"Красносельский";"";"Наезд на пешехода";"";"0";"0";"г Санкт-Петербург ул Маршала Казакова 36А";"0,0";"1,0";"1,0";"2,0";
"325,0";"08,01,2019";"Красносельский";"";"Столкновение";"";"0";"0";"г Санкт-Петербург пр-кт Ветеранов 122";"0,0";"1,0";"2,0";"2,0";
"326,0";"08,01,2019";"Приморский";"";"Наезд на препятствие";"";"0";"0";"г Санкт-Петербург ш Приморское 178 км";"0,0";"1,0";"1,0";"2,0";
"327,0";"08,01,2019";"Петроградский";"";"Столкновение";"";"0";"0";"г Санкт-Петербург пр-кт Большой П,С, 2";"0,0";"1,0";"3,0";"4,0";
"328,0";"08,01,2019";"Невский";"";"Наезд на препятствие";"";"0";"0";"г Санкт-Петербург ул Цимбалина 58";"0,0";"2,0";"1,0";"2,0";
"329,0";"08,01,2019";"Приморский";"";"Наезд на пешехода";"";"0";"0";"г Санкт-Петербург ул Школьная х Туристская ул,";"0,0";"1,0";"1,0";"2,0";
"330,0";"08,01,2019";"Красносельский";"";"Наезд на препятствие";"";"0";"0";"г Санкт-Петербург ш Петергофское 11 21";"0,0";"1,0";"2,0";"3,0";
"331,0";"07,01,2019";"Калининский";"";"Наезд на пешехода";"";"0";"0";"г Санкт-Петербург ул Демьяна Бедного 30";"0,0";"1,0";"1,0";"2,0";
"332,0";"07,01,2019";"Колпинский";"";"Столкновение";"";"0";"0";"г Колпино ул Загородная 276м к ул,Колпинская";"0,0";"1,0";"2,0";"3,0";
"333,0";"07,01,2019";"Кировский";"";"Наезд на пешехода";"";"0";"0";"г Санкт-Петербург  ";"0,0";"1,0";"1,0";"2,0";
"334,0";"07,01,2019";"Кировский";"";"Столкновение";"";"0";"0";"г Санкт-Петербург пр-кт Ленинский Ул,З,Портновой";"0,0";"1,0";"2,0";"2,0";
"335,0";"07,01,2019";"Красносельский";"";"Наезд на стоящее ТС";"";"0";"0";"г Красное Село пр-кт Ленина 21 по ул,Семеновская";"0,0";"1,0";"2,0";"2,0";
"336,0";"07,01,2019";"Выборгский";"";"Столкновение";"";"0";"0";"г Санкт-Петербург ш Выборгское Ж, Егоровой";"0,0";"1,0";"2,0";"3,0";
"337,0";"07,01,2019";"Петродворцовый";"";"Столкновение";"";"0";"0";"г Ломоносов ул Александровская 9";"0,0";"1,0";"2,0";"2,0";
"338,0";"07,01,2019";"Московский";"";"Столкновение";"";"0";"0";"г Санкт-Петербург пр-кт Лиговский 246а";"0,0";"4,0";"2,0";"4,0";
"339,0";"07,01,2019";"Выборгский";"";"Наезд на препятствие";"Западный скоростной диаметр";"36";"300";"г Санкт-Петербург  ";"0,0";"2,0";"1,0";"2,0";
"340,0";"07,01,2019";"Курортный";"";"Столкновение";"Белоостровское шоссе";"3";"850";"г Санкт-Петербург  ";"0,0";"5,0";"2,0";"5,0";
"341,0";"07,01,2019";"Московский";"";"Столкновение";"";"0";"0";"г Санкт-Петербург пр-кт Юрия Гагарина 26к1";"0,0";"1,0";"3,0";"3,0";
"342,0";"07,01,2019";"Московский";"";"Столкновение";"";"0";"0";"г Санкт-Петербург пр-кт Витебский 108";"0,0";"1,0";"2,0";"3,0";
"343,0";"06,01,2019";"Выборгский";"";"Наезд на пешехода";"";"0";"0";"г Санкт-Петербург пр-кт Луначарского 33 к,1";"0,0";"1,0";"1,0";"2,0";
"344,0";"06,01,2019";"Московский";"";"Наезд на пешехода";"";"0";"0";"г Санкт-Петербург пр-кт Московский 128";"0,0";"1,0";"1,0";"2,0";
"345,0";"06,01,2019";"Фрунзенский";"";"Наезд на стоящее ТС";"";"0";"0";"г Санкт-Петербург ул Касимовская 5";"0,0";"1,0";"2,0";"3,0";
"346,0";"06,01,2019";"Невский";"";"Столкновение";"";"0";"0";"г Санкт-Петербург пр-кт Обуховской Обороны 86А";"0,0";"1,0";"2,0";"2,0";
"347,0";"06,01,2019";"Калининский";"";"Столкновение";"";"0";"0";"г Санкт-Петербург ул Замшина Пр, Металлистов";"0,0";"1,0";"2,0";"3,0";
"348,0";"06,01,2019";"Центральный";"";"Наезд на пешехода";"";"0";"0";"г Санкт-Петербург пр-кт Лиговский 69";"0,0";"1,0";"1,0";"2,0";
"349,0";"06,01,2019";"Приморский";"";"Наезд на пешехода";"";"0";"0";"г Санкт-Петербург ул Планерная 49";"0,0";"1,0";"1,0";"2,0";
"350,0";"06,01,2019";"Московский";"";"Наезд на стоящее ТС";"";"0";"0";"г Санкт-Петербург ул Типанова 38";"0,0";"1,0";"2,0";"2,0";
"351,0";"06,01,2019";"Калининский";"";"Наезд на препятствие";"";"0";"0";"г Санкт-Петербург пр-кт Кондратьевский 17";"0,0";"1,0";"1,0";"2,0";
"352,0";"05,01,2019";"Московский";"";"Столкновение";"";"0";"0";"г Санкт-Петербург ул Варшавская 23";"0,0";"1,0";"2,0";"3,0";
"353,0";"05,01,2019";"Выборгский";"";"Опрокидывание";"";"0";"0";"г Санкт-Петербург наб Выборгская 33";"0,0";"1,0";"1,0";"1,0";
"354,0";"05,01,2019";"Московский";"";"Столкновение";"";"0";"0";"г Санкт-Петербург пр-кт Ленинский 150";"0,0";"1,0";"3,0";"4,0";
"355,0";"05,01,2019";"Центральный";"";"Наезд на пешехода";"";"0";"0";"г Санкт-Петербург пр-кт Владимирский 4";"0,0";"1,0";"1,0";"2,0";
"356,0";"05,01,2019";"Адмиралтейский";"";"Наезд на препятствие";"";"0";"0";"г Санкт-Петербург ул Лифляндская 12 б";"0,0";"1,0";"1,0";"1,0";
"357,0";"05,01,2019";"Невский";"";"Столкновение";"";"0";"0";"г Санкт-Петербург пр-кт Большевиков 24";"0,0";"2,0";"3,0";"4,0";
"358,0";"05,01,2019";"Выборгский";"";"Столкновение";"";"0";"0";"г Санкт-Петербург ш Выборгское Вяземская дорога";"0,0";"2,0";"4,0";"5,0";
"359,0";"05,01,2019";"Калининский";"";"Столкновение";"";"0";"0";"г Санкт-Петербург наб Свердловская 12";"0,0";"1,0";"2,0";"2,0";
"360,0";"05,01,2019";"Красногвардейский";"";"Столкновение";"";"0";"0";"г Санкт-Петербург пр-кт Новочеркасский 43";"0,0";"1,0";"2,0";"3,0";
"361,0";"05,01,2019";"Курортный";"";"Наезд на пешехода";"";"0";"0";"г Сестрорецк ул Токарева 15";"0,0";"2,0";"1,0";"2,0";
"362,0";"05,01,2019";"Выборгский";"";"Столкновение";"";"0";"0";"г Санкт-Петербург ул Парашютная Дорога в Каменку";"0,0";"4,0";"2,0";"5,0";
"363,0";"05,01,2019";"Калининский";"";"Съезд с дороги";"";"0";"0";"г Санкт-Петербург ул Руставели 25 - пр, Науки";"0,0";"3,0";"1,0";"4,0";
"364,0";"05,01,2019";"Курортный";"";"Падение пассажира";"";"0";"0";"г Санкт-Петербург ш Приморское 261";"0,0";"1,0";"1,0";"2,0";
"365,0";"05,01,2019";"Петродворцовый";"";"Наезд на пешехода";"";"0";"0";"г Ломоносов пр-кт Дворцовый 51";"0,0";"1,0";"1,0";"2,0";
"366,0";"04,01,2019";"Московский";"";"Наезд на препятствие";"";"0";"0";"г Санкт-Петербург пр-кт Московский 167";"0,0";"7,0";"1,0";"8,0";
"367,0";"04,01,2019";"Красносельский";"";"Наезд на препятствие";"";"0";"0";"г Санкт-Петербург ш Петергофское 11";"0,0";"1,0";"1,0";"2,0";
"368,0";"04,01,2019";"Фрунзенский";"";"Столкновение";"";"0";"0";"г Санкт-Петербург ул Бухарестская 6 по ул, Фучика";"0,0";"1,0";"2,0";"3,0";
"369,0";"04,01,2019";"Московский";"";"Наезд на пешехода";"";"0";"0";"г Санкт-Петербург ул Костюшко 82";"0,0";"1,0";"1,0";"2,0";
"370,0";"04,01,2019";"Невский";"";"Наезд на препятствие";"";"0";"0";"г Санкт-Петербург наб Октябрьская 8";"0,0";"1,0";"1,0";"1,0";
"371,0";"04,01,2019";"Калининский";"";"Наезд на стоящее ТС";"";"0";"0";"г Санкт-Петербург пр-кт Светлановский 46 корпус 1";"0,0";"1,0";"3,0";"4,0";
"372,0";"04,01,2019";"Калининский";"";"Наезд на стоящее ТС";"";"0";"0";"г Санкт-Петербург пр-кт Луначарского 84";"0,0";"1,0";"2,0";"2,0";
"373,0";"04,01,2019";"Пушкинский";"";"Столкновение";"";"0";"0";"п Шушары ш Московское 675 км, 100 метров";"0,0";"1,0";"3,0";"3,0";
"374,0";"04,01,2019";"Пушкинский";"";"Наезд на пешехода";"";"0";"0";"п Шушары пр-кт Витебский 3км";"0,0";"4,0";"2,0";"4,0";
"375,0";"04,01,2019";"Кировский";"";"Наезд на препятствие";"";"0";"0";"г Санкт-Петербург ул Краснопутиловская Пр, Н, Ополчения";"0,0";"1,0";"1,0";"1,0";
"376,0";"04,01,2019";"Колпинский";"";"Столкновение";"";"0";"0";"п Саперный ш Петрозаводское 57к2";"0,0";"1,0";"3,0";"2,0";
"377,0";"04,01,2019";"Петроградский";"";"Столкновение";"";"0";"0";"г Санкт-Петербург наб Песочная 18";"0,0";"2,0";"2,0";"3,0";
"378,0";"04,01,2019";"Московский";"";"Наезд на препятствие";"";"0";"0";"г Санкт-Петербург ул Галстяна 3";"0,0";"1,0";"1,0";"2,0";
"379,0";"04,01,2019";"Выборгский";"";"Столкновение";"";"0";"0";"г Санкт-Петербург ш Выборгское 344";"0,0";"1,0";"2,0";"3,0";
"380,0";"04,01,2019";"Пушкинский";"";"Наезд на стоящее ТС";"";"0";"0";"п Шушары пр-кт Витебский 138";"0,0";"1,0";"2,0";"3,0";
"381,0";"04,01,2019";"Невский";"";"Столкновение";"";"0";"0";"г Санкт-Петербург наб Октябрьская 17";"1,0";"0,0";"2,0";"2,0";
"382,0";"04,01,2019";"Фрунзенский";"";"Наезд на пешехода";"";"0";"0";"г Санкт-Петербург ул Бухарестская 74";"0,0";"1,0";"1,0";"2,0";
"383,0";"03,01,2019";"Кировский";"";"Столкновение";"";"0";"0";"г Санкт-Петербург ул Маршала Говорова ул, В, Алексеева";"0,0";"3,0";"3,0";"5,0";
"384,0";"03,01,2019";"Калининский";"";"Столкновение";"";"0";"0";"г Санкт-Петербург пр-кт Культуры 7";"0,0";"1,0";"2,0";"3,0";
"385,0";"03,01,2019";"Красносельский";"";"Столкновение";"";"0";"0";"г Санкт-Петербург ул Партизана Германа 11";"0,0";"1,0";"2,0";"2,0";
"386,0";"03,01,2019";"Невский";"";"Столкновение";"";"0";"0";"г Санкт-Петербург пр-кт Шлиссельбургский 43";"0,0";"1,0";"3,0";"4,0";
"387,0";"03,01,2019";"Выборгский";"";"Столкновение";"";"0";"0";"г Санкт-Петербург пр-кт Культуры Суздальский пр,";"2,0";"1,0";"2,0";"4,0";
"388,0";"03,01,2019";"Центральный";"";"Столкновение";"";"0";"0";"г Санкт-Петербург наб Обводного канала ул, Боровая";"0,0";"2,0";"2,0";"4,0";
"389,0";"03,01,2019";"Пушкинский";"";"Столкновение";"";"0";"0";"п Шушары ул Пушкинская 90А";"0,0";"1,0";"3,0";"3,0";
"390,0";"03,01,2019";"Центральный";"";"Наезд на пешехода";"";"0";"0";"г Санкт-Петербург ул Садовая 28-30";"0,0";"1,0";"1,0";"2,0";
"391,0";"03,01,2019";"Красногвардейский";"";"Столкновение";"";"0";"0";"г Санкт-Петербург пр-кт Ириновский 16";"0,0";"1,0";"2,0";"2,0";
"392,0";"03,01,2019";"Центральный";"";"Столкновение";"";"0";"0";"г Санкт-Петербург пр-кт Литейный 10";"0,0";"3,0";"2,0";"5,0";
"393,0";"02,01,2019";"Фрунзенский";"";"Наезд на препятствие";"";"0";"0";"г Санкт-Петербург ул Бухарестская 134";"0,0";"1,0";"1,0";"1,0";
"394,0";"02,01,2019";"Выборгский";"";"Наезд на пешехода";"";"0";"0";"г Санкт-Петербург пр-кт Энгельса 85";"0,0";"1,0";"1,0";"2,0";
"395,0";"02,01,2019";"Пушкинский";"";"Столкновение";"";"0";"0";"п Шушары ул Софийская 113";"0,0";"2,0";"2,0";"3,0";
"396,0";"02,01,2019";"Красногвардейский";"";"Наезд на пешехода";"";"0";"0";"г Санкт-Петербург пр-кт Заневский 71";"0,0";"1,0";"1,0";"2,0";
"397,0";"02,01,2019";"Кировский";"";"Столкновение";"";"0";"0";"г Санкт-Петербург пр-кт Маршала Жукова Стачек пр, бок";"0,0";"1,0";"3,0";"4,0";
"398,0";"02,01,2019";"Кировский";"";"Столкновение";"";"0";"0";"г Санкт-Петербург пр-кт Народного Ополчения 151";"0,0";"2,0";"2,0";"3,0";
"399,0";"02,01,2019";"Красносельский";"";"Столкновение";"";"0";"0";"г Санкт-Петербург ш Петергофское 45";"0,0";"1,0";"2,0";"3,0";
"400,0";"02,01,2019";"Фрунзенский";"";"Наезд на пешехода";"";"0";"0";"г Санкт-Петербург ул Пражская 15";"0,0";"1,0";"1,0";"2,0";
"401,0";"02,01,2019";"Красносельский";"";"Наезд на пешехода";"";"0";"0";"г Санкт-Петербург ш Красносельское (Горелово) 46 к,2";"0,0";"1,0";"1,0";"2,0";
"402,0";"02,01,2019";"Выборгский";"";"Столкновение";"";"0";"0";"г Санкт-Петербург пр-кт Энгельса 58";"0,0";"1,0";"2,0";"2,0";
"403,0";"02,01,2019";"Фрунзенский";"";"Столкновение";"";"0";"0";"г Санкт-Петербург ул Белградская 4 кор,2";"0,0";"2,0";"2,0";"4,0";
"404,0";"02,01,2019";"Калининский";"";"Столкновение";"";"0";"0";"г Санкт-Петербург пр-кт Светлановский 85 - Северный пр,";"0,0";"3,0";"3,0";"5,0";
"405,0";"02,01,2019";"Приморский";"";"Столкновение";"";"0";"0";"г Санкт-Петербург пр-кт Королёва 60 лит,В по Парашютн";"0,0";"2,0";"2,0";"3,0";
"406,0";"01,01,2019";"Калининский";"";"Столкновение";"";"0";"0";"г Санкт-Петербург пр-кт Науки 50 кор, 2-ул, Рустав";"0,0";"2,0";"2,0";"4,0";
"407,0";"01,01,2019";"Кировский";"";"Наезд на препятствие";"";"0";"0";"г Санкт-Петербург пр-кт Народного Ополчения 189";"0,0";"1,0";"1,0";"1,0";
"408,0";"01,01,2019";"Адмиралтейский";"";"Наезд на пешехода";"";"0";"0";"г Санкт-Петербург ул 12-я Красноармейская 17";"0,0";"1,0";"1,0";"2,0";
"409,0";"01,01,2019";"Калининский";"";"Наезд на препятствие";"";"0";"0";"г Санкт-Петербург пр-кт Пискарёвский 20";"1,0";"2,0";"1,0";"3,0";
"410,0";"01,01,2019";"Красногвардейский";"";"Наезд на препятствие";"";"0";"0";"г Санкт-Петербург пр-кт Индустриальный 64";"0,0";"2,0";"3,0";"3,0";
"411,0";"01,01,2019";"Кировский";"";"Столкновение";"";"0";"0";"г Санкт-Петербург пр-кт Народного Ополчения 189";"0,0";"1,0";"2,0";"2,0";
"412,0";"01,01,2019";"Невский";"";"Столкновение";"";"0";"0";"г Санкт-Петербург ул Бабушкина у дома 6 по Ивановс";"0,0";"1,0";"2,0";"3,0";
"413,0";"01,01,2019";"Кировский";"";"Наезд на пешехода";"";"0";"0";"г Санкт-Петербург пр-кт Стачек ул, Зайцева";"0,0";"1,0";"1,0";"2,0";
"414,0";"01,01,2019";"Красносельский";"";"Столкновение";"";"0";"0";"г Санкт-Петербург пр-кт Народного Ополчения Ул,П,Германа";"0,0";"1,0";"2,0";"2,0";
"415,0";"01,01,2019";"Кировский";"";"Наезд на пешехода";"";"0";"0";"г Санкт-Петербург пр-кт Ветеранов 91-1";"0,0";"2,0";"1,0";"3,0";
"416,0";"01,01,2019";"Адмиралтейский";"";"Столкновение";"";"0";"0";"г Санкт-Петербург пр-кт Московский 37";"0,0";"1,0";"3,0";"3,0";
"417,0";"01,01,2019";"Приморский";"";"Столкновение";"";"0";"0";"г Санкт-Петербург пр-кт Коннолахтинский Пролетарский пр";"0,0";"1,0";"2,0";"3,0";
"418,0";"01,01,2019";"Московский";"";"Столкновение";"";"0";"0";"г Санкт-Петербург ул Варшавская 29 к,1";"0,0";"1,0";"2,0";"3,0";
"419,0";"01,01,2019";"Центральный";"";"Наезд на пешехода";"";"0";"0";"г Санкт-Петербург наб Кутузова 36";"0,0";"1,0";"1,0";"2,0";
"420,0";"01,01,2019";"Приморский";"";"Столкновение";"";"0";"0";"г Санкт-Петербург ш Ланское ОМСКАЯ УЛ,";"0,0";"1,0";"2,0";"3,0";
"421,0";"01,01,2019";"Фрунзенский";"";"Столкновение";"";"0";"0";"г Санкт-Петербург пр-кт Дунайский 64";"0,0";"1,0";"2,0";"3,0";
"422,0";"01,01,2019";"Петродворцовый";"";"Наезд на препятствие";"";"0";"0";"г Петергоф ул Озерковая 45А";"0,0";"1,0";"1,0";"2,0";
"423,0";"01,01,2019";"Василеостровский";"";"Столкновение";"";"0";"0";"г Санкт-Петербург линия 8-я В,О, 73 23";"0,0";"2,0";"4,0";"3,0";