"1,0";"31,12,2021";"Красносельский";"400129467";"Столкновение";"";"0";"0";"г Санкт-Петербург ш Таллинское (Старо-Паново) 87";"0,0";"3,0";"4,0";"5,0";
"3,0";"31,12,2021";"Невский";"400129504";"Наезд на препятствие";"";"0";"0";"г Санкт-Петербург пр-кт Большевиков 43к,1";"0,0";"1,0";"1,0";"1,0";
"4,0";"31,12,2021";"Красногвардейский";"400129402";"Столкновение";"";"0";"0";"г Санкт-Петербург пр-кт Косыгина 19";"0,0";"1,0";"2,0";"3,0";
"5,0";"31,12,2021";"Адмиралтейский";"400129387";"Столкновение";"";"0";"0";"г Санкт-Петербург наб Реки Фонтанки 132";"0,0";"1,0";"3,0";"3,0";
"6,0";"31,12,2021";"Фрунзенский";"400129445";"Наезд на пешехода";"";"0";"0";"г Санкт-Петербург ул Турку 24-1";"0,0";"1,0";"1,0";"2,0";
"7,0";"31,12,2021";"Московский";"400129364";"Наезд на препятствие";"Западный скоростной диаметр";"45";"500";"г Санкт-Петербург  ";"0,0";"1,0";"2,0";"1,0";
"8,0";"31,12,2021";"Фрунзенский";"400129324";"Столкновение";"А-118 Кольцевая автомобильная дорога вокруг Санкт-Петербурга";"61";"121";"г Санкт-Петербург  ";"0,0";"1,0";"2,0";"3,0";
"9,0";"31,12,2021";"Центральный";"400129463";"Столкновение";"";"0";"0";"г Санкт-Петербург мост Александра Невского ,";"0,0";"1,0";"2,0";"3,0";
"10,0";"30,12,2021";"Калининский";"400128782";"Столкновение";"";"0";"0";"г Санкт-Петербург пр-кт Маршала Блюхера 4";"0,0";"1,0";"2,0";"3,0";
"11,0";"30,12,2021";"Красногвардейский";"400128998";"Наезд на пешехода";"";"0";"0";"г Санкт-Петербург пр-кт Металлистов 13А";"0,0";"1,0";"1,0";"2,0";
"12,0";"30,12,2021";"Фрунзенский";"400129063";"Столкновение";"";"0";"0";"г Санкт-Петербург ул Мгинская 1";"0,0";"1,0";"2,0";"3,0";
"13,0";"30,12,2021";"Петродворцовый";"400129166";"Столкновение";"";"0";"0";"г Ломоносов ул Федюнинского 7 22";"0,0";"1,0";"2,0";"3,0";
"14,0";"30,12,2021";"Невский";"400129097";"Столкновение";"";"0";"0";"г Санкт-Петербург пр-кт Искровский 20";"0,0";"1,0";"2,0";"2,0";
"15,0";"30,12,2021";"Кировский";"400129146";"Столкновение";"";"0";"0";"г Санкт-Петербург пр-кт Ленинский 104";"0,0";"2,0";"2,0";"4,0";
"16,0";"29,12,2021";"Красногвардейский";"400128541";"Столкновение";"";"0";"0";"г Санкт-Петербург дор Муринская 16";"0,0";"1,0";"3,0";"4,0";
"17,0";"29,12,2021";"Красносельский";"400128401";"Столкновение";"";"0";"0";"г Красное Село ш Кингисеппское Ивангородский пр,";"0,0";"1,0";"2,0";"2,0";
"18,0";"29,12,2021";"Приморский";"400128711";"Наезд на пешехода";"";"0";"0";"г Санкт-Петербург пр-кт Комендантский Долгоозерная ул,";"0,0";"1,0";"1,0";"2,0";
"19,0";"29,12,2021";"Курортный";"400128470";"Съезд с дороги";"";"0";"0";"п Серово ш Приморское 642";"0,0";"1,0";"1,0";"1,0";
"20,0";"29,12,2021";"Петродворцовый";"400128488";"Наезд на стоящее ТС";"А-118 Кольцевая автомобильная дорога вокруг Санкт-Петербурга";"55";"600";"п Стрельна  ";"0,0";"1,0";"3,0";"3,0";
"21,0";"29,12,2021";"Красногвардейский";"400128660";"Наезд на пешехода";"";"0";"0";"г Санкт-Петербург пр-кт Малоохтинский 53";"0,0";"1,0";"2,0";"2,0";
"22,0";"29,12,2021";"Калининский";"400128589";"Столкновение";"";"0";"0";"г Санкт-Петербург ул Руставели 51";"0,0";"1,0";"2,0";"2,0";
"23,0";"29,12,2021";"Выборгский";"400128491";"Падение пассажира";"";"0";"0";"г Санкт-Петербург б-р Сиреневый 2 к,1";"0,0";"1,0";"1,0";"2,0";
"24,0";"29,12,2021";"Калининский";"400128697";"Наезд на пешехода";"";"0";"0";"г Санкт-Петербург пр-кт Луначарского 86 к,4";"0,0";"1,0";"1,0";"2,0";
"25,0";"29,12,2021";"Красногвардейский";"400128483";"Наезд на пешехода";"";"0";"0";"г Санкт-Петербург ул Магнитогорская 30";"0,0";"1,0";"1,0";"2,0";
"26,0";"29,12,2021";"Выборгский";"400128669";"Столкновение";"";"0";"0";"п Левашово ш Горское 20к,3";"0,0";"1,0";"2,0";"3,0";
"27,0";"29,12,2021";"Центральный";"400128431";"Наезд на пешехода";"";"0";"0";"г Санкт-Петербург пр-кт Литейный 26";"0,0";"1,0";"1,0";"2,0";
"28,0";"28,12,2021";"Кировский";"400128074";"Столкновение";"";"0";"0";"г Санкт-Петербург ул Краснопутиловская 65";"0,0";"1,0";"4,0";"4,0";
"29,0";"28,12,2021";"Выборгский";"400129308";"Столкновение";"";"0";"0";"г Санкт-Петербург пр-кт Энгельса 18";"0,0";"1,0";"3,0";"3,0";
"30,0";"28,12,2021";"Петроградский";"400128146";"Столкновение";"";"0";"0";"г Санкт-Петербург наб Ждановская 5";"0,0";"1,0";"2,0";"2,0";
"31,0";"28,12,2021";"Кировский";"400127906";"Падение пассажира";"";"0";"0";"г Санкт-Петербург пр-кт Ветеранов 87";"0,0";"1,0";"1,0";"2,0";
"32,0";"28,12,2021";"Курортный";"400129598";"Съезд с дороги";"Зеленогорское шоссе";"14";"989";"г Санкт-Петербург  ";"0,0";"1,0";"1,0";"1,0";
"33,0";"28,12,2021";"Московский";"400127855";"Столкновение";"";"0";"0";"г Санкт-Петербург ул Благодатная Свеаборгская ул,";"0,0";"1,0";"2,0";"2,0";
"34,0";"28,12,2021";"Красногвардейский";"400128116";"Наезд на пешехода";"";"0";"0";"г Санкт-Петербург пр-кт Среднеохтинский 3";"0,0";"2,0";"1,0";"3,0";
"35,0";"28,12,2021";"Московский";"400127888";"Столкновение";"";"0";"0";"г Санкт-Петербург ул Среднерогатская 14 к 1";"0,0";"1,0";"2,0";"2,0";
"36,0";"28,12,2021";"Приморский";"400127999";"Столкновение";"";"0";"0";"г Санкт-Петербург ул Долгоозёрная пр, Королева";"0,0";"2,0";"2,0";"3,0";
"37,0";"28,12,2021";"Центральный";"400128016";"Падение пассажира";"";"0";"0";"г Санкт-Петербург пр-кт Невский 30";"0,0";"1,0";"1,0";"2,0";
"38,0";"28,12,2021";"Выборгский";"400129278";"Столкновение";"";"0";"0";"г Санкт-Петербург пр-кт Большой Сампсониевский 79";"0,0";"1,0";"4,0";"5,0";
"39,0";"28,12,2021";"Приморский";"400127895";"Наезд на пешехода";"";"0";"0";"г Санкт-Петербург пр-кт Авиаконструкторов Шаврова";"0,0";"1,0";"1,0";"2,0";
"40,0";"27,12,2021";"Московский";"400127584";"Столкновение";"";"0";"0";"г Санкт-Петербург ул Варшавская 92";"0,0";"1,0";"2,0";"2,0";
"41,0";"27,12,2021";"Пушкинский";"400127549";"Столкновение";"";"0";"0";"п Шушары ул Ленина Николаевский проезд";"0,0";"4,0";"3,0";"6,0";
"42,0";"27,12,2021";"Фрунзенский";"400127309";"Столкновение";"";"0";"0";"г Санкт-Петербург ул Купчинская 13 к,1";"0,0";"1,0";"2,0";"2,0";
"43,0";"27,12,2021";"Кировский";"400127604";"Падение пассажира";"";"0";"0";"г Санкт-Петербург пр-кт Стачек Напротив д,59";"0,0";"1,0";"1,0";"2,0";
"44,0";"27,12,2021";"Красногвардейский";"400127506";"Наезд на пешехода";"";"0";"0";"г Санкт-Петербург пр-кт Среднеохтинский 9 2";"0,0";"1,0";"1,0";"2,0";
"45,0";"27,12,2021";"Кировский";"400127470";"Наезд на препятствие";"Западный скоростной диаметр";"8";"200";"г Санкт-Петербург  ";"0,0";"1,0";"1,0";"2,0";
"46,0";"27,12,2021";"Колпинский";"400127388";"Столкновение";"";"0";"0";"п Петро-Славянка ул Третьей Пятилетки Вокзальная";"0,0";"1,0";"2,0";"2,0";
"47,0";"27,12,2021";"Кировский";"400127811";"Наезд на стоящее ТС";"";"0";"0";"г Санкт-Петербург пр-кт Дачный 10";"0,0";"1,0";"2,0";"1,0";
"48,0";"27,12,2021";"Колпинский";"400127288";"Наезд на пешехода";"";"0";"0";"г Колпино пр-кт Заводской 7";"0,0";"1,0";"1,0";"2,0";
"49,0";"27,12,2021";"Приморский";"400127298";"Столкновение";"";"0";"0";"г Санкт-Петербург дор Коннолахтинская 6";"0,0";"1,0";"2,0";"2,0";
"50,0";"26,12,2021";"Василеостровский";"400127064";"Столкновение";"";"0";"0";"г Санкт-Петербург пр-кт Малый В,О, 33";"0,0";"1,0";"2,0";"3,0";
"51,0";"26,12,2021";"Курортный";"400126823";"Столкновение";"Зеленогорское шоссе";"3";"20";"г Санкт-Петербург  ";"0,0";"4,0";"2,0";"4,0";
"52,0";"26,12,2021";"Приморский";"400127065";"Столкновение";"";"0";"0";"г Санкт-Петербург ш Ланское 5";"0,0";"1,0";"2,0";"3,0";
"53,0";"26,12,2021";"Фрунзенский";"400126868";"Столкновение";"";"0";"0";"г Санкт-Петербург пр-кт Славы 70";"0,0";"2,0";"2,0";"3,0";
"54,0";"26,12,2021";"Фрунзенский";"400126763";"Столкновение";"";"0";"0";"г Санкт-Петербург наб Обводного канала 70";"0,0";"1,0";"2,0";"3,0";
"55,0";"26,12,2021";"Московский";"400126774";"Столкновение";"";"0";"0";"г Санкт-Петербург ш Пулковское 37 к,4 ДВА";"0,0";"1,0";"3,0";"3,0";
"56,0";"26,12,2021";"Невский";"400127083";"Столкновение";"";"0";"0";"г Санкт-Петербург пр-кт Большевиков 44";"0,0";"1,0";"2,0";"2,0";
"57,0";"26,12,2021";"Центральный";"400127008";"Столкновение";"";"0";"0";"г Санкт-Петербург пр-кт Литейный 16";"0,0";"1,0";"2,0";"3,0";
"58,0";"26,12,2021";"Приморский";"400126852";"Столкновение";"";"0";"0";"г Санкт-Петербург пр-кт Лахтинский 106";"0,0";"1,0";"3,0";"3,0";
"59,0";"26,12,2021";"Приморский";"400126911";"Столкновение";"";"0";"0";"г Санкт-Петербург ул Аккуратова 11";"0,0";"1,0";"2,0";"2,0";
"60,0";"25,12,2021";"Выборгский";"400126665";"Столкновение";"";"0";"0";"г Санкт-Петербург пр-кт Суздальский д,16 по Придорожной";"0,0";"1,0";"2,0";"3,0";
"61,0";"25,12,2021";"Фрунзенский";"400126688";"Столкновение";"";"0";"0";"г Санкт-Петербург  ";"0,0";"1,0";"3,0";"2,0";
"62,0";"25,12,2021";"Московский";"400126318";"Наезд на препятствие";"А-118 Кольцевая автомобильная дорога вокруг Санкт-Петербурга";"71";"700";"г Санкт-Петербург  ";"0,0";"1,0";"2,0";"2,0";
"63,0";"25,12,2021";"Фрунзенский";"400126618";"Столкновение";"";"0";"0";"г Санкт-Петербург ул Купчинская 8-1";"0,0";"1,0";"3,0";"3,0";
"64,0";"25,12,2021";"Калининский";"400126714";"Столкновение";"";"0";"0";"г Санкт-Петербург ул Боткинская 4";"0,0";"1,0";"2,0";"3,0";
"65,0";"25,12,2021";"Выборгский";"400126435";"Столкновение";"";"0";"0";"п Левашово ш Горское 152";"0,0";"1,0";"3,0";"3,0";
"66,0";"25,12,2021";"Калининский";"400126368";"Наезд на препятствие";"";"0";"0";"г Санкт-Петербург пр-кт Кондратьевский 34";"0,0";"1,0";"1,0";"2,0";
"67,0";"25,12,2021";"Адмиралтейский";"400126299";"Столкновение";"";"0";"0";"г Санкт-Петербург наб Канала Грибоедова 76";"0,0";"2,0";"2,0";"4,0";
"68,0";"25,12,2021";"Петродворцовый";"400126591";"Столкновение";"А-118 Кольцевая автомобильная дорога вокруг Санкт-Петербурга";"115";"900";"г Санкт-Петербург  ";"0,0";"1,0";"2,0";"3,0";
"69,0";"25,12,2021";"Пушкинский";"400126478";"Столкновение";"";"0";"0";"п Шушары  ";"0,0";"1,0";"4,0";"2,0";
"70,0";"25,12,2021";"Калининский";"400126743";"Наезд на пешехода";"";"0";"0";"г Санкт-Петербург  ";"0,0";"1,0";"1,0";"2,0";
"71,0";"24,12,2021";"Красносельский";"400125747";"Столкновение";"";"0";"0";"г Санкт-Петербург ш Петергофское 59";"0,0";"2,0";"2,0";"3,0";
"72,0";"24,12,2021";"Пушкинский";"400126095";"Столкновение";"";"0";"0";"г Пушкин ул Оранжерейная Ленинградская ул,";"0,0";"1,0";"2,0";"2,0";
"73,0";"24,12,2021";"Красногвардейский";"400126058";"Столкновение";"А-118 Кольцевая автомобильная дорога вокруг Санкт-Петербурга";"33";"600";"г Санкт-Петербург  ";"0,0";"1,0";"2,0";"3,0";
"74,0";"24,12,2021";"Красносельский";"400126081";"Столкновение";"";"0";"0";"г Санкт-Петербург пр-кт Ветеранов 144 21";"0,0";"1,0";"2,0";"2,0";
"75,0";"24,12,2021";"Кировский";"400126098";"Наезд на пешехода";"";"0";"0";"г Санкт-Петербург  ";"0,0";"1,0";"1,0";"2,0";
"76,0";"24,12,2021";"Колпинский";"400125981";"Падение пассажира";"";"0";"0";"г Колпино ул Пролетарская 38";"0,0";"1,0";"1,0";"2,0";
"77,0";"24,12,2021";"Центральный";"400126156";"Столкновение";"";"0";"0";"г Санкт-Петербург пр-кт Невский 17";"0,0";"1,0";"2,0";"3,0";
"78,0";"24,12,2021";"Невский";"400126288";"Столкновение";"";"0";"0";"г Санкт-Петербург ул Седова 72";"0,0";"5,0";"3,0";"6,0";
"79,0";"24,12,2021";"Калининский";"400125953";"Наезд на пешехода";"";"0";"0";"г Санкт-Петербург ул Брюсовская 11";"0,0";"1,0";"1,0";"2,0";
"80,0";"24,12,2021";"Кировский";"400125952";"Столкновение";"";"0";"0";"г Санкт-Петербург пр-кт Маршала Жукова пр, Ветеранов";"0,0";"1,0";"2,0";"3,0";
"81,0";"24,12,2021";"Невский";"400125817";"Наезд на препятствие";"";"0";"0";"г Санкт-Петербург наб Октябрьская 56-2";"0,0";"1,0";"1,0";"1,0";
"82,0";"24,12,2021";"Петроградский";"400126111";"Столкновение";"";"0";"0";"г Санкт-Петербург пр-кт Медиков 10";"0,0";"1,0";"2,0";"2,0";
"83,0";"24,12,2021";"Адмиралтейский";"400129588";"Наезд на пешехода";"";"0";"0";"г Санкт-Петербург пр-кт Измайловский 17А";"0,0";"1,0";"1,0";"2,0";
"84,0";"24,12,2021";"Адмиралтейский";"400126092";"Столкновение";"";"0";"0";"г Санкт-Петербург ул Лифляндская 6д";"0,0";"1,0";"2,0";"3,0";
"85,0";"24,12,2021";"Центральный";"400125985";"Наезд на пешехода";"";"0";"0";"г Санкт-Петербург пр-кт Невский 117";"0,0";"1,0";"1,0";"2,0";
"86,0";"24,12,2021";"Красносельский";"400126108";"Столкновение";"";"0";"0";"г Санкт-Петербург пр-кт Ленинский 43";"0,0";"1,0";"2,0";"2,0";
"87,0";"23,12,2021";"Василеостровский";"400125285";"Наезд на велосипедиста";"";"0";"0";"г Санкт-Петербург линия 17-я В,О, 60 а";"0,0";"1,0";"2,0";"2,0";
"88,0";"23,12,2021";"Пушкинский";"400125250";"Наезд на стоящее ТС";"";"0";"0";"п Шушары ш Московское Ленсоветовская д,";"0,0";"1,0";"4,0";"3,0";
"89,0";"23,12,2021";"Московский";"400125391";"Наезд на пешехода";"";"0";"0";"г Санкт-Петербург ул Ленсовета 87кор1";"0,0";"1,0";"1,0";"2,0";
"90,0";"23,12,2021";"Невский";"400125467";"Наезд на пешехода";"";"0";"0";"г Санкт-Петербург ул Седова 93";"1,0";"0,0";"1,0";"2,0";
"91,0";"23,12,2021";"Красносельский";"400125715";"Наезд на пешехода";"";"0";"0";"г Санкт-Петербург ул Маршала Захарова 34 литер А";"0,0";"1,0";"1,0";"2,0";
"92,0";"23,12,2021";"Невский";"400125269";"Столкновение";"";"0";"0";"г Санкт-Петербург пр-кт Солидарности 8к1";"0,0";"1,0";"2,0";"2,0";
"93,0";"23,12,2021";"Московский";"400125442";"Наезд на пешехода";"";"0";"0";"г Санкт-Петербург наб Обводного канала Маяляный пер";"0,0";"1,0";"1,0";"2,0";
"94,0";"23,12,2021";"Курортный";"400125648";"Столкновение";"";"0";"0";"г Зеленогорск пр-кт Ленина ул,Церковная";"1,0";"0,0";"2,0";"2,0";
"95,0";"23,12,2021";"Центральный";"400125297";"Столкновение";"";"0";"0";"г Санкт-Петербург наб Смольная 6";"0,0";"2,0";"3,0";"2,0";
"96,0";"22,12,2021";"Пушкинский";"400124719";"Столкновение";"";"0";"0";"п Шушары ш Ям-Ижорское 4км 277м";"0,0";"2,0";"2,0";"2,0";
"97,0";"22,12,2021";"Василеостровский";"400124769";"Наезд на препятствие";"Западный скоростной диаметр";"18";"500";"г Санкт-Петербург  ";"0,0";"1,0";"1,0";"1,0";
"98,0";"22,12,2021";"Приморский";"400125103";"Столкновение";"";"0";"0";"г Санкт-Петербург ул Ильюшина 33 10";"0,0";"2,0";"2,0";"4,0";
"99,0";"22,12,2021";"Центральный";"400124809";"Столкновение";"";"0";"0";"г Санкт-Петербург наб Дворцовая 8 - Мраморный пер,";"0,0";"1,0";"3,0";"3,0";
"100,0";"22,12,2021";"Центральный";"400124721";"Наезд на пешехода";"";"0";"0";"г Санкт-Петербург ул 2-я Советская 3";"0,0";"1,0";"1,0";"2,0";
"101,0";"22,12,2021";"Адмиралтейский";"400124748";"Столкновение";"";"0";"0";"г Санкт-Петербург наб Обводного канала 101";"0,0";"1,0";"2,0";"2,0";
"102,0";"22,12,2021";"Красносельский";"400125243";"Столкновение";"";"0";"0";"г Санкт-Петербург ш Красносельское (Горелово) 10";"0,0";"1,0";"2,0";"3,0";
"103,0";"22,12,2021";"Калининский";"400125170";"Столкновение";"";"0";"0";"г Санкт-Петербург пр-кт Кондратьевский 17";"0,0";"1,0";"2,0";"2,0";
"104,0";"22,12,2021";"Невский";"400124893";"Падение пассажира";"";"0";"0";"г Санкт-Петербург ул Бабушкина 38";"0,0";"1,0";"1,0";"2,0";
"105,0";"22,12,2021";"Колпинский";"400124850";"Столкновение";"";"0";"0";"п Саперный ш Петрозаводское Дорожная ул,";"0,0";"1,0";"2,0";"3,0";
"106,0";"22,12,2021";"Петроградский";"400127983";"Наезд на пешехода";"";"0";"0";"г Санкт-Петербург наб Реки Карповки 27";"0,0";"1,0";"1,0";"2,0";
"107,0";"22,12,2021";"Курортный";"400124790";"Наезд на пешехода";"";"0";"0";"п Репино ш Приморское 427";"0,0";"1,0";"1,0";"2,0";
"108,0";"22,12,2021";"Невский";"400125090";"Наезд на пешехода";"";"0";"0";"г Санкт-Петербург наб Октябрьская 40";"0,0";"1,0";"1,0";"2,0";
"109,0";"22,12,2021";"Пушкинский";"400124819";"Наезд на пешехода";"";"0";"0";"г Пушкин ш Гатчинское 11е";"0,0";"1,0";"1,0";"2,0";
"110,0";"21,12,2021";"Приморский";"400124550";"Падение пассажира";"";"0";"0";"г Санкт-Петербург ул Камышовая 48 корп 1";"0,0";"1,0";"1,0";"2,0";
"111,0";"21,12,2021";"Невский";"400124348";"Наезд на пешехода";"";"0";"0";"г Санкт-Петербург ул Книпович 5";"0,0";"1,0";"1,0";"2,0";
"112,0";"21,12,2021";"Калининский";"400124672";"Столкновение";"";"0";"0";"г Санкт-Петербург пр-кт Непокорённых 74";"0,0";"1,0";"2,0";"2,0";
"113,0";"21,12,2021";"Василеостровский";"400124573";"Наезд на пешехода";"";"0";"0";"г Санкт-Петербург ул Одоевского 33(по ул, Наличная)";"0,0";"1,0";"1,0";"2,0";
"114,0";"21,12,2021";"Пушкинский";"400124553";"Наезд на препятствие";"М-11 Нева Москва - Санкт-Петербург (основное направление)";"668";"520";"г Санкт-Петербург  ";"0,0";"1,0";"1,0";"1,0";
"115,0";"21,12,2021";"Петроградский";"400124370";"Наезд на велосипедиста";"";"0";"0";"г Санкт-Петербург ул Большая Пушкарская 23";"0,0";"1,0";"2,0";"2,0";
"116,0";"21,12,2021";"Адмиралтейский";"400128455";"Наезд на пешехода";"";"0";"0";"г Санкт-Петербург пр-кт Измайловский 23";"0,0";"1,0";"1,0";"2,0";
"117,0";"21,12,2021";"Петродворцовый";"400124321";"Столкновение";"";"0";"0";"г Петергоф ш Ропшинское 4";"0,0";"2,0";"2,0";"4,0";
"118,0";"21,12,2021";"Фрунзенский";"400124608";"Столкновение";"";"0";"0";"г Санкт-Петербург ул Софийская 95";"0,0";"1,0";"2,0";"2,0";
"119,0";"21,12,2021";"Невский";"400124337";"Столкновение";"";"0";"0";"г Санкт-Петербург пр-кт Обуховской Обороны у д6 по Ивановской";"0,0";"1,0";"2,0";"2,0";
"120,0";"21,12,2021";"Петроградский";"400124516";"Наезд на пешехода";"";"0";"0";"г Санкт-Петербург ул Академика Павлова 5в";"0,0";"1,0";"1,0";"2,0";
"121,0";"21,12,2021";"Выборгский";"400124311";"Наезд на пешехода";"";"0";"0";"п Парголово ул Фёдора Абрамова 8";"0,0";"1,0";"1,0";"2,0";
"122,0";"20,12,2021";"Петродворцовый";"400124115";"Наезд на препятствие";"";"0";"0";"г Ломоносов ул Морская 2 к,3";"0,0";"2,0";"1,0";"3,0";
"123,0";"20,12,2021";"Красногвардейский";"400123718";"Наезд на пешехода";"";"0";"0";"г Санкт-Петербург пр-кт Наставников 7 к, 1";"0,0";"1,0";"1,0";"2,0";
"124,0";"20,12,2021";"Центральный";"400123901";"Наезд на пешехода";"";"0";"0";"г Санкт-Петербург пр-кт Невский 130";"0,0";"1,0";"1,0";"2,0";
"125,0";"20,12,2021";"Красногвардейский";"400124207";"Столкновение";"";"0";"0";"г Санкт-Петербург пр-кт Маршака 2, к, 1";"0,0";"1,0";"2,0";"3,0";
"126,0";"20,12,2021";"Адмиралтейский";"400123809";"Столкновение";"";"0";"0";"г Санкт-Петербург ул Казанская 29";"0,0";"1,0";"2,0";"2,0";
"127,0";"20,12,2021";"Калининский";"400124149";"Столкновение";"";"0";"0";"г Санкт-Петербург пр-кт Северный 44";"0,0";"1,0";"2,0";"3,0";
"128,0";"20,12,2021";"Кронштадтский";"400123931";"Наезд на пешехода";"";"0";"0";"г Кронштадт пр-кт Ленина 19";"0,0";"1,0";"1,0";"2,0";
"129,0";"20,12,2021";"Красносельский";"400124024";"Наезд на пешехода";"";"0";"0";"г Санкт-Петербург пр-кт Ленина 53";"0,0";"1,0";"1,0";"2,0";
"130,0";"20,12,2021";"Пушкинский";"400124020";"Столкновение";"";"0";"0";"п Шушары проезд Автозаводский Автозаводская ул,";"0,0";"1,0";"3,0";"3,0";
"131,0";"20,12,2021";"Центральный";"400123810";"Наезд на пешехода";"";"0";"0";"г Санкт-Петербург ул Садовая 5";"0,0";"1,0";"1,0";"2,0";
"132,0";"20,12,2021";"Пушкинский";"400123840";"Столкновение";"";"0";"0";"п Шушары ул Софийская 9";"0,0";"1,0";"3,0";"4,0";
"133,0";"19,12,2021";"Приморский";"400123629";"Столкновение";"";"0";"0";"г Санкт-Петербург ул Парашютная 88";"0,0";"1,0";"2,0";"3,0";
"134,0";"19,12,2021";"Фрунзенский";"400123359";"Съезд с дороги";"";"0";"0";"г Санкт-Петербург пр-кт Волковский 28 к,1";"0,0";"1,0";"1,0";"2,0";
"135,0";"19,12,2021";"Петроградский";"400123584";"Столкновение";"";"0";"0";"г Санкт-Петербург пр-кт Большой П,С, 74";"0,0";"1,0";"2,0";"2,0";
"136,0";"19,12,2021";"Кировский";"400127060";"Наезд на пешехода";"";"0";"0";"г Санкт-Петербург пр-кт Стачек 2";"0,0";"1,0";"1,0";"2,0";
"137,0";"19,12,2021";"Фрунзенский";"400123603";"Наезд на пешехода";"";"0";"0";"г Санкт-Петербург ул Днепропетровская 14";"0,0";"1,0";"1,0";"2,0";
"138,0";"19,12,2021";"Центральный";"400123556";"Столкновение";"";"0";"0";"г Санкт-Петербург пр-кт Невский 83";"0,0";"1,0";"3,0";"3,0";
"139,0";"19,12,2021";"Приморский";"400123559";"Наезд на пешехода";"";"0";"0";"г Санкт-Петербург пр-кт Сизова 32к1";"0,0";"1,0";"1,0";"2,0";
"140,0";"19,12,2021";"Выборгский";"400123720";"Столкновение";"";"0";"0";"п Парголово ул Парашютная 88";"0,0";"1,0";"2,0";"3,0";
"141,0";"19,12,2021";"Приморский";"400123344";"Столкновение";"";"0";"0";"г Санкт-Петербург ул Камышовая Планерная ул,";"0,0";"4,0";"2,0";"5,0";
"142,0";"18,12,2021";"Московский";"400123314";"Наезд на пешехода";"";"0";"0";"г Санкт-Петербург ул Варшавская 22";"0,0";"1,0";"1,0";"2,0";
"143,0";"18,12,2021";"Центральный";"400123245";"Наезд на пешехода";"";"0";"0";"г Санкт-Петербург ул Жуковского Маяковского";"0,0";"1,0";"1,0";"2,0";
"144,0";"18,12,2021";"Выборгский";"400123078";"Наезд на пешехода";"";"0";"0";"г Санкт-Петербург пр-кт Художников 17";"0,0";"1,0";"2,0";"2,0";
"145,0";"18,12,2021";"Кировский";"400123251";"Столкновение";"";"0";"0";"г Санкт-Петербург пр-кт Дачный 38-1";"0,0";"2,0";"3,0";"5,0";
"146,0";"18,12,2021";"Курортный";"400123291";"Наезд на пешехода";"";"0";"0";"г Сестрорецк ул Токарева 24";"0,0";"1,0";"1,0";"2,0";
"147,0";"17,12,2021";"Колпинский";"400122678";"Наезд на пешехода";"";"0";"0";"г Колпино ул Московская 3";"0,0";"1,0";"1,0";"2,0";
"148,0";"17,12,2021";"Приморский";"400122885";"Столкновение";"";"0";"0";"г Санкт-Петербург пр-кт Испытателей 22 к,3 по Серебристо";"0,0";"1,0";"2,0";"2,0";
"149,0";"17,12,2021";"Центральный";"400122921";"Столкновение";"";"0";"0";"г Санкт-Петербург ул Звенигородская 8-10";"0,0";"1,0";"2,0";"3,0";
"150,0";"17,12,2021";"Калининский";"400123053";"Наезд на пешехода";"";"0";"0";"г Санкт-Петербург пр-кт Луначарского 100";"0,0";"1,0";"1,0";"2,0";
"151,0";"17,12,2021";"Фрунзенский";"400122867";"Столкновение";"";"0";"0";"г Санкт-Петербург наб Обводного канала 34";"0,0";"1,0";"2,0";"3,0";
"152,0";"17,12,2021";"Кировский";"400122833";"Столкновение";"";"0";"0";"г Санкт-Петербург ул Краснопутиловская Зенитчиков";"0,0";"1,0";"2,0";"2,0";
"153,0";"17,12,2021";"Выборгский";"400122786";"Столкновение";"";"0";"0";"г Санкт-Петербург пр-кт Суздальский 15 по ул, Симонова";"0,0";"1,0";"2,0";"2,0";
"154,0";"17,12,2021";"Центральный";"400122860";"Наезд на пешехода";"";"0";"0";"г Санкт-Петербург наб Канала Грибоедова 16";"0,0";"1,0";"1,0";"2,0";
"155,0";"16,12,2021";"Фрунзенский";"400122339";"Столкновение";"";"0";"0";"г Санкт-Петербург ул Бухарестская 96";"0,0";"1,0";"3,0";"4,0";
"156,0";"16,12,2021";"Пушкинский";"400122290";"Столкновение";"";"0";"0";"г Пушкин ул Конюшенная Пушкинская";"0,0";"1,0";"2,0";"2,0";
"157,0";"16,12,2021";"Московский";"400129591";"Наезд на пешехода";"";"0";"0";"г Санкт-Петербург  ";"0,0";"1,0";"1,0";"2,0";
"158,0";"16,12,2021";"Пушкинский";"400127492";"Наезд на пешехода";"";"0";"0";"п Шушары пр-кт Новгородский 4";"0,0";"1,0";"1,0";"2,0";
"159,0";"16,12,2021";"Центральный";"400122267";"Столкновение";"";"0";"0";"г Санкт-Петербург наб Реки Фонтанки 55";"0,0";"1,0";"2,0";"3,0";
"160,0";"16,12,2021";"Невский";"400122603";"Столкновение";"";"0";"0";"г Санкт-Петербург пр-кт Товарищеский 32 кор, 1";"0,0";"4,0";"2,0";"6,0";
"161,0";"16,12,2021";"Кронштадтский";"400122518";"Наезд на стоящее ТС";"А-118 Кольцевая автомобильная дорога вокруг Санкт-Петербурга";"185";"600";"г Санкт-Петербург  ";"1,0";"0,0";"2,0";"2,0";
"162,0";"16,12,2021";"Красносельский";"400122351";"Наезд на пешехода";"";"0";"0";"г Санкт-Петербург ул Партизана Германа 14 117";"0,0";"1,0";"1,0";"2,0";
"163,0";"16,12,2021";"Красносельский";"400122492";"Наезд на стоящее ТС";"";"0";"0";"г Санкт-Петербург ул Маршала Захарова 20";"0,0";"1,0";"3,0";"4,0";
"164,0";"16,12,2021";"Фрунзенский";"400122687";"Наезд на пешехода";"";"0";"0";"г Санкт-Петербург ул Бухарестская 30";"0,0";"1,0";"1,0";"2,0";
"165,0";"16,12,2021";"Приморский";"400122295";"Наезд на пешехода";"";"0";"0";"г Санкт-Петербург пр-кт Лахтинский 92";"0,0";"1,0";"1,0";"2,0";
"166,0";"15,12,2021";"Выборгский";"400121982";"Столкновение";"";"0";"0";"г Санкт-Петербург пр-кт Костромской 42";"0,0";"1,0";"2,0";"3,0";
"167,0";"15,12,2021";"Фрунзенский";"400122287";"Наезд на пешехода";"";"0";"0";"г Санкт-Петербург ул Софийская 1";"0,0";"1,0";"1,0";"2,0";
"168,0";"15,12,2021";"Выборгский";"400122053";"Наезд на пешехода";"";"0";"0";"г Санкт-Петербург ул Хошимина 13к1";"0,0";"1,0";"1,0";"2,0";
"169,0";"15,12,2021";"Невский";"400122068";"Наезд на пешехода";"";"0";"0";"г Санкт-Петербург пр-кт Пятилеток 2";"0,0";"1,0";"1,0";"2,0";
"170,0";"15,12,2021";"Невский";"400122125";"Столкновение";"";"0";"0";"г Санкт-Петербург ул Зольная 11";"0,0";"1,0";"4,0";"5,0";
"171,0";"15,12,2021";"Калининский";"400121984";"Столкновение";"";"0";"0";"г Санкт-Петербург пр-кт Культуры 47";"0,0";"1,0";"2,0";"3,0";
"172,0";"15,12,2021";"Петроградский";"400121747";"Столкновение";"";"0";"0";"г Санкт-Петербург пр-кт Каменноостровский 48";"1,0";"1,0";"3,0";"4,0";
"173,0";"15,12,2021";"Петродворцовый";"400122055";"Наезд на пешехода";"";"0";"0";"г Ломоносов ш Краснофлотское Евгения Ефета";"0,0";"1,0";"1,0";"2,0";
"174,0";"15,12,2021";"Московский";"400122154";"Столкновение";"";"0";"0";"г Санкт-Петербург пр-кт Ленинский 162";"0,0";"1,0";"2,0";"3,0";
"175,0";"15,12,2021";"Центральный";"400122190";"Наезд на пешехода";"";"0";"0";"г Санкт-Петербург пр-кт Невский 20";"1,0";"1,0";"1,0";"3,0";
"176,0";"15,12,2021";"Красносельский";"400121979";"Наезд на пешехода";"";"0";"0";"г Санкт-Петербург ул Партизана Германа Ул,Чекистов";"0,0";"1,0";"1,0";"2,0";
"177,0";"15,12,2021";"Калининский";"400121875";"Столкновение";"";"0";"0";"г Санкт-Петербург пр-кт Тихорецкий 43";"0,0";"1,0";"2,0";"2,0";
"178,0";"15,12,2021";"Кронштадтский";"400121874";"Столкновение";"А-118 Кольцевая автомобильная дорога вокруг Санкт-Петербурга";"133";"975";"г Санкт-Петербург  ";"0,0";"1,0";"2,0";"2,0";
"179,0";"15,12,2021";"Выборгский";"400122168";"Наезд на пешехода";"";"0";"0";"г Санкт-Петербург ул Композиторов 20-1";"0,0";"1,0";"1,0";"2,0";
"180,0";"14,12,2021";"Кировский";"400121358";"Наезд на пешехода";"";"0";"0";"г Санкт-Петербург пр-кт Ленинский 146к1б";"0,0";"1,0";"1,0";"2,0";
"181,0";"14,12,2021";"Приморский";"400121462";"Наезд на пешехода";"";"0";"0";"г Санкт-Петербург  ";"0,0";"1,0";"1,0";"2,0";
"182,0";"14,12,2021";"Красносельский";"400121517";"Наезд на велосипедиста";"";"0";"0";"г Санкт-Петербург ул Адмирала Трибуца 5";"0,0";"1,0";"2,0";"2,0";
"183,0";"14,12,2021";"Петродворцовый";"400121752";"Столкновение";"";"0";"0";"п Стрельна ш Санкт-Петербургское 78";"0,0";"1,0";"2,0";"2,0";
"184,0";"14,12,2021";"Калининский";"400121813";"Столкновение";"";"0";"0";"г Санкт-Петербург пр-кт Светлановский 91";"0,0";"2,0";"2,0";"3,0";
"185,0";"14,12,2021";"Калининский";"400121319";"Столкновение";"";"0";"0";"г Санкт-Петербург пр-кт Кондратьевский 13";"0,0";"1,0";"2,0";"2,0";
"186,0";"14,12,2021";"Красносельский";"400121648";"Столкновение";"";"0";"0";"г Санкт-Петербург пр-кт Ветеранов 121";"0,0";"1,0";"2,0";"3,0";
"187,0";"14,12,2021";"Кировский";"400121528";"Наезд на стоящее ТС";"";"0";"0";"г Санкт-Петербург ул Маршала Говорова 40";"0,0";"1,0";"2,0";"1,0";
"188,0";"14,12,2021";"Невский";"400121496";"Столкновение";"";"0";"0";"г Санкт-Петербург пр-кт Большевиков 66";"0,0";"1,0";"2,0";"2,0";
"189,0";"14,12,2021";"Выборгский";"400121909";"Столкновение";"";"0";"0";"г Санкт-Петербург ул Хошимина композиторов 10";"0,0";"1,0";"3,0";"2,0";
"190,0";"14,12,2021";"Василеостровский";"400124734";"Наезд на пешехода";"";"0";"0";"г Санкт-Петербург ул Уральская 33";"0,0";"1,0";"1,0";"2,0";
"191,0";"13,12,2021";"Фрунзенский";"400121220";"Наезд на стоящее ТС";"А-118 Кольцевая автомобильная дорога вокруг Санкт-Петербурга";"61";"126";"г Санкт-Петербург  ";"1,0";"0,0";"3,0";"2,0";
"192,0";"13,12,2021";"Калининский";"400121155";"Наезд на пешехода";"";"0";"0";"г Санкт-Петербург пр-кт Мечникова 3";"0,0";"1,0";"1,0";"2,0";
"193,0";"13,12,2021";"Красносельский";"400120962";"Наезд на пешехода";"";"0";"0";"г Санкт-Петербург пр-кт Ветеранов 171 корп,1";"0,0";"1,0";"1,0";"2,0";
"194,0";"13,12,2021";"Красносельский";"400121086";"Наезд на препятствие";"";"0";"0";"г Санкт-Петербург пр-кт Ветеранов 167-1";"0,0";"1,0";"1,0";"1,0";
"195,0";"13,12,2021";"Колпинский";"400121028";"Столкновение";"";"0";"0";"г Колпино пр-кт Ленина Веры Слуцкой ул";"0,0";"1,0";"2,0";"2,0";
"196,0";"13,12,2021";"Выборгский";"400121024";"Столкновение";"";"0";"0";"п Парголово ш Выборгское 396";"0,0";"1,0";"6,0";"7,0";
"197,0";"12,12,2021";"Выборгский";"400120536";"Наезд на стоящее ТС";"";"0";"0";"г Санкт-Петербург пр-кт Луначарского 70к1";"0,0";"1,0";"5,0";"5,0";
"198,0";"12,12,2021";"Красногвардейский";"400120559";"Наезд на пешехода";"";"0";"0";"г Санкт-Петербург пр-кт Заневский 67, к, 2";"0,0";"1,0";"1,0";"2,0";
"199,0";"12,12,2021";"Кировский";"400120675";"Наезд на пешехода";"";"0";"0";"г Санкт-Петербург ул Трефолева 22 25";"0,0";"1,0";"1,0";"2,0";
"200,0";"12,12,2021";"Петроградский";"400120625";"Столкновение";"";"0";"0";"г Санкт-Петербург ул Вязовая 8";"0,0";"1,0";"2,0";"2,0";
"201,0";"12,12,2021";"Курортный";"400120492";"Наезд на препятствие";"";"0";"0";"г Сестрорецк ш Приморское 174";"0,0";"2,0";"1,0";"3,0";
"202,0";"12,12,2021";"Красносельский";"400120610";"Наезд на стоящее ТС";"А-118 Кольцевая автомобильная дорога вокруг Санкт-Петербурга";"78";"620";"г Санкт-Петербург  ";"0,0";"1,0";"2,0";"2,0";
"203,0";"12,12,2021";"Приморский";"400120692";"Столкновение";"";"0";"0";"г Санкт-Петербург пр-кт Королёва 9";"0,0";"3,0";"2,0";"3,0";
"204,0";"12,12,2021";"Приморский";"400120496";"Столкновение";"";"0";"0";"г Санкт-Петербург ул Оптиков Планерная ул,";"0,0";"2,0";"2,0";"3,0";
"205,0";"12,12,2021";"Петроградский";"400120771";"Наезд на пешехода";"";"0";"0";"г Санкт-Петербург пр-кт Каменноостровский 59";"0,0";"1,0";"1,0";"2,0";
"206,0";"11,12,2021";"Курортный";"400120310";"Столкновение";"";"0";"0";"г Зеленогорск пр-кт Ленина 8";"0,0";"1,0";"2,0";"4,0";
"207,0";"11,12,2021";"Выборгский";"400120194";"Наезд на пешехода";"";"0";"0";"г Санкт-Петербург пр-кт Светлановский 2";"0,0";"1,0";"1,0";"2,0";
"208,0";"11,12,2021";"Выборгский";"400120507";"Столкновение";"";"0";"0";"г Санкт-Петербург пр-кт Культуры 22";"0,0";"1,0";"2,0";"2,0";
"209,0";"11,12,2021";"Кировский";"400122134";"Наезд на пешехода";"";"0";"0";"г Санкт-Петербург  ";"0,0";"1,0";"1,0";"2,0";
"210,0";"11,12,2021";"Кировский";"400120442";"Столкновение";"";"0";"0";"г Санкт-Петербург пр-кт Дачный Б-р Новаторов";"0,0";"1,0";"2,0";"2,0";
"211,0";"11,12,2021";"Выборгский";"400120300";"Наезд на пешехода";"";"0";"0";"г Санкт-Петербург пр-кт Художников 2";"0,0";"1,0";"1,0";"2,0";
"212,0";"11,12,2021";"Московский";"400120389";"Наезд на пешехода";"";"0";"0";"г Санкт-Петербург ш Московское Ленсовета ул,";"0,0";"1,0";"1,0";"2,0";
"213,0";"11,12,2021";"Фрунзенский";"400120415";"Столкновение";"";"0";"0";"г Санкт-Петербург наб Реки Волковки 7";"0,0";"1,0";"2,0";"2,0";
"214,0";"11,12,2021";"Выборгский";"400120346";"Наезд на пешехода";"";"0";"0";"г Санкт-Петербург  ";"0,0";"1,0";"1,0";"2,0";
"215,0";"10,12,2021";"Петроградский";"400119771";"Столкновение";"";"0";"0";"г Санкт-Петербург пр-кт Каменноостровский 38";"0,0";"1,0";"2,0";"3,0";
"216,0";"10,12,2021";"Выборгский";"400119988";"Столкновение";"";"0";"0";"г Санкт-Петербург пр-кт Просвещения Композиторов ул,";"0,0";"1,0";"2,0";"2,0";
"217,0";"10,12,2021";"Калининский";"400119767";"Наезд на пешехода";"";"0";"0";"г Санкт-Петербург пр-кт Культуры 21";"0,0";"1,0";"1,0";"2,0";
"218,0";"10,12,2021";"Пушкинский";"400119997";"Столкновение";"А-118 Кольцевая автомобильная дорога вокруг Санкт-Петербурга";"65";"300";"г Санкт-Петербург  ";"0,0";"1,0";"4,0";"3,0";
"219,0";"10,12,2021";"Красногвардейский";"400119681";"Столкновение";"";"0";"0";"г Санкт-Петербург ул Передовиков 13к2";"0,0";"1,0";"2,0";"2,0";
"220,0";"10,12,2021";"Выборгский";"400124411";"Наезд на пешехода";"";"0";"0";"г Санкт-Петербург ул Кустодиева 10";"0,0";"1,0";"1,0";"2,0";
"221,0";"10,12,2021";"Василеостровский";"400121664";"Наезд на пешехода";"";"0";"0";"г Санкт-Петербург пр-кт Средний В,О, 44 32";"0,0";"1,0";"1,0";"2,0";
"222,0";"10,12,2021";"Приморский";"400119682";"Столкновение";"";"0";"0";"г Санкт-Петербург пр-кт Королёва 52";"0,0";"2,0";"2,0";"4,0";
"223,0";"10,12,2021";"Кронштадтский";"400119722";"Наезд на стоящее ТС";"А-118 Кольцевая автомобильная дорога вокруг Санкт-Петербурга";"136";"50";"г Санкт-Петербург  ";"0,0";"2,0";"2,0";"3,0";
"224,0";"10,12,2021";"Московский";"400119607";"Наезд на препятствие";"А-118 Кольцевая автомобильная дорога вокруг Санкт-Петербурга";"69";"560";"г Санкт-Петербург  ";"0,0";"1,0";"1,0";"1,0";
"225,0";"10,12,2021";"Выборгский";"400119844";"Столкновение";"А-118 Кольцевая автомобильная дорога вокруг Санкт-Петербурга";"127";"850";"г Санкт-Петербург  ";"1,0";"0,0";"2,0";"2,0";
"226,0";"10,12,2021";"Невский";"400127994";"Падение пассажира";"";"0";"0";"г Санкт-Петербург пр-кт Искровский 22";"0,0";"1,0";"1,0";"2,0";
"227,0";"10,12,2021";"Центральный";"400119996";"Наезд на пешехода";"";"0";"0";"г Санкт-Петербург ул Садовая 2";"0,0";"1,0";"1,0";"2,0";
"228,0";"09,12,2021";"Московский";"400119388";"Наезд на пешехода";"";"0";"0";"г Санкт-Петербург ул Типанова ул, Ленсовета";"0,0";"1,0";"1,0";"2,0";
"229,0";"09,12,2021";"Колпинский";"400119205";"Наезд на пешехода";"";"0";"0";"г Колпино ул Пролетарская 60";"0,0";"1,0";"1,0";"2,0";
"230,0";"09,12,2021";"Фрунзенский";"400119295";"Столкновение";"";"0";"0";"г Санкт-Петербург ул Софийская 81 к 1 напротив";"0,0";"1,0";"3,0";"3,0";
"231,0";"09,12,2021";"Выборгский";"400119441";"Наезд на пешехода";"";"0";"0";"г Санкт-Петербург пр-кт Просвещения 15";"0,0";"1,0";"1,0";"2,0";
"232,0";"09,12,2021";"Фрунзенский";"400119448";"Столкновение";"";"0";"0";"г Санкт-Петербург ул Будапештская 56";"0,0";"1,0";"2,0";"2,0";
"233,0";"09,12,2021";"Выборгский";"400125337";"Наезд на пешехода";"";"0";"0";"г Санкт-Петербург пр-кт 2-й Муринский 3";"0,0";"1,0";"1,0";"2,0";
"234,0";"09,12,2021";"Колпинский";"400119258";"Столкновение";"";"0";"0";"г Колпино наб Комсомольского канала 13";"0,0";"1,0";"2,0";"3,0";
"235,0";"09,12,2021";"Пушкинский";"400119485";"Наезд на пешехода";"";"0";"0";"п Шушары ш Московское 120";"0,0";"1,0";"1,0";"2,0";
"236,0";"09,12,2021";"Приморский";"400119510";"Столкновение";"";"0";"0";"г Санкт-Петербург ул Яхтенная Мебельная ул";"0,0";"2,0";"2,0";"3,0";
"237,0";"09,12,2021";"Выборгский";"400119153";"Наезд на пешехода";"";"0";"0";"г Санкт-Петербург пр-кт Тореза 96 напротив";"0,0";"1,0";"4,0";"5,0";
"238,0";"09,12,2021";"Невский";"400119334";"Наезд на стоящее ТС";"";"0";"0";"г Санкт-Петербург ул Народная 87";"0,0";"1,0";"3,0";"3,0";
"239,0";"09,12,2021";"Приморский";"400119195";"Столкновение";"";"0";"0";"г Санкт-Петербург пр-кт Королёва Шаврова";"0,0";"2,0";"2,0";"3,0";
"240,0";"09,12,2021";"Калининский";"400119596";"Наезд на препятствие";"";"0";"0";"г Санкт-Петербург ул Руставели 25";"0,0";"1,0";"1,0";"1,0";
"241,0";"09,12,2021";"Калининский";"400119337";"Наезд на препятствие";"";"0";"0";"г Санкт-Петербург ул Руставели 50";"0,0";"1,0";"1,0";"1,0";
"242,0";"09,12,2021";"Центральный";"400119306";"Столкновение";"";"0";"0";"г Санкт-Петербург ул Мытнинская 2";"0,0";"1,0";"2,0";"3,0";
"243,0";"09,12,2021";"Фрунзенский";"400119495";"Столкновение";"";"0";"0";"г Санкт-Петербург ул Софийская 6 корп, 2";"0,0";"2,0";"2,0";"3,0";
"244,0";"09,12,2021";"Калининский";"400119598";"Столкновение";"";"0";"0";"г Санкт-Петербург пр-кт Пискарёвский пр, Мечникова";"0,0";"1,0";"2,0";"3,0";
"245,0";"09,12,2021";"Петроградский";"400119398";"Столкновение";"";"0";"0";"г Санкт-Петербург ул Ждановская 21";"0,0";"1,0";"2,0";"3,0";
"246,0";"08,12,2021";"Невский";"400125629";"Наезд на стоящее ТС";"";"0";"0";"г Санкт-Петербург ул Коллонтай 24 кор, 2";"0,0";"1,0";"2,0";"3,0";
"247,0";"08,12,2021";"Выборгский";"400118692";"Падение пассажира";"";"0";"0";"г Санкт-Петербург аллея Придорожная 24";"0,0";"1,0";"1,0";"2,0";
"248,0";"08,12,2021";"Центральный";"400118949";"Столкновение";"";"0";"0";"г Санкт-Петербург ул Кременчугская 4";"0,0";"1,0";"2,0";"2,0";
"249,0";"08,12,2021";"Красногвардейский";"400118804";"Наезд на пешехода";"";"0";"0";"г Санкт-Петербург ул Поперечная 3";"0,0";"1,0";"1,0";"2,0";
"250,0";"08,12,2021";"Петроградский";"400121487";"Падение пассажира";"";"0";"0";"г Санкт-Петербург пр-кт Большой П,С, 90";"0,0";"1,0";"1,0";"2,0";
"251,0";"07,12,2021";"Московский";"400118326";"Столкновение";"";"0";"0";"г Санкт-Петербург ул Ленсовета 70";"0,0";"2,0";"3,0";"3,0";
"252,0";"07,12,2021";"Василеостровский";"400118297";"Наезд на велосипедиста";"";"0";"0";"г Санкт-Петербург ул Наличная 36 корп,5";"0,0";"1,0";"2,0";"2,0";
"253,0";"07,12,2021";"Кировский";"400118199";"Столкновение";"";"0";"0";"г Санкт-Петербург ул Кронштадтская 28";"0,0";"1,0";"2,0";"3,0";
"254,0";"07,12,2021";"Центральный";"400117927";"Столкновение";"";"0";"0";"г Санкт-Петербург ул Новгородская 18 по моисеенко";"0,0";"1,0";"2,0";"3,0";
"255,0";"07,12,2021";"Красносельский";"400118178";"Столкновение";"";"0";"0";"г Санкт-Петербург ул Партизана Германа 3";"0,0";"1,0";"6,0";"6,0";
"256,0";"07,12,2021";"Колпинский";"400118129";"Наезд на препятствие";"";"0";"0";"п Петро-Славянка ул Софийская 50м,от ул,труда";"0,0";"1,0";"1,0";"1,0";
"257,0";"07,12,2021";"Кировский";"400118429";"Столкновение";"";"0";"0";"г Санкт-Петербург ул Калинина ул,Промышленная";"0,0";"1,0";"2,0";"2,0";
"258,0";"07,12,2021";"Кировский";"400120234";"Падение пассажира";"";"0";"0";"г Санкт-Петербург пр-кт Стачек 74";"0,0";"1,0";"1,0";"2,0";
"259,0";"07,12,2021";"Выборгский";"400118014";"Столкновение";"";"0";"0";"г Санкт-Петербург пр-кт Суздальский 2";"1,0";"0,0";"2,0";"2,0";
"260,0";"07,12,2021";"Красносельский";"400118165";"Столкновение";"";"0";"0";"г Санкт-Петербург ш Красносельское (Горелово) 18 по ул, Константин";"0,0";"1,0";"4,0";"4,0";
"261,0";"07,12,2021";"Колпинский";"400118265";"Наезд на пешехода";"";"0";"0";"п Понтонный ул Южная 3";"0,0";"1,0";"1,0";"2,0";
"262,0";"07,12,2021";"Красногвардейский";"400118727";"Наезд на пешехода";"";"0";"0";"г Санкт-Петербург ул Коммуны 17";"0,0";"1,0";"1,0";"2,0";
"263,0";"07,12,2021";"Петроградский";"400118387";"Наезд на стоящее ТС";"";"0";"0";"г Санкт-Петербург  ";"0,0";"1,0";"2,0";"2,0";
"264,0";"07,12,2021";"Кировский";"400118302";"Столкновение";"";"0";"0";"г Санкт-Петербург пр-кт Маршала Жукова пр,Стачек";"0,0";"1,0";"3,0";"4,0";
"265,0";"07,12,2021";"Кировский";"400118554";"Наезд на пешехода";"";"0";"0";"г Санкт-Петербург ул Кронштадтская 22";"0,0";"1,0";"1,0";"2,0";
"266,0";"06,12,2021";"Колпинский";"400117607";"Столкновение";"";"0";"0";"г Колпино пр-кт Ленина Ул, Губина";"0,0";"1,0";"2,0";"2,0";
"267,0";"06,12,2021";"Василеостровский";"400117507";"Наезд на пешехода";"";"0";"0";"г Санкт-Петербург ул Кораблестроителей 19";"0,0";"1,0";"2,0";"3,0";
"268,0";"06,12,2021";"Петроградский";"400117632";"Наезд на пешехода";"";"0";"0";"г Санкт-Петербург ул Большая Пушкарская 10";"0,0";"1,0";"1,0";"2,0";
"269,0";"06,12,2021";"Невский";"400117636";"Наезд на пешехода";"";"0";"0";"г Санкт-Петербург пр-кт Дальневосточный 22";"0,0";"1,0";"1,0";"2,0";
"270,0";"06,12,2021";"Кировский";"400117584";"Столкновение";"";"0";"0";"г Санкт-Петербург пр-кт Народного Ополчения 27";"0,0";"1,0";"3,0";"3,0";
"271,0";"06,12,2021";"Курортный";"400117611";"Съезд с дороги";"";"0";"0";"п Смолячково ш Приморское 676";"0,0";"1,0";"1,0";"1,0";
"272,0";"06,12,2021";"Приморский";"400117754";"Столкновение";"";"0";"0";"г Санкт-Петербург пр-кт Коломяжский 15 корп, 1";"0,0";"1,0";"2,0";"3,0";
"273,0";"06,12,2021";"Петроградский";"400117450";"Столкновение";"";"0";"0";"г Санкт-Петербург пр-кт Морской 3";"0,0";"1,0";"2,0";"3,0";
"274,0";"05,12,2021";"Московский";"400116914";"Столкновение";"";"0";"0";"г Санкт-Петербург ул Типанова пр,Ю,Гагарина";"0,0";"1,0";"2,0";"4,0";
"275,0";"05,12,2021";"Невский";"400117328";"Столкновение";"";"0";"0";"г Санкт-Петербург наб Октябрьская 122к2";"0,0";"1,0";"2,0";"3,0";
"276,0";"05,12,2021";"Пушкинский";"400119746";"Съезд с дороги";"";"0";"0";"г Пушкин ш Киевское Рехколовское ш";"0,0";"1,0";"1,0";"2,0";
"277,0";"05,12,2021";"Выборгский";"400116974";"Столкновение";"";"0";"0";"г Санкт-Петербург пр-кт Луначарского пр, Энгельса";"1,0";"2,0";"2,0";"3,0";
"278,0";"05,12,2021";"Невский";"400116996";"Столкновение";"";"0";"0";"г Санкт-Петербург пр-кт Обуховской Обороны 95";"0,0";"1,0";"2,0";"2,0";
"279,0";"05,12,2021";"Кировский";"400116855";"Столкновение";"";"0";"0";"г Санкт-Петербург пр-кт Маршала Жукова 4АН";"0,0";"3,0";"3,0";"4,0";
"280,0";"05,12,2021";"Московский";"400117022";"Наезд на пешехода";"";"0";"0";"г Санкт-Петербург ул Варшавская 19";"0,0";"1,0";"1,0";"2,0";
"281,0";"04,12,2021";"Центральный";"400116699";"Наезд на пешехода";"";"0";"0";"г Санкт-Петербург ул Звенигородская 18";"0,0";"1,0";"1,0";"2,0";
"282,0";"04,12,2021";"Красносельский";"400116703";"Столкновение";"";"0";"0";"г Санкт-Петербург ул Доблести 19 к,3";"0,0";"1,0";"2,0";"3,0";
"283,0";"04,12,2021";"Пушкинский";"400116448";"Наезд на пешехода";"";"0";"0";"г Пушкин ул Оранжерейная Ленинградская ул";"0,0";"1,0";"1,0";"2,0";
"284,0";"04,12,2021";"Невский";"400116726";"Наезд на пешехода";"";"0";"0";"г Санкт-Петербург пр-кт Обуховской Обороны 147";"0,0";"1,0";"1,0";"2,0";
"285,0";"04,12,2021";"Выборгский";"400116440";"Наезд на пешехода";"";"0";"0";"г Санкт-Петербург пр-кт Тореза 72";"0,0";"1,0";"1,0";"2,0";
"286,0";"04,12,2021";"Кировский";"400116513";"Наезд на пешехода";"";"0";"0";"г Санкт-Петербург  ";"0,0";"1,0";"1,0";"2,0";
"287,0";"04,12,2021";"Приморский";"400116527";"Наезд на пешехода";"";"0";"0";"г Санкт-Петербург пр-кт Коломяжский 2 по Котельникова";"0,0";"1,0";"1,0";"2,0";
"288,0";"04,12,2021";"Пушкинский";"400116817";"Столкновение";"";"0";"0";"п Шушары ш Московское 304";"0,0";"2,0";"2,0";"2,0";
"289,0";"04,12,2021";"Приморский";"400129593";"Наезд на пешехода";"";"0";"0";"г Санкт-Петербург пр-кт Сизова 13";"0,0";"1,0";"1,0";"2,0";
"290,0";"04,12,2021";"Выборгский";"400116779";"Столкновение";"";"0";"0";"г Санкт-Петербург пр-кт Северный 24 к,1";"0,0";"1,0";"2,0";"2,0";
"291,0";"04,12,2021";"Выборгский";"400116792";"Столкновение";"";"0";"0";"г Санкт-Петербург пр-кт Луначарского 11к,1";"0,0";"2,0";"2,0";"4,0";
"292,0";"04,12,2021";"Красносельский";"400116415";"Столкновение";"";"0";"0";"г Санкт-Петербург пр-кт Ленинский 78к1";"0,0";"1,0";"2,0";"2,0";
"293,0";"04,12,2021";"Фрунзенский";"400116720";"Наезд на пешехода";"";"0";"0";"г Санкт-Петербург  ";"0,0";"1,0";"1,0";"2,0";
"294,0";"04,12,2021";"Калининский";"400116649";"Наезд на пешехода";"";"0";"0";"г Санкт-Петербург пр-кт Луначарского 78 к 5";"0,0";"1,0";"1,0";"2,0";
"295,0";"04,12,2021";"Адмиралтейский";"400116628";"Столкновение";"";"0";"0";"г Санкт-Петербург наб Обводного канала 199";"0,0";"1,0";"3,0";"3,0";
"296,0";"04,12,2021";"Приморский";"400116394";"Столкновение";"";"0";"0";"г Санкт-Петербург ул Парашютная 14 к,3 по Мартыновск";"0,0";"2,0";"2,0";"4,0";
"297,0";"04,12,2021";"Московский";"400116787";"Столкновение";"";"0";"0";"г Санкт-Петербург ш Пулковское 68";"0,0";"1,0";"2,0";"3,0";
"298,0";"04,12,2021";"Невский";"400116950";"Наезд на препятствие";"";"0";"0";"г Санкт-Петербург наб Октябрьская 56";"0,0";"1,0";"2,0";"3,0";
"299,0";"03,12,2021";"Колпинский";"400116064";"Наезд на пешехода";"";"0";"0";"г Колпино ул Веры Слуцкой 38";"0,0";"1,0";"1,0";"2,0";
"300,0";"03,12,2021";"Красногвардейский";"400116356";"Столкновение";"";"0";"0";"г Санкт-Петербург ш Рябовское 107";"0,0";"1,0";"2,0";"2,0";
"301,0";"03,12,2021";"Фрунзенский";"400115990";"Падение пассажира";"";"0";"0";"г Санкт-Петербург ул Белы Куна 1-1";"0,0";"1,0";"2,0";"3,0";
"302,0";"03,12,2021";"Центральный";"400116199";"Столкновение";"";"0";"0";"г Санкт-Петербург пр-кт Невский 3";"0,0";"1,0";"2,0";"3,0";
"303,0";"03,12,2021";"Калининский";"400116328";"Столкновение";"";"0";"0";"г Санкт-Петербург пр-кт Пискарёвский 40";"0,0";"1,0";"2,0";"2,0";
"304,0";"03,12,2021";"Выборгский";"400129603";"Наезд на пешехода";"";"0";"0";"г Санкт-Петербург пер 1-й Верхний 8";"0,0";"1,0";"1,0";"2,0";
"305,0";"03,12,2021";"Красногвардейский";"400116205";"Столкновение";"";"0";"0";"г Санкт-Петербург пр-кт Энергетиков 45";"0,0";"1,0";"2,0";"2,0";
"306,0";"03,12,2021";"Василеостровский";"400116095";"Столкновение";"";"0";"0";"г Санкт-Петербург ул Наличная 50";"0,0";"1,0";"2,0";"2,0";
"307,0";"03,12,2021";"Адмиралтейский";"400115880";"Столкновение";"";"0";"0";"г Санкт-Петербург пр-кт Московский 16";"0,0";"1,0";"2,0";"3,0";
"308,0";"03,12,2021";"Невский";"400116051";"Наезд на пешехода";"";"0";"0";"г Санкт-Петербург пр-кт Дальневосточный 12 к 1";"0,0";"1,0";"1,0";"2,0";
"309,0";"03,12,2021";"Калининский";"400116231";"Столкновение";"";"0";"0";"г Санкт-Петербург пр-кт Гражданский 11";"0,0";"1,0";"5,0";"5,0";
"310,0";"03,12,2021";"Красносельский";"400116165";"Наезд на пешехода";"";"0";"0";"г Санкт-Петербург ул Партизана Германа 4";"0,0";"1,0";"1,0";"2,0";
"311,0";"03,12,2021";"Невский";"400120501";"Наезд на пешехода";"";"0";"0";"г Санкт-Петербург ул Дыбенко 26";"0,0";"1,0";"1,0";"2,0";
"312,0";"03,12,2021";"Петроградский";"400116197";"Столкновение";"";"0";"0";"г Санкт-Петербург наб Кронверкская 7по Алек, парку";"0,0";"1,0";"4,0";"5,0";
"313,0";"03,12,2021";"Адмиралтейский";"400115964";"Наезд на пешехода";"";"0";"0";"г Санкт-Петербург ул Лифляндская 12А";"0,0";"1,0";"1,0";"2,0";
"314,0";"03,12,2021";"Выборгский";"400115920";"Наезд на пешехода";"";"0";"0";"п Парголово пр-кт Энгельса 160к2";"0,0";"1,0";"1,0";"2,0";
"315,0";"02,12,2021";"Центральный";"400115665";"Наезд на пешехода";"";"0";"0";"г Санкт-Петербург ул 2-я Советская 15";"0,0";"1,0";"1,0";"2,0";
"316,0";"02,12,2021";"Красносельский";"400115605";"Столкновение";"";"0";"0";"г Санкт-Петербург пр-кт Маршала Жукова 25";"0,0";"1,0";"2,0";"3,0";
"317,0";"02,12,2021";"Василеостровский";"400115604";"Наезд на пешехода";"";"0";"0";"г Санкт-Петербург наб Лейтенанта Шмидта 27 2";"0,0";"1,0";"1,0";"2,0";
"318,0";"02,12,2021";"Приморский";"400115509";"Наезд на пешехода";"";"0";"0";"г Санкт-Петербург ул Яхтенная 12";"0,0";"1,0";"1,0";"2,0";
"319,0";"02,12,2021";"Курортный";"400115729";"Столкновение";"";"0";"0";"г Зеленогорск ш Приморское 529";"0,0";"4,0";"2,0";"4,0";
"320,0";"01,12,2021";"Фрунзенский";"400124408";"Наезд на пешехода";"";"0";"0";"г Санкт-Петербург  ";"0,0";"1,0";"1,0";"2,0";
"321,0";"01,12,2021";"Центральный";"400115368";"Наезд на пешехода";"";"0";"0";"г Санкт-Петербург пр-кт Литейный 58";"0,0";"1,0";"1,0";"2,0";
"322,0";"01,12,2021";"Калининский";"400115188";"Наезд на пешехода";"";"0";"0";"г Санкт-Петербург пр-кт Полюстровский 54";"0,0";"1,0";"1,0";"2,0";
"323,0";"01,12,2021";"Пушкинский";"400115070";"Наезд на пешехода";"";"0";"0";"г Пушкин ш Павловское 65Б";"0,0";"1,0";"1,0";"2,0";
"324,0";"01,12,2021";"Выборгский";"400115220";"Столкновение";"";"0";"0";"г Санкт-Петербург пр-кт Лесной 77";"0,0";"1,0";"2,0";"3,0";
"325,0";"01,12,2021";"Адмиралтейский";"400115370";"Наезд на пешехода";"";"0";"0";"г Санкт-Петербург ул Садовая 105";"0,0";"1,0";"1,0";"2,0";