"1,0";"31,05,2021";"Василеостровский";"400053268";"Наезд на стоящее ТС";"";"0";"0";"г Санкт-Петербург наб Макарова 6";"0,0";"1,0";"2,0";"3,0";
"3,0";"31,05,2021";"Петродворцовый";"400053309";"Наезд на препятствие";"";"0";"0";"п Стрельна ш Красносельское 54";"1,0";"0,0";"1,0";"1,0";
"4,0";"31,05,2021";"Калининский";"400053361";"Наезд на пешехода";"";"0";"0";"г Санкт-Петербург ул Комсомола 3";"0,0";"1,0";"1,0";"2,0";
"5,0";"31,05,2021";"Калининский";"400053432";"Наезд на пешехода";"";"0";"0";"г Санкт-Петербург ул Замшина 9";"0,0";"1,0";"1,0";"2,0";
"6,0";"31,05,2021";"Адмиралтейский";"400053466";"Столкновение";"";"0";"0";"г Санкт-Петербург пер Гривцова 5в";"0,0";"1,0";"3,0";"4,0";
"7,0";"31,05,2021";"Петроградский";"400053460";"Столкновение";"";"0";"0";"г Санкт-Петербург ул Ждановская 21";"0,0";"1,0";"2,0";"2,0";
"8,0";"31,05,2021";"Калининский";"400053518";"Столкновение";"";"0";"0";"г Санкт-Петербург пр-кт Луначарского 90";"0,0";"1,0";"2,0";"2,0";
"9,0";"31,05,2021";"Центральный";"400053322";"Столкновение";"";"0";"0";"г Санкт-Петербург пр-кт Литейный 39";"0,0";"1,0";"2,0";"2,0";
"10,0";"31,05,2021";"Приморский";"400053379";"Столкновение";"";"0";"0";"г Санкт-Петербург наб Ушаковская 17 1";"0,0";"1,0";"2,0";"2,0";
"11,0";"30,05,2021";"Выборгский";"400053276";"Столкновение";"";"0";"0";"г Санкт-Петербург пр-кт Энгельса 97д";"0,0";"1,0";"3,0";"4,0";
"12,0";"30,05,2021";"Красносельский";"400053180";"Столкновение";"";"0";"0";"г Санкт-Петербург ш Красносельское (Горелово) 35";"0,0";"1,0";"2,0";"2,0";
"13,0";"30,05,2021";"Выборгский";"400053245";"Падение пассажира";"";"0";"0";"г Санкт-Петербург пр-кт Светлановский 63";"0,0";"1,0";"1,0";"2,0";
"14,0";"30,05,2021";"Колпинский";"400053171";"Столкновение";"";"0";"0";"г Колпино пр-кт Ленина Карла Маркса";"0,0";"3,0";"2,0";"3,0";
"15,0";"30,05,2021";"Центральный";"400053242";"Столкновение";"";"0";"0";"г Санкт-Петербург пр-кт Невский 174";"0,0";"3,0";"3,0";"5,0";
"16,0";"30,05,2021";"Курортный";"400053067";"Столкновение";"А-118 Кольцевая автомобильная дорога вокруг Санкт-Петербурга";"4";"33";"г Санкт-Петербург  ";"0,0";"1,0";"3,0";"3,0";
"17,0";"30,05,2021";"Центральный";"400053151";"Наезд на велосипедиста";"";"0";"0";"г Санкт-Петербург ул Разъезжая 12-ул,Бол,Московская";"0,0";"1,0";"2,0";"2,0";
"18,0";"30,05,2021";"Кировский";"400053038";"Столкновение";"";"0";"0";"г Санкт-Петербург пр-кт Маршала Жукова 32";"0,0";"1,0";"3,0";"4,0";
"19,0";"30,05,2021";"Московский";"400053102";"Столкновение";"А-118 Кольцевая автомобильная дорога вокруг Санкт-Петербурга";"66";"990";"г Санкт-Петербург  ";"0,0";"1,0";"2,0";"2,0";
"20,0";"30,05,2021";"Выборгский";"400053252";"Наезд на препятствие";"Западный скоростной диаметр";"31";"50";"г Санкт-Петербург  ";"0,0";"1,0";"1,0";"2,0";
"21,0";"30,05,2021";"Невский";"400053130";"Столкновение";"";"0";"0";"г Санкт-Петербург ул Народная 2";"0,0";"1,0";"2,0";"3,0";
"22,0";"30,05,2021";"Василеостровский";"400053097";"Наезд на препятствие";"";"0";"0";"г Санкт-Петербург ул Наличная 59";"0,0";"2,0";"1,0";"3,0";
"23,0";"30,05,2021";"Приморский";"400053250";"Наезд на стоящее ТС";"";"0";"0";"г Санкт-Петербург пр-кт Приморский 89";"0,0";"2,0";"2,0";"3,0";
"24,0";"30,05,2021";"Московский";"400053140";"Столкновение";"";"0";"0";"г Санкт-Петербург ул Ленсовета 34";"0,0";"1,0";"2,0";"2,0";
"25,0";"29,05,2021";"Колпинский";"400053005";"Столкновение";"";"0";"0";"г Колпино ш Колпинское Поворот на ДСК-5";"0,0";"2,0";"2,0";"3,0";
"26,0";"29,05,2021";"Пушкинский";"400053033";"Наезд на препятствие";"";"0";"0";"п Шушары ш Московское 689км";"0,0";"1,0";"2,0";"2,0";
"27,0";"29,05,2021";"Кировский";"400052866";"Столкновение";"";"0";"0";"г Санкт-Петербург пр-кт Народного Ополчения 151";"0,0";"1,0";"2,0";"2,0";
"28,0";"29,05,2021";"Невский";"400052987";"Столкновение";"";"0";"0";"г Санкт-Петербург пр-кт Дальневосточный 15";"0,0";"1,0";"2,0";"2,0";
"29,0";"29,05,2021";"Центральный";"400052881";"Наезд на пешехода";"";"0";"0";"г Санкт-Петербург наб Реки Монастырки 1 Г";"0,0";"1,0";"1,0";"2,0";
"30,0";"29,05,2021";"Петродворцовый";"400052731";"Столкновение";"";"0";"0";"г Петергоф ш Ропшинское 10";"0,0";"1,0";"2,0";"5,0";
"31,0";"29,05,2021";"Красногвардейский";"400052812";"Наезд на велосипедиста";"";"0";"0";"г Санкт-Петербург пр-кт Наставников 21";"0,0";"1,0";"2,0";"2,0";
"32,0";"29,05,2021";"Пушкинский";"400052989";"Наезд на пешехода";"";"0";"0";"п Шушары  ";"0,0";"1,0";"1,0";"2,0";
"33,0";"29,05,2021";"Центральный";"400053007";"Наезд на пешехода";"";"0";"0";"г Санкт-Петербург пр-кт Невский 91";"0,0";"1,0";"1,0";"2,0";
"34,0";"29,05,2021";"Красногвардейский";"400052737";"Наезд на препятствие";"";"0";"0";"г Санкт-Петербург пр-кт Шафировский 17";"0,0";"1,0";"1,0";"1,0";
"35,0";"29,05,2021";"Невский";"400053031";"Наезд на пешехода";"";"0";"0";"г Санкт-Петербург пр-кт Солидарности 11";"0,0";"1,0";"1,0";"2,0";
"36,0";"29,05,2021";"Адмиралтейский";"400052853";"Наезд на пешехода";"";"0";"0";"г Санкт-Петербург ул Казанская 52 24";"0,0";"1,0";"1,0";"2,0";
"37,0";"29,05,2021";"Фрунзенский";"400052965";"Наезд на пешехода";"";"0";"0";"г Санкт-Петербург пр-кт Лиговский 193";"0,0";"1,0";"1,0";"2,0";
"38,0";"29,05,2021";"Выборгский";"400062571";"Наезд на пешехода";"";"0";"0";"г Санкт-Петербург пр-кт Луначарского 21";"0,0";"1,0";"1,0";"2,0";
"39,0";"29,05,2021";"Центральный";"400052867";"Столкновение";"";"0";"0";"г Санкт-Петербург  ";"0,0";"1,0";"3,0";"3,0";
"40,0";"29,05,2021";"Центральный";"400053020";"Наезд на велосипедиста";"";"0";"0";"г Санкт-Петербург ул Жуковского 26";"0,0";"1,0";"2,0";"2,0";
"41,0";"28,05,2021";"Василеостровский";"400052413";"Наезд на препятствие";"Западный скоростной диаметр";"13";"700";"г Санкт-Петербург  ";"0,0";"1,0";"1,0";"1,0";
"42,0";"28,05,2021";"Калининский";"400052740";"Столкновение";"";"0";"0";"г Санкт-Петербург пр-кт Пискарёвский 39";"0,0";"1,0";"2,0";"2,0";
"43,0";"28,05,2021";"Центральный";"400052566";"Наезд на пешехода";"";"0";"0";"г Санкт-Петербург пр-кт Невский наб,реки Фонтанки";"0,0";"1,0";"1,0";"2,0";
"44,0";"28,05,2021";"Московский";"400052732";"Столкновение";"";"0";"0";"г Санкт-Петербург ул Кубинская Краснопутиловская ул";"0,0";"1,0";"2,0";"2,0";
"45,0";"28,05,2021";"Кировский";"400052417";"Столкновение";"";"0";"0";"г Санкт-Петербург дор В Угольную гавань Перевалочная ул,";"0,0";"1,0";"2,0";"3,0";
"46,0";"28,05,2021";"Колпинский";"400052500";"Столкновение";"";"0";"0";"п Металлострой ул Полевая 25";"0,0";"1,0";"4,0";"4,0";
"47,0";"28,05,2021";"Московский";"400052656";"Столкновение";"";"0";"0";"г Санкт-Петербург пр-кт Юрия Гагарина 32 кор,6 лит,Б";"0,0";"1,0";"5,0";"5,0";
"48,0";"28,05,2021";"Приморский";"400058534";"Падение пассажира";"";"0";"0";"г Санкт-Петербург пр-кт Королёва 57";"0,0";"1,0";"1,0";"2,0";
"49,0";"28,05,2021";"Выборгский";"400052679";"Столкновение";"";"0";"0";"г Санкт-Петербург пр-кт Большой Сампсониевский 79";"0,0";"1,0";"2,0";"3,0";
"50,0";"28,05,2021";"Невский";"400052588";"Наезд на пешехода";"";"0";"0";"г Санкт-Петербург ул Бабушкина 20";"0,0";"1,0";"2,0";"2,0";
"51,0";"28,05,2021";"Калининский";"400052526";"Наезд на пешехода";"";"0";"0";"г Санкт-Петербург  ";"0,0";"1,0";"1,0";"2,0";
"52,0";"28,05,2021";"Калининский";"400052701";"Наезд на пешехода";"";"0";"0";"г Санкт-Петербург  ";"0,0";"1,0";"2,0";"2,0";
"53,0";"28,05,2021";"Центральный";"400052716";"Столкновение";"";"0";"0";"г Санкт-Петербург ул Кирочная 2";"0,0";"1,0";"2,0";"2,0";
"54,0";"28,05,2021";"Петродворцовый";"400052364";"Наезд на пешехода";"";"0";"0";"п Стрельна ш Красносельское 99";"1,0";"0,0";"2,0";"3,0";
"55,0";"28,05,2021";"Пушкинский";"400052536";"Наезд на пешехода";"";"0";"0";"г Павловск ул Обороны 100м,до дома 49";"0,0";"1,0";"1,0";"2,0";
"56,0";"27,05,2021";"Калининский";"400052375";"Наезд на пешехода";"";"0";"0";"г Санкт-Петербург пр-кт Маршала Блюхера Замшина ул,";"0,0";"1,0";"1,0";"2,0";
"57,0";"27,05,2021";"Красносельский";"400052072";"Наезд на препятствие";"";"0";"0";"г Санкт-Петербург пр-кт Ленинский Ул, Котина";"0,0";"6,0";"1,0";"6,0";
"58,0";"27,05,2021";"Красногвардейский";"400052088";"Столкновение";"";"0";"0";"г Санкт-Петербург ул Большая Пороховская 56";"0,0";"1,0";"2,0";"2,0";
"59,0";"27,05,2021";"Выборгский";"400053702";"Наезд на пешехода";"";"0";"0";"г Санкт-Петербург пр-кт Тихорецкий 18";"0,0";"1,0";"1,0";"2,0";
"60,0";"26,05,2021";"Приморский";"400051684";"Падение пассажира";"";"0";"0";"г Санкт-Петербург пр-кт Богатырский 12";"0,0";"1,0";"1,0";"2,0";
"61,0";"26,05,2021";"Красногвардейский";"400051765";"Столкновение";"";"0";"0";"г Санкт-Петербург пр-кт Шаумяна 22";"0,0";"2,0";"2,0";"3,0";
"62,0";"26,05,2021";"Невский";"400051723";"Наезд на пешехода";"";"0";"0";"г Санкт-Петербург ул Бабушкина 50";"0,0";"1,0";"1,0";"2,0";
"63,0";"26,05,2021";"Колпинский";"400051795";"Столкновение";"";"0";"0";"п Металлострой ш Петрозаводское Ул, Садовая";"0,0";"1,0";"3,0";"4,0";
"64,0";"26,05,2021";"Кировский";"400051910";"Столкновение";"";"0";"0";"г Санкт-Петербург ул Краснопутиловская 42";"0,0";"1,0";"2,0";"3,0";
"65,0";"26,05,2021";"Невский";"400051796";"Наезд на пешехода";"";"0";"0";"г Санкт-Петербург пр-кт Елизарова 15";"0,0";"1,0";"1,0";"2,0";
"66,0";"26,05,2021";"Невский";"400068842";"Наезд на пешехода";"";"0";"0";"г Санкт-Петербург  ";"1,0";"0,0";"1,0";"2,0";
"67,0";"26,05,2021";"Красносельский";"400051797";"Наезд на пешехода";"";"0";"0";"г Санкт-Петербург ул Маршала Казакова 22-2";"0,0";"1,0";"1,0";"2,0";
"68,0";"26,05,2021";"Красногвардейский";"400099711";"Наезд на препятствие";"";"0";"0";"г Санкт-Петербург пр-кт Малоохтинский 10";"0,0";"1,0";"1,0";"2,0";
"69,0";"25,05,2021";"Московский";"400051413";"Наезд на пешехода";"";"0";"0";"г Санкт-Петербург пр-кт Лиговский 274";"0,0";"1,0";"2,0";"2,0";
"70,0";"25,05,2021";"Приморский";"400051552";"Наезд на пешехода";"";"0";"0";"г Санкт-Петербург пр-кт Лахтинский 40 2 лит А";"0,0";"1,0";"2,0";"2,0";
"71,0";"25,05,2021";"Пушкинский";"400051424";"Наезд на пешехода";"";"0";"0";"п Шушары ш Колпинское 24 4";"0,0";"1,0";"1,0";"2,0";
"72,0";"25,05,2021";"Фрунзенский";"400051484";"Наезд на пешехода";"";"0";"0";"г Санкт-Петербург ул Софийская 29";"0,0";"1,0";"2,0";"2,0";
"73,0";"25,05,2021";"Центральный";"400051434";"Наезд на пешехода";"";"0";"0";"г Санкт-Петербург ул Константина Заслонова 8-ул,Воронежская";"0,0";"1,0";"1,0";"2,0";
"74,0";"25,05,2021";"Центральный";"400051363";"Наезд на велосипедиста";"";"0";"0";"г Санкт-Петербург ул Орловская 1-Таврический пер,";"0,0";"1,0";"2,0";"2,0";
"75,0";"25,05,2021";"Красногвардейский";"400051311";"Наезд на пешехода";"";"0";"0";"г Санкт-Петербург ул Передовиков 13 к,2";"0,0";"1,0";"1,0";"2,0";
"76,0";"25,05,2021";"Московский";"400051371";"Падение пассажира";"";"0";"0";"г Санкт-Петербург ул Решетникова 13";"0,0";"1,0";"1,0";"2,0";
"77,0";"25,05,2021";"Фрунзенский";"400061671";"Наезд на велосипедиста";"";"0";"0";"г Санкт-Петербург  ";"0,0";"1,0";"2,0";"2,0";
"78,0";"24,05,2021";"Невский";"400051090";"Столкновение";"";"0";"0";"г Санкт-Петербург пр-кт Солидарности 14 к1";"0,0";"1,0";"3,0";"3,0";
"79,0";"24,05,2021";"Центральный";"400050860";"Столкновение";"";"0";"0";"г Санкт-Петербург наб Синопская мост П,Великого";"0,0";"2,0";"2,0";"4,0";
"80,0";"24,05,2021";"Центральный";"400051048";"Наезд на пешехода";"";"0";"0";"г Санкт-Петербург пр-кт Владимирский 6";"0,0";"1,0";"2,0";"2,0";
"81,0";"24,05,2021";"Красногвардейский";"400067753";"Наезд на пешехода";"";"0";"0";"г Санкт-Петербург  ";"0,0";"1,0";"2,0";"2,0";
"82,0";"24,05,2021";"Выборгский";"400051115";"Столкновение";"";"0";"0";"г Санкт-Петербург ул Фокина 1";"0,0";"1,0";"2,0";"3,0";
"83,0";"24,05,2021";"Колпинский";"400050903";"Столкновение";"";"0";"0";"г Колпино ул Финляндская 13 к,2 лит,АЗ";"0,0";"1,0";"2,0";"2,0";
"84,0";"24,05,2021";"Фрунзенский";"400050973";"Столкновение";"";"0";"0";"г Санкт-Петербург ул Будапештская 32";"0,0";"1,0";"2,0";"3,0";
"85,0";"24,05,2021";"Колпинский";"400050867";"Наезд на препятствие";"";"0";"0";"г Колпино ул Танкистов 14";"0,0";"1,0";"1,0";"1,0";
"86,0";"24,05,2021";"Курортный";"400050872";"Столкновение";"Зеленогорское шоссе";"5";"70";"г Санкт-Петербург  ";"0,0";"3,0";"2,0";"4,0";
"87,0";"24,05,2021";"Невский";"400051092";"Столкновение";"";"0";"0";"г Санкт-Петербург ул Зольная 1";"0,0";"1,0";"2,0";"3,0";
"88,0";"24,05,2021";"Московский";"400051161";"Столкновение";"";"0";"0";"г Санкт-Петербург ул Звёздная 9к1";"0,0";"1,0";"2,0";"3,0";
"89,0";"24,05,2021";"Петроградский";"400051003";"Столкновение";"";"0";"0";"г Санкт-Петербург пр-кт Динамо 11";"0,0";"1,0";"2,0";"3,0";
"90,0";"24,05,2021";"Кировский";"400051013";"Наезд на пешехода";"";"0";"0";"г Санкт-Петербург  ";"0,0";"1,0";"2,0";"2,0";
"91,0";"24,05,2021";"Выборгский";"400050947";"Наезд на стоящее ТС";"А-118 Кольцевая автомобильная дорога вокруг Санкт-Петербурга";"17";"250";"г Санкт-Петербург  ";"0,0";"1,0";"2,0";"2,0";
"92,0";"24,05,2021";"Фрунзенский";"400051280";"Столкновение";"";"0";"0";"г Санкт-Петербург ул Будапештская 49";"0,0";"1,0";"2,0";"3,0";
"93,0";"23,05,2021";"Калининский";"400050877";"Столкновение";"";"0";"0";"г Санкт-Петербург пр-кт Непокорённых 15";"0,0";"1,0";"3,0";"3,0";
"94,0";"23,05,2021";"Адмиралтейский";"400050802";"Столкновение";"";"0";"0";"г Санкт-Петербург пл Труда 6";"0,0";"1,0";"2,0";"3,0";
"95,0";"23,05,2021";"Калининский";"400064861";"Наезд на пешехода";"";"0";"0";"г Санкт-Петербург пр-кт Просвещения 72";"0,0";"1,0";"1,0";"2,0";
"96,0";"23,05,2021";"Московский";"400050673";"Наезд на препятствие";"А-118 Кольцевая автомобильная дорога вокруг Санкт-Петербурга";"66";"150";"г Санкт-Петербург  ";"0,0";"1,0";"1,0";"1,0";
"97,0";"23,05,2021";"Красносельский";"400050630";"Наезд на стоящее ТС";"";"0";"0";"г Санкт-Петербург ул Десантников 12";"0,0";"1,0";"2,0";"1,0";
"98,0";"23,05,2021";"Центральный";"400050807";"Столкновение";"";"0";"0";"г Санкт-Петербург наб Дворцовая 2";"0,0";"1,0";"2,0";"2,0";
"99,0";"23,05,2021";"Кировский";"400050858";"Наезд на пешехода";"";"0";"0";"г Санкт-Петербург пр-кт Дачный 5 коп, 10";"0,0";"1,0";"1,0";"2,0";
"100,0";"23,05,2021";"Выборгский";"400050805";"Наезд на препятствие";"";"0";"0";"г Санкт-Петербург ш Выборгское 379";"0,0";"1,0";"1,0";"2,0";
"101,0";"23,05,2021";"Центральный";"400050619";"Наезд на пешехода";"";"0";"0";"г Санкт-Петербург пр-кт Невский 61";"0,0";"1,0";"1,0";"2,0";
"102,0";"23,05,2021";"Московский";"400050724";"Наезд на стоящее ТС";"";"0";"0";"г Санкт-Петербург ул Авиационная 9";"0,0";"1,0";"2,0";"1,0";
"103,0";"23,05,2021";"Петроградский";"400050604";"Столкновение";"";"0";"0";"г Санкт-Петербург пр-кт Добролюбова 5 1";"0,0";"1,0";"3,0";"3,0";
"104,0";"22,05,2021";"Фрунзенский";"400050487";"Столкновение";"";"0";"0";"г Санкт-Петербург пр-кт Лиговский 251";"0,0";"1,0";"2,0";"2,0";
"105,0";"22,05,2021";"Выборгский";"400050528";"Столкновение";"";"0";"0";"г Санкт-Петербург пр-кт Лесной 63";"0,0";"1,0";"2,0";"2,0";
"106,0";"22,05,2021";"Выборгский";"400050585";"Столкновение";"";"0";"0";"г Санкт-Петербург пер 6-й Верхний напротив,д, 12б";"0,0";"1,0";"2,0";"2,0";
"107,0";"22,05,2021";"Московский";"400050490";"Столкновение";"";"0";"0";"г Санкт-Петербург наб Обводного канала Рыбинская ул,";"0,0";"1,0";"2,0";"3,0";
"108,0";"22,05,2021";"Красногвардейский";"400050481";"Столкновение";"";"0";"0";"г Санкт-Петербург ул Большая Пороховская 45";"0,0";"1,0";"2,0";"2,0";
"109,0";"22,05,2021";"Колпинский";"400050267";"Столкновение";"";"0";"0";"г Колпино ул Красная Ремизова ул,";"0,0";"2,0";"2,0";"3,0";
"110,0";"22,05,2021";"Калининский";"400050256";"Столкновение";"";"0";"0";"г Санкт-Петербург пр-кт Непокорённых 2";"0,0";"4,0";"4,0";"7,0";
"111,0";"22,05,2021";"Петроградский";"400051730";"Наезд на пешехода";"";"0";"0";"г Санкт-Петербург  ";"0,0";"1,0";"1,0";"2,0";
"112,0";"22,05,2021";"Василеостровский";"400050568";"Столкновение";"";"0";"0";"г Санкт-Петербург наб Морская 41";"0,0";"1,0";"2,0";"3,0";
"113,0";"22,05,2021";"Петроградский";"400051672";"Наезд на пешехода";"";"0";"0";"г Санкт-Петербург  ";"0,0";"1,0";"1,0";"2,0";
"114,0";"22,05,2021";"Красносельский";"400050429";"Падение пассажира";"";"0";"0";"г Санкт-Петербург ш Петергофское 65 Г 1";"0,0";"1,0";"1,0";"2,0";
"115,0";"22,05,2021";"Выборгский";"400051435";"Столкновение";"";"0";"0";"г Санкт-Петербург пр-кт Энгельса 55";"0,0";"1,0";"4,0";"4,0";
"116,0";"21,05,2021";"Красносельский";"400050091";"Наезд на пешехода";"";"0";"0";"г Санкт-Петербург ш Петергофское 53";"0,0";"1,0";"1,0";"2,0";
"117,0";"21,05,2021";"Пушкинский";"400049910";"Наезд на препятствие";"";"0";"0";"г Пушкин ш Киевское 259 км 980 метров";"1,0";"0,0";"1,0";"2,0";
"118,0";"21,05,2021";"Центральный";"400050235";"Столкновение";"";"0";"0";"г Санкт-Петербург пр-кт Невский Аничков мост";"0,0";"1,0";"3,0";"4,0";
"119,0";"21,05,2021";"Московский";"400058207";"Наезд на пешехода";"";"0";"0";"г Санкт-Петербург пр-кт Дунайский 21";"0,0";"1,0";"1,0";"2,0";
"120,0";"21,05,2021";"Московский";"400050084";"Наезд на пешехода";"";"0";"0";"г Санкт-Петербург ул Орджоникидзе 3";"0,0";"1,0";"1,0";"2,0";
"121,0";"21,05,2021";"Калининский";"400049904";"Наезд на препятствие";"";"0";"0";"г Санкт-Петербург ул Руставели 71";"0,0";"3,0";"1,0";"3,0";
"122,0";"21,05,2021";"Петроградский";"400050116";"Столкновение";"";"0";"0";"г Санкт-Петербург пр-кт Добролюбова 18";"0,0";"1,0";"2,0";"3,0";
"123,0";"21,05,2021";"Адмиралтейский";"400050079";"Падение пассажира";"";"0";"0";"г Санкт-Петербург пр-кт Рижский 24-26";"0,0";"1,0";"1,0";"2,0";
"124,0";"21,05,2021";"Выборгский";"400050003";"Наезд на пешехода";"";"0";"0";"г Санкт-Петербург пр-кт Ярославский 11";"0,0";"1,0";"1,0";"2,0";
"125,0";"21,05,2021";"Пушкинский";"400050239";"Столкновение";"";"0";"0";"г Пушкин ш Киевское 261км";"0,0";"1,0";"2,0";"2,0";
"126,0";"20,05,2021";"Невский";"400049746";"Столкновение";"";"0";"0";"г Санкт-Петербург пр-кт Большевиков 24 к,1";"0,0";"1,0";"2,0";"3,0";
"127,0";"20,05,2021";"Кировский";"400049689";"Столкновение";"";"0";"0";"г Санкт-Петербург ул Маршала Казакова пр,Стачек";"0,0";"1,0";"2,0";"3,0";
"128,0";"20,05,2021";"Фрунзенский";"400049494";"Столкновение";"";"0";"0";"г Санкт-Петербург ул Купчинская 11 к,1";"0,0";"1,0";"2,0";"2,0";
"129,0";"20,05,2021";"Центральный";"400049489";"Наезд на пешехода";"";"0";"0";"г Санкт-Петербург ул Некрасова Чехова";"0,0";"1,0";"1,0";"2,0";
"130,0";"20,05,2021";"Петроградский";"400052110";"Падение пассажира";"";"0";"0";"г Санкт-Петербург пр-кт Каменноостровский 59";"0,0";"2,0";"1,0";"3,0";
"131,0";"20,05,2021";"Колпинский";"400049617";"Столкновение";"";"0";"0";"г Колпино ул Финляндская 23";"0,0";"1,0";"2,0";"2,0";
"132,0";"20,05,2021";"Красногвардейский";"400049531";"Столкновение";"";"0";"0";"г Санкт-Петербург пр-кт Новочеркасский 1Е";"0,0";"1,0";"4,0";"5,0";
"133,0";"20,05,2021";"Красногвардейский";"400049779";"Наезд на пешехода";"";"0";"0";"г Санкт-Петербург ул Петра Смородина 6";"0,0";"1,0";"3,0";"2,0";
"134,0";"20,05,2021";"Петроградский";"400049520";"Столкновение";"";"0";"0";"г Санкт-Петербург наб Мытнинская 3";"0,0";"1,0";"2,0";"3,0";
"135,0";"20,05,2021";"Центральный";"400049854";"Наезд на пешехода";"";"0";"0";"г Санкт-Петербург ул Некрасова Лиговский пр";"0,0";"1,0";"1,0";"2,0";
"136,0";"20,05,2021";"Центральный";"400049800";"Наезд на велосипедиста";"";"0";"0";"г Санкт-Петербург наб Реки Мойки Садовая ул";"0,0";"1,0";"2,0";"2,0";
"137,0";"20,05,2021";"Приморский";"400049628";"Наезд на стоящее ТС";"Западный скоростной диаметр";"16";"700";"г Санкт-Петербург  ";"0,0";"1,0";"2,0";"2,0";
"138,0";"20,05,2021";"Центральный";"400049543";"Наезд на пешехода";"";"0";"0";"г Санкт-Петербург пр-кт Греческий 8";"0,0";"1,0";"1,0";"2,0";
"139,0";"20,05,2021";"Выборгский";"400049855";"Наезд на пешехода";"";"0";"0";"г Санкт-Петербург  ";"0,0";"1,0";"1,0";"2,0";
"140,0";"20,05,2021";"Красносельский";"400049493";"Наезд на пешехода";"";"0";"0";"г Санкт-Петербург пр-кт Ленинский Пр, Кузнецова";"0,0";"2,0";"1,0";"3,0";
"141,0";"20,05,2021";"Пушкинский";"400049631";"Столкновение";"А-118 Кольцевая автомобильная дорога вокруг Санкт-Петербурга";"63";"150";"г Санкт-Петербург  ";"0,0";"1,0";"4,0";"4,0";
"142,0";"20,05,2021";"Колпинский";"400053809";"Наезд на пешехода";"";"0";"0";"г Колпино пр-кт Заводской 4";"0,0";"1,0";"1,0";"2,0";
"143,0";"20,05,2021";"Калининский";"400049640";"Столкновение";"";"0";"0";"г Санкт-Петербург ул Руставели 13";"0,0";"1,0";"2,0";"2,0";
"144,0";"20,05,2021";"Фрунзенский";"400049672";"Наезд на пешехода";"";"0";"0";"г Санкт-Петербург ул Белы Куна 6";"0,0";"1,0";"1,0";"2,0";
"145,0";"20,05,2021";"Невский";"400049720";"Столкновение";"";"0";"0";"г Санкт-Петербург наб Обводного канала 5 кор3 ул,Глиняная";"0,0";"3,0";"4,0";"6,0";
"146,0";"19,05,2021";"Красносельский";"400049457";"Наезд на пешехода";"";"0";"0";"г Красное Село ш Пушкинское 1к2";"0,0";"1,0";"1,0";"2,0";
"147,0";"19,05,2021";"Фрунзенский";"400049202";"Наезд на пешехода";"";"0";"0";"г Санкт-Петербург ул Олеко Дундича 34";"0,0";"1,0";"1,0";"2,0";
"148,0";"19,05,2021";"Калининский";"400052741";"Наезд на пешехода";"";"0";"0";"г Санкт-Петербург наб Арсенальная 13 1";"0,0";"1,0";"2,0";"2,0";
"149,0";"19,05,2021";"Красносельский";"400049204";"Столкновение";"";"0";"0";"г Санкт-Петербург ш Волхонское (Сергиево) 123";"0,0";"1,0";"2,0";"2,0";
"150,0";"19,05,2021";"Красносельский";"400049429";"Столкновение";"А-118 Кольцевая автомобильная дорога вокруг Санкт-Петербурга";"78";"850";"г Санкт-Петербург  ";"0,0";"1,0";"2,0";"2,0";
"151,0";"19,05,2021";"Фрунзенский";"400049167";"Наезд на пешехода";"";"0";"0";"г Санкт-Петербург  ";"0,0";"1,0";"1,0";"2,0";
"152,0";"19,05,2021";"Московский";"400049435";"Наезд на пешехода";"";"0";"0";"г Санкт-Петербург пр-кт Витебский 65";"1,0";"0,0";"1,0";"2,0";
"153,0";"19,05,2021";"Пушкинский";"400049426";"Съезд с дороги";"";"0";"0";"г Пушкин ш Киевское 262 км 500";"0,0";"1,0";"1,0";"1,0";
"154,0";"19,05,2021";"Приморский";"400049213";"Наезд на пешехода";"";"0";"0";"г Санкт-Петербург ул Савушкина ул, Оскаленко";"0,0";"1,0";"1,0";"2,0";
"155,0";"19,05,2021";"Приморский";"400049174";"Столкновение";"";"0";"0";"г Санкт-Петербург пр-кт Комендантский Шаврова";"0,0";"1,0";"2,0";"3,0";
"156,0";"19,05,2021";"Фрунзенский";"400049112";"Наезд на пешехода";"";"0";"0";"г Санкт-Петербург ул Купчинская 1 5";"1,0";"0,0";"1,0";"2,0";
"157,0";"19,05,2021";"Московский";"400049329";"Столкновение";"";"0";"0";"г Санкт-Петербург ул Фрунзе 15";"0,0";"1,0";"2,0";"3,0";
"158,0";"19,05,2021";"Выборгский";"400049323";"Столкновение";"";"0";"0";"г Санкт-Петербург  ";"0,0";"1,0";"2,0";"2,0";
"159,0";"19,05,2021";"Фрунзенский";"400049249";"Столкновение";"";"0";"0";"г Санкт-Петербург ул Софийская 1";"0,0";"1,0";"2,0";"2,0";
"160,0";"19,05,2021";"Адмиралтейский";"400049060";"Наезд на пешехода";"";"0";"0";"г Санкт-Петербург пр-кт Московский 65";"0,0";"1,0";"1,0";"2,0";
"161,0";"18,05,2021";"Кировский";"400048873";"Столкновение";"";"0";"0";"г Санкт-Петербург пр-кт Стачек 13";"0,0";"1,0";"2,0";"2,0";
"162,0";"18,05,2021";"Красногвардейский";"400049003";"Столкновение";"";"0";"0";"г Санкт-Петербург пр-кт Пискарёвский 117 стр, 1";"0,0";"1,0";"2,0";"3,0";
"163,0";"18,05,2021";"Центральный";"400048906";"Наезд на пешехода";"";"0";"0";"г Санкт-Петербург ул Кирочная 43";"0,0";"1,0";"1,0";"2,0";
"164,0";"18,05,2021";"Пушкинский";"400048664";"Столкновение";"";"0";"0";"п Шушары ш Московское 161 кор 10 лит и";"0,0";"1,0";"2,0";"3,0";
"165,0";"18,05,2021";"Центральный";"400048580";"Столкновение";"";"0";"0";"г Санкт-Петербург пр-кт Невский ул, Садовая";"0,0";"2,0";"4,0";"5,0";
"166,0";"18,05,2021";"Василеостровский";"400048910";"Наезд на пешехода";"";"0";"0";"г Санкт-Петербург ул Опочинина 7";"0,0";"1,0";"1,0";"2,0";
"167,0";"18,05,2021";"Фрунзенский";"400048798";"Наезд на пешехода";"";"0";"0";"г Санкт-Петербург пр-кт Лиговский 253";"0,0";"1,0";"1,0";"2,0";
"168,0";"18,05,2021";"Калининский";"400048915";"Столкновение";"";"0";"0";"г Санкт-Петербург ул Комсомола 1";"0,0";"1,0";"2,0";"2,0";
"169,0";"18,05,2021";"Фрунзенский";"400049106";"Наезд на велосипедиста";"";"0";"0";"г Санкт-Петербург ул Бухарестская 8";"0,0";"1,0";"2,0";"2,0";
"170,0";"18,05,2021";"Пушкинский";"400048644";"Наезд на пешехода";"";"0";"0";"г Пушкин б-р Октябрьский Школьная ул,";"0,0";"1,0";"1,0";"2,0";
"171,0";"18,05,2021";"Выборгский";"400062211";"Столкновение";"";"0";"0";"г Санкт-Петербург пр-кт Северный 6";"0,0";"1,0";"2,0";"3,0";
"172,0";"18,05,2021";"Выборгский";"400049119";"Наезд на велосипедиста";"";"0";"0";"г Санкт-Петербург пр-кт Большой Сампсониевский 95";"0,0";"1,0";"2,0";"2,0";
"173,0";"18,05,2021";"Красносельский";"400077896";"Наезд на пешехода";"";"0";"0";"г Санкт-Петербург ш Петергофское 17 к,1";"0,0";"1,0";"1,0";"2,0";
"174,0";"18,05,2021";"Выборгский";"400048880";"Наезд на велосипедиста";"";"0";"0";"п Парголово ш Выборгское (Осиновая Роща) 459";"0,0";"1,0";"2,0";"2,0";
"175,0";"18,05,2021";"Фрунзенский";"400048713";"Наезд на велосипедиста";"";"0";"0";"г Санкт-Петербург  ";"0,0";"1,0";"2,0";"2,0";
"176,0";"18,05,2021";"Петроградский";"400048792";"Столкновение";"";"0";"0";"г Санкт-Петербург наб Мартынова 74";"1,0";"0,0";"2,0";"2,0";
"177,0";"18,05,2021";"Центральный";"400048653";"Наезд на пешехода";"";"0";"0";"г Санкт-Петербург пл Островского 3";"0,0";"1,0";"1,0";"2,0";
"178,0";"18,05,2021";"Выборгский";"400048753";"Столкновение";"";"0";"0";"г Санкт-Петербург пр-кт Северный 9";"0,0";"1,0";"2,0";"2,0";
"179,0";"18,05,2021";"Пушкинский";"400048736";"Наезд на пешехода";"";"0";"0";"г Пушкин ул Дворцовая 19";"0,0";"1,0";"1,0";"2,0";
"180,0";"18,05,2021";"Невский";"400048629";"Наезд на стоящее ТС";"";"0";"0";"г Санкт-Петербург ул Крыленко 1, кор, 1";"0,0";"1,0";"5,0";"1,0";
"181,0";"17,05,2021";"Красногвардейский";"400048271";"Наезд на пешехода";"";"0";"0";"г Санкт-Петербург пр-кт Энергетиков 57";"0,0";"1,0";"1,0";"2,0";
"182,0";"17,05,2021";"Московский";"400048314";"Столкновение";"";"0";"0";"г Санкт-Петербург ш Московское 35-46";"0,0";"1,0";"3,0";"3,0";
"183,0";"17,05,2021";"Петроградский";"400048281";"Столкновение";"";"0";"0";"г Санкт-Петербург пр-кт Добролюбова 19";"0,0";"1,0";"2,0";"2,0";
"184,0";"17,05,2021";"Центральный";"400048572";"Наезд на пешехода";"";"0";"0";"г Санкт-Петербург наб Кутузова 2";"0,0";"2,0";"2,0";"2,0";
"185,0";"17,05,2021";"Красногвардейский";"400048435";"Наезд на пешехода";"";"0";"0";"г Санкт-Петербург ул Передовиков 21";"0,0";"1,0";"1,0";"2,0";
"186,0";"17,05,2021";"Центральный";"400048459";"Наезд на велосипедиста";"";"0";"0";"г Санкт-Петербург пл Пролетарской Диктатуры 5в";"0,0";"1,0";"2,0";"2,0";
"187,0";"17,05,2021";"Петродворцовый";"400048283";"Столкновение";"";"0";"0";"г Петергоф ш Ораниенбаумское 11а";"0,0";"1,0";"2,0";"2,0";
"188,0";"17,05,2021";"Приморский";"400048494";"Столкновение";"";"0";"0";"г Санкт-Петербург ул Планерная 41 2";"0,0";"1,0";"2,0";"3,0";
"189,0";"17,05,2021";"Адмиралтейский";"400048320";"Наезд на пешехода";"";"0";"0";"г Санкт-Петербург пр-кт Лермонтовский 7 12";"0,0";"1,0";"1,0";"2,0";
"190,0";"17,05,2021";"Приморский";"400048414";"Наезд на велосипедиста";"";"0";"0";"г Санкт-Петербург пр-кт Комендантский 53к,1";"0,0";"1,0";"2,0";"2,0";
"191,0";"17,05,2021";"Калининский";"400048315";"Наезд на велосипедиста";"";"0";"0";"г Санкт-Петербург ул Брюсовская напротив дома 40 По";"0,0";"1,0";"2,0";"2,0";
"192,0";"17,05,2021";"Центральный";"400048559";"Столкновение";"";"0";"0";"г Санкт-Петербург пр-кт Невский 63";"0,0";"1,0";"2,0";"2,0";
"193,0";"17,05,2021";"Красногвардейский";"400048284";"Наезд на пешехода";"";"0";"0";"г Санкт-Петербург дор Муринская 53";"0,0";"1,0";"1,0";"2,0";
"194,0";"17,05,2021";"Выборгский";"400048450";"Падение пассажира";"";"0";"0";"г Санкт-Петербург ул Прокофьева 4";"0,0";"1,0";"1,0";"2,0";
"195,0";"16,05,2021";"Центральный";"400048150";"Наезд на велосипедиста";"";"0";"0";"г Санкт-Петербург ул 1-я Советская 1";"0,0";"1,0";"2,0";"2,0";
"196,0";"16,05,2021";"Калининский";"400048244";"Столкновение";"";"0";"0";"г Санкт-Петербург ул Руставели 69";"0,0";"1,0";"3,0";"3,0";
"197,0";"16,05,2021";"Приморский";"400048054";"Наезд на пешехода";"";"0";"0";"г Санкт-Петербург ул Стародеревенская 36";"0,0";"1,0";"1,0";"2,0";
"198,0";"16,05,2021";"Адмиралтейский";"400048109";"Наезд на пешехода";"";"0";"0";"г Санкт-Петербург наб Реки Фонтанки 92";"0,0";"1,0";"1,0";"2,0";
"199,0";"16,05,2021";"Калининский";"400048027";"Наезд на стоящее ТС";"";"0";"0";"г Санкт-Петербург пр-кт Северный 77к,1";"0,0";"1,0";"3,0";"3,0";
"200,0";"16,05,2021";"Центральный";"400048212";"Наезд на препятствие";"";"0";"0";"г Санкт-Петербург наб Смольная 12";"0,0";"1,0";"1,0";"1,0";
"201,0";"16,05,2021";"Василеостровский";"400048225";"Наезд на велосипедиста";"";"0";"0";"г Санкт-Петербург наб Университетская 1";"0,0";"1,0";"2,0";"2,0";
"202,0";"16,05,2021";"Калининский";"400048197";"Столкновение";"";"0";"0";"г Санкт-Петербург пр-кт Северный 83";"0,0";"1,0";"2,0";"3,0";
"203,0";"16,05,2021";"Петродворцовый";"400048230";"Столкновение";"";"0";"0";"п Стрельна ш Санкт-Петербургское 82";"0,0";"2,0";"2,0";"3,0";
"204,0";"16,05,2021";"Красносельский";"400048050";"Столкновение";"";"0";"0";"г Санкт-Петербург пр-кт Ленинский 97 корп, 1";"0,0";"1,0";"2,0";"3,0";
"205,0";"16,05,2021";"Приморский";"400048226";"Наезд на велосипедиста";"";"0";"0";"г Санкт-Петербург пр-кт Приморский 12";"0,0";"1,0";"2,0";"2,0";
"206,0";"16,05,2021";"Центральный";"400048111";"Наезд на пешехода";"";"0";"0";"г Санкт-Петербург пр-кт Владимирский 20 Б";"0,0";"1,0";"1,0";"2,0";
"207,0";"15,05,2021";"Фрунзенский";"400047839";"Наезд на пешехода";"";"0";"0";"г Санкт-Петербург ул Бухарестская 80";"0,0";"1,0";"1,0";"2,0";
"208,0";"15,05,2021";"Адмиралтейский";"400047978";"Столкновение";"";"0";"0";"г Санкт-Петербург пл Исаакиевская 13";"0,0";"1,0";"2,0";"3,0";
"209,0";"15,05,2021";"Адмиралтейский";"400062521";"Наезд на пешехода";"";"0";"0";"г Санкт-Петербург пл Исаакиевская 4";"0,0";"1,0";"2,0";"2,0";
"210,0";"15,05,2021";"Красносельский";"400047746";"Столкновение";"";"0";"0";"г Санкт-Петербург ш Красносельское (Горелово) Аннинское ш,";"0,0";"1,0";"2,0";"2,0";
"211,0";"15,05,2021";"Колпинский";"400047772";"Наезд на стоящее ТС";"";"0";"0";"п Понтонный ш Петрозаводское 30м от ул, Фанерная";"0,0";"1,0";"2,0";"2,0";
"212,0";"15,05,2021";"Центральный";"400047812";"Наезд на пешехода";"";"0";"0";"г Санкт-Петербург пер Виленский 1";"0,0";"1,0";"1,0";"2,0";
"213,0";"15,05,2021";"Кировский";"400047969";"Наезд на пешехода";"";"0";"0";"г Санкт-Петербург б-р Новаторов 11 кор,2";"0,0";"1,0";"1,0";"2,0";
"214,0";"15,05,2021";"Невский";"400047920";"Наезд на пешехода";"";"0";"0";"г Санкт-Петербург  ";"0,0";"1,0";"1,0";"2,0";
"215,0";"15,05,2021";"Московский";"400047697";"Столкновение";"";"0";"0";"г Санкт-Петербург пр-кт Московский 105";"0,0";"1,0";"2,0";"2,0";
"216,0";"15,05,2021";"Невский";"400047824";"Наезд на препятствие";"";"0";"0";"г Санкт-Петербург наб Обводного канала 24";"0,0";"2,0";"1,0";"2,0";
"217,0";"15,05,2021";"Выборгский";"400047873";"Наезд на пешехода";"";"0";"0";"г Санкт-Петербург пр-кт Тихорецкий светлановский";"0,0";"1,0";"1,0";"2,0";
"218,0";"15,05,2021";"Фрунзенский";"400047858";"Наезд на пешехода";"";"0";"0";"г Санкт-Петербург наб Обводного канала 2 по Рыбинской";"1,0";"0,0";"1,0";"2,0";
"219,0";"15,05,2021";"Красносельский";"400047874";"Столкновение";"";"0";"0";"г Санкт-Петербург пр-кт Ленинский 78 корп,1";"0,0";"1,0";"2,0";"2,0";
"220,0";"15,05,2021";"Красногвардейский";"400047889";"Столкновение";"";"0";"0";"г Санкт-Петербург пр-кт Шафировский 12";"0,0";"1,0";"2,0";"3,0";
"221,0";"14,05,2021";"Петроградский";"400047424";"Падение пассажира";"";"0";"0";"г Санкт-Петербург пр-кт Каменноостровский 44";"0,0";"1,0";"1,0";"2,0";
"222,0";"14,05,2021";"Московский";"400047582";"Наезд на стоящее ТС";"";"0";"0";"г Санкт-Петербург пр-кт Юрия Гагарина 8";"0,0";"1,0";"2,0";"2,0";
"223,0";"14,05,2021";"Петроградский";"400047415";"Столкновение";"";"0";"0";"г Санкт-Петербург пр-кт Каменноостровский 2 по ул,Куйбышева";"0,0";"1,0";"2,0";"2,0";
"224,0";"14,05,2021";"Калининский";"400047513";"Наезд на пешехода";"";"0";"0";"г Санкт-Петербург пл Северная 2";"0,0";"1,0";"2,0";"2,0";
"225,0";"14,05,2021";"Московский";"400047388";"Наезд на пешехода";"";"0";"0";"г Санкт-Петербург пр-кт Московский 105";"0,0";"1,0";"1,0";"2,0";
"226,0";"14,05,2021";"Калининский";"400047635";"Наезд на велосипедиста";"";"0";"0";"г Санкт-Петербург пр-кт Непокорённых 47";"0,0";"1,0";"2,0";"2,0";
"227,0";"14,05,2021";"Невский";"400047704";"Наезд на велосипедиста";"";"0";"0";"г Санкт-Петербург ул Антонова-Овсеенко 24 к, 2";"0,0";"1,0";"2,0";"2,0";
"228,0";"14,05,2021";"Адмиралтейский";"400047383";"Наезд на пешехода";"";"0";"0";"г Санкт-Петербург ул 4-я Красноармейская 20 8";"0,0";"1,0";"1,0";"2,0";
"229,0";"14,05,2021";"Петроградский";"400047360";"Наезд на препятствие";"";"0";"0";"г Санкт-Петербург пр-кт Каменноостровский 54 31";"0,0";"1,0";"1,0";"2,0";
"230,0";"14,05,2021";"Кировский";"400047512";"Наезд на пешехода";"";"0";"0";"г Санкт-Петербург  ";"0,0";"2,0";"2,0";"3,0";
"231,0";"14,05,2021";"Красногвардейский";"400056975";"Наезд на пешехода";"";"0";"0";"г Санкт-Петербург  ";"0,0";"1,0";"1,0";"2,0";
"232,0";"14,05,2021";"Центральный";"400047502";"Столкновение";"";"0";"0";"г Санкт-Петербург ул Тульская Костромская";"0,0";"2,0";"2,0";"4,0";
"233,0";"14,05,2021";"Московский";"400047357";"Падение пассажира";"";"0";"0";"г Санкт-Петербург ул Типанова 6";"0,0";"1,0";"1,0";"2,0";
"234,0";"13,05,2021";"Василеостровский";"400047223";"Наезд на велосипедиста";"";"0";"0";"г Санкт-Петербург пр-кт Большой В,О, 38 11";"0,0";"1,0";"2,0";"2,0";
"235,0";"13,05,2021";"Выборгский";"400053347";"Наезд на пешехода";"";"0";"0";"г Санкт-Петербург пр-кт Просвещения 30";"0,0";"1,0";"1,0";"2,0";
"236,0";"13,05,2021";"Приморский";"400046997";"Наезд на велосипедиста";"";"0";"0";"г Санкт-Петербург ул Белоостровская 6";"0,0";"1,0";"2,0";"2,0";
"237,0";"13,05,2021";"Центральный";"400047016";"Наезд на пешехода";"";"0";"0";"г Санкт-Петербург ул Белинского 1-н,р,Фонтанки";"0,0";"1,0";"1,0";"2,0";
"238,0";"13,05,2021";"Василеостровский";"400046985";"Наезд на пешехода";"";"0";"0";"г Санкт-Петербург пер Декабристов 2А";"0,0";"1,0";"2,0";"2,0";
"239,0";"13,05,2021";"Кировский";"400047315";"Наезд на стоящее ТС";"";"0";"0";"г Санкт-Петербург пр-кт Маршала Жукова 15";"0,0";"1,0";"2,0";"3,0";
"240,0";"13,05,2021";"Калининский";"400047246";"Наезд на велосипедиста";"";"0";"0";"г Санкт-Петербург пр-кт Гражданский 75к1";"0,0";"1,0";"2,0";"2,0";
"241,0";"13,05,2021";"Кировский";"400047115";"Наезд на пешехода";"";"0";"0";"г Санкт-Петербург  ";"0,0";"1,0";"1,0";"2,0";
"242,0";"13,05,2021";"Красногвардейский";"400047186";"Наезд на препятствие";"А-118 Кольцевая автомобильная дорога вокруг Санкт-Петербурга";"35";"600";"г Санкт-Петербург  ";"0,0";"1,0";"1,0";"1,0";
"243,0";"13,05,2021";"Красногвардейский";"400099707";"Опрокидывание";"";"0";"0";"г Санкт-Петербург пр-кт Энергетиков 39 41";"0,0";"1,0";"2,0";"2,0";
"244,0";"13,05,2021";"Калининский";"400047074";"Столкновение";"";"0";"0";"г Санкт-Петербург ул Бутлерова 4";"0,0";"2,0";"2,0";"3,0";
"245,0";"13,05,2021";"Кировский";"400047293";"Столкновение";"";"0";"0";"г Санкт-Петербург пр-кт Стачек автомобильная ул,";"0,0";"2,0";"2,0";"4,0";
"246,0";"13,05,2021";"Петроградский";"400047110";"Наезд на пешехода";"";"0";"0";"г Санкт-Петербург ул Средняя Колтовская 9-11";"0,0";"1,0";"1,0";"2,0";
"247,0";"13,05,2021";"Калининский";"400047244";"Наезд на пешехода";"";"0";"0";"г Санкт-Петербург  ";"0,0";"1,0";"1,0";"2,0";
"248,0";"13,05,2021";"Петроградский";"400047033";"Наезд на пешехода";"";"0";"0";"г Санкт-Петербург ул Петроградская 8 по вязовой";"0,0";"1,0";"1,0";"2,0";
"249,0";"13,05,2021";"Московский";"400047243";"Столкновение";"";"0";"0";"г Санкт-Петербург ул Краснопутиловская 86А";"0,0";"1,0";"2,0";"3,0";
"250,0";"13,05,2021";"Курортный";"400047185";"Столкновение";"";"0";"0";"п Комарово ш Приморское 460";"0,0";"1,0";"2,0";"2,0";
"251,0";"13,05,2021";"Калининский";"400047212";"Наезд на пешехода";"";"0";"0";"г Санкт-Петербург пр-кт Непокорённых 63а";"1,0";"0,0";"1,0";"2,0";
"252,0";"13,05,2021";"Адмиралтейский";"400047034";"Столкновение";"";"0";"0";"г Санкт-Петербург ул 4-я Красноармейская 12 11";"0,0";"1,0";"2,0";"3,0";
"253,0";"13,05,2021";"Калининский";"400047029";"Столкновение";"";"0";"0";"г Санкт-Петербург пр-кт Луначарского 90";"0,0";"1,0";"2,0";"3,0";
"254,0";"13,05,2021";"Пушкинский";"400047070";"Наезд на пешехода";"";"0";"0";"г Пушкин ул Конюшенная 30";"0,0";"1,0";"1,0";"2,0";
"255,0";"13,05,2021";"Калининский";"400047173";"Наезд на пешехода";"";"0";"0";"г Санкт-Петербург ул Ключевая 11";"0,0";"1,0";"1,0";"2,0";
"256,0";"13,05,2021";"Красносельский";"400047172";"Наезд на пешехода";"";"0";"0";"г Санкт-Петербург ш Петергофское ул,Адм,Трибуца";"0,0";"1,0";"2,0";"2,0";
"257,0";"13,05,2021";"Красногвардейский";"400047171";"Наезд на препятствие";"А-118 Кольцевая автомобильная дорога вокруг Санкт-Петербурга";"35";"500";"г Санкт-Петербург  ";"0,0";"1,0";"2,0";"1,0";
"258,0";"13,05,2021";"Невский";"400047149";"Наезд на пешехода";"";"0";"0";"г Санкт-Петербург ул Крыленко 1к1";"0,0";"1,0";"2,0";"2,0";
"259,0";"12,05,2021";"Кировский";"400046808";"Столкновение";"";"0";"0";"г Санкт-Петербург ул Лёни Голикова 35";"0,0";"1,0";"2,0";"2,0";
"260,0";"12,05,2021";"Калининский";"400046872";"Наезд на пешехода";"";"0";"0";"г Санкт-Петербург пр-кт Кондратьевский 72";"0,0";"1,0";"1,0";"2,0";
"261,0";"12,05,2021";"Петроградский";"400046665";"Опрокидывание";"";"0";"0";"г Санкт-Петербург пр-кт Каменноостровский 37";"0,0";"1,0";"1,0";"1,0";
"262,0";"12,05,2021";"Фрунзенский";"400046738";"Наезд на пешехода";"";"0";"0";"г Санкт-Петербург  ";"0,0";"1,0";"1,0";"2,0";
"263,0";"12,05,2021";"Московский";"400046795";"Наезд на велосипедиста";"";"0";"0";"г Санкт-Петербург ул Кубинская 18к2 литТ";"0,0";"1,0";"2,0";"2,0";
"264,0";"12,05,2021";"Красногвардейский";"400046876";"Столкновение";"";"0";"0";"г Санкт-Петербург ул Коммуны 50";"0,0";"1,0";"2,0";"2,0";
"265,0";"12,05,2021";"Адмиралтейский";"400046912";"Столкновение";"";"0";"0";"г Санкт-Петербург пл Труда 6";"0,0";"1,0";"2,0";"2,0";
"266,0";"12,05,2021";"Калининский";"400047362";"Наезд на пешехода";"";"0";"0";"г Санкт-Петербург  ";"0,0";"1,0";"1,0";"2,0";
"267,0";"12,05,2021";"Центральный";"400046475";"Съезд с дороги";"";"0";"0";"г Санкт-Петербург пер Кузнечный 3";"0,0";"4,0";"1,0";"5,0";
"268,0";"12,05,2021";"Московский";"400046585";"Столкновение";"";"0";"0";"г Санкт-Петербург пр-кт Дунайский 29кор2литА";"0,0";"1,0";"2,0";"3,0";
"269,0";"12,05,2021";"Красносельский";"400046818";"Столкновение";"А-118 Кольцевая автомобильная дорога вокруг Санкт-Петербурга";"78";"600";"г Санкт-Петербург  ";"0,0";"1,0";"2,0";"2,0";
"270,0";"12,05,2021";"Василеостровский";"400046582";"Наезд на пешехода";"";"0";"0";"г Санкт-Петербург ул Кораблестроителей 44 2";"0,0";"1,0";"1,0";"2,0";
"271,0";"12,05,2021";"Приморский";"400054000";"Наезд на пешехода";"";"0";"0";"г Санкт-Петербург  ";"0,0";"1,0";"1,0";"2,0";
"272,0";"12,05,2021";"Калининский";"400046736";"Наезд на пешехода";"";"0";"0";"г Санкт-Петербург ул Верности 6";"0,0";"1,0";"1,0";"2,0";
"273,0";"12,05,2021";"Калининский";"400046823";"Наезд на велосипедиста";"";"0";"0";"г Санкт-Петербург ул Политехническая 9";"0,0";"1,0";"2,0";"2,0";
"274,0";"12,05,2021";"Красносельский";"400046715";"Столкновение";"";"0";"0";"г Санкт-Петербург ш Петергофское А,Трибуца";"0,0";"3,0";"2,0";"5,0";
"275,0";"12,05,2021";"Василеостровский";"400046672";"Столкновение";"";"0";"0";"г Санкт-Петербург наб Макарова 2";"0,0";"1,0";"3,0";"3,0";
"276,0";"12,05,2021";"Курортный";"400046880";"Столкновение";"Западный скоростной диаметр";"41";"30";"г Санкт-Петербург  ";"0,0";"2,0";"2,0";"3,0";
"277,0";"12,05,2021";"Фрунзенский";"400046868";"Наезд на пешехода";"";"0";"0";"г Санкт-Петербург  ";"0,0";"1,0";"1,0";"2,0";
"278,0";"12,05,2021";"Приморский";"400046668";"Столкновение";"";"0";"0";"г Санкт-Петербург пр-кт Приморский 93";"0,0";"1,0";"5,0";"5,0";
"279,0";"11,05,2021";"Центральный";"400046278";"Наезд на пешехода";"";"0";"0";"г Санкт-Петербург пр-кт Невский 179д";"0,0";"1,0";"1,0";"2,0";
"280,0";"11,05,2021";"Петроградский";"400046311";"Столкновение";"";"0";"0";"г Санкт-Петербург пр-кт Большой П,С, 15";"0,0";"1,0";"3,0";"4,0";
"281,0";"11,05,2021";"Красногвардейский";"400046352";"Столкновение";"";"0";"0";"г Санкт-Петербург наб Свердловская 60";"0,0";"1,0";"5,0";"5,0";
"282,0";"11,05,2021";"Василеостровский";"400046281";"Столкновение";"";"0";"0";"г Санкт-Петербург наб Реки Смоленки 8";"0,0";"2,0";"2,0";"4,0";
"283,0";"11,05,2021";"Невский";"400046371";"Наезд на пешехода";"";"0";"0";"г Санкт-Петербург ул Крыленко 39";"0,0";"1,0";"1,0";"2,0";
"284,0";"11,05,2021";"Центральный";"400046312";"Наезд на стоящее ТС";"";"0";"0";"г Санкт-Петербург пр-кт Невский 158";"0,0";"1,0";"2,0";"2,0";
"285,0";"11,05,2021";"Центральный";"400046438";"Столкновение";"";"0";"0";"г Санкт-Петербург пр-кт Невский Лиговский пр";"0,0";"1,0";"2,0";"2,0";
"286,0";"11,05,2021";"Калининский";"400046507";"Столкновение";"";"0";"0";"г Санкт-Петербург наб Свердловская 14";"0,0";"1,0";"2,0";"2,0";
"287,0";"11,05,2021";"Кировский";"400046224";"Наезд на стоящее ТС";"Западный скоростной диаметр";"37";"800";"г Санкт-Петербург  ";"0,0";"4,0";"2,0";"6,0";
"288,0";"11,05,2021";"Красносельский";"400046215";"Наезд на пешехода";"";"0";"0";"г Санкт-Петербург  ";"0,0";"1,0";"1,0";"2,0";
"289,0";"11,05,2021";"Красногвардейский";"400046251";"Столкновение";"";"0";"0";"г Санкт-Петербург пр-кт Металлистов 20";"0,0";"1,0";"2,0";"3,0";
"290,0";"11,05,2021";"Красносельский";"400046335";"Наезд на пешехода";"";"0";"0";"г Санкт-Петербург  ";"0,0";"1,0";"1,0";"3,0";
"291,0";"11,05,2021";"Кронштадтский";"400046350";"Столкновение";"";"0";"0";"г Кронштадт ул Макаровская 1";"0,0";"1,0";"2,0";"2,0";
"292,0";"11,05,2021";"Адмиралтейский";"400046456";"Столкновение";"";"0";"0";"г Санкт-Петербург пр-кт Загородный 48";"0,0";"1,0";"2,0";"3,0";
"293,0";"11,05,2021";"Фрунзенский";"400046562";"Наезд на пешехода";"";"0";"0";"г Санкт-Петербург  ";"0,0";"1,0";"2,0";"2,0";
"294,0";"11,05,2021";"Выборгский";"400046414";"Наезд на пешехода";"";"0";"0";"г Санкт-Петербург пр-кт Энгельса 153 1";"0,0";"2,0";"1,0";"3,0";
"295,0";"11,05,2021";"Красногвардейский";"400046645";"Наезд на стоящее ТС";"";"0";"0";"г Санкт-Петербург пр-кт Малоохтинский 36";"0,0";"1,0";"2,0";"2,0";
"296,0";"11,05,2021";"Выборгский";"400046303";"Наезд на пешехода";"";"0";"0";"г Санкт-Петербург пр-кт Художников Поэтический бульвар";"0,0";"1,0";"2,0";"2,0";
"297,0";"11,05,2021";"Красногвардейский";"400046403";"Наезд на велосипедиста";"";"0";"0";"г Санкт-Петербург  ";"0,0";"1,0";"2,0";"2,0";
"298,0";"11,05,2021";"Колпинский";"400046714";"Падение пассажира";"";"0";"0";"г Колпино б-р Свободы 100м, до ул,Соборная";"0,0";"1,0";"1,0";"2,0";
"299,0";"11,05,2021";"Центральный";"400046150";"Наезд на пешехода";"";"0";"0";"г Санкт-Петербург наб Реки Фонтанки 68";"0,0";"1,0";"1,0";"2,0";
"300,0";"11,05,2021";"Центральный";"400046184";"Наезд на пешехода";"";"0";"0";"г Санкт-Петербург наб Канала Грибоедова 16";"0,0";"1,0";"1,0";"2,0";
"301,0";"11,05,2021";"Приморский";"400046194";"Наезд на велосипедиста";"";"0";"0";"г Санкт-Петербург  ";"0,0";"1,0";"3,0";"3,0";
"302,0";"10,05,2021";"Красногвардейский";"400045991";"Наезд на препятствие";"";"0";"0";"г Санкт-Петербург пр-кт Шафировский 17";"0,0";"1,0";"1,0";"1,0";
"303,0";"10,05,2021";"Колпинский";"400045973";"Столкновение";"";"0";"0";"г Колпино ш Вознесенское Первомайская ул";"0,0";"2,0";"3,0";"3,0";
"304,0";"10,05,2021";"Калининский";"400046060";"Наезд на стоящее ТС";"";"0";"0";"г Санкт-Петербург ул Ушинского 2к1";"0,0";"2,0";"3,0";"2,0";
"305,0";"10,05,2021";"Центральный";"400046124";"Наезд на пешехода";"";"0";"0";"г Санкт-Петербург ул Пестеля 17";"1,0";"0,0";"1,0";"2,0";
"306,0";"10,05,2021";"Красногвардейский";"400046112";"Столкновение";"";"0";"0";"г Санкт-Петербург пр-кт Шафировский 24";"0,0";"1,0";"2,0";"2,0";
"307,0";"10,05,2021";"Красногвардейский";"400045981";"Столкновение";"";"0";"0";"г Санкт-Петербург пр-кт Среднеохтинский 2а";"0,0";"2,0";"4,0";"5,0";
"308,0";"10,05,2021";"Выборгский";"400046128";"Наезд на пешехода";"";"0";"0";"г Санкт-Петербург ул Кантемировская 27";"0,0";"1,0";"1,0";"2,0";
"309,0";"10,05,2021";"Приморский";"400045984";"Столкновение";"";"0";"0";"г Санкт-Петербург пр-кт Королёва 5";"0,0";"1,0";"2,0";"3,0";
"310,0";"10,05,2021";"Красносельский";"400046173";"Наезд на велосипедиста";"";"0";"0";"г Санкт-Петербург ш Петергофское 96";"0,0";"1,0";"2,0";"2,0";
"311,0";"10,05,2021";"Выборгский";"400049968";"Наезд на велосипедиста";"";"0";"0";"п Парголово пр-кт Суздальский 2";"0,0";"1,0";"3,0";"2,0";
"312,0";"10,05,2021";"Фрунзенский";"400046071";"Столкновение";"";"0";"0";"г Санкт-Петербург наб Обводного канала 10 по Днепропетровск";"0,0";"1,0";"2,0";"3,0";
"313,0";"10,05,2021";"Василеостровский";"400046030";"Наезд на велосипедиста";"";"0";"0";"г Санкт-Петербург линия 24-я В,О, 25, стр, 1";"0,0";"1,0";"2,0";"2,0";
"314,0";"10,05,2021";"Центральный";"400045919";"Наезд на пешехода";"";"0";"0";"г Санкт-Петербург ул Моховая 47";"0,0";"1,0";"1,0";"2,0";
"315,0";"09,05,2021";"Пушкинский";"400045886";"Наезд на препятствие";"";"0";"0";"п Шушары ш Петербургское 31";"0,0";"1,0";"1,0";"1,0";
"316,0";"09,05,2021";"Василеостровский";"400045790";"Наезд на велосипедиста";"";"0";"0";"г Санкт-Петербург линия 17-я В,О, 70 12";"0,0";"1,0";"2,0";"2,0";
"317,0";"09,05,2021";"Центральный";"400045844";"Столкновение";"";"0";"0";"г Санкт-Петербург пр-кт Литейный 4";"0,0";"1,0";"2,0";"3,0";
"318,0";"09,05,2021";"Калининский";"400045881";"Столкновение";"";"0";"0";"г Санкт-Петербург пр-кт Светлановский 97";"0,0";"1,0";"2,0";"3,0";
"319,0";"09,05,2021";"Центральный";"400045831";"Наезд на пешехода";"";"0";"0";"г Санкт-Петербург мост Александра Невского ,";"1,0";"0,0";"1,0";"2,0";
"320,0";"09,05,2021";"Выборгский";"400045724";"Наезд на пешехода";"";"0";"0";"г Санкт-Петербург пр-кт Просвещения 45";"1,0";"2,0";"1,0";"3,0";
"321,0";"09,05,2021";"Центральный";"400045727";"Столкновение";"";"0";"0";"г Санкт-Петербург пр-кт Загородный 11";"0,0";"1,0";"2,0";"2,0";
"322,0";"09,05,2021";"Выборгский";"400045887";"Столкновение";"";"0";"0";"г Санкт-Петербург пер Институтский 1";"0,0";"1,0";"2,0";"2,0";
"323,0";"09,05,2021";"Красногвардейский";"400045879";"Наезд на пешехода";"";"0";"0";"г Санкт-Петербург  ";"0,0";"1,0";"1,0";"2,0";
"324,0";"09,05,2021";"Выборгский";"400045809";"Столкновение";"";"0";"0";"п Парголово ш Приозерское (Осиновая Роща) 10-1";"0,0";"1,0";"2,0";"3,0";
"325,0";"09,05,2021";"Петродворцовый";"400045869";"Падение пассажира";"";"0";"0";"г Петергоф пр-кт Санкт-Петербургский 2";"0,0";"1,0";"2,0";"3,0";
"326,0";"09,05,2021";"Выборгский";"400046108";"Наезд на пешехода";"";"0";"0";"г Санкт-Петербург ул Сикейроса 1";"0,0";"1,0";"1,0";"2,0";
"327,0";"09,05,2021";"Красногвардейский";"400045882";"Съезд с дороги";"";"0";"0";"г Санкт-Петербург ул Поперечная 15";"0,0";"3,0";"1,0";"3,0";
"328,0";"09,05,2021";"Московский";"400045763";"Столкновение";"";"0";"0";"г Санкт-Петербург ш Московское 44 лит,Е";"0,0";"1,0";"2,0";"3,0";
"329,0";"09,05,2021";"Петроградский";"400045796";"Наезд на пешехода";"";"0";"0";"г Санкт-Петербург пр-кт Большой П,С, 49 18";"0,0";"1,0";"1,0";"2,0";
"330,0";"08,05,2021";"Невский";"400045538";"Наезд на пешехода";"";"0";"0";"г Санкт-Петербург ул Седова 69";"0,0";"1,0";"1,0";"2,0";
"331,0";"08,05,2021";"Кировский";"400045646";"Наезд на пешехода";"";"0";"0";"г Санкт-Петербург пл Стачек 5";"0,0";"1,0";"1,0";"2,0";
"332,0";"08,05,2021";"Невский";"400045675";"Наезд на велосипедиста";"";"0";"0";"г Санкт-Петербург пр-кт Дальневосточный 6";"0,0";"1,0";"2,0";"2,0";
"333,0";"08,05,2021";"Пушкинский";"400045507";"Съезд с дороги";"";"0";"0";"п Шушары ш Ям-Ижорское 2,7км,до Московского";"1,0";"0,0";"1,0";"1,0";
"334,0";"08,05,2021";"Московский";"400045573";"Столкновение";"";"0";"0";"г Санкт-Петербург пр-кт Дунайский Московское ш,";"0,0";"1,0";"2,0";"3,0";
"335,0";"07,05,2021";"Фрунзенский";"400045296";"Столкновение";"";"0";"0";"г Санкт-Петербург ул Софийская 40 к 1";"0,0";"1,0";"2,0";"3,0";
"336,0";"07,05,2021";"Московский";"400045327";"Наезд на пешехода";"";"0";"0";"г Санкт-Петербург ул Благодатная 40";"0,0";"1,0";"1,0";"2,0";
"337,0";"07,05,2021";"Колпинский";"400045282";"Столкновение";"";"0";"0";"г Колпино пр-кт Заводской 4";"0,0";"1,0";"2,0";"3,0";
"338,0";"07,05,2021";"Красносельский";"400045465";"Наезд на препятствие";"";"0";"0";"г Санкт-Петербург пр-кт Кузнецова ул,Маршала Казакова";"0,0";"1,0";"1,0";"1,0";
"339,0";"07,05,2021";"Калининский";"400045180";"Наезд на пешехода";"";"0";"0";"г Санкт-Петербург  ";"0,0";"1,0";"2,0";"2,0";
"340,0";"07,05,2021";"Приморский";"400045429";"Наезд на пешехода";"";"0";"0";"г Санкт-Петербург ул Парашютная 56 корп,1";"0,0";"1,0";"1,0";"2,0";
"341,0";"07,05,2021";"Выборгский";"400045193";"Наезд на пешехода";"";"0";"0";"г Санкт-Петербург пр-кт Просвещения 34";"0,0";"1,0";"1,0";"2,0";
"342,0";"07,05,2021";"Выборгский";"400045463";"Наезд на стоящее ТС";"";"0";"0";"г Санкт-Петербург пр-кт Суздальский пр, Энгельса";"0,0";"1,0";"2,0";"1,0";
"343,0";"06,05,2021";"Выборгский";"400044859";"Наезд на препятствие";"А-118 Кольцевая автомобильная дорога вокруг Санкт-Петербурга";"10";"100";"г Санкт-Петербург  ";"0,0";"1,0";"2,0";"3,0";
"344,0";"06,05,2021";"Приморский";"400045082";"Наезд на пешехода";"";"0";"0";"г Санкт-Петербург пр-кт Испытателей 37";"0,0";"1,0";"1,0";"2,0";
"345,0";"06,05,2021";"Красногвардейский";"400044952";"Столкновение";"";"0";"0";"г Санкт-Петербург пр-кт Индустриальный 69";"0,0";"2,0";"2,0";"2,0";
"346,0";"06,05,2021";"Колпинский";"400045276";"Наезд на пешехода";"";"0";"0";"п Металлострой ул Максима Горького 2";"0,0";"1,0";"1,0";"2,0";
"347,0";"06,05,2021";"Невский";"400045068";"Наезд на пешехода";"";"0";"0";"г Санкт-Петербург  ";"0,0";"1,0";"1,0";"2,0";
"348,0";"06,05,2021";"Невский";"400044993";"Столкновение";"";"0";"0";"г Санкт-Петербург пр-кт Дальневосточный 1";"0,0";"1,0";"3,0";"4,0";
"349,0";"06,05,2021";"Пушкинский";"400044904";"Падение пассажира";"";"0";"0";"г Павловск ул Госпитальная 12";"0,0";"1,0";"1,0";"2,0";
"350,0";"06,05,2021";"Кировский";"400044969";"Падение пассажира";"";"0";"0";"г Санкт-Петербург пр-кт Ветеранов 87";"0,0";"1,0";"2,0";"3,0";
"351,0";"05,05,2021";"Пушкинский";"400044736";"Наезд на пешехода";"";"0";"0";"г Павловск ул Мичурина 1";"0,0";"1,0";"1,0";"2,0";
"352,0";"05,05,2021";"Калининский";"400044804";"Наезд на пешехода";"";"0";"0";"г Санкт-Петербург пр-кт Тихорецкий 25 кор, 1";"0,0";"1,0";"1,0";"2,0";
"353,0";"05,05,2021";"Пушкинский";"400044536";"Столкновение";"";"0";"0";"г Пушкин ш Петербургское ул, Генерала Хазова";"0,0";"1,0";"2,0";"3,0";
"354,0";"05,05,2021";"Выборгский";"400044803";"Наезд на пешехода";"";"0";"0";"г Санкт-Петербург пр-кт Лесной напротив, 13 8";"0,0";"1,0";"1,0";"2,0";
"355,0";"05,05,2021";"Московский";"400044709";"Наезд на пешехода";"";"0";"0";"г Санкт-Петербург ш Пулковское 21кор2";"0,0";"1,0";"1,0";"2,0";
"356,0";"05,05,2021";"Калининский";"400044644";"Столкновение";"";"0";"0";"г Санкт-Петербург пр-кт Кондратьевский 60";"0,0";"3,0";"2,0";"3,0";
"357,0";"05,05,2021";"Пушкинский";"400044625";"Столкновение";"";"0";"0";"г Пушкин ул Кедринская 6";"0,0";"1,0";"2,0";"3,0";
"358,0";"04,05,2021";"Выборгский";"400044307";"Столкновение";"";"0";"0";"г Санкт-Петербург пр-кт Художников Придорожная аллея";"0,0";"3,0";"3,0";"5,0";
"359,0";"04,05,2021";"Выборгский";"400044511";"Столкновение";"";"0";"0";"г Санкт-Петербург ул Композиторов 5 к,1 по ул,Хошимина";"0,0";"1,0";"3,0";"3,0";
"360,0";"04,05,2021";"Выборгский";"400044479";"Наезд на пешехода";"";"0";"0";"г Санкт-Петербург пр-кт Лесной 64";"0,0";"1,0";"1,0";"2,0";
"361,0";"04,05,2021";"Василеостровский";"400044230";"Наезд на стоящее ТС";"";"0";"0";"г Санкт-Петербург ул Кораблестроителей 37к1";"0,0";"1,0";"5,0";"1,0";
"362,0";"04,05,2021";"Петроградский";"400044184";"Столкновение";"";"0";"0";"г Санкт-Петербург пр-кт Каменноостровский 44";"0,0";"1,0";"2,0";"2,0";
"363,0";"04,05,2021";"Василеостровский";"400044242";"Столкновение";"";"0";"0";"г Санкт-Петербург наб Морская 19";"0,0";"1,0";"2,0";"3,0";
"364,0";"04,05,2021";"Красносельский";"400044370";"Столкновение";"А-118 Кольцевая автомобильная дорога вокруг Санкт-Петербурга";"77";"650";"г Санкт-Петербург  ";"0,0";"1,0";"3,0";"4,0";
"365,0";"04,05,2021";"Курортный";"400044349";"Столкновение";"";"0";"0";"п Белоостров ул Центральная 11";"0,0";"4,0";"2,0";"5,0";
"366,0";"04,05,2021";"Петроградский";"400044469";"Столкновение";"";"0";"0";"г Санкт-Петербург наб Ждановская 11";"0,0";"2,0";"2,0";"4,0";
"367,0";"04,05,2021";"Московский";"400044510";"Столкновение";"";"0";"0";"г Санкт-Петербург пр-кт Московский 153";"0,0";"1,0";"2,0";"3,0";
"368,0";"04,05,2021";"Центральный";"400044353";"Наезд на пешехода";"";"0";"0";"г Санкт-Петербург пр-кт Литейный 56";"0,0";"1,0";"1,0";"2,0";
"369,0";"04,05,2021";"Кировский";"400044257";"Наезд на пешехода";"";"0";"0";"г Санкт-Петербург ул Маршала Говорова 35";"0,0";"1,0";"1,0";"2,0";
"370,0";"04,05,2021";"Приморский";"400044467";"Наезд на пешехода";"";"0";"0";"г Санкт-Петербург пр-кт Королёва 42 к,1";"0,0";"1,0";"1,0";"2,0";
"371,0";"04,05,2021";"Выборгский";"400044369";"Столкновение";"";"0";"0";"г Санкт-Петербург пр-кт Просвещения ул, Руднева";"0,0";"1,0";"3,0";"3,0";
"372,0";"04,05,2021";"Кировский";"400044726";"Наезд на пешехода";"";"0";"0";"г Санкт-Петербург  ";"0,0";"1,0";"1,0";"2,0";
"373,0";"04,05,2021";"Центральный";"400044352";"Наезд на велосипедиста";"";"0";"0";"г Санкт-Петербург ул Радищева Басков пер";"0,0";"1,0";"2,0";"2,0";
"374,0";"04,05,2021";"Центральный";"400044280";"Наезд на пешехода";"";"0";"0";"г Санкт-Петербург ул Малая Морская 8";"0,0";"1,0";"1,0";"2,0";
"375,0";"04,05,2021";"Калининский";"400044454";"Столкновение";"";"0";"0";"г Санкт-Петербург пр-кт Кондратьевский 18 20";"0,0";"1,0";"3,0";"3,0";
"376,0";"03,05,2021";"Центральный";"400044148";"Наезд на пешехода";"";"0";"0";"г Санкт-Петербург пр-кт Невский 96";"0,0";"1,0";"1,0";"2,0";
"377,0";"03,05,2021";"Калининский";"400044175";"Наезд на пешехода";"";"0";"0";"г Санкт-Петербург пр-кт Маршала Блюхера 1А";"0,0";"1,0";"2,0";"3,0";
"378,0";"03,05,2021";"Пушкинский";"400044176";"Столкновение";"";"0";"0";"г Пушкин ш Кузьминское 66";"0,0";"1,0";"2,0";"3,0";
"379,0";"03,05,2021";"Фрунзенский";"400044139";"Столкновение";"";"0";"0";"г Санкт-Петербург ул Белградская 54 к 1";"0,0";"1,0";"2,0";"3,0";
"380,0";"03,05,2021";"Фрунзенский";"400044058";"Столкновение";"";"0";"0";"г Санкт-Петербург пр-кт Лиговский 193";"0,0";"1,0";"2,0";"2,0";
"381,0";"03,05,2021";"Выборгский";"400044114";"Наезд на пешехода";"";"0";"0";"г Санкт-Петербург ул Есенина 1";"0,0";"1,0";"1,0";"2,0";
"382,0";"03,05,2021";"Калининский";"400044082";"Наезд на пешехода";"";"0";"0";"г Санкт-Петербург  ";"0,0";"1,0";"1,0";"2,0";
"383,0";"03,05,2021";"Калининский";"400044550";"Наезд на пешехода";"";"0";"0";"г Санкт-Петербург пр-кт Гражданский пр, Луначарского";"0,0";"1,0";"1,0";"2,0";
"384,0";"03,05,2021";"Московский";"400044042";"Наезд на стоящее ТС";"А-118 Кольцевая автомобильная дорога вокруг Санкт-Петербурга";"66";"300";"г Санкт-Петербург  ";"0,0";"1,0";"2,0";"2,0";
"385,0";"02,05,2021";"Центральный";"400043918";"Опрокидывание";"";"0";"0";"г Санкт-Петербург ул Садовая 1";"0,0";"1,0";"1,0";"1,0";
"386,0";"02,05,2021";"Пушкинский";"400043959";"Наезд на пешехода";"";"0";"0";"г Пушкин ул Железнодорожная 16";"0,0";"1,0";"1,0";"2,0";
"387,0";"02,05,2021";"Курортный";"400043937";"Столкновение";"";"0";"0";"п Ушково ш Приморское 619";"0,0";"2,0";"2,0";"3,0";
"388,0";"02,05,2021";"Калининский";"400043885";"Столкновение";"";"0";"0";"г Санкт-Петербург ул Вавиловых 15к1";"0,0";"1,0";"2,0";"3,0";
"389,0";"02,05,2021";"Центральный";"400043854";"Столкновение";"";"0";"0";"г Санкт-Петербург пр-кт Суворовский 25";"0,0";"1,0";"2,0";"2,0";
"390,0";"02,05,2021";"Московский";"400043886";"Столкновение";"";"0";"0";"г Санкт-Петербург ул Краснопутиловская 96-121";"0,0";"3,0";"4,0";"5,0";
"391,0";"02,05,2021";"Красногвардейский";"400043882";"Столкновение";"";"0";"0";"г Санкт-Петербург ул Хасанская 17";"0,0";"1,0";"2,0";"2,0";
"392,0";"02,05,2021";"Калининский";"400043988";"Съезд с дороги";"";"0";"0";"г Санкт-Петербург пр-кт Луначарского 78";"0,0";"1,0";"1,0";"2,0";
"393,0";"02,05,2021";"Курортный";"400043833";"Столкновение";"А-118 Кольцевая автомобильная дорога вокруг Санкт-Петербурга";"7";"835";"г Санкт-Петербург  ";"0,0";"1,0";"2,0";"2,0";
"394,0";"01,05,2021";"Невский";"400043707";"Наезд на велосипедиста";"";"0";"0";"г Санкт-Петербург пр-кт Обуховской Обороны 86";"0,0";"1,0";"2,0";"2,0";
"395,0";"01,05,2021";"Центральный";"400043601";"Столкновение";"";"0";"0";"г Санкт-Петербург ул Садовая 17ул,Ломоносова";"0,0";"1,0";"2,0";"3,0";
"396,0";"01,05,2021";"Калининский";"400043773";"Столкновение";"";"0";"0";"г Санкт-Петербург дор Кушелевская 13 5";"0,0";"2,0";"2,0";"4,0";
"397,0";"01,05,2021";"Красногвардейский";"400043655";"Наезд на стоящее ТС";"";"0";"0";"г Санкт-Петербург пр-кт Индустриальный 10 1";"0,0";"4,0";"4,0";"5,0";
"398,0";"01,05,2021";"Калининский";"400043713";"Столкновение";"";"0";"0";"г Санкт-Петербург ул Веденеева 4 СВЕТЛАНОВСКИЙ";"0,0";"1,0";"3,0";"3,0";
"399,0";"01,05,2021";"Центральный";"400043579";"Столкновение";"";"0";"0";"г Санкт-Петербург пр-кт Невский Дегтярная ул";"0,0";"1,0";"2,0";"2,0";
"400,0";"01,05,2021";"Московский";"400043603";"Столкновение";"";"0";"0";"г Санкт-Петербург ул Краснопутиловская Варшавская ул,";"0,0";"1,0";"2,0";"3,0";
"401,0";"01,05,2021";"Фрунзенский";"400044040";"Столкновение";"";"0";"0";"г Санкт-Петербург ул Фучика 8";"0,0";"1,0";"2,0";"2,0";
"402,0";"01,05,2021";"Пушкинский";"400043553";"Наезд на препятствие";"";"0";"0";"г Пушкин ш Киевское 31км";"1,0";"0,0";"2,0";"1,0";
"403,0";"01,05,2021";"Красносельский";"400043841";"Столкновение";"";"0";"0";"г Санкт-Петербург пр-кт Ленина 98";"0,0";"1,0";"2,0";"2,0";
"404,0";"01,05,2021";"Центральный";"400043653";"Наезд на пешехода";"";"0";"0";"г Санкт-Петербург наб Реки Монастырки 1";"0,0";"1,0";"1,0";"2,0";
"405,0";"01,05,2021";"Пушкинский";"400043656";"Наезд на пешехода";"";"0";"0";"г Пушкин ул Дворцовая 23";"1,0";"0,0";"1,0";"2,0";
"406,0";"01,05,2021";"Выборгский";"400049986";"Столкновение";"";"0";"0";"г Санкт-Петербург пр-кт Энгельса 22";"0,0";"1,0";"2,0";"2,0";