"1,0";"28,02,2018";"Солнцево";"";"Столкновение";"";"0";"0";"г Москва ул Производственная 1";"0,0";"2,0";"2,0";"3,0";
"3,0";"28,02,2018";"Черемушки";"";"Столкновение";"";"0";"0";"г Москва ул Гарибальди 23";"0,0";"1,0";"2,0";"2,0";
"4,0";"28,02,2018";"Молжаниновский";"";"Столкновение";"М-10 Россия Москва - Тверь - Великий Новгород - Санкт-Петербург (основное направление)";"1";"0";"г Москва ш Международное 1";"1,0";"1,0";"3,0";"3,0";
"5,0";"28,02,2018";"Гагаринский";"";"Наезд на пешехода";"";"0";"0";"г Москва пр-кт Ленинский 77";"1,0";"0,0";"1,0";"2,0";
"6,0";"28,02,2018";"Хорошевский";"";"Наезд на пешехода";"М-10 Россия Москва - Тверь - Великий Новгород - Санкт-Петербург (основное направление)";"9";"0";"г Москва пр-кт Ленинградский 37";"0,0";"1,0";"1,0";"2,0";
"7,0";"28,02,2018";"Ярославский";"";"Наезд на пешехода";"";"0";"0";"г Москва ул Ротерта 17";"0,0";"1,0";"1,0";"2,0";
"8,0";"28,02,2018";"Мещанский";"";"Наезд на пешехода";"";"0";"0";"г Москва пр-кт Олимпийский 10к1";"0,0";"1,0";"1,0";"2,0";
"9,0";"28,02,2018";"Москворечье-Сабурово";"";"Столкновение";"";"0";"0";"г Москва пер Котляковский 1-й д, 1, стр 6";"0,0";"1,0";"2,0";"2,0";
"10,0";"28,02,2018";"Головинский";"";"Столкновение";"";"0";"0";"г Москва б-р Кронштадтский 31";"0,0";"1,0";"2,0";"3,0";
"11,0";"28,02,2018";"Печатники";"";"Столкновение";"";"0";"0";"г Москва ул Шоссейная 4";"0,0";"1,0";"2,0";"2,0";
"12,0";"28,02,2018";"Строгино";"";"Наезд на пешехода";"";"0";"0";"г Москва ул Кулакова 20";"0,0";"1,0";"1,0";"2,0";
"13,0";"28,02,2018";"Западное Дегунино";"";"Столкновение";"";"0";"0";"г Москва ш Коровинское 3А";"0,0";"1,0";"3,0";"4,0";
"14,0";"28,02,2018";"Отрадное";"";"Наезд на пешехода";"";"0";"0";"г Москва проезд Сигнальный 9г";"0,0";"1,0";"1,0";"2,0";
"15,0";"28,02,2018";"Митино";"";"Столкновение";"";"0";"0";"г Москва ул Дубравная 46";"0,0";"1,0";"2,0";"3,0";
"16,0";"28,02,2018";"Хамовники";"";"Наезд на пешехода";"";"0";"0";"г Москва  ";"0,0";"1,0";"1,0";"2,0";
"17,0";"28,02,2018";"Западное Дегунино";"";"Наезд на пешехода";"";"0";"0";"г Москва  ";"0,0";"1,0";"1,0";"2,0";
"18,0";"28,02,2018";"Строгино";"";"Наезд на пешехода";"";"0";"0";"г Москва ул Исаковского 28";"0,0";"2,0";"1,0";"3,0";
"19,0";"28,02,2018";"Чертаново Южное";"";"Столкновение";"Московская кольцевая автомобильная дорога (МКАД) внешняя сторона";"32";"0";"г Москва км МКАД 32-й 0";"0,0";"1,0";"2,0";"3,0";
"20,0";"28,02,2018";"Печатники";"";"Столкновение";"";"0";"0";"г Москва ул Полбина 4";"0,0";"1,0";"2,0";"2,0";
"21,0";"28,02,2018";"Северное Тушино";"";"Падение пассажира";"";"0";"0";"г Москва б-р Яна Райниса 6";"0,0";"1,0";"1,0";"2,0";
"22,0";"28,02,2018";"Марушкинское";"";"Столкновение";"";"0";"0";"  ";"0,0";"1,0";"2,0";"2,0";
"23,0";"28,02,2018";"Тимирязевский";"";"Падение пассажира";"";"0";"0";"г Москва ул Линии Октябрьской Железной Дороги 1 строение 1";"0,0";"1,0";"1,0";"2,0";
"24,0";"27,02,2018";"Даниловский";"";"Наезд на пешехода";"";"0";"0";"г Москва ул Серпуховский Вал 18 22";"0,0";"1,0";"1,0";"2,0";
"25,0";"27,02,2018";"Кунцево";"";"Наезд на стоящее ТС";"Московская кольцевая автомобильная дорога (МКАД) внешняя сторона";"56";"0";"г Москва  ";"0,0";"1,0";"2,0";"2,0";
"26,0";"27,02,2018";"Текстильщики";"";"Столкновение";"";"0";"0";"г Москва б-р Волжский 50 26";"0,0";"1,0";"2,0";"2,0";
"27,0";"27,02,2018";"Очаково-Матвеевское";"";"Столкновение";"Московская кольцевая автомобильная дорога (МКАД) внутренняя сторона";"51";"0";"п Матвеевское  ";"0,0";"1,0";"3,0";"3,0";
"28,0";"27,02,2018";"Чертаново Северное";"";"Наезд на пешехода";"";"0";"0";"г Москва ш Варшавское 125 СТР37";"1,0";"0,0";"1,0";"2,0";
"29,0";"27,02,2018";"Бабушкинский";"";"Столкновение";"";"0";"0";"г Москва ул Лётчика Бабушкина 2а";"0,0";"3,0";"2,0";"4,0";
"30,0";"27,02,2018";"Братеево";"";"Наезд на стоящее ТС";"Московская кольцевая автомобильная дорога (МКАД) внешняя сторона";"19";"0";"г Москва км МКАД 19-й 0";"0,0";"1,0";"3,0";"2,0";
"31,0";"27,02,2018";"Западное Дегунино";"";"Столкновение";"";"0";"0";"г Москва ш Коровинское 21 корпус 1";"0,0";"1,0";"2,0";"2,0";
"32,0";"27,02,2018";"Люблино";"";"Наезд на пешехода";"";"0";"0";"г Москва ул Люблинская 133";"0,0";"1,0";"1,0";"2,0";
"33,0";"27,02,2018";"Мещанский";"";"Наезд на пешехода";"";"0";"0";"г Москва пер Сергиевский Б, 17";"0,0";"1,0";"1,0";"2,0";
"34,0";"27,02,2018";"Митино";"";"Столкновение";"";"0";"0";"г Москва ул Митинская 14";"0,0";"1,0";"2,0";"3,0";
"35,0";"27,02,2018";"Куркино";"";"Наезд на пешехода";"";"0";"0";"г Москва  ";"0,0";"1,0";"1,0";"2,0";
"36,0";"27,02,2018";"Северное Измайлово";"";"Наезд на пешехода";"";"0";"0";"г Москва ш Щёлковское 56 72";"0,0";"1,0";"1,0";"2,0";
"37,0";"27,02,2018";"Бирюлево Западное";"";"Наезд на пешехода";"";"0";"0";"г Москва проезд Востряковский 25 К1";"0,0";"1,0";"1,0";"2,0";
"38,0";"27,02,2018";"Люблино";"";"Наезд на пешехода";"";"0";"0";"г Москва ул Ставропольская 28";"0,0";"1,0";"1,0";"2,0";
"39,0";"27,02,2018";"Чертаново Южное";"";"Столкновение";"";"0";"0";"г Москва ул Кировоградская 23";"0,0";"1,0";"2,0";"2,0";
"40,0";"27,02,2018";"Соколиная гора";"";"Столкновение";"";"0";"0";"г Москва ш Энтузиастов 31";"0,0";"1,0";"2,0";"3,0";
"41,0";"27,02,2018";"Сосенское";"";"Столкновение";"";"0";"0";"  ";"0,0";"1,0";"2,0";"3,0";
"42,0";"27,02,2018";"Бабушкинский";"";"Столкновение";"";"0";"0";"г Москва ул Лётчика Бабушкина 31";"0,0";"1,0";"2,0";"2,0";
"43,0";"27,02,2018";"Ясенево";"";"Наезд на пешехода";"";"0";"0";"г Москва ул Голубинская 32 2";"0,0";"1,0";"1,0";"2,0";
"44,0";"27,02,2018";"Таганский";"";"Столкновение";"";"0";"0";"г Москва ул Земляной Вал 46";"0,0";"1,0";"3,0";"3,0";
"45,0";"27,02,2018";"Бибирево";"";"Столкновение";"";"0";"0";"г Москва ул Плещеева 2А";"0,0";"1,0";"2,0";"2,0";
"46,0";"27,02,2018";"Нагорный";"";"Столкновение";"";"0";"0";"г Москва ш Варшавское 75";"0,0";"1,0";"2,0";"2,0";
"47,0";"27,02,2018";"ГУ МВД 2 СП ДПС 2 бат,";"";"Наезд на пешехода";"М-10 Россия Москва - Тверь - Великий Новгород - Санкт-Петербург (основное направление)";"22";"0";"г Москва ш Ленинградское 22 км,";"1,0";"0,0";"1,0";"2,0";
"48,0";"27,02,2018";"Северное Медведково";"";"Столкновение";"";"0";"0";"г Москва ул Широкая 14";"0,0";"1,0";"2,0";"2,0";
"49,0";"27,02,2018";"Кунцево";"";"Наезд на лицо, не являющееся участником дорожного движения, осуществляющее производство работ";"";"0";"0";"г Москва ул Боженко 5 корп, 1";"0,0";"1,0";"1,0";"2,0";
"50,0";"27,02,2018";"Орехово-Борисово Южное";"";"Столкновение";"";"0";"0";"г Москва б-р Ореховый 13";"0,0";"1,0";"2,0";"3,0";
"51,0";"27,02,2018";"Кунцево";"";"Наезд на препятствие";"";"0";"0";"г Москва ш Рублевское 75";"0,0";"2,0";"1,0";"2,0";
"52,0";"27,02,2018";"Западное Дегунино";"";"Столкновение";"";"0";"0";"г Москва ш Дмитровское 64 корп, 6";"0,0";"1,0";"2,0";"3,0";
"53,0";"27,02,2018";"Бирюлево Восточное";"";"Наезд на пешехода";"";"0";"0";"г Москва ул Липецкая 40";"1,0";"0,0";"1,0";"2,0";
"54,0";"27,02,2018";"Орехово-Борисово Северное";"";"Столкновение";"";"0";"0";"г Москва ш Каширское 61 К2";"0,0";"2,0";"2,0";"2,0";
"55,0";"26,02,2018";"Северное Тушино";"";"Столкновение";"Московская кольцевая автомобильная дорога (МКАД) внешняя сторона";"74";"0";"г Москва  ";"0,0";"1,0";"2,0";"2,0";
"56,0";"26,02,2018";"Марьино";"";"Наезд на пешехода";"";"0";"0";"г Москва ул Перерва 1 СТР 1";"0,0";"1,0";"1,0";"2,0";
"57,0";"26,02,2018";"Тропарево-Никулино";"";"Наезд на пешехода";"";"0";"0";"г Москва пр-кт Вернадского 86";"0,0";"1,0";"1,0";"2,0";
"58,0";"26,02,2018";"Новокосино";"";"Наезд на пешехода";"";"0";"0";"г Москва ул Николая Старостина 8";"0,0";"1,0";"1,0";"2,0";
"59,0";"26,02,2018";"Савеловский";"";"Наезд на стоящее ТС";"";"0";"0";"г Москва ул Бутырская 17";"0,0";"1,0";"3,0";"3,0";
"60,0";"26,02,2018";"Измайлово";"";"Падение пассажира";"";"0";"0";"г Москва ул Первомайская 58Б";"0,0";"1,0";"1,0";"2,0";
"61,0";"26,02,2018";"Коньково";"";"Наезд на препятствие";"";"0";"0";"г Москва ул Академика Капицы 20";"0,0";"1,0";"1,0";"1,0";
"62,0";"26,02,2018";"Отрадное";"";"Наезд на пешехода";"";"0";"0";"г Москва ул Пестеля 2";"0,0";"1,0";"1,0";"2,0";
"63,0";"26,02,2018";"Тверской";"";"Наезд на пешехода";"";"0";"0";"г Москва ул Новослободская 5 стр 1";"0,0";"1,0";"1,0";"2,0";
"64,0";"26,02,2018";"Тимирязевский";"";"Наезд на пешехода";"";"0";"0";"г Москва ш Дмитровское 65";"0,0";"1,0";"2,0";"3,0";
"65,0";"26,02,2018";"Беговой";"";"Столкновение";"М-10 Россия Москва - Тверь - Великий Новгород - Санкт-Петербург (основное направление)";"5";"0";"г Москва пр-кт Ленинградский 14";"0,0";"2,0";"4,0";"5,0";
"66,0";"26,02,2018";"Сокол";"";"Наезд на пешехода";"";"0";"0";"г Москва ул Алабяна 10к2";"0,0";"1,0";"1,0";"2,0";
"67,0";"26,02,2018";"Бибирево";"";"Наезд на стоящее ТС";"Московская кольцевая автомобильная дорога (МКАД) внешняя сторона";"86";"500";"г Москва  ";"0,0";"1,0";"2,0";"2,0";
"68,0";"26,02,2018";"Очаково-Матвеевское";"";"Наезд на пешехода";"";"0";"0";"п Матвеевское ш Аминьевское 11";"0,0";"1,0";"1,0";"2,0";
"69,0";"26,02,2018";"Соколиная гора";"";"Наезд на пешехода";"";"0";"0";"г Москва ул Буракова 2";"0,0";"1,0";"1,0";"2,0";
"70,0";"26,02,2018";"Хамовники";"";"Наезд на пешехода";"";"0";"0";"г Москва ул Доватора 13";"0,0";"1,0";"1,0";"2,0";
"71,0";"26,02,2018";"Московский";"";"Столкновение";"М-3 Украина Москва - Калуга - Брянск - граница с Украиной (основное направление)";"26";"900";"  ";"0,0";"1,0";"2,0";"3,0";
"72,0";"26,02,2018";"Обручевский";"";"Наезд на пешехода";"";"0";"0";"г Москва ул Архитектора Власова 20";"0,0";"1,0";"1,0";"2,0";
"73,0";"26,02,2018";"Бибирево";"";"Столкновение";"Московская кольцевая автомобильная дорога (МКАД) внутренняя сторона";"85";"0";"г Москва  ";"0,0";"1,0";"2,0";"2,0";
"74,0";"26,02,2018";"Московский";"";"Наезд на пешехода";"М-3 Украина Москва - Калуга - Брянск - граница с Украиной (основное направление)";"19";"0";"  ";"0,0";"1,0";"1,0";"2,0";
"75,0";"26,02,2018";"Гагаринский";"";"Наезд на пешехода";"";"0";"0";"г Москва пр-кт Ленинский 68 10";"0,0";"1,0";"1,0";"2,0";
"76,0";"26,02,2018";"Западное Дегунино";"";"Столкновение";"Московская кольцевая автомобильная дорога (МКАД) внешняя сторона";"78";"0";"г Москва  ";"0,0";"1,0";"2,0";"2,0";
"77,0";"26,02,2018";"ГУ МВД 2 СП ДПС 2 бат,";"";"Наезд на пешехода";"А-106 Рублево-Успенское шоссе";"10";"0";"г Москва  ";"0,0";"1,0";"1,0";"2,0";
"78,0";"26,02,2018";"Войковский";"";"Столкновение";"М-10 Россия Москва - Тверь - Великий Новгород - Санкт-Петербург (основное направление)";"11";"0";"г Москва ш Ленинградское 5";"0,0";"1,0";"2,0";"2,0";
"79,0";"25,02,2018";"Академический";"";"Столкновение";"";"0";"0";"г Москва пр-кт 60-летия Октября Дмитрия Ульянова";"0,0";"3,0";"2,0";"3,0";
"80,0";"25,02,2018";"Хорошевский";"";"Наезд на стоящее ТС";"М-10 Россия Москва - Тверь - Великий Новгород - Санкт-Петербург (основное направление)";"9";"0";"г Москва пр-кт Ленинградский 39";"0,0";"1,0";"2,0";"2,0";
"81,0";"25,02,2018";"Выхино-Жулебино";"";"Столкновение";"Московская кольцевая автомобильная дорога (МКАД) внутренняя сторона";"10";"0";"г Москва км МКАД 10-й 0";"0,0";"1,0";"3,0";"3,0";
"82,0";"25,02,2018";"Западное Дегунино";"";"Наезд на пешехода";"";"0";"0";"г Москва ш Коровинское 21 корпус 1";"0,0";"1,0";"1,0";"2,0";
"83,0";"25,02,2018";"Косино-Ухтомский";"";"Столкновение";"";"0";"0";"п Ухтомский ш Косинское ул, Лухмановская";"0,0";"1,0";"4,0";"4,0";
"84,0";"25,02,2018";"Котловка";"";"Столкновение";"";"0";"0";"г Москва пр-кт Севастопольский 5-й Загородный проез";"0,0";"4,0";"3,0";"4,0";
"85,0";"25,02,2018";"Пресненский";"";"Столкновение";"";"0";"0";"г Москва наб Краснопресненская 2 1";"0,0";"1,0";"2,0";"2,0";
"86,0";"25,02,2018";"Царицыно";"";"Наезд на пешехода";"";"0";"0";"г Москва ул Кантемировская 47";"0,0";"1,0";"1,0";"2,0";
"87,0";"25,02,2018";"Молжаниновский";"";"Наезд на пешехода";"";"0";"0";"г Москва ул Синявинская 11 корпус 16";"0,0";"1,0";"1,0";"2,0";
"88,0";"25,02,2018";"Косино-Ухтомский";"";"Наезд на пешехода";"";"0";"0";"п Ухтомский ул Салтыковская вл4";"0,0";"1,0";"1,0";"2,0";
"89,0";"25,02,2018";"Бирюлево Западное";"";"Наезд на пешехода";"";"0";"0";"г Москва проезд Харьковский 11 К2";"0,0";"1,0";"1,0";"2,0";
"90,0";"25,02,2018";"Десёновское";"";"Наезд на препятствие";"А-130 Москва - Малоярославец - Рославль - граница с Республикой Белоруссия (основное направление)";"35";"500";"  ";"0,0";"1,0";"1,0";"1,0";
"91,0";"24,02,2018";"Ивановское";"";"Столкновение";"";"0";"0";"г Москва проезд Купавенский Б, 4";"0,0";"2,0";"2,0";"2,0";
"92,0";"24,02,2018";"Бирюлево Восточное";"";"Столкновение";"";"0";"0";"г Москва ул Липецкая 23";"0,0";"3,0";"3,0";"5,0";
"93,0";"24,02,2018";"Донской";"";"Столкновение";"";"0";"0";"г Москва ш Варшавское 16";"0,0";"1,0";"2,0";"3,0";
"94,0";"24,02,2018";"Савеловский";"";"Наезд на пешехода";"";"0";"0";"г Москва ул Масловка В, 4";"0,0";"1,0";"1,0";"2,0";
"95,0";"24,02,2018";"Отрадное";"";"Наезд на пешехода";"";"0";"0";"г Москва ул Бестужевых 6";"0,0";"2,0";"1,0";"2,0";
"96,0";"24,02,2018";"Нагорный";"";"Наезд на пешехода";"";"0";"0";"г Москва ш Варшавское 87Б";"0,0";"1,0";"1,0";"2,0";
"97,0";"24,02,2018";"Бабушкинский";"";"Наезд на пешехода";"";"0";"0";"г Москва ул Енисейская 17 к,1";"0,0";"1,0";"1,0";"2,0";
"98,0";"24,02,2018";"Бибирево";"";"Наезд на пешехода";"";"0";"0";"г Москва ул Корнейчука 37б";"0,0";"1,0";"1,0";"2,0";
"99,0";"24,02,2018";"Перово";"";"Столкновение";"";"0";"0";"г Москва ш Энтузиастов 56";"0,0";"1,0";"3,0";"3,0";
"100,0";"24,02,2018";"Северное Медведково";"";"Столкновение";"";"0";"0";"г Москва ул Осташковская 28";"0,0";"1,0";"4,0";"5,0";
"101,0";"24,02,2018";"Тропарево-Никулино";"";"Столкновение";"";"0";"0";"г Москва пр-кт Мичуринский 68";"0,0";"1,0";"2,0";"3,0";
"102,0";"24,02,2018";"Даниловский";"";"Столкновение";"";"0";"0";"г Москва ул Симоновский Вал ВЛД 28";"0,0";"1,0";"2,0";"3,0";
"103,0";"24,02,2018";"Отрадное";"";"Столкновение";"";"0";"0";"г Москва ш Алтуфьевское 32";"0,0";"1,0";"2,0";"2,0";
"104,0";"24,02,2018";"Якиманка";"";"Наезд на пешехода";"";"0";"0";"г Москва пер Спасоналивковский 1-й 2";"0,0";"1,0";"1,0";"2,0";
"105,0";"24,02,2018";"Фили-Давыдково";"";"Столкновение";"";"0";"0";"г Москва ш Рублевское 2";"0,0";"1,0";"3,0";"3,0";
"106,0";"24,02,2018";"Головинский";"";"Наезд на пешехода";"";"0";"0";"г Москва ул Онежская 19";"0,0";"1,0";"1,0";"2,0";
"107,0";"24,02,2018";"Крюково";"";"Наезд на пешехода";"";"0";"0";"г Зеленоград ул Каменка 2013";"0,0";"1,0";"1,0";"2,0";
"108,0";"24,02,2018";"Капотня";"";"Наезд на стоящее ТС";"Московская кольцевая автомобильная дорога (МКАД) внутренняя сторона";"17";"400";"г Москва км МКАД 18-й 0";"0,0";"1,0";"2,0";"2,0";
"109,0";"24,02,2018";"Чертаново Северное";"";"Падение пассажира";"";"0";"0";"г Москва пр-кт Балаклавский 5А";"0,0";"1,0";"1,0";"2,0";
"110,0";"24,02,2018";"Кузьминки";"";"Столкновение";"";"0";"0";"г Москва пр-кт Волгоградский 104";"0,0";"1,0";"2,0";"3,0";
"111,0";"24,02,2018";"Косино-Ухтомский";"";"Наезд на препятствие";"";"0";"0";"п Ухтомский ул Руднёвка 1";"0,0";"1,0";"1,0";"1,0";
"112,0";"23,02,2018";"Обручевский";"";"Наезд на пешехода";"";"0";"0";"г Москва  ";"0,0";"1,0";"1,0";"2,0";
"113,0";"23,02,2018";"Савёлки";"";"Столкновение";"";"0";"0";"г Зеленоград проезд 4807-й 2";"0,0";"2,0";"2,0";"3,0";
"114,0";"23,02,2018";"Можайский";"";"Наезд на пешехода";"";"0";"0";"г Москва ш Сколковское 8";"0,0";"1,0";"1,0";"2,0";
"115,0";"23,02,2018";"Гольяново";"";"Наезд на пешехода";"";"0";"0";"г Москва ул Уральская 12";"0,0";"1,0";"1,0";"2,0";
"116,0";"23,02,2018";"Новогиреево";"";"Столкновение";"";"0";"0";"г Москва ул Вешняковская МГО№4";"0,0";"3,0";"2,0";"4,0";
"117,0";"23,02,2018";"Тверской";"";"Наезд на стоящее ТС";"М-10 Россия Москва - Тверь - Великий Новгород - Санкт-Петербург (основное направление)";"1";"0";"г Москва ул Тверская 5";"0,0";"2,0";"2,0";"2,0";
"118,0";"23,02,2018";"Печатники";"";"Наезд на пешехода";"";"0";"0";"г Москва ул Шоссейная 2Б";"0,0";"1,0";"1,0";"2,0";
"119,0";"23,02,2018";"Внуковское";"";"Столкновение";"";"0";"0";"  ";"0,0";"1,0";"2,0";"3,0";
"120,0";"23,02,2018";"Басманный";"";"Наезд на пешехода";"";"0";"0";"г Москва пер Сусальный Верхн, 4 6с4";"0,0";"1,0";"1,0";"2,0";
"121,0";"23,02,2018";"Чертаново Южное";"";"Наезд на стоящее ТС";"Московская кольцевая автомобильная дорога (МКАД) внутренняя сторона";"31";"800";"г Москва км МКАД 32-й 0";"0,0";"1,0";"2,0";"3,0";
"122,0";"23,02,2018";"Северное Тушино";"";"Падение пассажира";"";"0";"0";"г Москва ул Вилиса Лациса 13-1";"0,0";"1,0";"1,0";"2,0";
"123,0";"23,02,2018";"Дорогомилово";"";"Наезд на стоящее ТС";"Третье транспортное кольцо (внешняя сторона)";"8";"0";"г Москва пр-кт Кутузовский МГО785";"0,0";"3,0";"2,0";"5,0";
"124,0";"23,02,2018";"Троицк";"";"Столкновение";"";"0";"0";"г Троицк ул Полковника милиции Курочкина 1";"0,0";"1,0";"2,0";"2,0";
"125,0";"23,02,2018";"Западное Дегунино";"";"Столкновение";"";"0";"0";"г Москва ш Дмитровское 85";"0,0";"1,0";"2,0";"3,0";
"126,0";"23,02,2018";"Хорошевский";"";"Столкновение";"";"0";"0";"г Москва ул Магистральная 1-я 18";"0,0";"1,0";"2,0";"2,0";
"127,0";"23,02,2018";"Киевский";"";"Столкновение";"М-3 Украина Москва - Калуга - Брянск - граница с Украиной (основное направление)";"64";"0";"  ";"0,0";"1,0";"2,0";"2,0";
"128,0";"23,02,2018";"Дорогомилово";"";"Наезд на пешехода";"";"0";"0";"г Москва пр-кт Кутузовский 35";"0,0";"1,0";"1,0";"2,0";
"129,0";"23,02,2018";"Москворечье-Сабурово";"";"Столкновение";"";"0";"0";"г Москва ш Каширское 80Г";"0,0";"1,0";"2,0";"3,0";
"130,0";"23,02,2018";"Раменки";"";"Столкновение";"";"0";"0";"г Москва пр-кт Мичуринский 6 к,1";"0,0";"1,0";"2,0";"2,0";
"131,0";"23,02,2018";"Люблино";"";"Наезд на пешехода";"Московская кольцевая автомобильная дорога (МКАД) внутренняя сторона";"13";"800";"г Москва  ";"0,0";"1,0";"1,0";"2,0";
"132,0";"23,02,2018";"Покровское-Стрешнево";"";"Столкновение";"";"0";"0";"г Москва ш Волоколамское 95";"0,0";"1,0";"2,0";"3,0";
"133,0";"23,02,2018";"Марьино";"";"Наезд на пешехода";"";"0";"0";"г Москва ул Белореченская 39";"0,0";"2,0";"1,0";"3,0";
"134,0";"22,02,2018";"Богородское";"";"Наезд на пешехода";"";"0";"0";"г Москва ш Открытое 1";"0,0";"1,0";"1,0";"2,0";
"135,0";"22,02,2018";"Нагорный";"";"Столкновение";"";"0";"0";"г Москва ш Варшавское 56";"0,0";"1,0";"3,0";"3,0";
"136,0";"22,02,2018";"Чертаново Центральное";"";"Столкновение";"";"0";"0";"г Москва проезд Днепропетровский 4А";"0,0";"3,0";"2,0";"5,0";
"137,0";"22,02,2018";"Хорошево-Мневники";"";"Столкновение";"";"0";"0";"г Москва ул Народного Ополчения 34";"0,0";"2,0";"2,0";"3,0";
"138,0";"22,02,2018";"Чертаново Северное";"";"Столкновение";"";"0";"0";"г Москва ш Варшавское 118 К1";"0,0";"1,0";"3,0";"3,0";
"139,0";"22,02,2018";"Южное Бутово";"";"Наезд на пешехода";"";"0";"0";"г Москва ул Адмирала Лазарева 52";"0,0";"1,0";"1,0";"2,0";
"140,0";"22,02,2018";"Нагатино-Садовники";"";"Падение пассажира";"";"0";"0";"г Москва ш Варшавское 39";"0,0";"1,0";"1,0";"2,0";
"141,0";"22,02,2018";"Нагатинский затон";"";"Столкновение";"";"0";"0";"г Москва ул Затонная 14 К1";"0,0";"3,0";"2,0";"3,0";
"142,0";"22,02,2018";"Московский";"";"Столкновение";"М-3 Украина Москва - Калуга - Брянск - граница с Украиной (основное направление)";"18";"150";"  ";"0,0";"1,0";"2,0";"3,0";
"143,0";"22,02,2018";"Тропарево-Никулино";"";"Наезд на стоящее ТС";"Московская кольцевая автомобильная дорога (МКАД) внутренняя сторона";"46";"200";"г Москва  ";"0,0";"1,0";"3,0";"3,0";
"144,0";"22,02,2018";"Бутырский";"";"Наезд на пешехода";"";"0";"0";"г Москва ул Добролюбова 6";"0,0";"1,0";"1,0";"2,0";
"145,0";"22,02,2018";"Дорогомилово";"";"Наезд на пешехода";"";"0";"0";"г Москва пр-кт Кутузовский 35";"1,0";"0,0";"1,0";"2,0";
"146,0";"22,02,2018";"Мещанский";"";"Наезд на пешехода";"";"0";"0";"г Москва ул Переяславская Б, 6";"0,0";"1,0";"1,0";"2,0";
"147,0";"22,02,2018";"Хорошево-Мневники";"";"Наезд на пешехода";"";"0";"0";"г Москва пр-кт Маршала Жукова 38";"0,0";"1,0";"1,0";"2,0";
"148,0";"22,02,2018";"Восточное Дегунино";"";"Наезд на пешехода";"";"0";"0";"г Москва ул Дубнинская 71 кор,1";"0,0";"1,0";"1,0";"2,0";
"149,0";"22,02,2018";"Головинский";"";"Столкновение";"";"0";"0";"г Москва ул Флотская 2";"0,0";"1,0";"2,0";"2,0";
"150,0";"22,02,2018";"Ново-Переделкино";"";"Падение пассажира";"";"0";"0";"г Москва ш Боровское 19";"0,0";"1,0";"1,0";"2,0";
"151,0";"22,02,2018";"Бибирево";"";"Наезд на стоящее ТС";"Московская кольцевая автомобильная дорога (МКАД) внутренняя сторона";"85";"0";"г Москва  ";"0,0";"1,0";"2,0";"2,0";
"152,0";"22,02,2018";"Марьина роща";"";"Наезд на пешехода";"";"0";"0";"г Москва ул Тихвинская 17 стр,1";"0,0";"1,0";"1,0";"2,0";
"153,0";"22,02,2018";"Фили-Давыдково";"";"Столкновение";"";"0";"0";"г Москва ул Минская 12";"0,0";"2,0";"2,0";"2,0";
"154,0";"22,02,2018";"Коньково";"";"Наезд на пешехода";"";"0";"0";"г Москва  ";"0,0";"1,0";"1,0";"2,0";
"155,0";"22,02,2018";"Кузьминки";"";"Наезд на пешехода";"";"0";"0";"г Москва ул Маршала Чуйкова 4";"0,0";"1,0";"1,0";"2,0";
"156,0";"21,02,2018";"Перово";"";"Столкновение";"";"0";"0";"г Москва ш Энтузиастов 33а";"0,0";"1,0";"2,0";"3,0";
"157,0";"21,02,2018";"Можайский";"";"Наезд на пешехода";"";"0";"0";"г Москва ул Красных Зорь 19";"0,0";"1,0";"1,0";"2,0";
"158,0";"21,02,2018";"Черемушки";"";"Наезд на пешехода";"";"0";"0";"г Москва ул Профсоюзная 64, корп, 2";"0,0";"1,0";"1,0";"2,0";
"159,0";"21,02,2018";"Десёновское";"";"Столкновение";"А-130 Москва - Малоярославец - Рославль - граница с Республикой Белоруссия (основное направление)";"32";"0";"  ";"0,0";"1,0";"2,0";"2,0";
"160,0";"21,02,2018";"Чертаново Южное";"";"Наезд на пешехода";"";"0";"0";"г Москва  ";"0,0";"1,0";"1,0";"2,0";
"161,0";"21,02,2018";"Академический";"";"Наезд на пешехода";"";"0";"0";"г Москва ул Вавилова 58, корп, 1";"0,0";"1,0";"1,0";"2,0";
"162,0";"21,02,2018";"Ново-Переделкино";"";"Столкновение";"";"0";"0";"г Москва ул Скульптора Мухиной 18";"0,0";"2,0";"2,0";"3,0";
"163,0";"21,02,2018";"Войковский";"";"Падение пассажира";"";"0";"0";"г Москва ул Зои и Александра Космодемьянских 2";"0,0";"1,0";"1,0";"2,0";
"164,0";"21,02,2018";"Таганский";"";"Столкновение";"";"0";"0";"г Москва ул Абельмановская 3";"0,0";"1,0";"2,0";"3,0";
"165,0";"21,02,2018";"Куркино";"";"Наезд на пешехода";"";"0";"0";"г Москва ул Соколово-Мещерская 24";"0,0";"1,0";"1,0";"2,0";
"166,0";"21,02,2018";"Дмитровский";"";"Наезд на стоящее ТС";"Московская кольцевая автомобильная дорога (МКАД) внутренняя сторона";"78";"700";"г Москва  ";"0,0";"1,0";"2,0";"3,0";
"167,0";"21,02,2018";"Покровское-Стрешнево";"";"Столкновение";"";"0";"0";"г Москва проезд Стратонавтов 9 А";"0,0";"1,0";"2,0";"2,0";
"168,0";"21,02,2018";"Аэропорт";"";"Столкновение";"";"0";"0";"г Москва аллея Нарышкинская 5 стр,2";"0,0";"1,0";"2,0";"3,0";
"169,0";"21,02,2018";"Головинский";"";"Наезд на стоящее ТС";"";"0";"0";"г Москва ш Ленинградское 51";"1,0";"0,0";"2,0";"2,0";
"170,0";"21,02,2018";"Бирюлево Западное";"";"Столкновение";"Московская кольцевая автомобильная дорога (МКАД) внутренняя сторона";"31";"0";"г Москва км МКАД 31-й 0";"0,0";"1,0";"2,0";"2,0";
"171,0";"21,02,2018";"Митино";"";"Наезд на пешехода";"";"0";"0";"г Москва  ";"1,0";"0,0";"1,0";"2,0";
"172,0";"20,02,2018";"Орехово-Борисово Южное";"";"Столкновение";"Московская кольцевая автомобильная дорога (МКАД) внутренняя сторона";"22";"0";"г Москва км МКАД 22-й 0";"0,0";"1,0";"3,0";"4,0";
"173,0";"20,02,2018";"Московский";"";"Наезд на пешехода";"";"0";"0";"  ";"0,0";"1,0";"1,0";"2,0";
"174,0";"20,02,2018";"Нагорный";"";"Столкновение";"";"0";"0";"г Москва б-р Черноморский 8";"0,0";"1,0";"2,0";"2,0";
"175,0";"20,02,2018";"Братеево";"";"Наезд на пешехода";"";"0";"0";"г Москва ул Алма-Атинская 4";"0,0";"1,0";"1,0";"2,0";
"176,0";"20,02,2018";"Южное Тушино";"";"Столкновение";"";"0";"0";"г Москва б-р Яна Райниса 14";"0,0";"1,0";"2,0";"2,0";
"177,0";"20,02,2018";"Гольяново";"";"Столкновение";"";"0";"0";"г Москва ул Монтажная 7к1";"0,0";"1,0";"3,0";"3,0";
"178,0";"20,02,2018";"Свиблово";"";"Наезд на пешехода";"";"0";"0";"п Свиблово ул Амундсена 15, к,1";"0,0";"1,0";"1,0";"2,0";
"179,0";"20,02,2018";"Южное Тушино";"";"Падение пассажира";"";"0";"0";"г Москва ул Василия Петушкова 13";"0,0";"1,0";"1,0";"2,0";
"180,0";"20,02,2018";"Черемушки";"";"Падение пассажира";"";"0";"0";"г Москва ул Профсоюзная 55";"0,0";"1,0";"1,0";"2,0";
"181,0";"20,02,2018";"Косино-Ухтомский";"";"Наезд на пешехода";"";"0";"0";"п Ухтомский ул Косинская Б, 27";"0,0";"1,0";"1,0";"2,0";
"182,0";"20,02,2018";"Красносельский";"";"Наезд на пешехода";"";"0";"0";"г Москва ул Гаврикова 13";"0,0";"1,0";"1,0";"2,0";
"183,0";"20,02,2018";"Таганский";"";"Столкновение";"";"0";"0";"г Москва наб Краснохолмская 11";"0,0";"1,0";"2,0";"2,0";
"184,0";"20,02,2018";"Хорошевский";"";"Столкновение";"";"0";"0";"г Москва туп Магистральный 1-й 1";"0,0";"1,0";"3,0";"3,0";
"185,0";"20,02,2018";"Ярославский";"";"Наезд на стоящее ТС";"";"0";"0";"г Москва ш Ярославское 118 к,1";"0,0";"2,0";"2,0";"4,0";
"186,0";"20,02,2018";"Пресненский";"";"Наезд на стоящее ТС";"";"0";"0";"г Москва наб Краснопресненская 2 стр,1";"0,0";"2,0";"3,0";"4,0";
"187,0";"20,02,2018";"Хорошево-Мневники";"";"Столкновение";"";"0";"0";"г Москва проезд Силикатный 1-й 10, с, 1";"0,0";"1,0";"2,0";"3,0";
"188,0";"20,02,2018";"Басманный";"";"Наезд на пешехода";"";"0";"0";"г Москва б-р Покровский 9";"0,0";"1,0";"1,0";"2,0";
"189,0";"20,02,2018";"Пресненский";"";"Наезд на пешехода";"";"0";"0";"г Москва б-р Тверской 2";"0,0";"1,0";"1,0";"2,0";
"190,0";"20,02,2018";"Новогиреево";"";"Наезд на пешехода";"";"0";"0";"г Москва  ";"0,0";"1,0";"1,0";"2,0";
"191,0";"20,02,2018";"Головинский";"";"Падение пассажира";"";"0";"0";"г Москва ул Зеленоградская 11";"0,0";"1,0";"1,0";"2,0";
"192,0";"20,02,2018";"Савеловский";"";"Столкновение";"";"0";"0";"г Москва ул Башиловская 3";"0,0";"1,0";"4,0";"4,0";
"193,0";"19,02,2018";"Гольяново";"";"Наезд на препятствие";"";"0";"0";"г Москва ш Щёлковское 69";"0,0";"1,0";"2,0";"3,0";
"194,0";"19,02,2018";"Пресненский";"";"Столкновение";"";"0";"0";"г Москва ш Звенигородское 20 СТР 2";"0,0";"2,0";"2,0";"4,0";
"195,0";"19,02,2018";"Митино";"";"Столкновение";"Московская кольцевая автомобильная дорога (МКАД) внешняя сторона";"68";"0";"г Москва  ";"1,0";"4,0";"5,0";"8,0";
"196,0";"19,02,2018";"Печатники";"";"Столкновение";"";"0";"0";"г Москва пр-кт Волгоградский 42а";"0,0";"1,0";"3,0";"3,0";
"197,0";"19,02,2018";"Теплый Стан";"";"Столкновение";"Московская кольцевая автомобильная дорога (МКАД) внешняя сторона";"44";"150";"г Москва  ";"0,0";"1,0";"3,0";"3,0";
"198,0";"19,02,2018";"Силино";"";"Наезд на пешехода";"";"0";"0";"г Зеленоград ул Гоголя 1006а";"0,0";"1,0";"1,0";"2,0";
"199,0";"19,02,2018";"Раменки";"";"Наезд на пешехода";"";"0";"0";"г Москва ул Раменки 14";"0,0";"1,0";"1,0";"2,0";
"200,0";"19,02,2018";"Северное Тушино";"";"Наезд на пешехода";"";"0";"0";"г Москва ул Вилиса Лациса 23";"0,0";"1,0";"1,0";"2,0";
"201,0";"19,02,2018";"Крылатское";"";"Столкновение";"";"0";"0";"г Москва ул Крылатская 17 корп, 1";"0,0";"1,0";"2,0";"3,0";
"202,0";"19,02,2018";"Тимирязевский";"";"Наезд на пешехода";"";"0";"0";"г Москва  ";"0,0";"1,0";"1,0";"2,0";
"203,0";"19,02,2018";"Кузьминки";"";"Наезд на пешехода";"";"0";"0";"г Москва пр-кт Волгоградский 148к3";"0,0";"1,0";"1,0";"2,0";
"204,0";"19,02,2018";"Теплый Стан";"";"Столкновение";"";"0";"0";"г Москва ул Профсоюзная 41А по ул, Г,Тюленев";"0,0";"2,0";"2,0";"3,0";
"205,0";"19,02,2018";"Тверской";"";"Наезд на пешехода";"М-10 Россия Москва - Тверь - Великий Новгород - Санкт-Петербург (основное направление)";"1";"0";"г Москва ул Тверская 13";"0,0";"1,0";"1,0";"2,0";
"206,0";"19,02,2018";"Капотня";"";"Столкновение";"Московская кольцевая автомобильная дорога (МКАД) внутренняя сторона";"17";"0";"г Москва км МКАД 17-й 0";"0,0";"3,0";"4,0";"6,0";
"207,0";"19,02,2018";"Пресненский";"";"Наезд на пешехода";"";"0";"0";"г Москва ул Пресненский Вал 27стр11";"0,0";"1,0";"1,0";"2,0";
"208,0";"19,02,2018";"Южное Бутово";"";"Столкновение";"";"0";"0";"г Москва ш Варшавское дублер";"0,0";"1,0";"3,0";"4,0";
"209,0";"19,02,2018";"Обручевский";"";"Наезд на пешехода";"";"0";"0";"г Москва ул Саморы Машела 8";"0,0";"1,0";"1,0";"2,0";
"210,0";"19,02,2018";"Тимирязевский";"";"Наезд на пешехода";"";"0";"0";"г Москва ш Дмитровское 21 к,2";"0,0";"1,0";"1,0";"2,0";
"211,0";"18,02,2018";"Выхино-Жулебино";"";"Столкновение";"";"0";"0";"г Москва ул Ташкентская 19";"0,0";"1,0";"2,0";"3,0";
"212,0";"18,02,2018";"Измайлово";"";"Падение пассажира";"";"0";"0";"г Москва ул Первомайская 77";"0,0";"1,0";"1,0";"2,0";
"213,0";"18,02,2018";"Краснопахорское поселение";"";"Наезд на препятствие";"";"0";"0";"д Шахово  ";"1,0";"0,0";"1,0";"1,0";
"214,0";"18,02,2018";"Бирюлево Восточное";"";"Наезд на пешехода";"";"0";"0";"г Москва  ";"0,0";"1,0";"1,0";"2,0";
"215,0";"18,02,2018";"Дорогомилово";"";"Наезд на стоящее ТС";"";"0";"0";"г Москва пр-кт Кутузовский 43";"0,0";"1,0";"2,0";"2,0";
"216,0";"18,02,2018";"Алтуфьевский";"";"Наезд на пешехода";"";"0";"0";"г Москва ул Инженерная 16";"0,0";"1,0";"1,0";"2,0";
"217,0";"18,02,2018";"Беговой";"";"Наезд на препятствие";"";"0";"0";"г Москва ул Беговая 4";"0,0";"1,0";"1,0";"1,0";
"218,0";"18,02,2018";"Измайлово";"";"Столкновение";"";"0";"0";"г Москва ул Парковая 7-я 12 28";"0,0";"1,0";"2,0";"2,0";
"219,0";"18,02,2018";"Люблино";"";"Столкновение";"";"0";"0";"г Москва ул Верхние Поля 24 кор 3";"0,0";"2,0";"2,0";"4,0";
"220,0";"18,02,2018";"Северное Медведково";"";"Наезд на пешехода";"";"0";"0";"г Москва ул Широкая 8, корп,1";"0,0";"1,0";"1,0";"2,0";
"221,0";"18,02,2018";"Сокольники";"";"Наезд на пешехода";"";"0";"0";"г Москва ул Лобачика 11";"0,0";"1,0";"1,0";"2,0";
"222,0";"18,02,2018";"Северное Бутово";"";"Наезд на пешехода";"";"0";"0";"п Бутово ул Грина 34 корп,1";"0,0";"1,0";"1,0";"2,0";
"223,0";"18,02,2018";"Измайлово";"";"Столкновение";"";"0";"0";"г Москва ул Первомайская 14";"0,0";"1,0";"3,0";"3,0";
"224,0";"18,02,2018";"Орехово-Борисово Северное";"";"Столкновение";"";"0";"0";"г Москва ул Маршала Захарова 22";"0,0";"1,0";"2,0";"2,0";
"225,0";"18,02,2018";"Бирюлево Восточное";"";"Столкновение";"Московская кольцевая автомобильная дорога (МКАД) внешняя сторона";"24";"900";"г Москва км МКАД 25-й 0";"0,0";"2,0";"2,0";"3,0";
"226,0";"17,02,2018";"Нагатино-Садовники";"";"Столкновение";"";"0";"0";"г Москва наб Нагатинская 4 К1";"0,0";"1,0";"2,0";"2,0";
"227,0";"17,02,2018";"Раменки";"";"Наезд на пешехода";"";"0";"0";"г Москва пр-кт Ломоносовский 27";"0,0";"1,0";"1,0";"2,0";
"228,0";"17,02,2018";"Некрасовка";"";"Столкновение";"";"0";"0";"п Некрасовка ул Вертолётчиков 1";"0,0";"1,0";"2,0";"3,0";
"229,0";"17,02,2018";"Московский";"";"Падение пассажира";"М-3 Украина Москва - Калуга - Брянск - граница с Украиной (основное направление)";"25";"850";"  ";"0,0";"1,0";"1,0";"2,0";
"230,0";"17,02,2018";"Орехово-Борисово Северное";"";"Столкновение";"";"0";"0";"г Москва ул Шипиловская 44А";"0,0";"2,0";"2,0";"2,0";
"231,0";"17,02,2018";"Северное Бутово";"";"Столкновение";"Московская кольцевая автомобильная дорога (МКАД) внешняя сторона";"35";"0";"п Бутово  ";"0,0";"2,0";"4,0";"6,0";
"232,0";"17,02,2018";"Коньково";"";"Наезд на пешехода";"";"0";"0";"г Москва ул Островитянова 27 к,2";"0,0";"1,0";"1,0";"2,0";
"233,0";"17,02,2018";"Чертаново Южное";"";"Наезд на пешехода";"";"0";"0";"г Москва ул Газопровод 1 К6";"0,0";"1,0";"1,0";"2,0";
"234,0";"17,02,2018";"Щаповское поселение";"";"Столкновение";"";"0";"0";"  ";"0,0";"1,0";"2,0";"2,0";
"235,0";"17,02,2018";"Некрасовка";"";"Столкновение";"";"0";"0";"п Некрасовка ул Вольская 2-я 26";"0,0";"1,0";"2,0";"2,0";
"236,0";"17,02,2018";"Северное Бутово";"";"Столкновение";"Московская кольцевая автомобильная дорога (МКАД) внешняя сторона";"35";"0";"п Бутово  ";"0,0";"1,0";"2,0";"2,0";
"237,0";"17,02,2018";"Печатники";"";"Столкновение";"";"0";"0";"г Москва пр-кт Волгоградский 49";"0,0";"2,0";"3,0";"5,0";
"238,0";"17,02,2018";"Солнцево";"";"Наезд на пешехода";"";"0";"0";"г Москва ул 50 лет Октября 13а";"0,0";"2,0";"1,0";"3,0";
"239,0";"17,02,2018";"Сокольники";"";"Падение пассажира";"";"0";"0";"г Москва ул Русаковская 26Бс1";"0,0";"1,0";"1,0";"2,0";
"240,0";"16,02,2018";"ГУ МВД 2 СП ДПС 2 бат,";"";"Столкновение";"А-106 Рублево-Успенское шоссе";"26";"0";"г Москва  ";"0,0";"1,0";"2,0";"2,0";
"241,0";"16,02,2018";"Сокольники";"";"Наезд на пешехода";"";"0";"0";"г Москва ул Егерская 4";"0,0";"1,0";"1,0";"2,0";
"242,0";"16,02,2018";"Лефортово";"";"Падение пассажира";"";"0";"0";"г Москва ул Волочаевская 9";"0,0";"1,0";"1,0";"2,0";
"243,0";"16,02,2018";"Строгино";"";"Наезд на стоящее ТС";"Московская кольцевая автомобильная дорога (МКАД) внешняя сторона";"64";"150";"г Москва  ";"0,0";"1,0";"2,0";"3,0";
"244,0";"16,02,2018";"Марьина роща";"";"Столкновение";"";"0";"0";"г Москва ул Сущёвский Вал 23";"0,0";"1,0";"2,0";"2,0";
"245,0";"16,02,2018";"Академический";"";"Наезд на пешехода";"";"0";"0";"г Москва пр-кт Нахимовский 50";"0,0";"1,0";"1,0";"2,0";
"246,0";"16,02,2018";"Алексеевский";"";"Падение пассажира";"";"0";"0";"г Москва пр-кт Мира 167";"0,0";"1,0";"1,0";"2,0";
"247,0";"16,02,2018";"Строгино";"";"Наезд на стоящее ТС";"Московская кольцевая автомобильная дорога (МКАД) внутренняя сторона";"66";"120";"г Москва  ";"0,0";"1,0";"3,0";"2,0";
"248,0";"16,02,2018";"Сокол";"";"Наезд на пешехода";"";"0";"0";"г Москва ул Песчаная 2-я 2 корпус 1";"0,0";"2,0";"1,0";"3,0";
"249,0";"16,02,2018";"Щукино";"";"Столкновение";"";"0";"0";"г Москва ул Маршала Василевского 15";"0,0";"1,0";"2,0";"2,0";
"250,0";"16,02,2018";"Восточное Измайлово";"";"Падение пассажира";"";"0";"0";"г Москва ул Первомайская 119";"0,0";"1,0";"1,0";"2,0";
"251,0";"16,02,2018";"Мещанский";"";"Наезд на внезапно возникшее препятствие";"";"0";"0";"г Москва пер Ботанический 11";"0,0";"1,0";"2,0";"2,0";
"252,0";"16,02,2018";"Богородское";"";"Наезд на пешехода";"";"0";"0";"г Москва пер Алымов 15";"0,0";"1,0";"1,0";"2,0";
"253,0";"16,02,2018";"Чертаново Южное";"";"Столкновение";"";"0";"0";"г Москва ш Варшавское 152";"0,0";"1,0";"3,0";"3,0";
"254,0";"16,02,2018";"Ивановское";"";"Столкновение";"Московская кольцевая автомобильная дорога (МКАД) внешняя сторона";"2";"800";"г Москва км МКАД 3-й 0";"0,0";"1,0";"3,0";"2,0";
"255,0";"16,02,2018";"Вешняки";"";"Наезд на пешехода";"";"0";"0";"г Москва ул Старый Гай 8Д";"0,0";"1,0";"1,0";"2,0";
"256,0";"16,02,2018";"Аэропорт";"";"Наезд на пешехода";"М-10 Россия Москва - Тверь - Великий Новгород - Санкт-Петербург (основное направление)";"5";"0";"г Москва пр-кт Ленинградский 50";"0,0";"1,0";"1,0";"2,0";
"257,0";"16,02,2018";"Алексеевский";"";"Наезд на пешехода";"";"0";"0";"г Москва пер Дроболитейный 2";"0,0";"1,0";"1,0";"2,0";
"258,0";"15,02,2018";"Кузьминки";"";"Наезд на пешехода";"";"0";"0";"г Москва ул Маршала Чуйкова 7";"1,0";"0,0";"1,0";"2,0";
"259,0";"15,02,2018";"Даниловский";"";"Столкновение";"";"0";"0";"г Москва ул Люсиновская 70";"0,0";"3,0";"3,0";"5,0";
"260,0";"15,02,2018";"Тимирязевский";"";"Наезд на пешехода";"";"0";"0";"г Москва ул Всеволода Вишневского 6 8";"0,0";"1,0";"1,0";"2,0";
"261,0";"15,02,2018";"Выхино-Жулебино";"";"Наезд на стоящее ТС";"";"0";"0";"г Москва ш Новорязанское 19 км мго 106";"0,0";"1,0";"3,0";"2,0";
"262,0";"15,02,2018";"Тверской";"";"Наезд на препятствие";"";"0";"0";"г Москва ул Садовая-Триумфальная 4-10";"0,0";"2,0";"1,0";"3,0";
"263,0";"15,02,2018";"Текстильщики";"";"Падение пассажира";"";"0";"0";"г Москва ул Люблинская 17 к,1";"0,0";"1,0";"1,0";"2,0";
"264,0";"15,02,2018";"Гагаринский";"";"Столкновение";"";"0";"0";"г Москва пр-кт Ленинский 63 2";"0,0";"3,0";"2,0";"5,0";
"265,0";"15,02,2018";"Северное Тушино";"";"Наезд на пешехода";"";"0";"0";"г Москва  ";"0,0";"1,0";"1,0";"2,0";
"266,0";"15,02,2018";"Строгино";"";"Наезд на пешехода";"";"0";"0";"г Москва ул Кулакова 20";"0,0";"1,0";"1,0";"2,0";
"267,0";"15,02,2018";"Пресненский";"";"Падение пассажира";"";"0";"0";"г Москва б-р Новинский 31";"0,0";"1,0";"1,0";"2,0";
"268,0";"14,02,2018";"Западное Дегунино";"";"Столкновение";"";"0";"0";"г Москва ш Коровинское 27";"0,0";"1,0";"2,0";"3,0";
"269,0";"14,02,2018";"Северное Измайлово";"";"Падение пассажира";"";"0";"0";"г Москва ш Щёлковское 70";"0,0";"1,0";"1,0";"2,0";
"270,0";"14,02,2018";"Москворечье-Сабурово";"";"Столкновение";"";"0";"0";"г Москва ш Каширское 59 К1";"0,0";"1,0";"2,0";"2,0";
"271,0";"14,02,2018";"Гольяново";"";"Столкновение";"Московская кольцевая автомобильная дорога (МКАД) внешняя сторона";"100";"500";"г Москва  ";"0,0";"1,0";"3,0";"3,0";
"272,0";"14,02,2018";"Северное Тушино";"";"Столкновение";"Московская кольцевая автомобильная дорога (МКАД) внутренняя сторона";"72";"255";"г Москва  ";"0,0";"1,0";"2,0";"2,0";
"273,0";"14,02,2018";"Кузьминки";"";"Столкновение";"";"0";"0";"г Москва кв-л Волжский Бульвар 114 А 10";"0,0";"1,0";"2,0";"2,0";
"274,0";"14,02,2018";"Войковский";"";"Наезд на пешехода";"";"0";"0";"г Москва ул Клары Цеткин 23";"0,0";"1,0";"1,0";"2,0";
"275,0";"14,02,2018";"Тропарево-Никулино";"";"Столкновение";"Московская кольцевая автомобильная дорога (МКАД) внутренняя сторона";"46";"155";"г Москва  ";"0,0";"1,0";"4,0";"4,0";
"276,0";"14,02,2018";"Головинский";"";"Наезд на пешехода";"";"0";"0";"г Москва б-р Кронштадтский 17";"0,0";"1,0";"1,0";"2,0";
"277,0";"14,02,2018";"Выхино-Жулебино";"";"Столкновение";"";"0";"0";"г Москва ул Генерала Кузнецова 26";"0,0";"3,0";"4,0";"5,0";
"278,0";"14,02,2018";"Зюзино";"";"Наезд на пешехода";"";"0";"0";"г Москва ул Керченская 3 к,1";"0,0";"1,0";"1,0";"2,0";
"279,0";"14,02,2018";"Восточное Измайлово";"";"Столкновение";"Московская кольцевая автомобильная дорога (МКАД) внутренняя сторона";"107";"0";"г Москва  ";"0,0";"1,0";"3,0";"3,0";
"280,0";"14,02,2018";"Марьина роща";"";"Столкновение";"";"0";"0";"г Москва ул Ямская 1-я 8";"0,0";"1,0";"2,0";"2,0";
"281,0";"14,02,2018";"Академический";"";"Наезд на пешехода";"";"0";"0";"г Москва ул Вавилова 15";"0,0";"1,0";"1,0";"2,0";
"282,0";"14,02,2018";"Москворечье-Сабурово";"";"Наезд на препятствие";"";"0";"0";"г Москва ш Каширское 49";"1,0";"2,0";"1,0";"3,0";
"283,0";"13,02,2018";"Ломоносовский";"";"Наезд на пешехода";"";"0";"0";"г Москва ул Архитектора Власова 49а";"0,0";"1,0";"1,0";"2,0";
"284,0";"13,02,2018";"Дмитровский";"";"Наезд на пешехода";"";"0";"0";"г Москва б-р Карельский 24";"0,0";"1,0";"1,0";"2,0";
"285,0";"13,02,2018";"Гольяново";"";"Наезд на пешехода";"";"0";"0";"г Москва ул Уссурийская 9";"0,0";"1,0";"1,0";"2,0";
"286,0";"13,02,2018";"Ховрино";"";"Падение пассажира";"";"0";"0";"г Москва ул Петрозаводская 13";"0,0";"1,0";"1,0";"2,0";
"287,0";"13,02,2018";"Зябликово";"";"Столкновение";"";"0";"0";"г Москва ул Мусы Джалиля 15 К1";"0,0";"1,0";"2,0";"2,0";
"288,0";"13,02,2018";"Замоскворечье";"";"Столкновение";"";"0";"0";"г Москва пер Стремянный 1";"0,0";"1,0";"2,0";"2,0";
"289,0";"13,02,2018";"Бескудниковский";"";"Наезд на пешехода";"";"0";"0";"г Москва ш Дмитровское 89";"0,0";"1,0";"1,0";"2,0";
"290,0";"13,02,2018";"Измайлово";"";"Наезд на препятствие";"";"0";"0";"г Москва ул Первомайская 18";"0,0";"1,0";"1,0";"1,0";
"291,0";"13,02,2018";"Орехово-Борисово Южное";"";"Наезд на пешехода";"";"0";"0";"г Москва проезд Шипиловский 73";"0,0";"1,0";"1,0";"2,0";
"292,0";"13,02,2018";"ГУ МВД 2 СП ДПС 2 бат,";"";"Столкновение";"А-106 Рублево-Успенское шоссе";"21";"0";"г Москва  ";"0,0";"1,0";"2,0";"2,0";
"293,0";"13,02,2018";"Капотня";"";"Столкновение";"";"0";"0";"г Москва ул Верхние Поля 71";"0,0";"1,0";"2,0";"2,0";
"294,0";"13,02,2018";"Останкинский";"";"Наезд на пешехода";"";"0";"0";"г Москва ул Годовикова 12 к1";"0,0";"1,0";"1,0";"2,0";
"295,0";"13,02,2018";"Ново-Переделкино";"";"Столкновение";"";"0";"0";"г Москва ш Боровское 58";"0,0";"2,0";"2,0";"3,0";
"296,0";"13,02,2018";"Зюзино";"";"Наезд на пешехода";"";"0";"0";"г Москва ул Сивашская 4 корп, 1";"0,0";"1,0";"1,0";"2,0";
"297,0";"13,02,2018";"Текстильщики";"";"Столкновение";"";"0";"0";"г Москва б-р Волжский 40";"0,0";"1,0";"2,0";"3,0";
"298,0";"13,02,2018";"Южное Тушино";"";"Наезд на пешехода";"";"0";"0";"г Москва ул Василия Петушкова 7";"0,0";"1,0";"1,0";"2,0";
"299,0";"13,02,2018";"Выхино-Жулебино";"";"Наезд на пешехода";"";"0";"0";"г Москва ул Ташкентская 30";"0,0";"1,0";"1,0";"2,0";
"300,0";"13,02,2018";"Кузьминки";"";"Наезд на пешехода";"";"0";"0";"г Москва ул Академика Скрябина 30 корп,1";"0,0";"1,0";"1,0";"2,0";
"301,0";"12,02,2018";"Сокол";"";"Наезд на пешехода";"";"0";"0";"г Москва ш Волоколамское 15 22";"0,0";"1,0";"1,0";"2,0";
"302,0";"12,02,2018";"Обручевский";"";"Наезд на пешехода";"";"0";"0";"г Москва ул Миклухо-Маклая 10 2";"0,0";"1,0";"1,0";"2,0";
"303,0";"12,02,2018";"Фили-Давыдково";"";"Наезд на пешехода";"";"0";"0";"г Москва ул Минская 1а";"1,0";"0,0";"1,0";"2,0";
"304,0";"12,02,2018";"Якиманка";"";"Падение пассажира";"";"0";"0";"г Москва ул Шаболовка 10";"0,0";"1,0";"1,0";"2,0";
"305,0";"12,02,2018";"Рязанский";"";"Наезд на пешехода";"";"0";"0";"г Москва проезд Вязовский 1-й 4";"0,0";"1,0";"1,0";"2,0";
"306,0";"12,02,2018";"Кунцево";"";"Столкновение";"";"0";"0";"г Москва ул Молодогвардейская 51";"0,0";"1,0";"2,0";"2,0";
"307,0";"12,02,2018";"Восточное Измайлово";"";"Падение пассажира";"";"0";"0";"г Москва ул Первомайская 80";"0,0";"1,0";"1,0";"2,0";
"308,0";"12,02,2018";"Северное Измайлово";"";"Наезд на пешехода";"";"0";"0";"г Москва ш Щёлковское 28 56";"0,0";"1,0";"1,0";"2,0";
"309,0";"12,02,2018";"Пресненский";"";"Наезд на пешехода";"Третье транспортное кольцо (внешняя сторона)";"21";"0";"г Москва ул Антонова-Овсеенко 15стр4";"0,0";"2,0";"4,0";"4,0";
"310,0";"12,02,2018";"Таганский";"";"Наезд на препятствие";"";"0";"0";"г Москва наб Андроньевская 10";"1,0";"0,0";"1,0";"1,0";
"311,0";"12,02,2018";"Пресненский";"";"Наезд на пешехода";"";"0";"0";"г Москва ул Грузинский Вал 23-25";"0,0";"1,0";"1,0";"2,0";
"312,0";"12,02,2018";"Бирюлево Восточное";"";"Иной вид ДТП";"Московская кольцевая автомобильная дорога (МКАД) внешняя сторона";"26";"0";"г Москва км МКАД 26-й ";"0,0";"1,0";"1,0";"1,0";
"313,0";"12,02,2018";"Нагатино-Садовники";"";"Столкновение";"";"0";"0";"г Москва пр-кт Андропова 42 К1";"0,0";"2,0";"4,0";"5,0";
"314,0";"12,02,2018";"Даниловский";"";"Наезд на пешехода";"";"0";"0";"г Москва ул Павла Андреева 7";"0,0";"1,0";"1,0";"2,0";
"315,0";"12,02,2018";"Люблино";"";"Падение пассажира";"";"0";"0";"г Москва ул Краснодонская 5к1";"0,0";"1,0";"1,0";"2,0";
"316,0";"12,02,2018";"Вешняки";"";"Наезд на пешехода";"";"0";"0";"г Москва  ";"0,0";"1,0";"1,0";"2,0";
"317,0";"12,02,2018";"Люблино";"";"Столкновение";"";"0";"0";"г Москва ул Люблинская 52";"0,0";"1,0";"2,0";"3,0";
"318,0";"12,02,2018";"Марьино";"";"Столкновение";"";"0";"0";"г Москва ул Марьинский Парк 1";"0,0";"1,0";"2,0";"2,0";
"319,0";"12,02,2018";"Кузьминки";"";"Наезд на пешехода";"";"0";"0";"г Москва ул Заречье 3";"0,0";"1,0";"1,0";"2,0";
"320,0";"12,02,2018";"Силино";"";"Столкновение";"";"0";"0";"г Зеленоград пр-кт Панфиловский 42";"0,0";"1,0";"4,0";"4,0";
"321,0";"12,02,2018";"Чертаново Северное";"";"Столкновение";"";"0";"0";"г Москва ш Варшавское 99А";"0,0";"1,0";"2,0";"3,0";
"322,0";"12,02,2018";"Хорошевский";"";"Наезд на пешехода";"";"0";"0";"г Москва пр-кт Ленинградский 39 строение 1";"0,0";"1,0";"1,0";"2,0";
"323,0";"11,02,2018";"Ясенево";"";"Опрокидывание";"";"0";"0";"г Москва пр-кт Севастопольский 66";"0,0";"1,0";"1,0";"1,0";
"324,0";"11,02,2018";"Тропарево-Никулино";"";"Наезд на лицо, не являющееся участником дорожного движения, осуществляющее производство работ";"";"0";"0";"г Москва пр-кт Мичуринский 72 корп,1";"0,0";"1,0";"1,0";"2,0";
"325,0";"11,02,2018";"Южное Тушино";"";"Наезд на пешехода";"";"0";"0";"г Москва ул Лодочная 40, корп,1";"0,0";"1,0";"1,0";"2,0";
"326,0";"11,02,2018";"Печатники";"";"Столкновение";"";"0";"0";"г Москва ул Полбина 35";"0,0";"2,0";"2,0";"2,0";
"327,0";"11,02,2018";"Черемушки";"";"Столкновение";"";"0";"0";"г Москва пр-кт Нахимовский 24";"0,0";"1,0";"2,0";"3,0";
"328,0";"11,02,2018";"Даниловский";"";"Столкновение";"";"0";"0";"г Москва наб Павелецкая 8";"0,0";"1,0";"2,0";"2,0";
"329,0";"11,02,2018";"Нагатино-Садовники";"";"Столкновение";"";"0";"0";"г Москва ш Варшавское 65 К2";"0,0";"1,0";"2,0";"3,0";
"330,0";"11,02,2018";"Марушкинское";"";"Столкновение";"";"0";"0";" ул Придорожная 1";"0,0";"2,0";"3,0";"4,0";
"331,0";"11,02,2018";"Ясенево";"";"Наезд на пешехода";"";"0";"0";"г Москва б-р Литовский 12";"0,0";"1,0";"1,0";"2,0";
"332,0";"11,02,2018";"Северное Бутово";"";"Наезд на пешехода";"";"0";"0";"п Бутово ул Знаменские Садки д,9 к,1";"0,0";"1,0";"1,0";"2,0";
"333,0";"11,02,2018";"Выхино-Жулебино";"";"Наезд на пешехода";"";"0";"0";"г Москва пр-кт Лермонтовский 12";"0,0";"2,0";"1,0";"3,0";
"334,0";"11,02,2018";"Западное Дегунино";"";"Наезд на стоящее ТС";"Московская кольцевая автомобильная дорога (МКАД) внешняя сторона";"76";"500";"г Москва  ";"0,0";"1,0";"2,0";"3,0";
"335,0";"11,02,2018";"Перово";"";"Столкновение";"";"0";"0";"г Москва ш Энтузиастов 23к21";"0,0";"1,0";"2,0";"3,0";
"336,0";"11,02,2018";"Савеловский";"";"Столкновение";"";"0";"0";"г Москва ул Бутырская 1";"0,0";"1,0";"3,0";"4,0";
"337,0";"10,02,2018";"Гагаринский";"";"Столкновение";"";"0";"0";"г Москва пр-кт 60-летия Октября 5";"0,0";"1,0";"2,0";"3,0";
"338,0";"10,02,2018";"Вешняки";"";"Наезд на стоящее ТС";"";"0";"0";"г Москва ул Юности МГО 33";"0,0";"2,0";"3,0";"5,0";
"339,0";"10,02,2018";"Беговой";"";"Столкновение";"М-10 Россия Москва - Тверь - Великий Новгород - Санкт-Петербург (основное направление)";"700";"0";"г Москва пр-кт Ленинградский 33А";"0,0";"1,0";"5,0";"6,0";
"340,0";"10,02,2018";"Северный";"";"Наезд на препятствие";"";"0";"0";"г Москва ш Дмитровское 163д";"0,0";"2,0";"1,0";"3,0";
"341,0";"10,02,2018";"Бибирево";"";"Столкновение";"";"0";"0";"г Москва ул Костромская 18";"0,0";"1,0";"2,0";"2,0";
"342,0";"10,02,2018";"Молжаниновский";"";"Наезд на препятствие";"М-10 Россия Москва - Тверь - Великий Новгород - Санкт-Петербург (основное направление)";"29";"300";"г Москва ш Ленинградское 251";"0,0";"3,0";"1,0";"3,0";
"343,0";"10,02,2018";"Останкинский";"";"Наезд на пешехода";"";"0";"0";"г Москва ул Академика Королева 9";"0,0";"1,0";"1,0";"2,0";
"344,0";"10,02,2018";"Орехово-Борисово Северное";"";"Столкновение";"";"0";"0";"г Москва  ";"0,0";"1,0";"2,0";"3,0";
"345,0";"10,02,2018";"Лосиноостровский";"";"Наезд на пешехода";"";"0";"0";"г Москва ул Стартовая 7";"0,0";"1,0";"1,0";"2,0";
"346,0";"10,02,2018";"Коптево";"";"Столкновение";"";"0";"0";"г Москва ул Коптевская 73 корпус 1";"0,0";"1,0";"2,0";"2,0";
"347,0";"10,02,2018";"Марьино";"";"Столкновение";"";"0";"0";"г Москва б-р Новочеркасский 32";"0,0";"1,0";"2,0";"2,0";
"348,0";"10,02,2018";"Марьино";"";"Наезд на пешехода";"";"0";"0";"г Москва проезд Батайский 23";"0,0";"3,0";"1,0";"4,0";
"349,0";"10,02,2018";"Покровское-Стрешнево";"";"Столкновение";"";"0";"0";"г Москва ш Волоколамское 126";"0,0";"2,0";"2,0";"4,0";
"350,0";"10,02,2018";"Московский";"";"Столкновение";"М-3 Украина Москва - Калуга - Брянск - граница с Украиной (основное направление)";"18";"950";"  ";"0,0";"3,0";"2,0";"5,0";
"351,0";"10,02,2018";"Северный";"";"Столкновение";"";"0";"0";"г Москва ш Дмитровское 122г";"0,0";"1,0";"2,0";"2,0";
"352,0";"10,02,2018";"Ломоносовский";"";"Наезд на пешехода";"";"0";"0";"г Москва пр-кт Ленинский 78";"0,0";"1,0";"1,0";"2,0";
"353,0";"10,02,2018";"Выхино-Жулебино";"";"Наезд на пешехода";"";"0";"0";"г Москва проезд Ферганский 8";"0,0";"1,0";"1,0";"2,0";
"354,0";"10,02,2018";"Нижегородский";"";"Наезд на пешехода";"";"0";"0";"г Москва пр-кт Рязанский 2, кор, 3";"0,0";"1,0";"1,0";"2,0";
"355,0";"10,02,2018";"Коньково";"";"Наезд на пешехода";"";"0";"0";"г Москва  ";"0,0";"1,0";"1,0";"2,0";
"356,0";"10,02,2018";"Сосенское";"";"Наезд на лицо, не являющееся участником дорожного движения, осуществляющее какую-либо другую деятельность";"";"0";"0";" ул Сосенский Стан 3";"0,0";"1,0";"1,0";"2,0";
"357,0";"10,02,2018";"Ново-Переделкино";"";"Наезд на пешехода";"";"0";"0";"г Москва ш Боровское 25 А";"0,0";"1,0";"1,0";"2,0";
"358,0";"09,02,2018";"Зябликово";"";"Наезд на пешехода";"";"0";"0";"г Москва б-р Ореховый 24 СТР1А";"0,0";"1,0";"1,0";"2,0";
"359,0";"09,02,2018";"Метрогородок";"";"Столкновение";"Московская кольцевая автомобильная дорога (МКАД) внутренняя сторона";"97";"0";"г Москва  ";"0,0";"3,0";"2,0";"3,0";
"360,0";"09,02,2018";"Хорошево-Мневники";"";"Наезд на стоящее ТС";"";"0";"0";"г Москва ул Народного Ополчения 3";"0,0";"3,0";"2,0";"4,0";
"361,0";"09,02,2018";"Бирюлево Восточное";"";"Наезд на пешехода";"";"0";"0";"г Москва ул Липецкая 40";"0,0";"1,0";"1,0";"2,0";
"362,0";"09,02,2018";"Западное Дегунино";"";"Наезд на пешехода";"Московская кольцевая автомобильная дорога (МКАД) внешняя сторона";"78";"800";"г Москва  ";"0,0";"1,0";"1,0";"2,0";
"363,0";"09,02,2018";"Ясенево";"";"Падение пассажира";"";"0";"0";"г Москва ул Голубинская 21а";"0,0";"1,0";"1,0";"2,0";
"364,0";"09,02,2018";"Гагаринский";"";"Столкновение";"";"0";"0";"г Москва пр-кт Вернадского 3А";"0,0";"1,0";"5,0";"5,0";
"365,0";"09,02,2018";"Бирюлево Восточное";"";"Столкновение";"";"0";"0";"г Москва ул Липецкая 52";"0,0";"1,0";"2,0";"2,0";
"366,0";"09,02,2018";"Сосенское";"";"Наезд на пешехода";"";"0";"0";"  ";"0,0";"2,0";"1,0";"3,0";
"367,0";"09,02,2018";"Лосиноостровский";"";"Столкновение";"Московская кольцевая автомобильная дорога (МКАД) внутренняя сторона";"91";"100";"г Москва  ";"0,0";"1,0";"3,0";"3,0";
"368,0";"09,02,2018";"Измайлово";"";"Столкновение";"";"0";"0";"г Москва ул Первомайская 49";"0,0";"1,0";"3,0";"3,0";
"369,0";"09,02,2018";"Можайский";"";"Наезд на пешехода";"";"0";"0";"г Москва ш Можайское 30";"0,0";"1,0";"1,0";"2,0";
"370,0";"09,02,2018";"Ясенево";"";"Наезд на пешехода";"";"0";"0";"г Москва ул Ясногорская 7";"0,0";"1,0";"1,0";"2,0";
"371,0";"09,02,2018";"Дорогомилово";"";"Наезд на пешехода";"";"0";"0";"г Москва ул 1812 года 7";"0,0";"1,0";"1,0";"2,0";
"372,0";"09,02,2018";"Очаково-Матвеевское";"";"Наезд на пешехода";"";"0";"0";"п Матвеевское ул Матвеевская 1к1";"0,0";"1,0";"1,0";"2,0";
"373,0";"09,02,2018";"Митино";"";"Столкновение";"";"0";"0";"г Москва ул Муравская 15";"0,0";"1,0";"2,0";"3,0";
"374,0";"08,02,2018";"Рязанский";"";"Столкновение";"";"0";"0";"г Москва проезд Вешняковский 1-й 15";"0,0";"1,0";"2,0";"3,0";
"375,0";"08,02,2018";"Северное Тушино";"";"Наезд на пешехода";"";"0";"0";"г Москва  ";"0,0";"1,0";"1,0";"2,0";
"376,0";"08,02,2018";"Измайлово";"";"Наезд на внезапно возникшее препятствие";"";"0";"0";"г Москва б-р Измайловский 37";"0,0";"1,0";"1,0";"1,0";
"377,0";"08,02,2018";"Нагатино-Садовники";"";"Столкновение";"";"0";"0";"г Москва ш Каширское 21";"0,0";"1,0";"3,0";"3,0";
"378,0";"08,02,2018";"Ломоносовский";"";"Столкновение";"";"0";"0";"г Москва пр-кт Ленинский 86";"0,0";"1,0";"2,0";"3,0";
"379,0";"08,02,2018";"Бирюлево Восточное";"";"Наезд на пешехода";"";"0";"0";"г Москва ул Липецкая 52А";"0,0";"1,0";"1,0";"2,0";
"380,0";"08,02,2018";"Коньково";"";"Наезд на пешехода";"";"0";"0";"г Москва ул Миклухо-Маклая 38";"0,0";"1,0";"1,0";"2,0";
"381,0";"08,02,2018";"Измайлово";"";"Наезд на пешехода";"";"0";"0";"г Москва ул Парковая 9-я В,Первомайская";"0,0";"1,0";"1,0";"2,0";
"382,0";"08,02,2018";"Тимирязевский";"";"Столкновение";"";"0";"0";"г Москва ш Дмитровское 16 стр 1";"0,0";"1,0";"2,0";"2,0";
"383,0";"08,02,2018";"Богородское";"";"Столкновение";"";"0";"0";"г Москва ш Белокаменное 17";"0,0";"1,0";"2,0";"2,0";
"384,0";"08,02,2018";"Отрадное";"";"Столкновение";"";"0";"0";"г Москва проезд Сигнальный 4";"1,0";"1,0";"2,0";"4,0";
"385,0";"08,02,2018";"Нагатино-Садовники";"";"Столкновение";"";"0";"0";"г Москва ш Варшавское 45";"0,0";"1,0";"2,0";"2,0";
"386,0";"08,02,2018";"Тропарево-Никулино";"";"Наезд на стоящее ТС";"Московская кольцевая автомобильная дорога (МКАД) внешняя сторона";"47";"150";"г Москва  ";"0,0";"1,0";"2,0";"2,0";
"387,0";"08,02,2018";"Тимирязевский";"";"Наезд на пешехода";"";"0";"0";"г Москва  ";"0,0";"1,0";"1,0";"2,0";
"388,0";"08,02,2018";"Бирюлево Восточное";"";"Столкновение";"";"0";"0";"г Москва ул Бирюлёвская 17";"0,0";"1,0";"2,0";"3,0";
"389,0";"08,02,2018";"Южное Тушино";"";"Наезд на препятствие";"Московская кольцевая автомобильная дорога (МКАД) внутренняя сторона";"69";"100";"г Москва  ";"0,0";"1,0";"1,0";"2,0";
"390,0";"08,02,2018";"Рязанский";"";"Столкновение";"";"0";"0";"г Москва ул Газгольдерная 14";"0,0";"1,0";"2,0";"2,0";
"391,0";"08,02,2018";"Восточное Измайлово";"";"Наезд на пешехода";"";"0";"0";"г Москва ул Первомайская 126";"0,0";"1,0";"1,0";"2,0";
"392,0";"07,02,2018";"Пресненский";"";"Столкновение";"Третье транспортное кольцо (внутренняя сторона)";"22";"0";"г Москва ул Подвойского 26";"0,0";"1,0";"2,0";"3,0";
"393,0";"07,02,2018";"Алексеевский";"";"Столкновение";"";"0";"0";"г Москва пр-кт Мира 123А";"0,0";"1,0";"2,0";"2,0";
"394,0";"07,02,2018";"Южное Тушино";"";"Наезд на пешехода";"";"0";"0";"г Москва проезд Походный 9";"0,0";"1,0";"1,0";"2,0";
"395,0";"07,02,2018";"Северное Бутово";"";"Наезд на пешехода";"";"0";"0";"п Бутово ул Грина 7";"0,0";"1,0";"1,0";"2,0";
"396,0";"07,02,2018";"Коптево";"";"Наезд на пешехода";"";"0";"0";"г Москва ул Генерала Рычагова 4";"0,0";"1,0";"1,0";"2,0";
"397,0";"07,02,2018";"Измайлово";"";"Наезд на стоящее ТС";"";"0";"0";"г Москва ул Измайловского Зверинца 1-я 8Б";"0,0";"3,0";"3,0";"4,0";
"398,0";"07,02,2018";"Южнопортовый";"";"Наезд на лицо, не являющееся участником дорожного движения, осуществляющее какую-либо другую деятельность";"";"0";"0";"г Москва ул Трофимова 35 20";"0,0";"1,0";"1,0";"2,0";
"399,0";"07,02,2018";"Ховрино";"";"Столкновение";"";"0";"0";"г Москва ул Дыбенко 2";"0,0";"1,0";"2,0";"2,0";
"400,0";"07,02,2018";"Дорогомилово";"";"Наезд на пешехода";"";"0";"0";"г Москва пр-кт Кутузовский 8 км";"0,0";"1,0";"1,0";"2,0";
"401,0";"07,02,2018";"Печатники";"";"Наезд на пешехода";"";"0";"0";"г Москва ул Гурьянова 41";"0,0";"1,0";"1,0";"2,0";
"402,0";"07,02,2018";"Марьина роща";"";"Столкновение";"";"0";"0";"г Москва ул Шереметьевская 6 к1";"0,0";"1,0";"2,0";"2,0";
"403,0";"07,02,2018";"Северное Тушино";"";"Столкновение";"";"0";"0";"г Москва б-р Яна Райниса 22";"0,0";"2,0";"2,0";"4,0";
"404,0";"06,02,2018";"Чертаново Южное";"";"Наезд на пешехода";"";"0";"0";"г Москва ш Варшавское ВЛД 148";"0,0";"1,0";"1,0";"2,0";
"405,0";"06,02,2018";"ГУ МВД 2 СП ДПС 2 бат,";"";"Столкновение";"А-106 Рублево-Успенское шоссе";"15";"0";"г Москва  ";"0,0";"1,0";"3,0";"3,0";
"406,0";"06,02,2018";"Теплый Стан";"";"Наезд на пешехода";"";"0";"0";"г Москва ул Генерала Тюленева 41А";"0,0";"2,0";"2,0";"4,0";
"407,0";"06,02,2018";"Чертаново Южное";"";"Наезд на пешехода";"";"0";"0";"г Москва ул Чертановская 65";"0,0";"1,0";"1,0";"2,0";
"408,0";"06,02,2018";"Сокол";"";"Наезд на пешехода";"";"0";"0";"г Москва ш Волоколамское 1";"0,0";"1,0";"1,0";"2,0";
"409,0";"06,02,2018";"Хорошево-Мневники";"";"Наезд на пешехода";"";"0";"0";"г Москва ул Генерала Глаголева 20";"0,0";"1,0";"1,0";"2,0";
"410,0";"06,02,2018";"Теплый Стан";"";"Столкновение";"";"0";"0";"г Москва ул Профсоюзная 158";"0,0";"1,0";"2,0";"3,0";
"411,0";"06,02,2018";"Тропарево-Никулино";"";"Столкновение";"";"0";"0";"г Москва ул 26-ти Бакинских Комиссаров 11";"0,0";"1,0";"2,0";"3,0";
"412,0";"06,02,2018";"Алексеевский";"";"Наезд на пешехода";"";"0";"0";"г Москва пр-кт Мира 92";"0,0";"1,0";"1,0";"2,0";
"413,0";"06,02,2018";"Выхино-Жулебино";"";"Наезд на стоящее ТС";"";"0";"0";"г Москва ш Новорязанское 57 по ул, Привольная";"0,0";"1,0";"3,0";"3,0";
"414,0";"05,02,2018";"Фили-Давыдково";"";"Столкновение";"";"0";"0";"г Москва ул Кастанаевская 30к2";"0,0";"1,0";"3,0";"3,0";
"415,0";"05,02,2018";"Сосенское";"";"Столкновение";"А-130 Москва - Малоярославец - Рославль - граница с Республикой Белоруссия (основное направление)";"27";"0";"  119";"0,0";"1,0";"2,0";"2,0";
"416,0";"05,02,2018";"Южное Тушино";"";"Наезд на пешехода";"";"0";"0";"г Москва ул Сходненская 6, к, 1";"0,0";"1,0";"1,0";"2,0";
"417,0";"05,02,2018";"Раменки";"";"Падение пассажира";"";"0";"0";"г Москва ул Мосфильмовская 56";"0,0";"1,0";"1,0";"2,0";
"418,0";"05,02,2018";"Беговой";"";"Наезд на пешехода";"";"0";"0";"г Москва ул Правды 4";"0,0";"3,0";"1,0";"4,0";
"419,0";"05,02,2018";"Таганский";"";"Наезд на пешехода";"";"0";"0";"г Москва ул Таганская 31 22";"0,0";"1,0";"1,0";"2,0";
"420,0";"05,02,2018";"Аэропорт";"";"Столкновение";"";"0";"0";"г Москва пр-кт Ленинградский 36";"0,0";"1,0";"3,0";"3,0";
"421,0";"05,02,2018";"Москворечье-Сабурово";"";"Наезд на стоящее ТС";"";"0";"0";"г Москва ул Кантемировская 47";"0,0";"1,0";"2,0";"2,0";
"422,0";"05,02,2018";"Тимирязевский";"";"Наезд на пешехода";"";"0";"0";"г Москва ш Дмитровское 29 к 1";"0,0";"1,0";"1,0";"2,0";
"423,0";"05,02,2018";"Новогиреево";"";"Наезд на пешехода";"";"0";"0";"г Москва ул Кусковская 23к5";"0,0";"1,0";"1,0";"2,0";
"424,0";"05,02,2018";"Измайлово";"";"Наезд на пешехода";"";"0";"0";"г Москва б-р Измайловский 55";"0,0";"1,0";"1,0";"2,0";
"425,0";"05,02,2018";"Тимирязевский";"";"Наезд на пешехода";"";"0";"0";"г Москва проезд Астрадамский 3";"0,0";"1,0";"1,0";"2,0";
"426,0";"05,02,2018";"Хорошевский";"";"Наезд на пешехода";"";"0";"0";"г Москва  ";"0,0";"1,0";"1,0";"2,0";
"427,0";"05,02,2018";"Ивановское";"";"Столкновение";"";"0";"0";"г Москва ш Энтузиастов 65";"0,0";"1,0";"2,0";"3,0";
"428,0";"05,02,2018";"Южное Медведково";"";"Наезд на пешехода";"";"0";"0";"г Москва ул Молодцова 25к2";"0,0";"1,0";"1,0";"2,0";
"429,0";"04,02,2018";"Метрогородок";"";"Наезд на стоящее ТС";"Московская кольцевая автомобильная дорога (МКАД) внутренняя сторона";"97";"0";"г Москва  ";"0,0";"5,0";"4,0";"6,0";
"430,0";"04,02,2018";"Ново-Переделкино";"";"Столкновение";"";"0";"0";"г Москва ш Боровское 38";"0,0";"1,0";"3,0";"4,0";
"431,0";"04,02,2018";"Сосенское";"";"Наезд на препятствие";"А-130 Москва - Малоярославец - Рославль - граница с Республикой Белоруссия (основное направление)";"21";"0";"  ";"0,0";"1,0";"1,0";"1,0";
"432,0";"04,02,2018";"Южное Тушино";"";"Наезд на пешехода";"";"0";"0";"г Москва б-р Химкинский 1";"0,0";"1,0";"1,0";"2,0";
"433,0";"04,02,2018";"Можайский";"";"Столкновение";"Московская кольцевая автомобильная дорога (МКАД) внешняя сторона";"55";"0";"г Москва  ";"0,0";"2,0";"2,0";"4,0";
"434,0";"04,02,2018";"Коньково";"";"Столкновение";"";"0";"0";"г Москва ул Миклухо-Маклая 19";"0,0";"1,0";"2,0";"3,0";
"435,0";"04,02,2018";"Бирюлево Восточное";"";"Наезд на препятствие";"Московская кольцевая автомобильная дорога (МКАД) внешняя сторона";"24";"800";"г Москва км МКАД 25-й ";"0,0";"1,0";"1,0";"2,0";
"436,0";"04,02,2018";"Якиманка";"";"Столкновение";"";"0";"0";"г Москва ул Крымский Вал 9";"0,0";"1,0";"2,0";"3,0";
"437,0";"04,02,2018";"Останкинский";"";"Столкновение";"";"0";"0";"г Москва пр-кт Мира 146";"0,0";"1,0";"2,0";"3,0";
"438,0";"04,02,2018";"Левобережный";"";"Столкновение";"Московская кольцевая автомобильная дорога (МКАД) внешняя сторона";"75";"300";"г Москва  ";"0,0";"2,0";"2,0";"3,0";
"439,0";"04,02,2018";"Гольяново";"";"Столкновение";"";"0";"0";"г Москва ш Щёлковское 87";"0,0";"3,0";"3,0";"5,0";
"440,0";"04,02,2018";"Теплый Стан";"";"Столкновение";"Московская кольцевая автомобильная дорога (МКАД) внутренняя сторона";"43";"0";"г Москва  ";"0,0";"1,0";"3,0";"4,0";
"441,0";"04,02,2018";"Северный";"";"Наезд на пешехода";"";"0";"0";"г Москва ш Дмитровское 171";"0,0";"1,0";"1,0";"2,0";
"442,0";"04,02,2018";"Люблино";"";"Наезд на препятствие";"Московская кольцевая автомобильная дорога (МКАД) внутренняя сторона";"14";"0";"г Москва  ";"0,0";"1,0";"1,0";"2,0";
"443,0";"04,02,2018";"Пресненский";"";"Столкновение";"Третье транспортное кольцо (внешняя сторона)";"22";"0";"г Москва ш Звенигородское 28стр6";"0,0";"1,0";"2,0";"3,0";
"444,0";"04,02,2018";"Отрадное";"";"Наезд на пешехода";"";"0";"0";"г Москва ул Декабристов 12 к,3";"0,0";"1,0";"1,0";"2,0";
"445,0";"04,02,2018";"Можайский";"";"Столкновение";"Московская кольцевая автомобильная дорога (МКАД) внутренняя сторона";"53";"152";"г Москва  ";"0,0";"1,0";"2,0";"2,0";
"446,0";"03,02,2018";"Левобережный";"";"Наезд на препятствие";"";"0";"0";"г Москва ул Беломорская 11";"0,0";"1,0";"1,0";"1,0";
"447,0";"03,02,2018";"Хорошево-Мневники";"";"Наезд на препятствие";"";"0";"0";"г Москва ул Мнёвники Нижн, 32";"0,0";"1,0";"1,0";"1,0";
"448,0";"03,02,2018";"Левобережный";"";"Наезд на пешехода";"";"0";"0";"г Москва ш Ленинградское 132";"0,0";"1,0";"1,0";"2,0";
"449,0";"03,02,2018";"Перово";"";"Наезд на пешехода";"";"0";"0";"г Москва ул Перовская 13";"0,0";"1,0";"1,0";"2,0";
"450,0";"03,02,2018";"Раменки";"";"Столкновение";"";"0";"0";"г Москва пр-кт Мичуринский 8";"0,0";"4,0";"2,0";"4,0";
"451,0";"03,02,2018";"Хорошевский";"";"Наезд на пешехода";"";"0";"0";"г Москва ул Авиаконструктора Микояна 12";"0,0";"1,0";"1,0";"2,0";
"452,0";"03,02,2018";"Гагаринский";"";"Наезд на пешехода";"";"0";"0";"г Москва ул Вавилова 72 13";"0,0";"1,0";"1,0";"2,0";
"453,0";"03,02,2018";"Можайский";"";"Столкновение";"";"0";"0";"г Москва ул Горбунова 2А";"0,0";"1,0";"2,0";"3,0";
"454,0";"03,02,2018";"Южнопортовый";"";"Наезд на пешехода";"";"0";"0";"г Москва ул Южнопортовая 6 28";"0,0";"1,0";"1,0";"2,0";
"455,0";"03,02,2018";"Даниловский";"";"Столкновение";"";"0";"0";"г Москва проезд Автозаводский 1-й 1 7";"0,0";"1,0";"2,0";"3,0";
"456,0";"03,02,2018";"Рязанский";"";"Столкновение";"";"0";"0";"г Москва пр-кт Рязанский 16";"0,0";"1,0";"4,0";"4,0";
"457,0";"03,02,2018";"Гольяново";"";"Наезд на пешехода";"";"0";"0";"г Москва ул Амурская 40";"0,0";"1,0";"1,0";"2,0";
"458,0";"03,02,2018";"Бирюлево Восточное";"";"Столкновение";"Московская кольцевая автомобильная дорога (МКАД) внутренняя сторона";"26";"500";"г Москва  ";"0,0";"1,0";"2,0";"3,0";
"459,0";"03,02,2018";"Коптево";"";"Наезд на пешехода";"";"0";"0";"г Москва ул Михалковская 1 51";"0,0";"1,0";"1,0";"2,0";
"460,0";"03,02,2018";"Ивановское";"";"Столкновение";"Московская кольцевая автомобильная дорога (МКАД) внутренняя сторона";"3";"0";"г Москва км МКАД 3-й ";"0,0";"1,0";"2,0";"3,0";
"461,0";"03,02,2018";"Хорошево-Мневники";"";"Наезд на пешехода";"";"0";"0";"г Москва  ";"0,0";"2,0";"1,0";"3,0";
"462,0";"03,02,2018";"Зябликово";"";"Столкновение";"";"0";"0";"г Москва ул Мусы Джалиля 5";"0,0";"1,0";"2,0";"2,0";
"463,0";"03,02,2018";"Рязанский";"";"Столкновение";"";"0";"0";"г Москва пр-кт Рязанский 55";"0,0";"1,0";"3,0";"4,0";
"464,0";"03,02,2018";"Люблино";"";"Столкновение";"";"0";"0";"г Москва ул Краснодонская 12";"0,0";"2,0";"2,0";"2,0";
"465,0";"03,02,2018";"Академический";"";"Падение пассажира";"";"0";"0";"г Москва ул Кржижановского 1 19";"0,0";"1,0";"1,0";"2,0";
"466,0";"03,02,2018";"Бибирево";"";"Столкновение";"";"0";"0";"г Москва ш Алтуфьевское 83а";"0,0";"1,0";"2,0";"3,0";
"467,0";"03,02,2018";"Хорошевский";"";"Столкновение";"";"0";"0";"г Москва ул Зорге 14";"0,0";"1,0";"2,0";"4,0";
"468,0";"03,02,2018";"Богородское";"";"Столкновение";"";"0";"0";"г Москва ул Бойцовая 24к5";"0,0";"1,0";"2,0";"2,0";
"469,0";"03,02,2018";"Обручевский";"";"Столкновение";"";"0";"0";"г Москва пр-кт Ленинский 99";"0,0";"1,0";"2,0";"2,0";
"470,0";"03,02,2018";"Коньково";"";"Падение пассажира";"";"0";"0";"г Москва ул Профсоюзная 79";"0,0";"1,0";"1,0";"2,0";
"471,0";"03,02,2018";"Таганский";"";"Столкновение";"";"0";"0";"г Москва ул Земляной Вал 58";"0,0";"2,0";"2,0";"3,0";
"472,0";"03,02,2018";"Северное Тушино";"";"Наезд на пешехода";"";"0";"0";"г Москва ул Свободы 95";"0,0";"1,0";"1,0";"2,0";
"473,0";"02,02,2018";"Щукино";"";"Наезд на пешехода";"";"0";"0";"г Москва ул Академика Бочвара 5";"0,0";"1,0";"1,0";"2,0";
"474,0";"02,02,2018";"Преображенское";"";"Наезд на пешехода";"";"0";"0";"г Москва ул Черкизовская Б, 3к1";"0,0";"1,0";"1,0";"2,0";
"475,0";"02,02,2018";"Бутырский";"";"Наезд на пешехода";"";"0";"0";"г Москва проезд Огородный 2";"0,0";"1,0";"1,0";"2,0";
"476,0";"02,02,2018";"Коптево";"";"Наезд на пешехода";"";"0";"0";"г Москва проезд Новомихалковский 4-й 6";"0,0";"1,0";"1,0";"2,0";
"477,0";"02,02,2018";"Коптево";"";"Наезд на пешехода";"";"0";"0";"г Москва проезд Новомихалковский 4-й 10";"0,0";"1,0";"1,0";"2,0";
"478,0";"02,02,2018";"Бутырский";"";"Наезд на пешехода";"";"0";"0";"г Москва ул Руставели 12 7";"0,0";"1,0";"1,0";"2,0";
"479,0";"02,02,2018";"Отрадное";"";"Наезд на пешехода";"";"0";"0";"г Москва проезд Якушкина 8";"0,0";"1,0";"1,0";"2,0";
"480,0";"02,02,2018";"Строгино";"";"Падение пассажира";"";"0";"0";"г Москва ул Кулакова 20, строение 1";"0,0";"1,0";"1,0";"2,0";
"481,0";"02,02,2018";"Коптево";"";"Столкновение";"";"0";"0";"г Москва ул Академическая Б, 21";"0,0";"1,0";"3,0";"3,0";
"482,0";"02,02,2018";"Лосиноостровский";"";"Наезд на пешехода";"";"0";"0";"г Москва ул Изумрудная 65";"0,0";"2,0";"1,0";"3,0";
"483,0";"02,02,2018";"Крылатское";"";"Наезд на препятствие";"";"0";"0";"г Москва ул Крылатская 2";"0,0";"1,0";"1,0";"2,0";
"484,0";"02,02,2018";"Гольяново";"";"Наезд на велосипедиста";"";"0";"0";"г Москва ул Камчатская 4c3";"0,0";"1,0";"2,0";"2,0";
"485,0";"02,02,2018";"Крылатское";"";"Столкновение";"";"0";"0";"г Москва ш Рублевское 127";"0,0";"1,0";"2,0";"3,0";
"486,0";"02,02,2018";"Десёновское";"";"Наезд на стоящее ТС";"А-130 Москва - Малоярославец - Рославль - граница с Республикой Белоруссия (основное направление)";"33";"0";"  ";"0,0";"1,0";"2,0";"2,0";
"487,0";"02,02,2018";"Замоскворечье";"";"Наезд на пешехода";"";"0";"0";"г Москва ул Татарская Б, 13стр,19";"0,0";"1,0";"1,0";"2,0";
"488,0";"02,02,2018";"Нагатинский затон";"";"Столкновение";"";"0";"0";"г Москва ул Новинки 6";"0,0";"1,0";"2,0";"2,0";
"489,0";"02,02,2018";"Южное Медведково";"";"Столкновение";"";"0";"0";"г Москва проезд Дежнёва 32";"0,0";"1,0";"2,0";"2,0";
"490,0";"02,02,2018";"Бибирево";"";"Столкновение";"Московская кольцевая автомобильная дорога (МКАД) внешняя сторона";"85";"200";"г Москва  ";"0,0";"1,0";"2,0";"2,0";
"491,0";"02,02,2018";"Хорошевский";"";"Столкновение";"М-10 Россия Москва - Тверь - Великий Новгород - Санкт-Петербург (основное направление)";"11";"0";"г Москва пр-кт Ленинградский 47";"0,0";"1,0";"3,0";"4,0";
"492,0";"02,02,2018";"Южное Бутово";"";"Столкновение";"";"0";"0";"г Москва ш Варшавское 179 стр,1";"0,0";"2,0";"3,0";"4,0";
"493,0";"02,02,2018";"Лосиноостровский";"";"Наезд на пешехода";"";"0";"0";"г Москва ул Малыгина 5";"0,0";"1,0";"1,0";"2,0";
"494,0";"01,02,2018";"Щербинка";"";"Столкновение";"";"0";"0";"г Щербинка ул Восточная 2";"0,0";"1,0";"2,0";"2,0";
"495,0";"01,02,2018";"Бескудниковский";"";"Столкновение";"";"0";"0";"г Москва б-р Бескудниковский 20 к 1";"0,0";"3,0";"3,0";"4,0";
"496,0";"01,02,2018";"Чертаново Северное";"";"Столкновение";"";"0";"0";"г Москва ш Варшавское 125";"0,0";"1,0";"2,0";"2,0";
"497,0";"01,02,2018";"Северное Измайлово";"";"Наезд на пешехода";"";"0";"0";"г Москва б-р Сиреневый 30";"0,0";"1,0";"1,0";"2,0";
"498,0";"01,02,2018";"Северное Тушино";"";"Наезд на пешехода";"";"0";"0";"г Москва ул Планерная 7";"0,0";"1,0";"1,0";"2,0";
"499,0";"01,02,2018";"Академический";"";"Наезд на пешехода";"";"0";"0";"г Москва ул Шверника 11-3";"0,0";"1,0";"1,0";"2,0";
"500,0";"01,02,2018";"Сосенское";"";"Столкновение";"А-130 Москва - Малоярославец - Рославль - граница с Республикой Белоруссия (основное направление)";"28";"0";"  ";"0,0";"1,0";"3,0";"4,0";
"501,0";"01,02,2018";"Чертаново Южное";"";"Столкновение";"Московская кольцевая автомобильная дорога (МКАД) внутренняя сторона";"35";"0";"г Москва  ";"0,0";"1,0";"3,0";"3,0";
"502,0";"01,02,2018";"Выхино-Жулебино";"";"Наезд на препятствие";"Московская кольцевая автомобильная дорога (МКАД) внутренняя сторона";"9";"900";"г Москва км МКАД 10-й ";"0,0";"2,0";"2,0";"4,0";
"503,0";"01,02,2018";"Южное Тушино";"";"Столкновение";"";"0";"0";"г Москва проезд Светлогорский 7";"0,0";"3,0";"2,0";"5,0";
"504,0";"01,02,2018";"Зябликово";"";"Столкновение";"";"0";"0";"г Москва ул Мусы Джалиля 15 К1";"0,0";"2,0";"2,0";"4,0";
"505,0";"01,02,2018";"Измайлово";"";"Столкновение";"";"0";"0";"г Москва ул Первомайская 4";"0,0";"1,0";"2,0";"3,0";
"506,0";"01,02,2018";"Сокол";"";"Столкновение";"";"0";"0";"г Москва ш Волоколамское 15";"0,0";"1,0";"2,0";"2,0";
"507,0";"01,02,2018";"Фили-Давыдково";"";"Наезд на пешехода";"";"0";"0";"г Москва пр-кт Кутузовский 59";"0,0";"1,0";"1,0";"2,0";
"508,0";"01,02,2018";"Покровское-Стрешнево";"";"Наезд на пешехода";"";"0";"0";"г Москва  ";"0,0";"1,0";"1,0";"2,0";
"509,0";"01,02,2018";"Отрадное";"";"Наезд на пешехода";"";"0";"0";"г Москва проезд Якушкина 10";"0,0";"1,0";"1,0";"2,0";
"510,0";"01,02,2018";"Донской";"";"Наезд на пешехода";"";"0";"0";"г Москва пр-кт Севастопольский 7 К1";"0,0";"1,0";"1,0";"2,0";
"511,0";"01,02,2018";"Раменки";"";"Наезд на препятствие";"";"0";"0";"г Москва ул Минская 2к2";"0,0";"1,0";"1,0";"2,0";
"512,0";"01,02,2018";"Обручевский";"";"Наезд на пешехода";"";"0";"0";"г Москва ул Гарибальди 24 к,2";"0,0";"1,0";"1,0";"2,0";