"1,0";"31,01,2018";"Тимирязевский";"";"Столкновение";"";"0";"0";"г Москва ш Дмитровское 54 корпус 2";"0,0";"1,0";"2,0";"2,0";
"3,0";"31,01,2018";"Раменки";"";"Наезд на препятствие";"";"0";"0";"г Москва ул Косыгина 55";"0,0";"1,0";"1,0";"2,0";
"4,0";"31,01,2018";"Москворечье-Сабурово";"";"Столкновение";"";"0";"0";"г Москва ул Каспийская 2";"0,0";"1,0";"2,0";"3,0";
"5,0";"31,01,2018";"Басманный";"";"Наезд на пешехода";"";"0";"0";"г Москва ул Бакунинская 23 41";"0,0";"1,0";"1,0";"2,0";
"6,0";"31,01,2018";"Донской";"";"Падение пассажира";"";"0";"0";"г Москва ул Вавилова 5Д";"0,0";"1,0";"1,0";"2,0";
"7,0";"31,01,2018";"ГУ МВД 2 СП ДПС 2 бат,";"";"Столкновение";"М-9 Балтия Москва - Волоколамск - граница с Латвийской Республикой";"19";"0";"г Москва  ";"0,0";"1,0";"2,0";"2,0";
"8,0";"31,01,2018";"Лефортово";"";"Наезд на пешехода";"";"0";"0";"г Москва ш Энтузиастов 26";"0,0";"1,0";"1,0";"2,0";
"9,0";"31,01,2018";"Царицыно";"";"Наезд на пешехода";"";"0";"0";"г Москва б-р Кавказский 15";"0,0";"1,0";"1,0";"2,0";
"10,0";"31,01,2018";"Московский";"";"Столкновение";"";"0";"0";"г Московский ул Солнечная 2";"0,0";"1,0";"2,0";"2,0";
"11,0";"31,01,2018";"Даниловский";"";"Столкновение";"";"0";"0";"г Москва наб Павелецкая 2 СТР1";"0,0";"1,0";"3,0";"4,0";
"12,0";"31,01,2018";"Вороновское поселение";"";"Наезд на стоящее ТС";"А-130 Москва - Малоярославец - Рославль - граница с Республикой Белоруссия (основное направление)";"54";"0";"  ";"0,0";"1,0";"2,0";"3,0";
"13,0";"31,01,2018";"Люблино";"";"Столкновение";"";"0";"0";"г Москва ул Верхние Поля 19 корп,1";"0,0";"1,0";"2,0";"3,0";
"14,0";"31,01,2018";"Северный";"";"Столкновение";"";"0";"0";"г Москва ш Дмитровское 169, к,3";"0,0";"1,0";"2,0";"3,0";
"15,0";"31,01,2018";"Орехово-Борисово Северное";"";"Наезд на пешехода";"";"0";"0";"г Москва  ";"0,0";"1,0";"2,0";"2,0";
"16,0";"31,01,2018";"Хамовники";"";"Столкновение";"";"0";"0";"г Москва пр-кт Комсомольский 9а";"0,0";"1,0";"2,0";"2,0";
"17,0";"31,01,2018";"Лосиноостровский";"";"Столкновение";"";"0";"0";"г Москва ул Малыгина 4";"0,0";"1,0";"3,0";"3,0";
"18,0";"31,01,2018";"Крюково";"";"Столкновение";"";"0";"0";"г Зеленоград проезд 687-й проектируемый 2309";"0,0";"1,0";"2,0";"2,0";
"19,0";"31,01,2018";"Перово";"";"Наезд на пешехода";"";"0";"0";"г Москва ул Владимирская 1-я 15к1";"0,0";"1,0";"1,0";"2,0";
"20,0";"31,01,2018";"Ясенево";"";"Столкновение";"";"0";"0";"г Москва б-р Литовский 10к,1";"0,0";"4,0";"4,0";"5,0";
"21,0";"31,01,2018";"ГУ МВД 2 СП ДПС 2 бат,";"";"Наезд на пешехода";"А-106 Рублево-Успенское шоссе";"9";"0";"г Москва  ";"0,0";"1,0";"1,0";"2,0";
"22,0";"31,01,2018";"Западное Дегунино";"";"Столкновение";"Московская кольцевая автомобильная дорога (МКАД) внешняя сторона";"79";"0";"г Москва  ";"0,0";"1,0";"2,0";"3,0";
"23,0";"31,01,2018";"Коньково";"";"Столкновение";"";"0";"0";"г Москва ул Профсоюзная Островитянова";"0,0";"2,0";"2,0";"2,0";
"24,0";"31,01,2018";"Черемушки";"";"Столкновение";"";"0";"0";"г Москва проезд Научный 1аа";"0,0";"1,0";"2,0";"3,0";
"25,0";"31,01,2018";"Академический";"";"Наезд на пешехода";"";"0";"0";"г Москва ул Кедрова 14-1";"0,0";"1,0";"1,0";"2,0";
"26,0";"31,01,2018";"Сокол";"";"Наезд на препятствие";"М-10 Россия Москва - Тверь - Великий Новгород - Санкт-Петербург (основное направление)";"1";"0";"г Москва ш Ленинградское 1";"0,0";"1,0";"1,0";"1,0";
"27,0";"31,01,2018";"Печатники";"";"Столкновение";"";"0";"0";"г Москва проезд Угрешский 1-й 40";"0,0";"1,0";"2,0";"2,0";
"28,0";"31,01,2018";"Ярославский";"";"Наезд на препятствие";"Московская кольцевая автомобильная дорога (МКАД) внутренняя сторона";"96";"0";"г Москва  ";"0,0";"1,0";"1,0";"1,0";
"29,0";"31,01,2018";"Восточное Дегунино";"";"Наезд на пешехода";"";"0";"0";"г Москва ул 800-летия Москвы 30";"0,0";"1,0";"1,0";"2,0";
"30,0";"31,01,2018";"Сокол";"";"Наезд на препятствие";"М-10 Россия Москва - Тверь - Великий Новгород - Санкт-Петербург (основное направление)";"1";"0";"г Москва ш Ленинградское 1";"0,0";"12,0";"1,0";"13,0";
"31,0";"31,01,2018";"Печатники";"";"Столкновение";"";"0";"0";"г Москва ул Гурьянова 19";"0,0";"1,0";"2,0";"2,0";
"32,0";"30,01,2018";"Можайский";"";"Столкновение";"";"0";"0";"г Москва ш Сколковское 31";"0,0";"1,0";"2,0";"2,0";
"33,0";"30,01,2018";"Покровское-Стрешнево";"";"Столкновение";"";"0";"0";"г Москва ш Волоколамское 56";"0,0";"1,0";"2,0";"2,0";
"34,0";"30,01,2018";"Останкинский";"";"Наезд на пешехода";"";"0";"0";"г Москва ул Академика Королева 9";"0,0";"1,0";"1,0";"2,0";
"35,0";"30,01,2018";"Сосенское";"";"Наезд на препятствие";"А-130 Москва - Малоярославец - Рославль - граница с Республикой Белоруссия (основное направление)";"24";"0";"  ";"0,0";"1,0";"1,0";"2,0";
"36,0";"30,01,2018";"Орехово-Борисово Южное";"";"Наезд на пешехода";"";"0";"0";"г Москва ул Ясеневая 27 25";"0,0";"1,0";"1,0";"2,0";
"37,0";"30,01,2018";"Басманный";"";"Столкновение";"";"0";"0";"г Москва ул Басманная Стар, 18стр,2";"0,0";"1,0";"2,0";"2,0";
"38,0";"30,01,2018";"Люблино";"";"Наезд на препятствие";"";"0";"0";"г Москва ул Краснодарская 57к1";"0,0";"1,0";"1,0";"2,0";
"39,0";"30,01,2018";"Нагатинский затон";"";"Наезд на пешехода";"";"0";"0";"г Москва наб Нагатинская 48";"0,0";"1,0";"1,0";"2,0";
"40,0";"30,01,2018";"Гольяново";"";"Наезд на препятствие";"Московская кольцевая автомобильная дорога (МКАД) внешняя сторона";"103";"300";"г Москва  ";"0,0";"1,0";"1,0";"2,0";
"41,0";"30,01,2018";"Беговой";"";"Наезд на стоящее ТС";"";"0";"0";"г Москва ул Башиловка Н, 4";"0,0";"2,0";"3,0";"3,0";
"42,0";"30,01,2018";"Лосиноостровский";"";"Наезд на пешехода";"";"0";"0";"г Москва проезд Осташковский 12";"0,0";"2,0";"1,0";"3,0";
"43,0";"30,01,2018";"Выхино-Жулебино";"";"Наезд на стоящее ТС";"";"0";"0";"г Москва пр-кт Лермонтовский 8";"0,0";"1,0";"2,0";"2,0";
"44,0";"30,01,2018";"Северный";"";"Столкновение";"";"0";"0";"г Москва ш Челобитьевское 12,корп,4";"0,0";"1,0";"3,0";"3,0";
"45,0";"30,01,2018";"Северное Измайлово";"";"Столкновение";"Московская кольцевая автомобильная дорога (МКАД) внешняя сторона";"105";"400";"г Москва  ";"0,0";"1,0";"2,0";"2,0";
"46,0";"30,01,2018";"Лефортово";"";"Наезд на пешехода";"";"0";"0";"г Москва ул Авиамоторная 9";"0,0";"1,0";"1,0";"2,0";
"47,0";"30,01,2018";"Кузьминки";"";"Столкновение";"";"0";"0";"г Москва ул Юных Ленинцев 51";"0,0";"1,0";"2,0";"3,0";
"48,0";"30,01,2018";"Соколиная гора";"";"Наезд на пешехода";"";"0";"0";"г Москва ул Вельяминовская 9";"0,0";"1,0";"1,0";"2,0";
"49,0";"30,01,2018";"Орехово-Борисово Северное";"";"Падение пассажира";"";"0";"0";"г Москва проезд Борисовский 24 СТР2";"0,0";"1,0";"1,0";"2,0";
"50,0";"30,01,2018";"Печатники";"";"Столкновение";"";"0";"0";"г Москва пр-кт Волгоградский 47Б, стр, 1";"0,0";"1,0";"2,0";"3,0";
"51,0";"30,01,2018";"Силино";"";"Наезд на препятствие";"";"0";"0";"г Зеленоград пр-кт Панфиловский 6";"0,0";"1,0";"1,0";"1,0";
"52,0";"30,01,2018";"Кунцево";"";"Наезд на пешехода";"";"0";"0";"г Москва ул Ярцевская 32";"0,0";"1,0";"1,0";"2,0";
"53,0";"30,01,2018";"Преображенское";"";"Столкновение";"";"0";"0";"г Москва ул Краснобогатырская 89";"0,0";"1,0";"2,0";"2,0";
"54,0";"30,01,2018";"Головинский";"";"Столкновение";"";"0";"0";"г Москва пер Лихачёвский 4-й 5";"0,0";"1,0";"4,0";"4,0";
"55,0";"30,01,2018";"Молжаниновский";"";"Столкновение";"";"0";"0";"г Москва ул Подрезковская 2-я 18";"0,0";"1,0";"2,0";"2,0";
"56,0";"29,01,2018";"Проспект Вернадского";"";"Столкновение";"";"0";"0";"г Москва ул Лобачевского 90";"0,0";"1,0";"2,0";"2,0";
"57,0";"29,01,2018";"Западное Дегунино";"";"Наезд на препятствие";"";"0";"0";"г Москва км МКАД 79-й 1";"0,0";"1,0";"1,0";"1,0";
"58,0";"29,01,2018";"Северное Измайлово";"";"Столкновение";"";"0";"0";"г Москва ш Щёлковское 60";"0,0";"1,0";"2,0";"3,0";
"59,0";"29,01,2018";"Северное Тушино";"";"Наезд на пешехода";"";"0";"0";"г Москва ул Героев Панфиловцев 20";"0,0";"1,0";"1,0";"2,0";
"60,0";"29,01,2018";"Южное Тушино";"";"Наезд на пешехода";"";"0";"0";"г Москва ул Аэродромная 12";"0,0";"1,0";"1,0";"2,0";
"61,0";"29,01,2018";"Хорошево-Мневники";"";"Столкновение";"";"0";"0";"г Москва пр-кт Маршала Жукова 48";"0,0";"1,0";"2,0";"2,0";
"62,0";"29,01,2018";"Лефортово";"";"Столкновение";"";"0";"0";"г Москва ш Энтузиастов 15б";"0,0";"1,0";"3,0";"3,0";
"63,0";"29,01,2018";"Даниловский";"";"Наезд на пешехода";"";"0";"0";"г Москва наб Дербеневская 13 17 К5";"0,0";"1,0";"1,0";"2,0";
"64,0";"29,01,2018";"Бутырский";"";"Наезд на пешехода";"";"0";"0";"г Москва ул Руставели 14";"0,0";"1,0";"1,0";"2,0";
"65,0";"29,01,2018";"Обручевский";"";"Наезд на пешехода";"";"0";"0";"г Москва пр-кт Ленинский 99";"0,0";"1,0";"1,0";"2,0";
"66,0";"29,01,2018";"Можайский";"";"Столкновение";"Московская кольцевая автомобильная дорога (МКАД) внутренняя сторона";"52";"600";"г Москва  ";"0,0";"1,0";"2,0";"3,0";
"67,0";"29,01,2018";"Кузьминки";"";"Наезд на пешехода";"";"0";"0";"г Москва ул Юных Ленинцев 34";"1,0";"0,0";"1,0";"2,0";
"68,0";"29,01,2018";"Северное Измайлово";"";"Наезд на пешехода";"";"0";"0";"г Москва б-р Сиреневый 2";"0,0";"1,0";"1,0";"2,0";
"69,0";"29,01,2018";"Марьино";"";"Столкновение";"";"0";"0";"г Москва ул Поречная 3 к1";"0,0";"1,0";"2,0";"3,0";
"70,0";"29,01,2018";"Академический";"";"Столкновение";"";"0";"0";"г Москва ул Вавилова 13А";"0,0";"1,0";"2,0";"3,0";
"71,0";"29,01,2018";"Красносельский";"";"Столкновение";"";"0";"0";"г Москва пер Орликов 8";"0,0";"1,0";"2,0";"3,0";
"72,0";"29,01,2018";"Очаково-Матвеевское";"";"Столкновение";"";"0";"0";"п Матвеевское ул Озёрная 37";"0,0";"2,0";"2,0";"4,0";
"73,0";"29,01,2018";"Щаповское поселение";"";"Столкновение";"";"0";"0";"  ";"0,0";"2,0";"2,0";"2,0";
"74,0";"29,01,2018";"Фили-Давыдково";"";"Столкновение";"";"0";"0";"г Москва пр-кт Кутузовский 52";"0,0";"1,0";"3,0";"4,0";
"75,0";"29,01,2018";"Басманный";"";"Наезд на пешехода";"";"0";"0";"г Москва ул Садовая-Черногрязская 14-19";"0,0";"1,0";"1,0";"2,0";
"76,0";"29,01,2018";"Бабушкинский";"";"Столкновение";"";"0";"0";"г Москва ул Енисейская 45а";"0,0";"1,0";"2,0";"3,0";
"77,0";"29,01,2018";"Выхино-Жулебино";"";"Столкновение";"Московская кольцевая автомобильная дорога (МКАД) внутренняя сторона";"8";"0";"г Москва  ";"0,0";"1,0";"2,0";"3,0";
"78,0";"29,01,2018";"Свиблово";"";"Наезд на пешехода";"";"0";"0";"п Свиблово проезд Серебрякова 2, корп,1";"0,0";"1,0";"1,0";"2,0";
"79,0";"29,01,2018";"Пресненский";"";"Наезд на пешехода";"";"0";"0";"г Москва ул Заморёнова 30";"1,0";"0,0";"1,0";"2,0";
"80,0";"29,01,2018";"Нагатинский затон";"";"Столкновение";"";"0";"0";"г Москва пр-кт Андропова 37";"0,0";"1,0";"3,0";"3,0";
"81,0";"29,01,2018";"Марьина роща";"";"Столкновение";"";"0";"0";"г Москва ул Полковая 3";"0,0";"1,0";"2,0";"3,0";
"82,0";"29,01,2018";"Люблино";"";"Наезд на пешехода";"";"0";"0";"г Москва ул Краснодарская 48";"0,0";"1,0";"1,0";"2,0";
"83,0";"28,01,2018";"Тропарево-Никулино";"";"Столкновение";"";"0";"0";"г Москва ул Коштоянца 20";"0,0";"1,0";"2,0";"2,0";
"84,0";"28,01,2018";"Южное Бутово";"";"Столкновение";"";"0";"0";"г Москва ш Варшавское 201";"0,0";"1,0";"2,0";"2,0";
"85,0";"28,01,2018";"Таганский";"";"Наезд на препятствие";"";"0";"0";"г Москва ул Абельмановская 9";"0,0";"1,0";"1,0";"1,0";
"86,0";"28,01,2018";"Таганский";"";"Наезд на пешехода";"";"0";"0";"г Москва ул Нижегородская 16";"0,0";"1,0";"1,0";"2,0";
"87,0";"28,01,2018";"Вешняки";"";"Столкновение";"Московская кольцевая автомобильная дорога (МКАД) внутренняя сторона";"4";"100";"г Москва км МКАД 5-й 0";"0,0";"1,0";"2,0";"2,0";
"88,0";"28,01,2018";"Очаково-Матвеевское";"";"Наезд на препятствие";"Московская кольцевая автомобильная дорога (МКАД) внешняя сторона";"51";"150";"п Матвеевское  ";"0,0";"1,0";"1,0";"1,0";
"89,0";"28,01,2018";"Кунцево";"";"Наезд на стоящее ТС";"Московская кольцевая автомобильная дорога (МКАД) внешняя сторона";"59";"250";"г Москва  ";"0,0";"1,0";"2,0";"2,0";
"90,0";"28,01,2018";"ГУ МВД 2 СП ДПС 2 бат,";"";"Наезд на препятствие";"А-106 Рублево-Успенское шоссе";"21";"0";"г Москва  ";"0,0";"1,0";"1,0";"1,0";
"91,0";"28,01,2018";"Тимирязевский";"";"Наезд на препятствие";"";"0";"0";"г Москва ш Дмитровское 55, корп,1";"0,0";"1,0";"1,0";"1,0";
"92,0";"28,01,2018";"Люблино";"";"Наезд на препятствие";"Московская кольцевая автомобильная дорога (МКАД) внешняя сторона";"14";"0";"г Москва  ";"0,0";"1,0";"1,0";"2,0";
"93,0";"28,01,2018";"Филимонковское";"";"Столкновение";"М-3 Украина Москва - Калуга - Брянск - граница с Украиной (основное направление)";"29";"99";"  ";"0,0";"1,0";"3,0";"3,0";
"94,0";"28,01,2018";"Люблино";"";"Наезд на пешехода";"";"0";"0";"г Москва ул Краснодонская 2";"0,0";"1,0";"1,0";"2,0";
"95,0";"27,01,2018";"Бибирево";"";"Столкновение";"Московская кольцевая автомобильная дорога (МКАД) внутренняя сторона";"86";"800";"г Москва  ";"0,0";"2,0";"3,0";"4,0";
"96,0";"27,01,2018";"Ивановское";"";"Наезд на пешехода";"";"0";"0";"г Москва пр-кт Свободный 9";"0,0";"1,0";"1,0";"2,0";
"97,0";"27,01,2018";"Северное Медведково";"";"Столкновение";"Московская кольцевая автомобильная дорога (МКАД) внутренняя сторона";"90";"300";"г Москва  ";"0,0";"1,0";"2,0";"2,0";
"98,0";"27,01,2018";"Покровское-Стрешнево";"";"Столкновение";"";"0";"0";"г Москва ш Волоколамское 86";"0,0";"1,0";"2,0";"2,0";
"99,0";"27,01,2018";"Строгино";"";"Столкновение";"";"0";"0";"г Москва ул Исаковского 2";"0,0";"2,0";"2,0";"3,0";
"100,0";"27,01,2018";"Алексеевский";"";"Столкновение";"";"0";"0";"г Москва пр-кт Мира 184 к,1";"0,0";"1,0";"2,0";"3,0";
"101,0";"27,01,2018";"Сосенское";"";"Столкновение";"";"0";"0";" ул Александры Монаховой 21стр1";"0,0";"1,0";"2,0";"3,0";
"102,0";"27,01,2018";"Люблино";"";"Столкновение";"";"0";"0";"г Москва б-р Тихорецкий 1 стр,22";"0,0";"2,0";"2,0";"3,0";
"103,0";"27,01,2018";"Ломоносовский";"";"Наезд на пешехода";"";"0";"0";"г Москва ул Вавилова 74";"0,0";"1,0";"1,0";"2,0";
"104,0";"27,01,2018";"Бибирево";"";"Наезд на пешехода";"";"0";"0";"г Москва ул Пришвина 13";"0,0";"1,0";"1,0";"2,0";
"105,0";"27,01,2018";"Нагатино-Садовники";"";"Наезд на препятствие";"";"0";"0";"г Москва ш Варшавское 47 К1";"0,0";"1,0";"2,0";"2,0";
"106,0";"27,01,2018";"Орехово-Борисово Северное";"";"Столкновение";"";"0";"0";"г Москва ш Каширское 61 К2";"3,0";"0,0";"2,0";"4,0";
"107,0";"27,01,2018";"Даниловский";"";"Наезд на пешехода";"";"0";"0";"г Москва ул Велозаводская 9";"0,0";"1,0";"1,0";"2,0";
"108,0";"27,01,2018";"Капотня";"";"Столкновение";"Московская кольцевая автомобильная дорога (МКАД) внешняя сторона";"18";"0";"г Москва км МКАД 18-й ";"0,0";"1,0";"2,0";"2,0";
"109,0";"27,01,2018";"Капотня";"";"Столкновение";"Московская кольцевая автомобильная дорога (МКАД) внутренняя сторона";"18";"400";"г Москва км МКАД 18-й 400";"0,0";"1,0";"3,0";"4,0";
"110,0";"27,01,2018";"Крюково";"";"Наезд на пешехода";"";"0";"0";"г Зеленоград пр-кт Панфиловский 1549";"0,0";"1,0";"1,0";"2,0";
"111,0";"27,01,2018";"Люблино";"";"Наезд на пешехода";"";"0";"0";"г Москва ул Ставропольская 84";"0,0";"1,0";"1,0";"2,0";
"112,0";"27,01,2018";"Гольяново";"";"Наезд на пешехода";"";"0";"0";"г Москва ул Уссурийская 9";"0,0";"1,0";"1,0";"2,0";
"113,0";"26,01,2018";"Отрадное";"";"Падение пассажира";"";"0";"0";"г Москва проезд Отрадный 3А";"0,0";"1,0";"1,0";"2,0";
"114,0";"26,01,2018";"Ивановское";"";"Наезд на пешехода";"";"0";"0";"г Москва проезд Напольный 10";"0,0";"1,0";"1,0";"2,0";
"115,0";"26,01,2018";"Сосенское";"";"Наезд на пешехода";"";"0";"0";"  ";"0,0";"1,0";"1,0";"2,0";
"116,0";"26,01,2018";"Солнцево";"";"Столкновение";"";"0";"0";"г Москва ш Боровское 6";"0,0";"3,0";"2,0";"5,0";
"117,0";"26,01,2018";"Левобережный";"";"Наезд на пешехода";"М-10 Россия Москва - Тверь - Великий Новгород - Санкт-Петербург (основное направление)";"17";"0";"г Москва ш Ленинградское 110 2";"1,0";"0,0";"1,0";"2,0";
"118,0";"26,01,2018";"Котловка";"";"Наезд на пешехода";"";"0";"0";"г Москва ул Нагорная 44к,1";"0,0";"1,0";"1,0";"2,0";
"119,0";"26,01,2018";"ГУ МВД 2 СП ДПС 2 бат,";"";"Столкновение";"А-106 Рублево-Успенское шоссе";"15";"0";"г Москва  ";"0,0";"1,0";"4,0";"5,0";
"120,0";"26,01,2018";"Рязановское";"";"Наезд на пешехода";"";"0";"0";"  ";"0,0";"1,0";"1,0";"2,0";
"121,0";"26,01,2018";"Хорошевский";"";"Наезд на пешехода";"";"0";"0";"г Москва проезд Берёзовой Рощи 2";"0,0";"1,0";"1,0";"2,0";
"122,0";"26,01,2018";"Орехово-Борисово Южное";"";"Столкновение";"";"0";"0";"г Москва ш Каширское 150";"0,0";"1,0";"2,0";"2,0";
"123,0";"26,01,2018";"Пресненский";"";"Наезд на препятствие";"Третье транспортное кольцо (внешняя сторона)";"19";"0";"г Москва ул Тестовская 10";"0,0";"1,0";"1,0";"1,0";
"124,0";"26,01,2018";"Метрогородок";"";"Наезд на гужевой транспорт";"";"0";"0";"г Москва  ";"0,0";"1,0";"2,0";"2,0";
"125,0";"26,01,2018";"Даниловский";"";"Столкновение";"";"0";"0";"г Москва ул Трофимова 8";"0,0";"1,0";"2,0";"3,0";
"126,0";"26,01,2018";"Раменки";"";"Наезд на пешехода";"";"0";"0";"г Москва ул Удальцова 40а";"1,0";"0,0";"1,0";"2,0";
"127,0";"26,01,2018";"Царицыно";"";"Столкновение";"";"0";"0";"г Москва ул Каспийская 40";"0,0";"1,0";"2,0";"3,0";
"128,0";"26,01,2018";"Дорогомилово";"";"Наезд на препятствие";"Третье транспортное кольцо (внутренняя сторона)";"17";"0";"г Москва наб Тараса Шевченко 29";"0,0";"2,0";"1,0";"2,0";
"129,0";"26,01,2018";"Московский";"";"Столкновение";"М-3 Украина Москва - Калуга - Брянск - граница с Украиной (основное направление)";"22";"600";"  ";"0,0";"1,0";"3,0";"3,0";
"130,0";"26,01,2018";"Черемушки";"";"Наезд на пешехода";"";"0";"0";"г Москва ул Зюзинская 6";"0,0";"1,0";"1,0";"2,0";
"131,0";"26,01,2018";"Новогиреево";"";"Столкновение";"";"0";"0";"г Москва ул Фрязевская 1с1";"0,0";"1,0";"2,0";"2,0";
"132,0";"26,01,2018";"Сокольники";"";"Наезд на пешехода";"";"0";"0";"г Москва ул Гастелло 41";"0,0";"1,0";"1,0";"2,0";
"133,0";"26,01,2018";"Крюково";"";"Столкновение";"";"0";"0";"г Зеленоград ул Александровка 1427";"0,0";"1,0";"2,0";"2,0";
"134,0";"25,01,2018";"Бирюлево Восточное";"";"Наезд на пешехода";"";"0";"0";"г Москва ул Михневская 19 К1";"0,0";"2,0";"1,0";"3,0";
"135,0";"25,01,2018";"Бирюлево Восточное";"";"Наезд на пешехода";"";"0";"0";"г Москва ул Липецкая 48";"0,0";"1,0";"1,0";"2,0";
"136,0";"25,01,2018";"Северное Медведково";"";"Падение пассажира";"";"0";"0";"г Москва ул Широкая 6к,4";"0,0";"1,0";"1,0";"2,0";
"137,0";"25,01,2018";"Крюково";"";"Наезд на стоящее ТС";"";"0";"0";"г Зеленоград ул Заводская 38 стр 2";"0,0";"1,0";"2,0";"2,0";
"138,0";"25,01,2018";"Лефортово";"";"Наезд на пешехода";"";"0";"0";"г Москва пер Юрьевский 22к1";"0,0";"1,0";"1,0";"2,0";
"139,0";"25,01,2018";"Восточное Дегунино";"";"Падение пассажира";"";"0";"0";"г Москва ул Дубнинская 79, вл,2";"0,0";"1,0";"1,0";"2,0";
"140,0";"25,01,2018";"Тимирязевский";"";"Наезд на пешехода";"";"0";"0";"г Москва ул Костякова 15";"0,0";"1,0";"1,0";"2,0";
"141,0";"25,01,2018";"Марьино";"";"Наезд на пешехода";"";"0";"0";"г Москва ул Подольская 33";"0,0";"1,0";"1,0";"2,0";
"142,0";"25,01,2018";"Нижегородский";"";"Наезд на препятствие";"";"0";"0";"г Москва проезд Остаповский 5, стр, 16";"0,0";"1,0";"1,0";"2,0";
"143,0";"25,01,2018";"Северный";"";"Наезд на пешехода";"";"0";"0";"г Москва ш Челобитьевское 2 к,1";"0,0";"1,0";"1,0";"2,0";
"144,0";"25,01,2018";"Текстильщики";"";"Наезд на пешехода";"";"0";"0";"г Москва ул Текстильщиков 8-я 18";"0,0";"1,0";"1,0";"2,0";
"145,0";"25,01,2018";"ГУ МВД 2 СП ДПС 2 бат,";"";"Наезд на стоящее ТС";"М-9 Балтия Москва - Волоколамск - граница с Латвийской Республикой";"20";"0";"г Москва  ";"0,0";"2,0";"2,0";"3,0";
"146,0";"25,01,2018";"Восточное Измайлово";"";"Наезд на пешехода";"";"0";"0";"г Москва ул Парковая 16-я 6";"0,0";"1,0";"1,0";"2,0";
"147,0";"25,01,2018";"Покровское-Стрешнево";"";"Наезд на пешехода";"";"0";"0";"г Москва ш Волоколамское 52";"0,0";"1,0";"1,0";"2,0";
"148,0";"25,01,2018";"Северное Бутово";"";"Падение пассажира";"";"0";"0";"п Бутово ул Куликовская 5";"0,0";"1,0";"1,0";"2,0";
"149,0";"25,01,2018";"Якиманка";"";"Наезд на стоящее ТС";"";"0";"0";"г Москва пр-кт Ленинский 6";"0,0";"1,0";"5,0";"5,0";
"150,0";"25,01,2018";"Митино";"";"Столкновение";"";"0";"0";"г Москва ул Барышиха 10";"0,0";"1,0";"2,0";"2,0";
"151,0";"25,01,2018";"Донской";"";"Столкновение";"";"0";"0";"г Москва ш Варшавское 5";"0,0";"2,0";"2,0";"4,0";
"152,0";"25,01,2018";"Тимирязевский";"";"Столкновение";"";"0";"0";"г Москва ул Костякова 8 6";"0,0";"1,0";"2,0";"2,0";
"153,0";"25,01,2018";"Вешняки";"";"Столкновение";"";"0";"0";"г Москва ул Молдагуловой 16к1";"0,0";"1,0";"2,0";"2,0";
"154,0";"25,01,2018";"Алексеевский";"";"Столкновение";"";"0";"0";"г Москва ул Бориса Галушкина 7";"0,0";"1,0";"2,0";"2,0";
"155,0";"25,01,2018";"Московский";"";"Наезд на стоящее ТС";"М-3 Украина Москва - Калуга - Брянск - граница с Украиной (основное направление)";"24";"500";"  ";"0,0";"1,0";"2,0";"3,0";
"156,0";"25,01,2018";"Тропарево-Никулино";"";"Наезд на пешехода";"";"0";"0";"г Москва ул 26-ти Бакинских Комиссаров 8 к,1";"0,0";"1,0";"1,0";"2,0";
"157,0";"25,01,2018";"Беговой";"";"Наезд на пешехода";"М-10 Россия Москва - Тверь - Великий Новгород - Санкт-Петербург (основное направление)";"6";"0";"г Москва пр-кт Ленинградский 3";"0,0";"1,0";"1,0";"2,0";
"158,0";"25,01,2018";"Таганский";"";"Наезд на пешехода";"";"0";"0";"г Москва ул Нижегородская 25";"1,0";"0,0";"1,0";"2,0";
"159,0";"25,01,2018";"Преображенское";"";"Столкновение";"";"0";"0";"г Москва ул Черкизовская Б, 5";"0,0";"1,0";"2,0";"3,0";
"160,0";"25,01,2018";"Головинский";"";"Падение пассажира";"";"0";"0";"г Москва ул Флотская 23к1";"0,0";"1,0";"1,0";"2,0";
"161,0";"25,01,2018";"ГУ МВД 2 СП ДПС 2 бат,";"";"Столкновение";"М-1 строящаяся транспортная развязка на пересечении Подушкинского шоссе со строящимся новым выходом МКАД от а/д М-1";"5";"0";"г Москва  ";"0,0";"1,0";"2,0";"2,0";
"162,0";"25,01,2018";"Донской";"";"Наезд на пешехода";"";"0";"0";"г Москва ул Автозаводская 23";"1,0";"1,0";"3,0";"3,0";
"163,0";"25,01,2018";"Кунцево";"";"Наезд на пешехода";"";"0";"0";"г Москва км Новорижское шоссе 22-й вл,1 стр,1";"0,0";"1,0";"1,0";"2,0";
"164,0";"24,01,2018";"Таганский";"";"Столкновение";"";"0";"0";"г Москва ул Солянка 14";"0,0";"2,0";"2,0";"4,0";
"165,0";"24,01,2018";"Метрогородок";"";"Падение пассажира";"";"0";"0";"г Москва ш Открытое 24к9";"0,0";"1,0";"1,0";"2,0";
"166,0";"24,01,2018";"Десёновское";"";"Столкновение";"А-130 Москва - Малоярославец - Рославль - граница с Республикой Белоруссия (основное направление)";"34";"0";"  ";"0,0";"4,0";"2,0";"5,0";
"167,0";"24,01,2018";"Бабушкинский";"";"Столкновение";"";"0";"0";"г Москва ул Енисейская 17 кор,1";"0,0";"1,0";"2,0";"2,0";
"168,0";"24,01,2018";"Даниловский";"";"Наезд на пешехода";"";"0";"0";"г Москва ул Дербеневская 7 СТР21";"0,0";"1,0";"1,0";"2,0";
"169,0";"24,01,2018";"Нагатино-Садовники";"";"Столкновение";"";"0";"0";"г Москва пр-кт Андропова 32 37";"0,0";"1,0";"2,0";"3,0";
"170,0";"24,01,2018";"Алтуфьевский";"";"Наезд на пешехода";"";"0";"0";"г Москва ш Алтуфьевское 70а";"0,0";"1,0";"1,0";"2,0";
"171,0";"24,01,2018";"Алексеевский";"";"Наезд на пешехода";"";"0";"0";"г Москва ул Бориса Галушкина 7";"0,0";"1,0";"1,0";"2,0";
"172,0";"24,01,2018";"Гагаринский";"";"Столкновение";"";"0";"0";"г Москва пр-кт Ломоносовский 4";"0,0";"1,0";"2,0";"3,0";
"173,0";"24,01,2018";"Даниловский";"";"Наезд на пешехода";"";"0";"0";"г Москва ул Мытная 62";"0,0";"1,0";"1,0";"2,0";
"174,0";"24,01,2018";"Донской";"";"Наезд на стоящее ТС";"";"0";"0";"г Москва пр-кт Ленинский 29";"0,0";"2,0";"3,0";"3,0";
"175,0";"24,01,2018";"Мещанский";"";"Наезд на пешехода";"";"0";"0";"г Москва пр-кт Мира 68";"1,0";"3,0";"1,0";"5,0";
"176,0";"24,01,2018";"Рязанский";"";"Наезд на пешехода";"";"0";"0";"г Москва ул Академика Скрябина 6";"0,0";"1,0";"1,0";"2,0";
"177,0";"24,01,2018";"Ярославский";"";"Столкновение";"";"0";"0";"г Москва ш Ярославское 142";"0,0";"1,0";"3,0";"2,0";
"178,0";"24,01,2018";"Сокольники";"";"Столкновение";"";"0";"0";"г Москва проезд Ростокинский 15";"0,0";"1,0";"3,0";"3,0";
"179,0";"24,01,2018";"Ново-Переделкино";"";"Наезд на пешехода";"";"0";"0";"г Москва ул Лукинская 19";"1,0";"0,0";"1,0";"2,0";
"180,0";"24,01,2018";"Можайский";"";"Наезд на пешехода";"";"0";"0";"г Москва ш Можайское 31";"0,0";"1,0";"1,0";"2,0";
"181,0";"24,01,2018";"Гагаринский";"";"Наезд на пешехода";"";"0";"0";"г Москва пр-кт Ленинский 43";"0,0";"1,0";"1,0";"2,0";
"182,0";"24,01,2018";"Вороновское поселение";"";"Съезд с дороги";"";"0";"0";"  ";"0,0";"1,0";"1,0";"1,0";
"183,0";"23,01,2018";"Гольяново";"";"Столкновение";"";"0";"0";"г Москва ш Щёлковское 85к1";"0,0";"1,0";"3,0";"4,0";
"184,0";"23,01,2018";"Даниловский";"";"Наезд на пешехода";"";"0";"0";"г Москва ул Дербеневская 1";"0,0";"1,0";"1,0";"2,0";
"185,0";"23,01,2018";"Мещанский";"";"Столкновение";"Третье транспортное кольцо (внешняя сторона)";"29";"0";"г Москва пер Крестовский 2-й 8";"0,0";"1,0";"4,0";"5,0";
"186,0";"23,01,2018";"Замоскворечье";"";"Наезд на пешехода";"";"0";"0";"г Москва ул Новокузнецкая 20 21-19стр1";"0,0";"1,0";"1,0";"2,0";
"187,0";"23,01,2018";"Южнопортовый";"";"Наезд на пешехода";"";"0";"0";"г Москва ул Южнопортовая 24 стр,2";"0,0";"1,0";"1,0";"2,0";
"188,0";"23,01,2018";"Кунцево";"";"Столкновение";"Московская кольцевая автомобильная дорога (МКАД) внутренняя сторона";"60";"0";"г Москва  ";"0,0";"1,0";"2,0";"2,0";
"189,0";"23,01,2018";"Пресненский";"";"Наезд на препятствие";"";"0";"0";"г Москва наб Краснопресненская 2";"0,0";"1,0";"2,0";"2,0";
"190,0";"23,01,2018";"Отрадное";"";"Наезд на пешехода";"";"0";"0";"г Москва ул Мусоргского 11";"0,0";"1,0";"1,0";"2,0";
"191,0";"23,01,2018";"Бутырский";"";"Наезд на пешехода";"";"0";"0";"г Москва ул Руставели 6А";"0,0";"1,0";"1,0";"2,0";
"192,0";"23,01,2018";"Пресненский";"";"Столкновение";"";"0";"0";"г Москва проезд Шмитовский 18А стр,1";"0,0";"1,0";"3,0";"4,0";
"193,0";"23,01,2018";"Якиманка";"";"Наезд на пешехода";"";"0";"0";"г Москва ул Якиманка Б, 18";"0,0";"1,0";"1,0";"2,0";
"194,0";"23,01,2018";"Лефортово";"";"Наезд на пешехода";"";"0";"0";"г Москва ул Авиамоторная 8";"0,0";"1,0";"1,0";"2,0";
"195,0";"23,01,2018";"Орехово-Борисово Южное";"";"Столкновение";"Московская кольцевая автомобильная дорога (МКАД) внутренняя сторона";"24";"0";"г Москва  ";"0,0";"1,0";"2,0";"3,0";
"196,0";"23,01,2018";"Марфино";"";"Столкновение";"";"0";"0";"г Москва ул Академика Комарова 1";"0,0";"1,0";"2,0";"2,0";
"197,0";"23,01,2018";"Митино";"";"Столкновение";"";"0";"0";"г Москва ш Пятницкое 40";"0,0";"1,0";"3,0";"3,0";
"198,0";"23,01,2018";"Марьина роща";"";"Наезд на пешехода";"";"0";"0";"г Москва ул Образцова 7";"0,0";"1,0";"1,0";"2,0";
"199,0";"23,01,2018";"Очаково-Матвеевское";"";"Столкновение";"Московская кольцевая автомобильная дорога (МКАД) внутренняя сторона";"48";"0";"п Матвеевское  ";"0,0";"1,0";"2,0";"2,0";
"200,0";"23,01,2018";"Южное Тушино";"";"Наезд на пешехода";"";"0";"0";"г Москва ул Василия Петушкова 7";"0,0";"2,0";"1,0";"3,0";
"201,0";"23,01,2018";"Текстильщики";"";"Наезд на пешехода";"";"0";"0";"г Москва б-р Волжский 51А";"0,0";"1,0";"1,0";"2,0";
"202,0";"23,01,2018";"Замоскворечье";"";"Наезд на стоящее ТС";"";"0";"0";"г Москва наб Космодамианская 24";"0,0";"1,0";"2,0";"2,0";
"203,0";"23,01,2018";"Черемушки";"";"Наезд на пешехода";"";"0";"0";"г Москва ул Новочерёмушкинская 63";"0,0";"2,0";"1,0";"2,0";
"204,0";"22,01,2018";"Бабушкинский";"";"Столкновение";"";"0";"0";"г Москва ул Лётчика Бабушкина 25";"0,0";"1,0";"4,0";"5,0";
"205,0";"22,01,2018";"Вешняки";"";"Столкновение";"Московская кольцевая автомобильная дорога (МКАД) внутренняя сторона";"6";"800";"г Москва  ";"0,0";"1,0";"4,0";"3,0";
"206,0";"22,01,2018";"Матушкино";"";"Столкновение";"";"0";"0";"г Зеленоград проезд Западный 2-й 6";"0,0";"1,0";"2,0";"2,0";
"207,0";"22,01,2018";"Восточное Дегунино";"";"Наезд на пешехода";"";"0";"0";"г Москва ул Дубнинская 71 к, 1";"0,0";"1,0";"1,0";"2,0";
"208,0";"22,01,2018";"Даниловский";"";"Наезд на пешехода";"";"0";"0";"г Москва  ";"0,0";"1,0";"1,0";"2,0";
"209,0";"22,01,2018";"Коньково";"";"Наезд на пешехода";"";"0";"0";"г Москва ул Обручева вл,42а";"0,0";"1,0";"1,0";"2,0";
"210,0";"22,01,2018";"Свиблово";"";"Столкновение";"";"0";"0";"п Свиблово пр-кт Мира 211А";"0,0";"1,0";"3,0";"3,0";
"211,0";"22,01,2018";"Тимирязевский";"";"Столкновение";"";"0";"0";"г Москва ш Дмитровское 37 к, 1";"0,0";"1,0";"3,0";"4,0";
"212,0";"22,01,2018";"Измайлово";"";"Наезд на пешехода";"";"0";"0";"г Москва  ";"0,0";"1,0";"1,0";"2,0";
"213,0";"22,01,2018";"Марушкинское";"";"Наезд на пешехода";"";"0";"0";"д Давыдково снт Весна 1";"0,0";"1,0";"1,0";"2,0";
"214,0";"22,01,2018";"ГУ МВД 2 СП ДПС 2 бат,";"";"Столкновение";"М-10 Россия Москва - Тверь - Великий Новгород - Санкт-Петербург (основное направление)";"23";"0";"г Москва ш Ленинградское вл, 24 б";"0,0";"2,0";"2,0";"3,0";
"215,0";"22,01,2018";"Ивановское";"";"Столкновение";"Московская кольцевая автомобильная дорога (МКАД) внешняя сторона";"3";"0";"г Москва км МКАД 3-й 0";"0,0";"1,0";"2,0";"3,0";
"216,0";"22,01,2018";"Теплый Стан";"";"Столкновение";"Московская кольцевая автомобильная дорога (МКАД) внешняя сторона";"40";"650";"г Москва  ";"0,0";"2,0";"3,0";"5,0";
"217,0";"22,01,2018";"Нагатино-Садовники";"";"Наезд на стоящее ТС";"";"0";"0";"г Москва пер Котляковский 1-й ВЛД 1Б";"0,0";"1,0";"3,0";"3,0";
"218,0";"22,01,2018";"Ивановское";"";"Наезд на пешехода";"";"0";"0";"г Москва  ";"0,0";"1,0";"1,0";"2,0";
"219,0";"22,01,2018";"Марьина роща";"";"Наезд на пешехода";"";"0";"0";"г Москва ул Октябрьская 69";"0,0";"1,0";"1,0";"2,0";
"220,0";"22,01,2018";"Черемушки";"";"Наезд на пешехода";"";"0";"0";"г Москва пр-кт Нахимовский 41 45 к,1";"0,0";"1,0";"1,0";"2,0";
"221,0";"22,01,2018";"Богородское";"";"Столкновение";"";"0";"0";"г Москва ш Открытое 6к2";"0,0";"2,0";"3,0";"4,0";
"222,0";"22,01,2018";"Тверской";"";"Наезд на препятствие";"";"0";"0";"г Москва ул Петровка 21 стр 1";"0,0";"2,0";"1,0";"2,0";
"223,0";"22,01,2018";"Фили-Давыдково";"";"Столкновение";"";"0";"0";"г Москва ш Рублевское 2км";"0,0";"1,0";"2,0";"3,0";
"224,0";"22,01,2018";"Люблино";"";"Столкновение";"";"0";"0";"г Москва ул Люблинская 137А";"0,0";"1,0";"2,0";"3,0";
"225,0";"22,01,2018";"Ново-Переделкино";"";"Наезд на пешехода";"";"0";"0";"г Москва ш Боровское 27";"0,0";"1,0";"1,0";"2,0";
"226,0";"22,01,2018";"Выхино-Жулебино";"";"Наезд на препятствие";"";"0";"0";"г Москва ул Академика Скрябина 16к1";"0,0";"2,0";"1,0";"3,0";
"227,0";"22,01,2018";"Савеловский";"";"Столкновение";"";"0";"0";"г Москва ул Масловка В, 1";"0,0";"1,0";"2,0";"3,0";
"228,0";"21,01,2018";"Чертаново Центральное";"";"Наезд на пешехода";"";"0";"0";"г Москва ул Кировоградская 28 К1";"0,0";"2,0";"1,0";"3,0";
"229,0";"21,01,2018";"Марьино";"";"Наезд на пешехода";"";"0";"0";"г Москва ул Поречная 10";"0,0";"1,0";"1,0";"2,0";
"230,0";"21,01,2018";"Мещанский";"";"Столкновение";"";"0";"0";"г Москва ул Сущёвский Вал 1";"0,0";"3,0";"2,0";"3,0";
"231,0";"21,01,2018";"Якиманка";"";"Наезд на стоящее ТС";"";"0";"0";"г Москва пл Калужская 1";"0,0";"1,0";"2,0";"2,0";
"232,0";"21,01,2018";"Очаково-Матвеевское";"";"Столкновение";"";"0";"0";"п Матвеевское ул Рябиновая 8-1";"0,0";"1,0";"2,0";"3,0";
"233,0";"21,01,2018";"Тимирязевский";"";"Наезд на пешехода";"";"0";"0";"г Москва ул Прянишникова 3Б";"0,0";"1,0";"1,0";"2,0";
"234,0";"21,01,2018";"Чертаново Северное";"";"Наезд на пешехода";"";"0";"0";"г Москва проезд Сумской 12 К3";"0,0";"1,0";"1,0";"2,0";
"235,0";"21,01,2018";"Теплый Стан";"";"Столкновение";"Московская кольцевая автомобильная дорога (МКАД) внешняя сторона";"43";"250";"г Москва  ";"0,0";"1,0";"2,0";"3,0";
"236,0";"21,01,2018";"Ховрино";"";"Наезд на пешехода";"";"0";"0";"г Москва ул Клинская 20";"0,0";"1,0";"1,0";"2,0";
"237,0";"21,01,2018";"Ховрино";"";"Иной вид ДТП";"";"0";"0";"г Москва ул Лавочкина 56";"0,0";"1,0";"1,0";"2,0";
"238,0";"21,01,2018";"Ховрино";"";"Столкновение";"";"0";"0";"г Москва ул Петрозаводская 1";"0,0";"1,0";"2,0";"2,0";
"239,0";"21,01,2018";"Ново-Переделкино";"";"Столкновение";"";"0";"0";"г Москва ул Лазенки 5-я 15";"0,0";"1,0";"2,0";"3,0";
"240,0";"21,01,2018";"Алексеевский";"";"Наезд на пешехода";"";"0";"0";"г Москва ул Бориса Галушкина 12";"0,0";"1,0";"1,0";"2,0";
"241,0";"21,01,2018";"Якиманка";"";"Столкновение";"";"0";"0";"г Москва ул Крымский Вал 8";"0,0";"1,0";"2,0";"2,0";
"242,0";"21,01,2018";"Донской";"";"Столкновение";"";"0";"0";"г Москва ул Вавилова 3";"0,0";"1,0";"3,0";"3,0";
"243,0";"21,01,2018";"Ховрино";"";"Столкновение";"";"0";"0";"г Москва ул Онежская 43";"0,0";"1,0";"2,0";"2,0";
"244,0";"21,01,2018";"Внуково";"";"Наезд на пешехода";"";"0";"0";"п Внуково ул Рейсовая 2-я 2Г";"0,0";"1,0";"1,0";"2,0";
"245,0";"21,01,2018";"Марьина роща";"";"Столкновение";"";"0";"0";"г Москва проезд Стрелецкий 4-й 11";"0,0";"1,0";"2,0";"3,0";
"246,0";"21,01,2018";"Покровское-Стрешнево";"";"Наезд на пешехода";"";"0";"0";"г Москва ул Свободы 8 4";"0,0";"1,0";"1,0";"2,0";
"247,0";"21,01,2018";"Хамовники";"";"Столкновение";"";"0";"0";"г Москва ул Россолимо 13 10";"0,0";"1,0";"2,0";"3,0";
"248,0";"21,01,2018";"Лефортово";"";"Наезд на препятствие";"";"0";"0";"г Москва ш Энтузиастов 12А";"0,0";"2,0";"1,0";"2,0";
"249,0";"21,01,2018";"Можайский";"";"Наезд на пешехода";"Московская кольцевая автомобильная дорога (МКАД) внешняя сторона";"53";"0";"г Москва  ";"0,0";"1,0";"1,0";"2,0";
"250,0";"21,01,2018";"Орехово-Борисово Южное";"";"Наезд на пешехода";"";"0";"0";"г Москва  ";"0,0";"1,0";"1,0";"2,0";
"251,0";"21,01,2018";"Ясенево";"";"Наезд на препятствие";"";"0";"0";"г Москва пр-кт Севастопольский 1 по Соловьинному пр";"0,0";"1,0";"1,0";"1,0";
"252,0";"21,01,2018";"Пресненский";"";"Падение пассажира";"";"0";"0";"г Москва ул Никитская Б, 15";"0,0";"1,0";"1,0";"2,0";
"253,0";"21,01,2018";"Очаково-Матвеевское";"";"Столкновение";"Московская кольцевая автомобильная дорога (МКАД) внутренняя сторона";"47";"150";"п Матвеевское  ";"0,0";"1,0";"2,0";"2,0";
"254,0";"21,01,2018";"Бескудниковский";"";"Столкновение";"";"0";"0";"г Москва ш Дмитровское 64 к,1";"0,0";"1,0";"2,0";"2,0";
"255,0";"20,01,2018";"Лианозово";"";"Наезд на препятствие";"";"0";"0";"г Москва проезд Лианозовский 8";"0,0";"2,0";"1,0";"2,0";
"256,0";"20,01,2018";"Бирюлево Восточное";"";"Столкновение";"";"0";"0";"г Москва ул Липецкая 5Б";"0,0";"1,0";"2,0";"3,0";
"257,0";"20,01,2018";"Покровское-Стрешнево";"";"Наезд на пешехода";"";"0";"0";"г Москва ш Волоколамское 80";"0,0";"1,0";"1,0";"2,0";
"258,0";"20,01,2018";"Внуково";"";"Наезд на пешехода";"";"0";"0";"п Внуково ул Рейсовая 1-я 1 к,3";"0,0";"1,0";"1,0";"2,0";
"259,0";"20,01,2018";"Таганский";"";"Наезд на пешехода";"";"0";"0";"г Москва ул Марксистская 38";"0,0";"1,0";"1,0";"2,0";
"260,0";"20,01,2018";"Щукино";"";"Наезд на пешехода";"";"0";"0";"г Москва  ";"0,0";"1,0";"1,0";"2,0";
"261,0";"20,01,2018";"Зябликово";"";"Столкновение";"";"0";"0";"г Москва ул Мусы Джалиля 5 К1";"0,0";"1,0";"2,0";"3,0";
"262,0";"20,01,2018";"Митино";"";"Наезд на препятствие";"";"0";"0";"г Москва ш Волоколамское 140";"0,0";"1,0";"1,0";"1,0";
"263,0";"20,01,2018";"Бирюлево Западное";"";"Наезд на пешехода";"";"0";"0";"г Москва ул Подольских Курсантов 36";"0,0";"1,0";"1,0";"2,0";
"264,0";"20,01,2018";"Котловка";"";"Столкновение";"";"0";"0";"г Москва ул Ремизова 13";"0,0";"1,0";"2,0";"3,0";
"265,0";"20,01,2018";"Кунцево";"";"Столкновение";"";"0";"0";"г Москва ул Молодогвардейская 58";"0,0";"3,0";"2,0";"4,0";
"266,0";"20,01,2018";"Очаково-Матвеевское";"";"Столкновение";"Московская кольцевая автомобильная дорога (МКАД) внешняя сторона";"49";"150";"п Матвеевское  ";"0,0";"2,0";"2,0";"4,0";
"267,0";"20,01,2018";"Сокольники";"";"Столкновение";"";"0";"0";"г Москва ул Стромынка 2";"0,0";"3,0";"2,0";"5,0";
"268,0";"20,01,2018";"Хорошево-Мневники";"";"Наезд на пешехода";"";"0";"0";"г Москва пр-кт Маршала Жукова 58 корп, 1";"0,0";"1,0";"1,0";"2,0";
"269,0";"20,01,2018";"Соколиная гора";"";"Наезд на пешехода";"";"0";"0";"г Москва ул Ткацкая 5";"0,0";"1,0";"1,0";"2,0";
"270,0";"20,01,2018";"Богородское";"";"Столкновение";"";"0";"0";"г Москва ул Просторная 2";"0,0";"1,0";"2,0";"3,0";
"271,0";"20,01,2018";"Щукино";"";"Наезд на пешехода";"";"0";"0";"г Москва ул Расплетина 2";"0,0";"1,0";"1,0";"2,0";
"272,0";"20,01,2018";"Чертаново Северное";"";"Столкновение";"";"0";"0";"г Москва ш Варшавское 128 К1";"0,0";"1,0";"2,0";"3,0";
"273,0";"19,01,2018";"Рязанский";"";"Столкновение";"";"0";"0";"г Москва пр-кт Рязанский 22";"0,0";"1,0";"2,0";"3,0";
"274,0";"19,01,2018";"Чертаново Северное";"";"Наезд на пешехода";"";"0";"0";"г Москва ш Варшавское 124 К1";"0,0";"1,0";"1,0";"2,0";
"275,0";"19,01,2018";"Южное Бутово";"";"Наезд на пешехода";"";"0";"0";"г Москва ул Академика Семёнова 13";"0,0";"1,0";"1,0";"2,0";
"276,0";"19,01,2018";"Коньково";"";"Наезд на пешехода";"";"0";"0";"г Москва ул Бутлерова 10";"0,0";"1,0";"1,0";"2,0";
"277,0";"19,01,2018";"Ново-Переделкино";"";"Столкновение";"";"0";"0";"г Москва аллея Федосьино 3";"0,0";"1,0";"3,0";"3,0";
"278,0";"19,01,2018";"Ломоносовский";"";"Наезд на стоящее ТС";"";"0";"0";"г Москва пр-кт Ленинский 91";"0,0";"1,0";"3,0";"3,0";
"279,0";"19,01,2018";"Ломоносовский";"";"Наезд на пешехода";"";"0";"0";"г Москва пр-кт Ленинский 86";"0,0";"1,0";"1,0";"2,0";
"280,0";"19,01,2018";"Коньково";"";"Столкновение";"";"0";"0";"г Москва ул Профсоюзная 136 к, 1";"1,0";"2,0";"2,0";"4,0";
"281,0";"19,01,2018";"Москворечье-Сабурово";"";"Падение пассажира";"";"0";"0";"г Москва ш Каширское 80Г";"0,0";"1,0";"1,0";"2,0";
"282,0";"19,01,2018";"Зюзино";"";"Наезд на пешехода";"";"0";"0";"г Москва ул Каховка 15, корп,2";"0,0";"1,0";"1,0";"2,0";
"283,0";"19,01,2018";"ГУ МВД 2 СП ДПС 2 бат,";"";"Опрокидывание";"А-106 Рублево-Успенское шоссе";"21";"0";"г Москва  ";"0,0";"1,0";"1,0";"1,0";
"284,0";"19,01,2018";"Сосенское";"";"Наезд на пешехода";"А-130 Москва - Малоярославец - Рославль - граница с Республикой Белоруссия (основное направление)";"22";"0";"  ";"1,0";"0,0";"2,0";"2,0";
"285,0";"19,01,2018";"Северное Бутово";"";"Наезд на пешехода";"";"0";"0";"п Бутово ул Куликовская 1";"0,0";"1,0";"1,0";"2,0";
"286,0";"19,01,2018";"Кунцево";"";"Столкновение";"";"0";"0";"г Москва ул Ярцевская 19";"0,0";"1,0";"3,0";"3,0";
"287,0";"19,01,2018";"Косино-Ухтомский";"";"Столкновение";"";"0";"0";"п Ухтомский ш Косинское 1 км,";"0,0";"3,0";"2,0";"5,0";
"288,0";"19,01,2018";"Донской";"";"Столкновение";"";"0";"0";"г Москва ш Варшавское 13";"0,0";"2,0";"3,0";"4,0";
"289,0";"19,01,2018";"Крылатское";"";"Столкновение";"";"0";"0";"г Москва ул Крылатские Холмы 1";"0,0";"1,0";"2,0";"3,0";
"290,0";"18,01,2018";"Косино-Ухтомский";"";"Наезд на пешехода";"";"0";"0";"п Ухтомский ул Оренбургская 20";"0,0";"1,0";"1,0";"2,0";
"291,0";"18,01,2018";"Ломоносовский";"";"Наезд на пешехода";"";"0";"0";"г Москва ул Гарибальди 15 к,1";"0,0";"1,0";"1,0";"2,0";
"292,0";"18,01,2018";"Отрадное";"";"Столкновение";"";"0";"0";"г Москва ш Алтуфьевское 6";"0,0";"1,0";"3,0";"3,0";
"293,0";"18,01,2018";"Чертаново Южное";"";"Столкновение";"Московская кольцевая автомобильная дорога (МКАД) внутренняя сторона";"32";"0";"г Москва км МКАД 32-й ";"0,0";"1,0";"2,0";"2,0";
"294,0";"18,01,2018";"Рязанский";"";"Наезд на пешехода";"";"0";"0";"г Москва ул Фёдора Полетаева 32";"0,0";"1,0";"1,0";"2,0";
"295,0";"18,01,2018";"Нагатино-Садовники";"";"Наезд на пешехода";"";"0";"0";"г Москва пр-кт Андропова 50 К1";"0,0";"1,0";"1,0";"2,0";
"296,0";"18,01,2018";"ГУ МВД 2 СП ДПС 2 бат,";"";"Столкновение";"А-106 Рублево-Успенское шоссе";"15";"0";"г Москва  ";"0,0";"1,0";"2,0";"3,0";
"297,0";"18,01,2018";"Нагорный";"";"Столкновение";"";"0";"0";"г Москва ш Варшавское 18 К2";"0,0";"1,0";"2,0";"3,0";
"298,0";"18,01,2018";"Вешняки";"";"Столкновение";"";"0";"0";"г Москва аллея Жемчуговой 5А";"0,0";"1,0";"2,0";"3,0";
"299,0";"18,01,2018";"Нагатинский затон";"";"Наезд на пешехода";"";"0";"0";"г Москва ул Судостроительная 1 СТР3";"0,0";"1,0";"1,0";"2,0";
"300,0";"18,01,2018";"Выхино-Жулебино";"";"Наезд на препятствие";"";"0";"0";"г Москва ш Новорязанское 1";"0,0";"1,0";"1,0";"1,0";
"301,0";"18,01,2018";"Бескудниковский";"";"Столкновение";"";"0";"0";"г Москва ш Дмитровское д, 58 Д";"0,0";"1,0";"2,0";"3,0";
"302,0";"18,01,2018";"Строгино";"";"Наезд на пешехода";"";"0";"0";"г Москва ул Твардовского 31-2";"0,0";"1,0";"1,0";"2,0";
"303,0";"18,01,2018";"Лосиноостровский";"";"Наезд на препятствие";"Московская кольцевая автомобильная дорога (МКАД) внутренняя сторона";"92";"100";"г Москва  ";"0,0";"1,0";"1,0";"2,0";
"304,0";"18,01,2018";"Митино";"";"Наезд на пешехода";"";"0";"0";"г Москва ул Барышиха 2";"0,0";"1,0";"1,0";"2,0";
"305,0";"18,01,2018";"Марушкинское";"";"Столкновение";"";"0";"0";"  ";"0,0";"1,0";"2,0";"3,0";
"306,0";"18,01,2018";"Бибирево";"";"Наезд на пешехода";"";"0";"0";"г Москва ш Алтуфьевское 88";"0,0";"1,0";"1,0";"2,0";
"307,0";"18,01,2018";"Вороновское поселение";"";"Столкновение";"А-130 Москва - Малоярославец - Рославль - граница с Республикой Белоруссия (основное направление)";"61";"0";"  ";"0,0";"1,0";"2,0";"2,0";
"308,0";"18,01,2018";"Ивановское";"";"Наезд на препятствие";"Московская кольцевая автомобильная дорога (МКАД) внешняя сторона";"1";"100";"г Москва  ";"0,0";"1,0";"1,0";"2,0";
"309,0";"18,01,2018";"Очаково-Матвеевское";"";"Наезд на препятствие";"";"0";"0";"п Матвеевское ул Озёрная 47Б";"0,0";"1,0";"1,0";"1,0";
"310,0";"18,01,2018";"Хорошево-Мневники";"";"Наезд на пешехода";"";"0";"0";"г Москва ул Маршала Тухачевского 34";"0,0";"1,0";"1,0";"2,0";
"311,0";"18,01,2018";"Дмитровский";"";"Столкновение";"Московская кольцевая автомобильная дорога (МКАД) внешняя сторона";"81";"0";"г Москва  ";"0,0";"1,0";"2,0";"2,0";
"312,0";"18,01,2018";"Измайлово";"";"Столкновение";"";"0";"0";"г Москва б-р Измайловский 38";"0,0";"1,0";"2,0";"2,0";
"313,0";"18,01,2018";"Донской";"";"Столкновение";"";"0";"0";"г Москва ул Тульская М, 54";"0,0";"1,0";"3,0";"4,0";
"314,0";"17,01,2018";"Лианозово";"";"Столкновение";"";"0";"0";"г Москва ш Алтуфьевское 83";"0,0";"2,0";"5,0";"6,0";
"315,0";"17,01,2018";"Щукино";"";"Наезд на пешехода";"";"0";"0";"г Москва ул Щукинская 1";"0,0";"1,0";"1,0";"2,0";
"316,0";"17,01,2018";"Покровское-Стрешнево";"";"Столкновение";"";"0";"0";"г Москва ш Волоколамское 60 к,2";"0,0";"1,0";"2,0";"3,0";
"317,0";"17,01,2018";"Останкинский";"";"Наезд на препятствие";"";"0";"0";"г Москва пр-кт Мира 111";"0,0";"2,0";"1,0";"3,0";
"318,0";"17,01,2018";"Хорошево-Мневники";"";"Наезд на препятствие";"";"0";"0";"г Москва ул Мнёвники 5";"0,0";"1,0";"1,0";"2,0";
"319,0";"17,01,2018";"Нагатинский затон";"";"Столкновение";"";"0";"0";"г Москва наб Нагатинская 40А";"0,0";"1,0";"2,0";"3,0";
"320,0";"17,01,2018";"Можайский";"";"Столкновение";"";"0";"0";"г Москва ш Можайское 16 км";"0,0";"1,0";"2,0";"2,0";
"321,0";"17,01,2018";"Котловка";"";"Столкновение";"";"0";"0";"г Москва пр-кт Нахимовский 23";"0,0";"1,0";"2,0";"3,0";
"322,0";"17,01,2018";"Некрасовка";"";"Падение пассажира";"";"0";"0";"п Некрасовка ул Вольская 1-я 7";"0,0";"1,0";"1,0";"2,0";
"323,0";"17,01,2018";"Южное Тушино";"";"Наезд на пешехода";"";"0";"0";"г Москва ул Сходненская 31(дублер)";"0,0";"1,0";"1,0";"2,0";
"324,0";"17,01,2018";"Строгино";"";"Наезд на пешехода";"";"0";"0";"г Москва б-р Строгинский 15";"0,0";"1,0";"1,0";"2,0";
"325,0";"17,01,2018";"Свиблово";"";"Наезд на пешехода";"";"0";"0";"п Свиблово ул Снежная 26";"0,0";"1,0";"1,0";"2,0";
"326,0";"17,01,2018";"Даниловский";"";"Столкновение";"";"0";"0";"г Москва ул Симоновский Вал 12 К2";"0,0";"1,0";"2,0";"2,0";
"327,0";"17,01,2018";"Крылатское";"";"Наезд на пешехода";"";"0";"0";"г Москва ш Рублевское 44-2";"0,0";"1,0";"1,0";"2,0";
"328,0";"17,01,2018";"Раменки";"";"Наезд на стоящее ТС";"";"0";"0";"г Москва пр-кт Мичуринский 20";"0,0";"1,0";"2,0";"2,0";
"329,0";"17,01,2018";"Восточное Дегунино";"";"Наезд на пешехода";"";"0";"0";"г Москва ул Дубнинская 10к1";"0,0";"1,0";"1,0";"2,0";
"330,0";"17,01,2018";"Донской";"";"Столкновение";"";"0";"0";"г Москва ш Варшавское 5 СТР1";"0,0";"1,0";"2,0";"3,0";
"331,0";"17,01,2018";"Даниловский";"";"Столкновение";"";"0";"0";"г Москва ул Симоновский Вал 22 К1";"0,0";"1,0";"2,0";"3,0";
"332,0";"17,01,2018";"Пресненский";"";"Столкновение";"";"0";"0";"г Москва ул Пресненский Вал 24";"0,0";"1,0";"2,0";"2,0";
"333,0";"16,01,2018";"Сокольники";"";"Наезд на пешехода";"";"0";"0";"г Москва ул Стромынка 20";"0,0";"2,0";"1,0";"3,0";
"334,0";"16,01,2018";"Бутырский";"";"Столкновение";"";"0";"0";"г Москва ул Руставели 8";"0,0";"1,0";"2,0";"2,0";
"335,0";"16,01,2018";"ГУ МВД 2 СП ДПС 2 бат,";"";"Наезд на пешехода";"М-9 Балтия Москва - Волоколамск - граница с Латвийской Республикой";"19";"0";"г Москва  ";"0,0";"1,0";"1,0";"2,0";
"336,0";"16,01,2018";"Хамовники";"";"Наезд на пешехода";"";"0";"0";"г Москва ул Остоженка 10";"0,0";"1,0";"1,0";"2,0";
"337,0";"16,01,2018";"Бабушкинский";"";"Столкновение";"";"0";"0";"г Москва ул Лётчика Бабушкина 14";"0,0";"1,0";"2,0";"2,0";
"338,0";"16,01,2018";"Пресненский";"";"Наезд на пешехода";"";"0";"0";"г Москва ул Садовая Б, 1";"0,0";"1,0";"1,0";"2,0";
"339,0";"16,01,2018";"Зюзино";"";"Столкновение";"";"0";"0";"г Москва б-р Симферопольский 27";"0,0";"1,0";"2,0";"2,0";
"340,0";"16,01,2018";"Лианозово";"";"Столкновение";"";"0";"0";"г Москва проезд Лианозовский стр, 1";"0,0";"1,0";"2,0";"2,0";
"341,0";"16,01,2018";"Филимонковское";"";"Столкновение";"";"0";"0";"п Марьино  ";"0,0";"3,0";"2,0";"4,0";
"342,0";"16,01,2018";"Марьино";"";"Наезд на препятствие";"";"0";"0";"г Москва б-р Новочеркасский вл,5";"0,0";"1,0";"1,0";"2,0";
"343,0";"16,01,2018";"Савеловский";"";"Наезд на пешехода";"";"0";"0";"г Москва ул Вятская 3";"0,0";"1,0";"1,0";"2,0";
"344,0";"16,01,2018";"Лефортово";"";"Наезд на пешехода";"";"0";"0";"г Москва ул Госпитальная 6";"1,0";"0,0";"1,0";"2,0";
"345,0";"16,01,2018";"Южнопортовый";"";"Наезд на пешехода";"";"0";"0";"г Москва проезд Южнопортовый 2-й 5";"0,0";"1,0";"1,0";"2,0";
"346,0";"16,01,2018";"Печатники";"";"Наезд на препятствие";"Третье транспортное кольцо (внешняя сторона)";"4";"0";"г Москва  ";"0,0";"2,0";"1,0";"2,0";
"347,0";"16,01,2018";"Очаково-Матвеевское";"";"Наезд на препятствие";"Московская кольцевая автомобильная дорога (МКАД) внутренняя сторона";"51";"200";"п Матвеевское  ";"0,0";"1,0";"1,0";"1,0";
"348,0";"16,01,2018";"Марьино";"";"Столкновение";"";"0";"0";"г Москва проезд Батайский 33";"0,0";"2,0";"2,0";"2,0";
"349,0";"16,01,2018";"Косино-Ухтомский";"";"Столкновение";"";"0";"0";"п Ухтомский ш Косинское Салтыковская ул,";"1,0";"0,0";"2,0";"2,0";
"350,0";"16,01,2018";"Царицыно";"";"Столкновение";"";"0";"0";"г Москва ул Каспийская 36 СТР2";"0,0";"1,0";"2,0";"2,0";
"351,0";"16,01,2018";"Тропарево-Никулино";"";"Столкновение";"";"0";"0";"г Москва пр-кт Мичуринский 80";"0,0";"1,0";"2,0";"3,0";
"352,0";"16,01,2018";"Соколиная гора";"";"Столкновение";"";"0";"0";"г Москва пр-кт Будённого 49";"0,0";"1,0";"2,0";"2,0";
"353,0";"16,01,2018";"Зюзино";"";"Наезд на пешехода";"";"0";"0";"г Москва ул Болотниковская 44 к,1";"0,0";"1,0";"1,0";"2,0";
"354,0";"16,01,2018";"Марушкинское";"";"Столкновение";"";"0";"0";"  ";"0,0";"2,0";"3,0";"4,0";
"355,0";"16,01,2018";"Измайлово";"";"Наезд на пешехода";"";"0";"0";"г Москва б-р Измайловский 7";"0,0";"1,0";"1,0";"2,0";
"356,0";"16,01,2018";"Головинский";"";"Наезд на пешехода";"";"0";"0";"г Москва ул Онежская 22";"0,0";"1,0";"1,0";"2,0";
"357,0";"16,01,2018";"Раменки";"";"Наезд на пешехода";"";"0";"0";"г Москва ул Ленинские Горы 1к1стр,2а";"0,0";"1,0";"1,0";"2,0";
"358,0";"15,01,2018";"Бабушкинский";"";"Наезд на пешехода";"";"0";"0";"г Москва ул Менжинского 23 к,1";"0,0";"1,0";"1,0";"2,0";
"359,0";"15,01,2018";"Ломоносовский";"";"Наезд на пешехода";"";"0";"0";"г Москва пр-кт Ленинский 78";"0,0";"1,0";"1,0";"2,0";
"360,0";"15,01,2018";"Мещанский";"";"Наезд на пешехода";"";"0";"0";"г Москва пер Печатников 3стр1";"0,0";"1,0";"1,0";"2,0";
"361,0";"15,01,2018";"Выхино-Жулебино";"";"Столкновение";"";"0";"0";"г Москва пр-кт Рязанский 99";"1,0";"0,0";"3,0";"2,0";
"362,0";"15,01,2018";"Новогиреево";"";"Наезд на пешехода";"";"0";"0";"г Москва пр-кт Свободный 21 2";"0,0";"1,0";"1,0";"2,0";
"363,0";"15,01,2018";"Нагорный";"";"Наезд на пешехода";"";"0";"0";"г Москва ул Криворожская 21 К1";"0,0";"1,0";"1,0";"2,0";
"364,0";"15,01,2018";"Митино";"";"Наезд на пешехода";"";"0";"0";"г Москва  ";"1,0";"0,0";"1,0";"2,0";
"365,0";"15,01,2018";"Хорошевский";"";"Наезд на пешехода";"";"0";"0";"г Москва ул Зорге 21 б стр3";"0,0";"1,0";"1,0";"2,0";
"366,0";"15,01,2018";"Чертаново Северное";"";"Столкновение";"";"0";"0";"г Москва ш Варшавское 99А";"0,0";"2,0";"2,0";"4,0";
"367,0";"15,01,2018";"Орехово-Борисово Северное";"";"Наезд на пешехода";"";"0";"0";"г Москва ул Генерала Белова 3";"0,0";"1,0";"1,0";"2,0";
"368,0";"15,01,2018";"Кузьминки";"";"Наезд на пешехода";"";"0";"0";"г Москва б-р Есенинский 4 15";"0,0";"1,0";"1,0";"2,0";
"369,0";"15,01,2018";"Кузьминки";"";"Наезд на пешехода";"";"0";"0";"г Москва пр-кт Волгоградский 133 корп,2";"0,0";"1,0";"1,0";"2,0";
"370,0";"15,01,2018";"Киевский";"";"Столкновение";"М-3 Украина Москва - Калуга - Брянск - граница с Украиной (основное направление)";"59";"0";"  ";"1,0";"3,0";"3,0";"4,0";
"371,0";"15,01,2018";"Нагорный";"";"Падение пассажира";"";"0";"0";"г Москва б-р Чонгарский 3";"0,0";"1,0";"1,0";"2,0";
"372,0";"15,01,2018";"Капотня";"";"Наезд на пешехода";"";"0";"0";"г Москва кв-л Капотня 2-й 1к37";"0,0";"1,0";"1,0";"2,0";
"373,0";"15,01,2018";"Рязанский";"";"Наезд на пешехода";"";"0";"0";"г Москва ул Академика Скрябина 1";"0,0";"1,0";"1,0";"2,0";
"374,0";"15,01,2018";"Северное Измайлово";"";"Столкновение";"";"0";"0";"г Москва ш Щёлковское 54";"0,0";"1,0";"3,0";"4,0";
"375,0";"15,01,2018";"Лефортово";"";"Падение пассажира";"";"0";"0";"г Москва ш Энтузиастов 10 2";"0,0";"1,0";"1,0";"2,0";
"376,0";"15,01,2018";"Теплый Стан";"";"Наезд на пешехода";"";"0";"0";"г Москва  ";"0,0";"1,0";"1,0";"2,0";
"377,0";"15,01,2018";"Митино";"";"Наезд на пешехода";"Московская кольцевая автомобильная дорога (МКАД) внутренняя сторона";"69";"150";"г Москва  ";"1,0";"0,0";"1,0";"2,0";
"378,0";"15,01,2018";"Лианозово";"";"Падение пассажира";"";"0";"0";"г Москва ул Абрамцевская 24";"0,0";"1,0";"2,0";"3,0";
"379,0";"15,01,2018";"Южнопортовый";"";"Наезд на пешехода";"";"0";"0";"г Москва пр-кт Волгоградский 17";"0,0";"1,0";"2,0";"2,0";
"380,0";"15,01,2018";"Красносельский";"";"Наезд на пешехода";"";"0";"0";"г Москва пр-кт Академика Сахарова 10";"0,0";"1,0";"1,0";"2,0";
"381,0";"15,01,2018";"Южное Тушино";"";"Наезд на пешехода";"";"0";"0";"г Москва ул Сходненская 9";"0,0";"1,0";"1,0";"2,0";
"382,0";"15,01,2018";"Отрадное";"";"Наезд на пешехода";"";"0";"0";"г Москва ул Римского-Корсакова 4";"0,0";"1,0";"1,0";"2,0";
"383,0";"15,01,2018";"Марьино";"";"Наезд на пешехода";"";"0";"0";"г Москва ул Перерва 52";"0,0";"1,0";"1,0";"2,0";
"384,0";"15,01,2018";"Академический";"";"Наезд на пешехода";"";"0";"0";"г Москва  ";"0,0";"1,0";"1,0";"2,0";
"385,0";"15,01,2018";"Выхино-Жулебино";"";"Наезд на пешехода";"";"0";"0";"г Москва пр-кт Волгоградский 187 16";"0,0";"1,0";"1,0";"2,0";
"386,0";"14,01,2018";"Орехово-Борисово Северное";"";"Наезд на пешехода";"";"0";"0";"г Москва ул Маршала Захарова 16 К2";"0,0";"1,0";"1,0";"2,0";
"387,0";"14,01,2018";"Нижегородский";"";"Наезд на пешехода";"";"0";"0";"г Москва пр-кт Рязанский 1";"0,0";"1,0";"1,0";"2,0";
"388,0";"14,01,2018";"Михайлово-Ярцевское поселение";"";"Столкновение";"";"0";"0";"  ";"1,0";"2,0";"2,0";"4,0";
"389,0";"14,01,2018";"Марьино";"";"Столкновение";"";"0";"0";"г Москва ул Люблинская 157";"0,0";"1,0";"2,0";"2,0";
"390,0";"14,01,2018";"Западное Дегунино";"";"Столкновение";"";"0";"0";"г Москва проезд Бусиновский 9Г";"0,0";"1,0";"2,0";"2,0";
"391,0";"14,01,2018";"Новогиреево";"";"Наезд на пешехода";"";"0";"0";"г Москва пр-кт Свободный 30";"0,0";"1,0";"1,0";"2,0";
"392,0";"14,01,2018";"Преображенское";"";"Наезд на пешехода";"";"0";"0";"г Москва ул Пугачевская 2-я 8к2";"1,0";"0,0";"1,0";"2,0";
"393,0";"14,01,2018";"Северное Измайлово";"";"Наезд на препятствие";"";"0";"0";"г Москва ш Щёлковское 76";"0,0";"2,0";"1,0";"2,0";
"394,0";"14,01,2018";"Митино";"";"Падение пассажира";"";"0";"0";"г Москва ул Митинская 36 к,1";"0,0";"1,0";"1,0";"2,0";
"395,0";"14,01,2018";"Щербинка";"";"Наезд на пешехода";"";"0";"0";"г Щербинка ул Железнодорожная 44";"0,0";"1,0";"1,0";"2,0";
"396,0";"14,01,2018";"Строгино";"";"Наезд на стоящее ТС";"Московская кольцевая автомобильная дорога (МКАД) внешняя сторона";"62";"200";"г Москва  ";"0,0";"1,0";"2,0";"2,0";
"397,0";"14,01,2018";"Бабушкинский";"";"Наезд на пешехода";"";"0";"0";"г Москва ул Лётчика Бабушкина 17";"1,0";"0,0";"1,0";"2,0";
"398,0";"14,01,2018";"Чертаново Южное";"";"Столкновение";"Московская кольцевая автомобильная дорога (МКАД) внешняя сторона";"33";"0";"г Москва км МКАД 33-й 0";"0,0";"2,0";"2,0";"4,0";
"399,0";"14,01,2018";"Строгино";"";"Наезд на пешехода";"";"0";"0";"г Москва ул Маршала Прошлякова 30";"0,0";"1,0";"1,0";"2,0";
"400,0";"14,01,2018";"Ясенево";"";"Столкновение";"Московская кольцевая автомобильная дорога (МКАД) внутренняя сторона";"40";"100";"г Москва  ";"0,0";"1,0";"2,0";"3,0";
"401,0";"14,01,2018";"Выхино-Жулебино";"";"Наезд на стоящее ТС";"Московская кольцевая автомобильная дорога (МКАД) внешняя сторона";"10";"0";"г Москва км МКАД 10-й 0";"0,0";"1,0";"2,0";"3,0";
"402,0";"13,01,2018";"Донской";"";"Наезд на пешехода";"";"0";"0";"г Москва ш Варшавское 7 К1";"0,0";"1,0";"1,0";"2,0";
"403,0";"13,01,2018";"ГУ МВД 2 СП ДПС 2 бат,";"";"Столкновение";"М-9 Балтия Москва - Волоколамск - граница с Латвийской Республикой";"20";"0";"г Москва  ";"0,0";"2,0";"3,0";"4,0";
"404,0";"13,01,2018";"Южное Бутово";"";"Наезд на пешехода";"";"0";"0";"г Москва ул Бартеневская 6 стр,1";"0,0";"1,0";"1,0";"2,0";
"405,0";"13,01,2018";"Савеловский";"";"Столкновение";"";"0";"0";"г Москва ул Башиловская 1 кор 1";"0,0";"1,0";"2,0";"2,0";
"406,0";"13,01,2018";"Вороновское поселение";"";"Наезд на пешехода";"";"0";"0";"  ";"0,0";"1,0";"1,0";"2,0";
"407,0";"13,01,2018";"Клёновское";"";"Съезд с дороги";"";"0";"0";"с Кленово ул Центральная 38";"0,0";"1,0";"1,0";"2,0";
"408,0";"13,01,2018";"Бибирево";"";"Наезд на стоящее ТС";"Московская кольцевая автомобильная дорога (МКАД) внутренняя сторона";"87";"400";"г Москва  ";"0,0";"1,0";"2,0";"2,0";
"409,0";"13,01,2018";"Косино-Ухтомский";"";"Столкновение";"Московская кольцевая автомобильная дорога (МКАД) внешняя сторона";"7";"500";"п Ухтомский  ";"0,0";"1,0";"4,0";"4,0";
"410,0";"13,01,2018";"Сокол";"";"Столкновение";"";"0";"0";"г Москва пер Чапаевский 5 А";"0,0";"1,0";"2,0";"2,0";
"411,0";"13,01,2018";"Преображенское";"";"Наезд на пешехода";"";"0";"0";"г Москва ул Электрозаводская 1";"0,0";"1,0";"1,0";"2,0";
"412,0";"13,01,2018";"Котловка";"";"Столкновение";"";"0";"0";"г Москва ул Черёмушкинская Б, 1";"0,0";"1,0";"2,0";"2,0";
"413,0";"13,01,2018";"Чертаново Южное";"";"Наезд на пешехода";"";"0";"0";"г Москва ул Чертановская 59Б";"0,0";"1,0";"1,0";"2,0";
"414,0";"13,01,2018";"Чертаново Центральное";"";"Столкновение";"";"0";"0";"г Москва ш Варшавское 127Б";"0,0";"1,0";"3,0";"4,0";
"415,0";"13,01,2018";"Кузьминки";"";"Столкновение";"";"0";"0";"г Москва пр-кт Волгоградский 78";"0,0";"1,0";"2,0";"3,0";
"416,0";"13,01,2018";"Строгино";"";"Наезд на пешехода";"";"0";"0";"г Москва ул Таллинская 2";"0,0";"1,0";"1,0";"2,0";
"417,0";"13,01,2018";"Братеево";"";"Столкновение";"";"0";"0";"г Москва ш Бесединское ВЛД15";"0,0";"1,0";"2,0";"3,0";
"418,0";"13,01,2018";"Теплый Стан";"";"Наезд на пешехода";"";"0";"0";"г Москва  ";"0,0";"1,0";"1,0";"2,0";
"419,0";"13,01,2018";"Кунцево";"";"Столкновение";"";"0";"0";"г Москва ш Рублёвское 127";"0,0";"1,0";"2,0";"3,0";
"420,0";"13,01,2018";"Северное Медведково";"";"Наезд на пешехода";"";"0";"0";"г Москва ул Широкая 13а";"1,0";"0,0";"1,0";"2,0";
"421,0";"13,01,2018";"Бескудниковский";"";"Столкновение";"";"0";"0";"г Москва ш Дмитровское 79 к 1";"0,0";"1,0";"2,0";"2,0";
"422,0";"13,01,2018";"Академический";"";"Наезд на пешехода";"";"0";"0";"г Москва ул Вавилова 19";"0,0";"1,0";"1,0";"2,0";
"423,0";"13,01,2018";"Северное Бутово";"";"Столкновение";"Московская кольцевая автомобильная дорога (МКАД) внешняя сторона";"34";"900";"п Бутово  ";"0,0";"2,0";"3,0";"4,0";
"424,0";"13,01,2018";"Краснопахорское поселение";"";"Столкновение";"А-130 Москва - Малоярославец - Рославль - граница с Республикой Белоруссия (основное направление)";"48";"700";"  ";"1,0";"1,0";"2,0";"2,0";
"425,0";"13,01,2018";"Лосиноостровский";"";"Столкновение";"";"0";"0";"г Москва ул Изумрудная 36";"0,0";"1,0";"2,0";"3,0";
"426,0";"13,01,2018";"Алексеевский";"";"Наезд на пешехода";"";"0";"0";"г Москва ул Ярославская 2";"0,0";"1,0";"1,0";"2,0";
"427,0";"13,01,2018";"Лианозово";"";"Наезд на препятствие";"";"0";"0";"г Москва ш Дмитровское 116Г";"0,0";"1,0";"1,0";"2,0";
"428,0";"12,01,2018";"Братеево";"";"Столкновение";"";"0";"0";"г Москва ул Братеевская 21";"0,0";"2,0";"2,0";"3,0";
"429,0";"12,01,2018";"Красносельский";"";"Наезд на пешехода";"";"0";"0";"г Москва ул Мясницкая 19";"0,0";"1,0";"1,0";"2,0";
"430,0";"12,01,2018";"Хорошево-Мневники";"";"Наезд на стоящее ТС";"";"0";"0";"г Москва пр-кт Маршала Жукова 37";"0,0";"7,0";"2,0";"8,0";
"431,0";"12,01,2018";"Внуковское";"";"Наезд на пешехода";"";"0";"0";"  ";"0,0";"1,0";"1,0";"2,0";
"432,0";"12,01,2018";"Басманный";"";"Столкновение";"";"0";"0";"г Москва ул Земляной Вал 33";"0,0";"1,0";"2,0";"2,0";
"433,0";"12,01,2018";"Алексеевский";"";"Столкновение";"";"0";"0";"г Москва ул Константинова 10";"0,0";"1,0";"2,0";"2,0";
"434,0";"12,01,2018";"Чертаново Северное";"";"Наезд на пешехода";"";"0";"0";"г Москва ул Дорожная 1 3";"0,0";"1,0";"1,0";"2,0";
"435,0";"12,01,2018";"Сокольники";"";"Наезд на пешехода";"";"0";"0";"г Москва ул Сокольническая Слободка 14 18";"0,0";"1,0";"1,0";"2,0";
"436,0";"12,01,2018";"Южнопортовый";"";"Столкновение";"";"0";"0";"г Москва пр-кт Волгоградский 27";"0,0";"1,0";"2,0";"3,0";
"437,0";"12,01,2018";"Марьино";"";"Наезд на пешехода";"";"0";"0";"г Москва ул Поречная 13 корп, 1";"0,0";"2,0";"1,0";"3,0";
"438,0";"12,01,2018";"Внуковское";"";"Наезд на препятствие";"";"0";"0";"  ";"0,0";"1,0";"1,0";"1,0";
"439,0";"12,01,2018";"Савеловский";"";"Наезд на пешехода";"";"0";"0";"г Москва ул Писцовая 10";"0,0";"1,0";"1,0";"2,0";
"440,0";"12,01,2018";"Аэропорт";"";"Наезд на пешехода";"";"0";"0";"г Москва ул Часовая 16";"0,0";"1,0";"1,0";"2,0";
"441,0";"12,01,2018";"Матушкино";"";"Наезд на пешехода";"";"0";"0";"г Зеленоград ул Лётчика Полагушина 225а";"0,0";"1,0";"1,0";"2,0";
"442,0";"12,01,2018";"Орехово-Борисово Северное";"";"Столкновение";"";"0";"0";"г Москва ш Каширское 80";"0,0";"1,0";"2,0";"2,0";
"443,0";"12,01,2018";"Мещанский";"";"Наезд на пешехода";"";"0";"0";"г Москва ул Переяславская Б, 66";"0,0";"1,0";"1,0";"2,0";
"444,0";"12,01,2018";"Войковский";"";"Наезд на пешехода";"";"0";"0";"г Москва ул Выборгская 14";"0,0";"1,0";"1,0";"2,0";
"445,0";"12,01,2018";"Выхино-Жулебино";"";"Столкновение";"";"0";"0";"г Москва ул Академика Скрябина 16 корп, 1";"0,0";"1,0";"2,0";"2,0";
"446,0";"12,01,2018";"Дмитровский";"";"Наезд на пешехода";"";"0";"0";"г Москва ул Софьи Ковалевской 8";"1,0";"0,0";"1,0";"2,0";
"447,0";"12,01,2018";"Ростокино";"";"Столкновение";"";"0";"0";"г Москва ул Сельскохозяйственная 42";"0,0";"1,0";"2,0";"2,0";
"448,0";"12,01,2018";"Богородское";"";"Наезд на пешехода";"";"0";"0";"г Москва ул Ивантеевская 5";"0,0";"1,0";"1,0";"2,0";
"449,0";"12,01,2018";"Алтуфьевский";"";"Столкновение";"";"0";"0";"г Москва ш Алтуфьевское 81";"0,0";"1,0";"2,0";"3,0";
"450,0";"12,01,2018";"Пресненский";"";"Столкновение";"";"0";"0";"г Москва проезд Шмитовский 22";"0,0";"1,0";"2,0";"3,0";
"451,0";"12,01,2018";"Бабушкинский";"";"Наезд на пешехода";"";"0";"0";"г Москва ул Енисейская 19к1";"0,0";"1,0";"1,0";"2,0";
"452,0";"11,01,2018";"Раменки";"";"Наезд на пешехода";"";"0";"0";"г Москва ул Довженко 12";"0,0";"1,0";"1,0";"2,0";
"453,0";"11,01,2018";"Внуковское";"";"Столкновение";"";"0";"0";"  ";"1,0";"0,0";"2,0";"2,0";
"454,0";"11,01,2018";"Левобережный";"";"Столкновение";"";"0";"0";"г Москва ул Фестивальная 4";"0,0";"1,0";"2,0";"2,0";
"455,0";"11,01,2018";"Измайлово";"";"Наезд на пешехода";"";"0";"0";"г Москва ул Первомайская Верхн, 47А";"0,0";"1,0";"1,0";"2,0";
"456,0";"11,01,2018";"Бабушкинский";"";"Наезд на пешехода";"";"0";"0";"г Москва ул Печорская 3";"0,0";"1,0";"1,0";"2,0";
"457,0";"11,01,2018";"Куркино";"";"Наезд на препятствие";"";"0";"0";"г Москва ш Куркинское 15";"0,0";"3,0";"1,0";"4,0";
"458,0";"11,01,2018";"Печатники";"";"Наезд на препятствие";"";"0";"0";"г Москва ул Шоссейная 2Б";"1,0";"0,0";"1,0";"1,0";
"459,0";"11,01,2018";"Чертаново Северное";"";"Наезд на пешехода";"";"0";"0";"г Москва ул Чертановская 1Г";"0,0";"2,0";"1,0";"3,0";
"460,0";"11,01,2018";"Текстильщики";"";"Столкновение";"";"0";"0";"г Москва б-р Волжский влад 55А";"0,0";"1,0";"2,0";"3,0";
"461,0";"11,01,2018";"Отрадное";"";"Наезд на пешехода";"";"0";"0";"г Москва ул Отрадная 2";"0,0";"1,0";"1,0";"2,0";
"462,0";"11,01,2018";"Теплый Стан";"";"Наезд на препятствие";"";"0";"0";"г Москва ул Профсоюзная 154, стр, 1";"0,0";"1,0";"1,0";"1,0";
"463,0";"11,01,2018";"Отрадное";"";"Падение пассажира";"";"0";"0";"г Москва проезд Сигнальный 20";"0,0";"1,0";"1,0";"2,0";
"464,0";"11,01,2018";"Ярославский";"";"Наезд на стоящее ТС";"Московская кольцевая автомобильная дорога (МКАД) внутренняя сторона";"93";"200";"г Москва  ";"2,0";"0,0";"3,0";"4,0";
"465,0";"11,01,2018";"Дмитровский";"";"Столкновение";"";"0";"0";"г Москва ул Лобненская 10 9";"0,0";"1,0";"3,0";"3,0";
"466,0";"11,01,2018";"Проспект Вернадского";"";"Столкновение";"";"0";"0";"г Москва пр-кт Ленинский 109";"0,0";"1,0";"2,0";"3,0";
"467,0";"11,01,2018";"Савеловский";"";"Наезд на пешехода";"";"0";"0";"г Москва ул Бутырская 97";"2,0";"0,0";"1,0";"3,0";
"468,0";"11,01,2018";"Печатники";"";"Наезд на пешехода";"";"0";"0";"г Москва ул Гурьянова 2к1";"0,0";"1,0";"1,0";"2,0";
"469,0";"11,01,2018";"Косино-Ухтомский";"";"Столкновение";"";"0";"0";"п Ухтомский ул Святоозерская 21";"0,0";"2,0";"2,0";"3,0";
"470,0";"10,01,2018";"Академический";"";"Падение пассажира";"";"0";"0";"г Москва ул Кржижановского 20 30к,1";"0,0";"1,0";"1,0";"2,0";
"471,0";"10,01,2018";"Орехово-Борисово Южное";"";"Наезд на пешехода";"";"0";"0";"г Москва ул Генерала Белова 18 СТР3";"0,0";"1,0";"1,0";"2,0";
"472,0";"10,01,2018";"Братеево";"";"Наезд на пешехода";"";"0";"0";"г Москва ул Борисовские Пруды 24 2";"0,0";"1,0";"1,0";"2,0";
"473,0";"10,01,2018";"Восточное Дегунино";"";"Наезд на пешехода";"";"0";"0";"г Москва ул Дубнинская 38";"0,0";"1,0";"1,0";"2,0";
"474,0";"10,01,2018";"Ивановское";"";"Столкновение";"";"0";"0";"г Москва ш Энтузиастов 94к3";"0,0";"1,0";"3,0";"4,0";
"475,0";"10,01,2018";"Дорогомилово";"";"Наезд на пешехода";"";"0";"0";"г Москва пр-кт Кутузовский 30 32";"0,0";"3,0";"2,0";"3,0";
"476,0";"10,01,2018";"Филевский парк";"";"Наезд на пешехода";"";"0";"0";"г Москва ул Филёвская Б, 8 к,1";"0,0";"1,0";"1,0";"2,0";
"477,0";"10,01,2018";"Выхино-Жулебино";"";"Наезд на пешехода";"";"0";"0";"г Москва ул Ферганская 11";"0,0";"1,0";"1,0";"2,0";
"478,0";"10,01,2018";"Таганский";"";"Наезд на пешехода";"";"0";"0";"г Москва ул Каменщики Б, 8";"0,0";"1,0";"1,0";"2,0";
"479,0";"10,01,2018";"Зябликово";"";"Падение пассажира";"";"0";"0";"г Москва б-р Ореховый 24 К1Г";"0,0";"1,0";"1,0";"2,0";
"480,0";"10,01,2018";"Солнцево";"";"Наезд на пешехода";"";"0";"0";"г Москва ул Богданова 58";"0,0";"1,0";"1,0";"2,0";
"481,0";"10,01,2018";"Проспект Вернадского";"";"Столкновение";"";"0";"0";"г Москва пр-кт Ленинский 90 2";"0,0";"1,0";"2,0";"3,0";
"482,0";"10,01,2018";"Марьино";"";"Наезд на пешехода";"";"0";"0";"г Москва б-р Новочеркасский 55";"0,0";"1,0";"1,0";"2,0";
"483,0";"10,01,2018";"Хорошево-Мневники";"";"Наезд на пешехода";"";"0";"0";"г Москва ул Генерала Глаголева 21";"0,0";"1,0";"1,0";"2,0";
"484,0";"10,01,2018";"Ново-Переделкино";"";"Наезд на пешехода";"";"0";"0";"г Москва ул Чоботовская 1";"0,0";"1,0";"1,0";"2,0";
"485,0";"10,01,2018";"Бирюлево Восточное";"";"Наезд на пешехода";"";"0";"0";"г Москва ул Бирюлёвская 52 К1";"0,0";"1,0";"1,0";"2,0";
"486,0";"10,01,2018";"Нагатино-Садовники";"";"Наезд на пешехода";"";"0";"0";"г Москва  ";"0,0";"1,0";"1,0";"2,0";
"487,0";"10,01,2018";"Даниловский";"";"Столкновение";"";"0";"0";"г Москва пер Гамсоновский 2 СТР3";"0,0";"1,0";"2,0";"2,0";
"488,0";"10,01,2018";"Орехово-Борисово Южное";"";"Наезд на стоящее ТС";"Московская кольцевая автомобильная дорога (МКАД) внутренняя сторона";"23";"800";"г Москва  ";"0,0";"3,0";"5,0";"6,0";
"489,0";"10,01,2018";"Филимонковское";"";"Столкновение";"";"0";"0";"  ";"0,0";"1,0";"2,0";"3,0";
"490,0";"10,01,2018";"Северное Тушино";"";"Наезд на пешехода";"";"0";"0";"г Москва ул Свободы 80";"0,0";"1,0";"1,0";"2,0";
"491,0";"10,01,2018";"Тропарево-Никулино";"";"Наезд на препятствие";"Московская кольцевая автомобильная дорога (МКАД) внутренняя сторона";"46";"350";"г Москва  ";"0,0";"1,0";"1,0";"1,0";
"492,0";"10,01,2018";"Кузьминки";"";"Наезд на пешехода";"";"0";"0";"г Москва ул Зеленодольская 41";"0,0";"1,0";"1,0";"2,0";
"493,0";"10,01,2018";"Матушкино";"";"Наезд на пешехода";"";"0";"0";"г Зеленоград ул Лётчика Полагушина 418";"0,0";"1,0";"1,0";"2,0";
"494,0";"10,01,2018";"Северное Измайлово";"";"Столкновение";"Московская кольцевая автомобильная дорога (МКАД) внутренняя сторона";"105";"0";"г Москва  ";"0,0";"2,0";"3,0";"5,0";
"495,0";"10,01,2018";"Таганский";"";"Наезд на пешехода";"";"0";"0";"г Москва пер Крутицкий 3-й 15";"0,0";"1,0";"1,0";"2,0";
"496,0";"10,01,2018";"Братеево";"";"Столкновение";"";"0";"0";"г Москва ул Братеевская 10 К1А";"1,0";"0,0";"3,0";"4,0";
"497,0";"10,01,2018";"Строгино";"";"Наезд на пешехода";"";"0";"0";"г Москва ул Твардовского 15";"0,0";"1,0";"1,0";"2,0";
"498,0";"10,01,2018";"Орехово-Борисово Северное";"";"Наезд на пешехода";"";"0";"0";"г Москва  ";"0,0";"1,0";"1,0";"2,0";
"499,0";"10,01,2018";"Выхино-Жулебино";"";"Наезд на пешехода";"";"0";"0";"г Москва ул Ферганская 26 18";"0,0";"1,0";"1,0";"3,0";
"500,0";"10,01,2018";"Бирюлево Восточное";"";"Наезд на пешехода";"";"0";"0";"г Москва ул Бирюлёвская 34";"0,0";"1,0";"1,0";"2,0";
"501,0";"09,01,2018";"Чертаново Северное";"";"Столкновение";"";"0";"0";"г Москва ш Варшавское 126";"0,0";"1,0";"3,0";"4,0";
"502,0";"09,01,2018";"Орехово-Борисово Северное";"";"Падение пассажира";"";"0";"0";"г Москва проезд Шипиловский 45 К1";"0,0";"1,0";"1,0";"2,0";
"503,0";"09,01,2018";"Крюково";"";"Столкновение";"";"0";"0";"г Зеленоград ул Логвиненко 1458";"0,0";"1,0";"2,0";"2,0";
"504,0";"09,01,2018";"Коньково";"";"Наезд на пешехода";"";"0";"0";"г Москва ул Миклухо-Маклая 40 к,1";"0,0";"1,0";"1,0";"2,0";
"505,0";"09,01,2018";"Кунцево";"";"Наезд на стоящее ТС";"Московская кольцевая автомобильная дорога (МКАД) внутренняя сторона";"60";"0";"г Москва  ";"0,0";"1,0";"2,0";"3,0";
"506,0";"09,01,2018";"Люблино";"";"Столкновение";"";"0";"0";"г Москва пр-кт 40 лет Октября 22";"0,0";"1,0";"2,0";"3,0";
"507,0";"09,01,2018";"Куркино";"";"Наезд на пешехода";"";"0";"0";"г Москва ш Куркинское 104";"0,0";"1,0";"1,0";"2,0";
"508,0";"09,01,2018";"Проспект Вернадского";"";"Столкновение";"";"0";"0";"г Москва ул Коштоянца 12";"0,0";"1,0";"2,0";"3,0";
"509,0";"09,01,2018";"Южное Бутово";"";"Падение пассажира";"";"0";"0";"г Москва ул Изюмская 28";"0,0";"1,0";"1,0";"2,0";
"510,0";"09,01,2018";"Перово";"";"Столкновение";"";"0";"0";"г Москва пр-кт Федеративный 21к1";"0,0";"1,0";"2,0";"2,0";
"511,0";"09,01,2018";"Беговой";"";"Наезд на препятствие";"М-10 Россия Москва - Тверь - Великий Новгород - Санкт-Петербург (основное направление)";"9";"0";"г Москва пр-кт Ленинградский 35";"0,0";"1,0";"1,0";"2,0";
"512,0";"09,01,2018";"Орехово-Борисово Южное";"";"Наезд на препятствие";"";"0";"0";"г Москва ул Воронежская 58 35";"0,0";"3,0";"1,0";"3,0";
"513,0";"09,01,2018";"Москворечье-Сабурово";"";"Столкновение";"";"0";"0";"г Москва ш Каширское 53 К1";"0,0";"1,0";"4,0";"4,0";
"514,0";"09,01,2018";"Новогиреево";"";"Наезд на пешехода";"";"0";"0";"г Москва ул Мартеновская 16";"0,0";"1,0";"1,0";"2,0";
"515,0";"09,01,2018";"Покровское-Стрешнево";"";"Столкновение";"";"0";"0";"г Москва ш Волоколамское 83";"0,0";"1,0";"4,0";"5,0";
"516,0";"09,01,2018";"Московский";"";"Столкновение";"М-3 Украина Москва - Калуга - Брянск - граница с Украиной (основное направление)";"21";"0";"  ";"1,0";"1,0";"3,0";"3,0";
"517,0";"09,01,2018";"Ясенево";"";"Падение пассажира";"";"0";"0";"г Москва пр-кт Севастопольский 66";"0,0";"1,0";"1,0";"2,0";
"518,0";"09,01,2018";"Проспект Вернадского";"";"Столкновение";"";"0";"0";"г Москва ул Лобачевского 40";"0,0";"1,0";"2,0";"2,0";
"519,0";"09,01,2018";"Восточное Дегунино";"";"Наезд на пешехода";"";"0";"0";"г Москва ул Дубнинская 15 к,1";"0,0";"1,0";"1,0";"2,0";
"520,0";"09,01,2018";"Сокольники";"";"Наезд на пешехода";"";"0";"0";"г Москва ул Стромынка 3";"0,0";"1,0";"1,0";"2,0";
"521,0";"09,01,2018";"Орехово-Борисово Южное";"";"Наезд на пешехода";"";"0";"0";"г Москва ул Воронежская 38 43";"0,0";"1,0";"1,0";"2,0";
"522,0";"09,01,2018";"Богородское";"";"Наезд на пешехода";"";"0";"0";"г Москва ул Миллионная 15к3,";"0,0";"1,0";"1,0";"2,0";
"523,0";"09,01,2018";"Люблино";"";"Наезд на пешехода";"";"0";"0";"г Москва ул Люблинская 88с1";"0,0";"1,0";"1,0";"2,0";
"524,0";"09,01,2018";"Раменки";"";"Столкновение";"";"0";"0";"г Москва пр-кт Ломоносовский 27";"0,0";"2,0";"2,0";"3,0";
"525,0";"09,01,2018";"Южное Бутово";"";"Наезд на пешехода";"";"0";"0";"г Москва  ";"0,0";"1,0";"1,0";"2,0";
"526,0";"09,01,2018";"Орехово-Борисово Южное";"";"Наезд на пешехода";"";"0";"0";"г Москва  ";"1,0";"0,0";"1,0";"2,0";
"527,0";"09,01,2018";"Проспект Вернадского";"";"Наезд на пешехода";"";"0";"0";"г Москва пр-кт Вернадского 24 А";"0,0";"1,0";"1,0";"2,0";
"528,0";"09,01,2018";"Северное Медведково";"";"Столкновение";"Московская кольцевая автомобильная дорога (МКАД) внешняя сторона";"90";"300";"г Москва  ";"0,0";"1,0";"3,0";"4,0";
"529,0";"08,01,2018";"Вешняки";"";"Наезд на пешехода";"";"0";"0";"г Москва  ";"0,0";"1,0";"1,0";"2,0";
"530,0";"08,01,2018";"Очаково-Матвеевское";"";"Наезд на пешехода";"";"0";"0";"п Матвеевское ул Озёрная 33";"0,0";"1,0";"1,0";"2,0";
"531,0";"08,01,2018";"Северное Тушино";"";"Столкновение";"Московская кольцевая автомобильная дорога (МКАД) внешняя сторона";"71";"0";"г Москва  ";"0,0";"1,0";"3,0";"4,0";
"532,0";"08,01,2018";"Покровское-Стрешнево";"";"Столкновение";"";"0";"0";"г Москва ш Волоколамское 95";"0,0";"2,0";"2,0";"4,0";
"533,0";"08,01,2018";"Южное Бутово";"";"Столкновение";"";"0";"0";"г Москва ш Варшавское 266";"0,0";"3,0";"2,0";"3,0";
"534,0";"08,01,2018";"Строгино";"";"Наезд на пешехода";"";"0";"0";"г Москва ул Исаковского 2";"0,0";"1,0";"1,0";"2,0";
"535,0";"08,01,2018";"Орехово-Борисово Северное";"";"Наезд на стоящее ТС";"";"0";"0";"г Москва проезд Борисовский 24";"1,0";"0,0";"2,0";"1,0";
"536,0";"08,01,2018";"Тверской";"";"Наезд на пешехода";"";"0";"0";"г Москва пл Театральная 1";"0,0";"1,0";"1,0";"2,0";
"537,0";"08,01,2018";"Кокошкино";"";"Наезд на пешехода";"";"0";"0";"дп Кокошкино ул Дзержинского 1";"0,0";"1,0";"1,0";"2,0";
"538,0";"08,01,2018";"Донской";"";"Наезд на стоящее ТС";"";"0";"0";"г Москва ш Загородное 1 К2 СТР13";"0,0";"1,0";"2,0";"2,0";
"539,0";"08,01,2018";"Даниловский";"";"Наезд на пешехода";"";"0";"0";"г Москва ул Автозаводская 7";"0,0";"1,0";"1,0";"2,0";
"540,0";"08,01,2018";"Савёлки";"";"Наезд на пешехода";"";"0";"0";"г Зеленоград аллея Сосновая 617 А";"0,0";"1,0";"1,0";"2,0";
"541,0";"08,01,2018";"Старое Крюково";"";"Наезд на препятствие";"";"0";"0";"г Зеленоград аллея Солнечная 3";"0,0";"1,0";"1,0";"1,0";
"542,0";"08,01,2018";"Сосенское";"";"Наезд на стоящее ТС";"А-130 Москва - Малоярославец - Рославль - граница с Республикой Белоруссия (основное направление)";"23";"0";"  ";"1,0";"0,0";"4,0";"4,0";
"543,0";"08,01,2018";"Ивановское";"";"Столкновение";"";"0";"0";"г Москва ш Энтузиастов 86";"0,0";"1,0";"3,0";"3,0";
"544,0";"08,01,2018";"Нагатино-Садовники";"";"Столкновение";"";"0";"0";"г Москва ш Варшавское 59А";"0,0";"2,0";"2,0";"3,0";
"545,0";"07,01,2018";"Ростокино";"";"Столкновение";"";"0";"0";"г Москва ул Сельскохозяйственная 17 2";"0,0";"1,0";"2,0";"3,0";
"546,0";"07,01,2018";"Басманный";"";"Наезд на пешехода";"";"0";"0";"г Москва б-р Чистопрудный 30 1 2стр,2";"0,0";"1,0";"1,0";"2,0";
"547,0";"07,01,2018";"Даниловский";"";"Наезд на пешехода";"";"0";"0";"г Москва ул Ленинская Слобода 26";"0,0";"1,0";"1,0";"2,0";
"548,0";"07,01,2018";"Москворечье-Сабурово";"";"Столкновение";"";"0";"0";"г Москва ш Каширское 31 СТР 21";"0,0";"1,0";"2,0";"3,0";
"549,0";"07,01,2018";"Люблино";"";"Наезд на препятствие";"";"0";"0";"г Москва ул Чагинская 4 стр,2";"0,0";"1,0";"1,0";"2,0";
"550,0";"07,01,2018";"Левобережный";"";"Столкновение";"Московская кольцевая автомобильная дорога (МКАД) внешняя сторона";"75";"0";"г Москва  ";"0,0";"1,0";"3,0";"3,0";
"551,0";"07,01,2018";"Кунцево";"";"Столкновение";"Московская кольцевая автомобильная дорога (МКАД) внешняя сторона";"57";"150";"г Москва  ";"0,0";"4,0";"2,0";"5,0";
"552,0";"07,01,2018";"Обручевский";"";"Наезд на пешехода";"";"0";"0";"г Москва ул Миклухо-Маклая 8";"0,0";"1,0";"1,0";"2,0";
"553,0";"07,01,2018";"Академический";"";"Наезд на препятствие";"";"0";"0";"г Москва ул Дмитрия Ульянова 33 10";"0,0";"4,0";"1,0";"4,0";
"554,0";"07,01,2018";"ГУ МВД 2 СП ДПС 2 бат,";"";"Наезд на пешехода";"А-106 Рублево-Успенское шоссе";"18";"0";"г Москва  ";"0,0";"1,0";"1,0";"2,0";
"555,0";"06,01,2018";"Перово";"";"Столкновение";"";"0";"0";"г Москва ш Энтузиастов Электродная";"0,0";"1,0";"3,0";"4,0";
"556,0";"06,01,2018";"Чертаново Южное";"";"Падение пассажира";"";"0";"0";"г Москва ул Газопровод 15";"0,0";"1,0";"1,0";"2,0";
"557,0";"06,01,2018";"Академический";"";"Наезд на пешехода";"";"0";"0";"г Москва пр-кт Нахимовский 52 27";"0,0";"1,0";"1,0";"2,0";
"558,0";"06,01,2018";"Савеловский";"";"Столкновение";"";"0";"0";"г Москва ул Бутырская 21";"0,0";"1,0";"4,0";"5,0";
"559,0";"06,01,2018";"Можайский";"";"Столкновение";"Московская кольцевая автомобильная дорога (МКАД) внутренняя сторона";"57";"200";"г Москва  ";"0,0";"1,0";"2,0";"3,0";
"560,0";"06,01,2018";"Бутырский";"";"Наезд на пешехода";"";"0";"0";"г Москва ул Милашенкова 1";"0,0";"1,0";"1,0";"2,0";
"561,0";"06,01,2018";"Ярославский";"";"Столкновение";"Московская кольцевая автомобильная дорога (МКАД) внешняя сторона";"95";"0";"г Москва  ";"0,0";"1,0";"2,0";"2,0";
"562,0";"06,01,2018";"Ховрино";"";"Наезд на пешехода";"";"0";"0";"г Москва ул Петрозаводская 18 к, 1";"0,0";"1,0";"1,0";"2,0";
"563,0";"06,01,2018";"Силино";"";"Столкновение";"";"0";"0";"г Зеленоград пр-кт Панфиловский 1011";"0,0";"1,0";"2,0";"3,0";
"564,0";"06,01,2018";"Преображенское";"";"Падение пассажира";"";"0";"0";"г Москва ул Преображенский Вал 25";"0,0";"1,0";"1,0";"2,0";
"565,0";"06,01,2018";"Митино";"";"Столкновение";"";"0";"0";"г Москва ш Пятницкое 60";"0,0";"1,0";"2,0";"2,0";
"566,0";"06,01,2018";"Хорошевский";"";"Столкновение";"";"0";"0";"г Москва ул Куусинена 19к3";"0,0";"1,0";"2,0";"2,0";
"567,0";"06,01,2018";"Левобережный";"";"Наезд на пешехода";"";"0";"0";"г Москва ул Беломорская 1";"0,0";"1,0";"1,0";"2,0";
"568,0";"05,01,2018";"Южное Бутово";"";"Наезд на пешехода";"";"0";"0";"г Москва ул Маршала Савицкого 2";"0,0";"1,0";"1,0";"2,0";
"569,0";"05,01,2018";"Очаково-Матвеевское";"";"Столкновение";"Московская кольцевая автомобильная дорога (МКАД) внутренняя сторона";"51";"10";"п Матвеевское  ";"0,0";"1,0";"3,0";"4,0";
"570,0";"05,01,2018";"Даниловский";"";"Столкновение";"";"0";"0";"г Москва ул Тульская Б, 2";"0,0";"1,0";"2,0";"3,0";
"571,0";"05,01,2018";"Северное Медведково";"";"Столкновение";"Московская кольцевая автомобильная дорога (МКАД) внутренняя сторона";"90";"900";"г Москва  ";"0,0";"1,0";"2,0";"3,0";
"572,0";"05,01,2018";"Южное Тушино";"";"Наезд на пешехода";"";"0";"0";"г Москва б-р Химкинский 19";"0,0";"1,0";"1,0";"2,0";
"573,0";"05,01,2018";"Марушкинское";"";"Столкновение";"";"0";"0";"  ";"1,0";"2,0";"2,0";"3,0";
"574,0";"05,01,2018";"Десёновское";"";"Наезд на стоящее ТС";"";"0";"0";"д Кувекино  ";"0,0";"1,0";"2,0";"3,0";
"575,0";"05,01,2018";"Вороновское поселение";"";"Опрокидывание";"";"0";"0";"д Сахарово  ";"0,0";"1,0";"1,0";"2,0";
"576,0";"05,01,2018";"Раменки";"";"Столкновение";"";"0";"0";"г Москва пр-кт Ломоносовский 20 стр,1";"0,0";"1,0";"3,0";"3,0";
"577,0";"05,01,2018";"Московский";"";"Наезд на стоящее ТС";"М-3 Украина Москва - Калуга - Брянск - граница с Украиной (основное направление)";"22";"950";"  ";"0,0";"1,0";"2,0";"2,0";
"578,0";"05,01,2018";"Ясенево";"";"Наезд на стоящее ТС";"Московская кольцевая автомобильная дорога (МКАД) внутренняя сторона";"38";"0";"г Москва км МКАД 38-й 0";"0,0";"2,0";"2,0";"2,0";
"579,0";"05,01,2018";"Северное Бутово";"";"Наезд на препятствие";"";"0";"0";"п Бутово ул Грина 1, корп, 8";"0,0";"1,0";"1,0";"2,0";
"580,0";"05,01,2018";"Лианозово";"";"Столкновение";"Московская кольцевая автомобильная дорога (МКАД) внутренняя сторона";"83";"200";"г Москва  ";"0,0";"1,0";"2,0";"3,0";
"581,0";"05,01,2018";"Митино";"";"Столкновение";"";"0";"0";"г Москва ш Волоколамское 139";"0,0";"1,0";"2,0";"2,0";
"582,0";"05,01,2018";"Орехово-Борисово Южное";"";"Наезд на препятствие";"Московская кольцевая автомобильная дорога (МКАД) внутренняя сторона";"20";"200";"г Москва км МКАД 21-й 0";"0,0";"1,0";"2,0";"2,0";
"583,0";"05,01,2018";"Преображенское";"";"Наезд на пешехода";"";"0";"0";"г Москва ул Богородский Вал 8";"0,0";"1,0";"1,0";"2,0";
"584,0";"05,01,2018";"Южное Медведково";"";"Столкновение";"";"0";"0";"г Москва проезд Дежнёва 38а";"0,0";"1,0";"3,0";"4,0";
"585,0";"05,01,2018";"Хорошево-Мневники";"";"Наезд на препятствие";"";"0";"0";"г Москва пр-кт Маршала Жукова 76";"0,0";"1,0";"1,0";"2,0";
"586,0";"05,01,2018";"Перово";"";"Столкновение";"";"0";"0";"г Москва ул Владимирская 1-я 1";"0,0";"1,0";"2,0";"2,0";
"587,0";"05,01,2018";"Щукино";"";"Наезд на пешехода";"";"0";"0";"г Москва ш Волоколамское 26";"1,0";"0,0";"1,0";"2,0";
"588,0";"05,01,2018";"Ивановское";"";"Столкновение";"";"0";"0";"г Москва ул Сталеваров 12";"0,0";"2,0";"2,0";"4,0";
"589,0";"05,01,2018";"Чертаново Центральное";"";"Наезд на пешехода";"";"0";"0";"г Москва ул Кировоградская 24А";"0,0";"1,0";"1,0";"2,0";
"590,0";"05,01,2018";"Москворечье-Сабурово";"";"Столкновение";"";"0";"0";"г Москва ш Каширское 64 К1";"0,0";"1,0";"3,0";"4,0";
"591,0";"04,01,2018";"Бирюлево Восточное";"";"Столкновение";"Московская кольцевая автомобильная дорога (МКАД) внутренняя сторона";"25";"900";"г Москва км МКАД 26-й ";"2,0";"2,0";"2,0";"5,0";
"592,0";"04,01,2018";"Киевский";"";"Столкновение";"М-3 Украина Москва - Калуга - Брянск - граница с Украиной (основное направление)";"60";"0";"  ";"0,0";"5,0";"2,0";"6,0";
"593,0";"04,01,2018";"Бирюлево Восточное";"";"Наезд на стоящее ТС";"";"0";"0";"г Москва ул Касимовская 1";"0,0";"2,0";"3,0";"3,0";
"594,0";"04,01,2018";"Западное Дегунино";"";"Наезд на пешехода";"";"0";"0";"г Москва ул Весенняя 19";"0,0";"1,0";"1,0";"2,0";
"595,0";"04,01,2018";"Братеево";"";"Наезд на пешехода";"";"0";"0";"г Москва ул Борисовские Пруды 24 2";"0,0";"1,0";"1,0";"2,0";
"596,0";"04,01,2018";"Бирюлево Восточное";"";"Столкновение";"";"0";"0";"г Москва ул Липецкая 18";"0,0";"1,0";"2,0";"2,0";
"597,0";"04,01,2018";"Косино-Ухтомский";"";"Столкновение";"";"0";"0";"п Ухтомский проезд Красковский 1-й 2";"0,0";"1,0";"2,0";"2,0";
"598,0";"04,01,2018";"Левобережный";"";"Столкновение";"Московская кольцевая автомобильная дорога (МКАД) внешняя сторона";"75";"800";"г Москва  ";"0,0";"1,0";"2,0";"3,0";
"599,0";"04,01,2018";"Братеево";"";"Столкновение";"";"0";"0";"г Москва ул Ключевая 18";"0,0";"1,0";"2,0";"2,0";
"600,0";"04,01,2018";"Ярославский";"";"Наезд на стоящее ТС";"Московская кольцевая автомобильная дорога (МКАД) внутренняя сторона";"95";"100";"г Москва  ";"0,0";"1,0";"2,0";"2,0";
"601,0";"04,01,2018";"Марьино";"";"Наезд на пешехода";"";"0";"0";"г Москва ул Перерва 52";"1,0";"0,0";"1,0";"2,0";
"602,0";"04,01,2018";"Хорошево-Мневники";"";"Наезд на стоящее ТС";"";"0";"0";"г Москва ул Демьяна Бедного 17 1";"0,0";"2,0";"3,0";"3,0";
"603,0";"04,01,2018";"Щукино";"";"Наезд на пешехода";"";"0";"0";"г Москва ул Маршала Рыбалко 18-1";"0,0";"1,0";"1,0";"2,0";
"604,0";"03,01,2018";"Вешняки";"";"Наезд на стоящее ТС";"Московская кольцевая автомобильная дорога (МКАД) внутренняя сторона";"7";"400";"г Москва  ";"0,0";"4,0";"3,0";"4,0";
"605,0";"03,01,2018";"Марьина роща";"";"Наезд на пешехода";"";"0";"0";"г Москва ул Шереметьевская 11";"1,0";"0,0";"1,0";"2,0";
"606,0";"03,01,2018";"Очаково-Матвеевское";"";"Наезд на пешехода";"";"0";"0";"п Матвеевское ул Озёрная 36";"0,0";"1,0";"1,0";"2,0";
"607,0";"03,01,2018";"Филевский парк";"";"Наезд на пешехода";"";"0";"0";"г Москва проезд Багратионовский 12";"0,0";"1,0";"1,0";"2,0";
"608,0";"03,01,2018";"Зюзино";"";"Наезд на пешехода";"";"0";"0";"г Москва пр-кт Балаклавский 7";"0,0";"1,0";"1,0";"2,0";
"609,0";"03,01,2018";"Лосиноостровский";"";"Наезд на пешехода";"";"0";"0";"г Москва ул Тайнинская 16, к,1";"1,0";"0,0";"1,0";"2,0";
"610,0";"03,01,2018";"Солнцево";"";"Наезд на пешехода";"";"0";"0";"г Москва ш Боровское 2";"0,0";"1,0";"1,0";"2,0";
"611,0";"03,01,2018";"Выхино-Жулебино";"";"Столкновение";"";"0";"0";"г Москва ул Генерала Кузнецова 12";"0,0";"2,0";"2,0";"2,0";
"612,0";"03,01,2018";"Ярославский";"";"Столкновение";"";"0";"0";"г Москва ш Ярославское 117";"0,0";"1,0";"2,0";"2,0";
"613,0";"03,01,2018";"Орехово-Борисово Южное";"";"Столкновение";"Московская кольцевая автомобильная дорога (МКАД) внешняя сторона";"20";"300";"г Москва км МКАД 21-й ";"0,0";"1,0";"2,0";"3,0";
"614,0";"03,01,2018";"Крылатское";"";"Наезд на стоящее ТС";"";"0";"0";"г Москва ш Рублевское 28";"0,0";"2,0";"2,0";"4,0";
"615,0";"03,01,2018";"Ясенево";"";"Наезд на пешехода";"Московская кольцевая автомобильная дорога (МКАД) внешняя сторона";"40";"150";"г Москва  ";"1,0";"0,0";"1,0";"2,0";
"616,0";"03,01,2018";"Котловка";"";"Наезд на препятствие";"";"0";"0";"г Москва ул Кржижановского 27";"0,0";"2,0";"1,0";"3,0";
"617,0";"03,01,2018";"Хамовники";"";"Наезд на велосипедиста";"";"0";"0";"г Москва б-р Смоленский 28";"0,0";"1,0";"2,0";"2,0";
"618,0";"03,01,2018";"Южное Тушино";"";"Столкновение";"Московская кольцевая автомобильная дорога (МКАД) внешняя сторона";"70";"0";"г Москва  ";"0,0";"1,0";"2,0";"3,0";
"619,0";"03,01,2018";"Строгино";"";"Наезд на пешехода";"";"0";"0";"г Москва ул Таллинская 6";"0,0";"1,0";"1,0";"2,0";
"620,0";"03,01,2018";"Нагорный";"";"Столкновение";"";"0";"0";"г Москва ул Криворожская 11";"0,0";"1,0";"5,0";"5,0";
"621,0";"03,01,2018";"Митино";"";"Столкновение";"Московская кольцевая автомобильная дорога (МКАД) внешняя сторона";"70";"250";"г Москва  ";"0,0";"2,0";"6,0";"8,0";
"622,0";"02,01,2018";"Внуковское";"";"Столкновение";"";"0";"0";"  ";"0,0";"2,0";"2,0";"3,0";
"623,0";"02,01,2018";"Бабушкинский";"";"Наезд на пешехода";"";"0";"0";"г Москва ул Менжинского 36";"0,0";"1,0";"1,0";"2,0";
"624,0";"02,01,2018";"Бибирево";"";"Столкновение";"Московская кольцевая автомобильная дорога (МКАД) внешняя сторона";"86";"700";"г Москва  ";"0,0";"1,0";"2,0";"2,0";
"625,0";"02,01,2018";"Новогиреево";"";"Столкновение";"";"0";"0";"г Москва пр-кт Зелёный 59";"0,0";"2,0";"2,0";"2,0";
"626,0";"02,01,2018";"Выхино-Жулебино";"";"Столкновение";"";"0";"0";"г Москва пр-кт Лермонтовский 2";"0,0";"1,0";"2,0";"2,0";
"627,0";"02,01,2018";"Отрадное";"";"Наезд на пешехода";"";"0";"0";"г Москва ул Римского-Корсакова 4";"0,0";"1,0";"1,0";"2,0";
"628,0";"02,01,2018";"Ясенево";"";"Столкновение";"Московская кольцевая автомобильная дорога (МКАД) внутренняя сторона";"37";"800";"г Москва км МКАД 38-й ";"0,0";"1,0";"3,0";"4,0";
"629,0";"02,01,2018";"Щербинка";"";"Наезд на пешехода";"";"0";"0";"г Щербинка ул 40 лет Октября 3";"0,0";"1,0";"1,0";"2,0";
"630,0";"02,01,2018";"Можайский";"";"Наезд на пешехода";"";"0";"0";"г Москва ш Можайское 2";"0,0";"1,0";"1,0";"2,0";
"631,0";"02,01,2018";"Тропарево-Никулино";"";"Столкновение";"Московская кольцевая автомобильная дорога (МКАД) внутренняя сторона";"45";"150";"г Москва  ";"0,0";"1,0";"2,0";"3,0";
"632,0";"02,01,2018";"Донской";"";"Столкновение";"";"0";"0";"г Москва ш Варшавское 3";"0,0";"1,0";"2,0";"2,0";
"633,0";"02,01,2018";"Московский";"";"Столкновение";"М-3 Украина Москва - Калуга - Брянск - граница с Украиной (основное направление)";"28";"900";"  ";"0,0";"1,0";"2,0";"3,0";
"634,0";"02,01,2018";"Теплый Стан";"";"Столкновение";"Московская кольцевая автомобильная дорога (МКАД) внешняя сторона";"41";"0";"г Москва  ";"0,0";"1,0";"3,0";"4,0";
"635,0";"02,01,2018";"Пресненский";"";"Столкновение";"";"0";"0";"г Москва ш Звенигородское 9";"0,0";"1,0";"2,0";"3,0";
"636,0";"02,01,2018";"Южное Тушино";"";"Столкновение";"Московская кольцевая автомобильная дорога (МКАД) внешняя сторона";"69";"0";"г Москва  ";"0,0";"1,0";"2,0";"3,0";
"637,0";"01,01,2018";"Крюково";"";"Наезд на препятствие";"";"0";"0";"г Зеленоград проезд 707-й 2";"0,0";"1,0";"1,0";"2,0";
"638,0";"01,01,2018";"Гольяново";"";"Наезд на пешехода";"";"0";"0";"г Москва ул Камчатская 6к2";"0,0";"1,0";"1,0";"2,0";
"639,0";"01,01,2018";"Орехово-Борисово Южное";"";"Наезд на стоящее ТС";"Московская кольцевая автомобильная дорога (МКАД) внешняя сторона";"20";"100";"г Москва км МКАД 21-й ";"0,0";"1,0";"2,0";"2,0";
"640,0";"01,01,2018";"Новокосино";"";"Столкновение";"";"0";"0";"г Москва ул Новокосинская 15";"0,0";"1,0";"2,0";"3,0";
"641,0";"01,01,2018";"Басманный";"";"Наезд на пешехода";"";"0";"0";"г Москва ул Гольяновская 7стр1";"0,0";"1,0";"1,0";"2,0";
"642,0";"01,01,2018";"Марьино";"";"Столкновение";"";"0";"0";"г Москва ул Перерва 52";"0,0";"1,0";"3,0";"4,0";
"643,0";"01,01,2018";"Теплый Стан";"";"Столкновение";"";"0";"0";"г Москва ул Профсоюзная 142 к,1 стр,1";"0,0";"2,0";"2,0";"3,0";
"644,0";"01,01,2018";"Восточное Измайлово";"";"Столкновение";"Московская кольцевая автомобильная дорога (МКАД) внешняя сторона";"106";"300";"г Москва  ";"0,0";"1,0";"2,0";"3,0";
"645,0";"01,01,2018";"Проспект Вернадского";"";"Наезд на стоящее ТС";"";"0";"0";"г Москва пр-кт Вернадского 70А";"0,0";"2,0";"5,0";"7,0";
"646,0";"01,01,2018";"Московский";"";"Наезд на стоящее ТС";"М-3 Украина Москва - Калуга - Брянск - граница с Украиной (основное направление)";"22";"850";"  ";"0,0";"2,0";"2,0";"3,0";
"647,0";"01,01,2018";"Даниловский";"";"Столкновение";"";"0";"0";"г Москва ул Автозаводская 23";"0,0";"1,0";"2,0";"3,0";
"648,0";"01,01,2018";"Савеловский";"";"Столкновение";"";"0";"0";"г Москва ул Бутырская 46 корп, 3";"0,0";"1,0";"2,0";"3,0";
"649,0";"01,01,2018";"Ясенево";"";"Наезд на пешехода";"";"0";"0";"г Москва ул Инессы Арманд 4";"0,0";"1,0";"1,0";"2,0";
"650,0";"01,01,2018";"ГУ МВД 2 СП ДПС 2 бат,";"";"Столкновение";"А-106 Рублево-Успенское шоссе";"15";"0";"г Москва  ";"0,0";"1,0";"2,0";"3,0";
"651,0";"01,01,2018";"Замоскворечье";"";"Столкновение";"";"0";"0";"г Москва ул Люсиновская 8";"0,0";"1,0";"2,0";"2,0";
"652,0";"01,01,2018";"Бибирево";"";"Наезд на пешехода";"";"0";"0";"г Москва ул Пришвина 6а";"0,0";"1,0";"1,0";"2,0";
"653,0";"01,01,2018";"Ясенево";"";"Наезд на стоящее ТС";"Московская кольцевая автомобильная дорога (МКАД) внутренняя сторона";"38";"700";"г Москва км МКАД 39-й ";"0,0";"3,0";"3,0";"4,0";