"1,0";"31,07,2018";"Беговой";"";"Столкновение";"";"0";"0";"г Москва ул Беговая 26";"0,0";"1,0";"2,0";"2,0";
"3,0";"31,07,2018";"Теплый Стан";"";"Опрокидывание";"Московская кольцевая автомобильная дорога (МКАД) внутренняя сторона";"41";"0";"г Москва  ";"0,0";"1,0";"1,0";"1,0";
"4,0";"31,07,2018";"Северное Измайлово";"";"Наезд на пешехода";"";"0";"0";"г Москва ул Парковая 16-я 55, корп 1,";"0,0";"1,0";"1,0";"2,0";
"5,0";"31,07,2018";"Раменки";"";"Наезд на пешехода";"";"0";"0";"г Москва ул Мосфильмовская 60";"0,0";"1,0";"1,0";"2,0";
"6,0";"31,07,2018";"Нагатино-Садовники";"";"Падение пассажира";"";"0";"0";"г Москва проезд Коломенский 4 СТР6";"0,0";"1,0";"1,0";"2,0";
"7,0";"31,07,2018";"Строгино";"";"Столкновение";"";"0";"0";"г Москва пр-кт Маршала Жукова 79";"0,0";"1,0";"2,0";"2,0";
"8,0";"31,07,2018";"Бутырский";"";"Наезд на пешехода";"";"0";"0";"г Москва проезд Огородный 18 стр, 4";"0,0";"1,0";"1,0";"2,0";
"9,0";"31,07,2018";"Новогиреево";"";"Наезд на пешехода";"";"0";"0";"г Москва пр-кт Зелёный 62А";"0,0";"1,0";"1,0";"2,0";
"10,0";"31,07,2018";"Марфино";"";"Наезд на пешехода";"";"0";"0";"г Москва ул Ботаническая 37Г";"0,0";"1,0";"1,0";"2,0";
"11,0";"31,07,2018";"Бескудниковский";"";"Столкновение";"";"0";"0";"г Москва ш Коровинское 6";"0,0";"1,0";"2,0";"2,0";
"12,0";"31,07,2018";"Коньково";"";"Наезд на велосипедиста";"";"0";"0";"г Москва ул Введенского 23 к,2";"0,0";"1,0";"2,0";"2,0";
"13,0";"31,07,2018";"Коньково";"";"Наезд на пешехода";"";"0";"0";"г Москва  ";"0,0";"1,0";"2,0";"2,0";
"14,0";"31,07,2018";"Бирюлево Восточное";"";"Столкновение";"Московская кольцевая автомобильная дорога (МКАД) внутренняя сторона";"25";"700";"г Москва км МКАД 26-й 0";"0,0";"3,0";"3,0";"4,0";
"15,0";"31,07,2018";"Соколиная гора";"";"Наезд на пешехода";"";"0";"0";"г Москва ул Вельяминовская 9";"0,0";"2,0";"1,0";"3,0";
"16,0";"31,07,2018";"Тимирязевский";"";"Столкновение";"";"0";"0";"г Москва ул Тимирязевская 20 корп,1";"0,0";"1,0";"2,0";"3,0";
"17,0";"31,07,2018";"Обручевский";"";"Столкновение";"";"0";"0";"г Москва кв-л Юго-Запада 38-й корп, 1";"0,0";"1,0";"2,0";"2,0";
"18,0";"31,07,2018";"Коньково";"";"Наезд на велосипедиста";"";"0";"0";"г Москва ул Островитянова 27 к,2,";"0,0";"1,0";"2,0";"2,0";
"19,0";"31,07,2018";"Выхино-Жулебино";"";"Столкновение";"";"0";"0";"г Москва пр-кт Волгоградский 180А";"0,0";"1,0";"2,0";"2,0";
"20,0";"31,07,2018";"Орехово-Борисово Южное";"";"Столкновение";"";"0";"0";"г Москва ул Воронежская 38 43";"0,0";"1,0";"2,0";"2,0";
"21,0";"31,07,2018";"Бирюлево Восточное";"";"Наезд на пешехода";"";"0";"0";"г Москва  ";"0,0";"1,0";"1,0";"2,0";
"22,0";"31,07,2018";"Обручевский";"";"Падение пассажира";"";"0";"0";"г Москва пр-кт Ленинский 113";"0,0";"1,0";"1,0";"2,0";
"23,0";"31,07,2018";"Северное Медведково";"";"Столкновение";"Московская кольцевая автомобильная дорога (МКАД) внутренняя сторона";"88";"500";"г Москва  ";"0,0";"1,0";"2,0";"2,0";
"24,0";"31,07,2018";"Соколиная гора";"";"Столкновение";"";"0";"0";"г Москва ш Измайловское 29";"0,0";"1,0";"2,0";"2,0";
"25,0";"30,07,2018";"Филимонковское";"";"Наезд на стоящее ТС";"М-3 Украина Москва - Калуга - Брянск - граница с Украиной (основное направление)";"30";"900";"  ";"1,0";"1,0";"3,0";"3,0";
"26,0";"30,07,2018";"Клёновское";"";"Наезд на препятствие";"";"0";"0";"д Киселёво  ";"0,0";"1,0";"1,0";"1,0";
"27,0";"30,07,2018";"Марьина роща";"";"Наезд на пешехода";"";"0";"0";"г Москва ул Шереметьевская 31 корп, 1";"0,0";"1,0";"1,0";"2,0";
"28,0";"30,07,2018";"Ясенево";"";"Столкновение";"Московская кольцевая автомобильная дорога (МКАД) внешняя сторона";"36";"300";"г Москва  ";"0,0";"1,0";"2,0";"2,0";
"29,0";"30,07,2018";"Богородское";"";"Наезд на пешехода";"";"0";"0";"г Москва проезд Тюменский 5с15";"0,0";"1,0";"2,0";"2,0";
"30,0";"30,07,2018";"Капотня";"";"Наезд на пешехода";"";"0";"0";"г Москва км МКАД 14-й 2, стр, 5";"0,0";"1,0";"1,0";"2,0";
"31,0";"30,07,2018";"Выхино-Жулебино";"";"Столкновение";"";"0";"0";"г Москва ул Генерала Кузнецова 26";"0,0";"3,0";"2,0";"4,0";
"32,0";"30,07,2018";"Выхино-Жулебино";"";"Наезд на велосипедиста";"";"0";"0";"г Москва ул Привольная 58";"0,0";"1,0";"2,0";"2,0";
"33,0";"30,07,2018";"Гольяново";"";"Столкновение";"Московская кольцевая автомобильная дорога (МКАД) внутренняя сторона";"104";"900";"г Москва  ";"0,0";"1,0";"5,0";"6,0";
"34,0";"30,07,2018";"Левобережный";"";"Столкновение";"Московская кольцевая автомобильная дорога (МКАД) внутренняя сторона";"75";"500";"г Москва  ";"0,0";"1,0";"2,0";"3,0";
"35,0";"30,07,2018";"Ясенево";"";"Наезд на препятствие";"Московская кольцевая автомобильная дорога (МКАД) внешняя сторона";"39";"0";"г Москва км МКАД 39-й 0";"0,0";"1,0";"1,0";"1,0";
"36,0";"30,07,2018";"Хорошево-Мневники";"";"Наезд на велосипедиста";"";"0";"0";"г Москва пр-кт Маршала Жукова 52";"0,0";"1,0";"2,0";"2,0";
"37,0";"30,07,2018";"Лианозово";"";"Наезд на пешехода";"";"0";"0";"г Москва ул Абрамцевская 5";"0,0";"1,0";"1,0";"2,0";
"38,0";"30,07,2018";"Басманный";"";"Наезд на пешехода";"";"0";"0";"г Москва ул Покровка 31 стр,1";"0,0";"1,0";"1,0";"2,0";
"39,0";"30,07,2018";"Сосенское";"";"Столкновение";"";"0";"0";" ул Фитарёвская 15";"2,0";"2,0";"2,0";"5,0";
"40,0";"30,07,2018";"Головинский";"";"Столкновение";"";"0";"0";"г Москва ул Лавочкина 4";"0,0";"1,0";"2,0";"3,0";
"41,0";"30,07,2018";"Красносельский";"";"Столкновение";"";"0";"0";"г Москва ул Русаковская 13";"0,0";"1,0";"2,0";"2,0";
"42,0";"30,07,2018";"Хорошевский";"";"Столкновение";"М-10 Россия Москва - Тверь - Великий Новгород - Санкт-Петербург (основное направление)";"7";"0";"г Москва пр-кт Ленинградский 66";"0,0";"1,0";"2,0";"3,0";
"43,0";"30,07,2018";"Лефортово";"";"Наезд на пешехода";"";"0";"0";"г Москва ш Энтузиастов 14";"0,0";"1,0";"1,0";"2,0";
"44,0";"30,07,2018";"Лефортово";"";"Столкновение";"";"0";"0";"г Москва ш Энтузиастов 4 стр, 17 на ТТК";"0,0";"1,0";"2,0";"2,0";
"45,0";"30,07,2018";"Текстильщики";"";"Наезд на пешехода";"";"0";"0";"г Москва ул Шкулёва 4, стр11";"0,0";"2,0";"1,0";"3,0";
"46,0";"30,07,2018";"Можайский";"";"Столкновение";"";"0";"0";"г Москва ш Можайское 16";"0,0";"2,0";"5,0";"6,0";
"47,0";"30,07,2018";"Печатники";"";"Столкновение";"";"0";"0";"г Москва проезд Шоссейный 10, кор, 3";"0,0";"1,0";"2,0";"2,0";
"48,0";"30,07,2018";"Ярославский";"";"Наезд на пешехода";"";"0";"0";"г Москва ш Ярославское 107";"0,0";"1,0";"1,0";"2,0";
"49,0";"30,07,2018";"Кунцево";"";"Столкновение";"";"0";"0";"г Москва ул Молодогвардейская 58";"0,0";"1,0";"2,0";"3,0";
"50,0";"30,07,2018";"Вороновское поселение";"";"Столкновение";"";"0";"0";"  ";"2,0";"1,0";"2,0";"3,0";
"51,0";"30,07,2018";"Митино";"";"Столкновение";"";"0";"0";"г Москва ул Зенитчиков 12";"0,0";"1,0";"3,0";"4,0";
"52,0";"30,07,2018";"Южное Тушино";"";"Наезд на пешехода";"";"0";"0";"г Москва ул Свободы 44 к 1";"0,0";"1,0";"1,0";"2,0";
"53,0";"30,07,2018";"Первомайское поселение";"";"Столкновение";"";"0";"0";"д Рогозинино  ";"0,0";"1,0";"2,0";"2,0";
"54,0";"30,07,2018";"Выхино-Жулебино";"";"Столкновение";"";"0";"0";"г Москва ул Привольная 70";"0,0";"2,0";"2,0";"2,0";
"55,0";"30,07,2018";"Новокосино";"";"Столкновение";"";"0";"0";"г Москва ш Носовихинское 15а";"0,0";"1,0";"3,0";"4,0";
"56,0";"30,07,2018";"Вешняки";"";"Столкновение";"Московская кольцевая автомобильная дорога (МКАД) внешняя сторона";"6";"0";"г Москва  ";"0,0";"1,0";"2,0";"2,0";
"57,0";"29,07,2018";"Хорошевский";"";"Столкновение";"";"0";"0";"г Москва ул Магистральная 1-я 18 стр, 1";"0,0";"1,0";"2,0";"2,0";
"58,0";"29,07,2018";"Коньково";"";"Наезд на стоящее ТС";"";"0";"0";"г Москва ул Бутлерова 5 кор,1 по ул, Введе";"0,0";"1,0";"2,0";"2,0";
"59,0";"29,07,2018";"Западное Дегунино";"";"Наезд на лицо, не являющееся участником дорожного движения, осуществляющее несение службы";"Московская кольцевая автомобильная дорога (МКАД) внешняя сторона";"76";"600";"г Москва  ";"1,0";"0,0";"2,0";"2,0";
"60,0";"29,07,2018";"Пресненский";"";"Столкновение";"Третье транспортное кольцо (внутренняя сторона)";"0";"840";"г Москва ул Подвойского 4";"0,0";"1,0";"3,0";"4,0";
"61,0";"29,07,2018";"Братеево";"";"Столкновение";"";"0";"0";"г Москва ул Борисовские Пруды 48 К1";"0,0";"1,0";"2,0";"2,0";
"62,0";"29,07,2018";"Даниловский";"";"Наезд на препятствие";"";"0";"0";"г Москва ул Автозаводская 23 К7";"0,0";"1,0";"1,0";"1,0";
"63,0";"29,07,2018";"Марьино";"";"Наезд на велосипедиста";"";"0";"0";"г Москва ул Люблинская 96";"0,0";"1,0";"2,0";"2,0";
"64,0";"29,07,2018";"Замоскворечье";"";"Столкновение";"";"0";"0";"г Москва ул Зацепский Вал 5";"0,0";"2,0";"3,0";"4,0";
"65,0";"29,07,2018";"Левобережный";"";"Наезд на пешехода";"М-10 Россия Москва - Тверь - Великий Новгород - Санкт-Петербург (основное направление)";"17";"0";"г Москва ш Ленинградское 94";"0,0";"1,0";"1,0";"2,0";
"66,0";"29,07,2018";"Ново-Переделкино";"";"Наезд на пешехода";"";"0";"0";"г Москва ш Боровское 35";"0,0";"1,0";"1,0";"2,0";
"67,0";"29,07,2018";"Хорошево-Мневники";"";"Наезд на пешехода";"";"0";"0";"г Москва ул Таманская 43";"0,0";"1,0";"1,0";"2,0";
"68,0";"29,07,2018";"Сосенское";"";"Наезд на пешехода";"";"0";"0";"  ";"0,0";"1,0";"1,0";"2,0";
"69,0";"29,07,2018";"Очаково-Матвеевское";"";"Наезд на пешехода";"";"0";"0";"п Матвеевское ул Наташи Ковшовой 14";"0,0";"1,0";"1,0";"2,0";
"70,0";"29,07,2018";"Южное Тушино";"";"Наезд на велосипедиста";"";"0";"0";"г Москва проезд Походный 1";"0,0";"1,0";"2,0";"2,0";
"71,0";"29,07,2018";"Отрадное";"";"Столкновение";"";"0";"0";"г Москва аллея Берёзовая 7";"0,0";"3,0";"2,0";"5,0";
"72,0";"29,07,2018";"Рязанский";"";"Столкновение";"";"0";"0";"г Москва ул Академика Скрябина 15";"0,0";"1,0";"2,0";"2,0";
"73,0";"29,07,2018";"Дмитровский";"";"Наезд на пешехода";"";"0";"0";"г Москва ул Яхромская 3";"0,0";"1,0";"1,0";"2,0";
"74,0";"29,07,2018";"ГУ МВД 2 СП ДПС 2 бат,";"";"Наезд на препятствие";"М-9 Балтия Москва - Волоколамск - граница с Латвийской Республикой";"21";"0";"г Москва  ";"0,0";"1,0";"2,0";"2,0";
"75,0";"29,07,2018";"Донской";"";"Наезд на пешехода";"";"0";"0";"г Москва ул Донская 31";"0,0";"1,0";"1,0";"2,0";
"76,0";"29,07,2018";"Лефортово";"";"Наезд на пешехода";"";"0";"0";"г Москва ул Боровая 10к1";"0,0";"1,0";"1,0";"2,0";
"77,0";"29,07,2018";"Митино";"";"Столкновение";"";"0";"0";"г Москва ш Волоколамское 139";"0,0";"1,0";"2,0";"2,0";
"78,0";"29,07,2018";"Северное Медведково";"";"Столкновение";"Московская кольцевая автомобильная дорога (МКАД) внутренняя сторона";"90";"800";"г Москва  ";"0,0";"1,0";"5,0";"5,0";
"79,0";"29,07,2018";"Гольяново";"";"Наезд на пешехода";"";"0";"0";"г Москва ул Хабаровская 28";"0,0";"1,0";"1,0";"2,0";
"80,0";"29,07,2018";"Северное Измайлово";"";"Столкновение";"";"0";"0";"г Москва ш Щёлковское 2";"0,0";"1,0";"2,0";"2,0";
"81,0";"29,07,2018";"Академический";"";"Столкновение";"";"0";"0";"г Москва ул Дмитрия Ульянова 32А";"0,0";"2,0";"3,0";"3,0";
"82,0";"28,07,2018";"Южнопортовый";"";"Столкновение";"";"0";"0";"г Москва ул Шарикоподшипниковская 11";"0,0";"1,0";"2,0";"2,0";
"83,0";"28,07,2018";"Сокольники";"";"Столкновение";"";"0";"0";"г Москва ул Рыбинская 1-я 3 ТТК";"0,0";"1,0";"2,0";"3,0";
"84,0";"28,07,2018";"Аэропорт";"";"Наезд на пешехода";"";"0";"0";"г Москва ул Красноармейская 21";"0,0";"1,0";"1,0";"2,0";
"85,0";"28,07,2018";"Южное Бутово";"";"Наезд на пешехода";"";"0";"0";"г Москва ул Скобелевская 12";"0,0";"1,0";"1,0";"2,0";
"86,0";"28,07,2018";"Перово";"";"Наезд на стоящее ТС";"";"0";"0";"г Москва ш Энтузиастов 82к2";"0,0";"2,0";"2,0";"3,0";
"87,0";"28,07,2018";"Чертаново Северное";"";"Столкновение";"";"0";"0";"г Москва мкр Чертаново Северное 1 К1";"0,0";"1,0";"3,0";"4,0";
"88,0";"28,07,2018";"Ярославский";"";"Наезд на препятствие";"";"0";"0";"г Москва ш Ярославское 137";"0,0";"1,0";"1,0";"1,0";
"89,0";"28,07,2018";"Царицыно";"";"Наезд на пешехода";"";"0";"0";"г Москва ул Каспийская 12А";"1,0";"0,0";"1,0";"2,0";
"90,0";"28,07,2018";"Теплый Стан";"";"Столкновение";"Московская кольцевая автомобильная дорога (МКАД) внешняя сторона";"42";"100";"г Москва  ";"0,0";"2,0";"2,0";"4,0";
"91,0";"28,07,2018";"Киевский";"";"Столкновение";"М-3 Украина Москва - Калуга - Брянск - граница с Украиной (основное направление)";"59";"0";"  ";"0,0";"3,0";"5,0";"5,0";
"92,0";"28,07,2018";"Хамовники";"";"Наезд на стоящее ТС";"Третье транспортное кольцо (внутренняя сторона)";"0";"0";"г Москва ул Хамовнический Вал 40";"0,0";"1,0";"2,0";"2,0";
"93,0";"28,07,2018";"Зюзино";"";"Столкновение";"";"0";"0";"г Москва пр-кт Севастопольский 57";"0,0";"1,0";"2,0";"3,0";
"94,0";"28,07,2018";"Северное Измайлово";"";"Наезд на пешехода";"";"0";"0";"г Москва ул Парковая 3-я 54 к,1";"1,0";"0,0";"1,0";"2,0";
"95,0";"28,07,2018";"Дмитровский";"";"Столкновение";"";"0";"0";"г Москва ул Софьи Ковалевской 22стр1";"0,0";"1,0";"2,0";"2,0";
"96,0";"28,07,2018";"Очаково-Матвеевское";"";"Столкновение";"Московская кольцевая автомобильная дорога (МКАД) внешняя сторона";"47";"0";"п Матвеевское  ";"0,0";"1,0";"2,0";"2,0";
"97,0";"28,07,2018";"Тверской";"";"Столкновение";"";"0";"0";"г Москва ул Бутырский Вал 48";"0,0";"2,0";"2,0";"2,0";
"98,0";"28,07,2018";"Раменки";"";"Столкновение";"";"0";"0";"г Москва ш Воробьёвское 2";"0,0";"1,0";"2,0";"2,0";
"99,0";"28,07,2018";"Нижегородский";"";"Столкновение";"";"0";"0";"г Москва ул Нижегородская 50";"0,0";"1,0";"2,0";"2,0";
"100,0";"28,07,2018";"Южнопортовый";"";"Столкновение";"";"0";"0";"г Москва ул Южнопортовая 16";"0,0";"1,0";"2,0";"2,0";
"101,0";"28,07,2018";"Северное Медведково";"";"Наезд на пешехода";"";"0";"0";"г Москва ул Молодцова 25 корп,2";"0,0";"1,0";"1,0";"2,0";
"102,0";"28,07,2018";"Чертаново Северное";"";"Падение пассажира";"";"0";"0";"г Москва проезд Сумской 7 К1";"0,0";"1,0";"1,0";"2,0";
"103,0";"28,07,2018";"Коньково";"";"Наезд на велосипедиста";"";"0";"0";"г Москва ул Островитянова 27, кор, 2";"0,0";"1,0";"2,0";"2,0";
"104,0";"28,07,2018";"Кузьминки";"";"Столкновение";"";"0";"0";"г Москва кв-л Волжский Бульвар 113 А корпус 9";"0,0";"1,0";"2,0";"2,0";
"105,0";"28,07,2018";"Кунцево";"";"Наезд на пешехода";"";"0";"0";"г Москва ш Рублёвское 16";"0,0";"1,0";"1,0";"2,0";
"106,0";"27,07,2018";"Ярославский";"";"Наезд на препятствие";"";"0";"0";"г Москва ш Ярославское 61";"0,0";"1,0";"1,0";"1,0";
"107,0";"27,07,2018";"Лосиноостровский";"";"Наезд на препятствие";"";"0";"0";"г Москва проезд Анадырский 45 с 2";"0,0";"1,0";"1,0";"1,0";
"108,0";"27,07,2018";"Братеево";"";"Столкновение";"";"0";"0";"г Москва ул Борисовские Пруды 38";"0,0";"1,0";"5,0";"2,0";
"109,0";"27,07,2018";"Перово";"";"Наезд на велосипедиста";"";"0";"0";"г Москва пр-кт Зелёный 13";"0,0";"1,0";"2,0";"2,0";
"110,0";"27,07,2018";"Измайлово";"";"Наезд на пешехода";"";"0";"0";"г Москва б-р Измайловский 40";"0,0";"1,0";"1,0";"2,0";
"111,0";"27,07,2018";"Коньково";"";"Наезд на стоящее ТС";"";"0";"0";"г Москва ул Профсоюзная Академика Капицы";"0,0";"1,0";"2,0";"3,0";
"112,0";"27,07,2018";"Лосиноостровский";"";"Столкновение";"";"0";"0";"г Москва ул Стартовая 37";"0,0";"1,0";"2,0";"2,0";
"113,0";"27,07,2018";"Лианозово";"";"Наезд на пешехода";"";"0";"0";"г Москва ул Абрамцевская 8а";"0,0";"1,0";"1,0";"2,0";
"114,0";"27,07,2018";"Нагатино-Садовники";"";"Наезд на велосипедиста";"";"0";"0";"г Москва ул Высокая 1А";"0,0";"1,0";"2,0";"2,0";
"115,0";"27,07,2018";"Орехово-Борисово Северное";"";"Падение пассажира";"";"0";"0";"г Москва проезд Борисовский 1 К1";"0,0";"1,0";"1,0";"2,0";
"116,0";"27,07,2018";"Бирюлево Восточное";"";"Столкновение";"";"0";"0";"г Москва ул Липецкая 2 СТР7";"0,0";"2,0";"2,0";"4,0";
"117,0";"27,07,2018";"Ивановское";"";"Наезд на препятствие";"";"0";"0";"г Москва проезд Купавенский Б, МГО 11";"0,0";"1,0";"1,0";"1,0";
"118,0";"27,07,2018";"Щукино";"";"Столкновение";"";"0";"0";"г Москва ул Академика Бочвара 2";"0,0";"1,0";"2,0";"2,0";
"119,0";"27,07,2018";"Перово";"";"Наезд на велосипедиста";"";"0";"0";"г Москва ш Энтузиастов 76";"0,0";"1,0";"2,0";"2,0";
"120,0";"27,07,2018";"Академический";"";"Наезд на велосипедиста";"";"0";"0";"г Москва ул Вавилова 13 а";"0,0";"1,0";"2,0";"2,0";
"121,0";"26,07,2018";"Вешняки";"";"Наезд на пешехода";"Московская кольцевая автомобильная дорога (МКАД) внутренняя сторона";"7";"500";"г Москва  ";"0,0";"1,0";"1,0";"2,0";
"122,0";"26,07,2018";"Орехово-Борисово Южное";"";"Столкновение";"";"0";"0";"г Москва проезд Шипиловский 63 К1";"0,0";"1,0";"2,0";"2,0";
"123,0";"26,07,2018";"Тверской";"";"Наезд на пешехода";"М-10 Россия Москва - Тверь - Великий Новгород - Санкт-Петербург (основное направление)";"29";"300";"г Москва ул Тверская 4";"0,0";"1,0";"1,0";"2,0";
"124,0";"26,07,2018";"Северное Измайлово";"";"Падение пассажира";"";"0";"0";"г Москва ш Щёлковское 74";"0,0";"1,0";"1,0";"2,0";
"125,0";"26,07,2018";"Западное Дегунино";"";"Падение пассажира";"";"0";"0";"г Москва проезд Библиотечный 2А, строение 1";"0,0";"1,0";"1,0";"2,0";
"126,0";"26,07,2018";"Басманный";"";"Столкновение";"";"0";"0";"г Москва наб Академика Туполева 13А";"0,0";"1,0";"2,0";"2,0";
"127,0";"26,07,2018";"Московский";"";"Столкновение";"М-3 Украина Москва - Калуга - Брянск - граница с Украиной (основное направление)";"21";"950";"  ";"0,0";"1,0";"2,0";"3,0";
"128,0";"26,07,2018";"Марушкинское";"";"Столкновение";"";"0";"0";"д Анкудиново  ";"0,0";"1,0";"3,0";"2,0";
"129,0";"26,07,2018";"Академический";"";"Столкновение";"";"0";"0";"г Москва пр-кт 60-летия Октября 19";"0,0";"1,0";"2,0";"2,0";
"130,0";"26,07,2018";"Вешняки";"";"Наезд на пешехода";"";"0";"0";"г Москва ул Вешняковская 6к2";"0,0";"1,0";"1,0";"2,0";
"131,0";"26,07,2018";"Бирюлево Западное";"";"Столкновение";"Московская кольцевая автомобильная дорога (МКАД) внешняя сторона";"29";"0";"г Москва км МКАД 29-й 0";"0,0";"1,0";"2,0";"2,0";
"132,0";"26,07,2018";"Северное Измайлово";"";"Наезд на пешехода";"";"0";"0";"г Москва  ";"1,0";"2,0";"1,0";"4,0";
"133,0";"26,07,2018";"Академический";"";"Столкновение";"";"0";"0";"г Москва ул Черёмушкинская Б, 16";"0,0";"1,0";"3,0";"3,0";
"134,0";"26,07,2018";"Строгино";"";"Столкновение";"";"0";"0";"г Москва ул Маршала Катукова 28";"0,0";"2,0";"2,0";"3,0";
"135,0";"25,07,2018";"Зюзино";"";"Наезд на пешехода";"";"0";"0";"г Москва б-р Черноморский 13к,1";"0,0";"1,0";"1,0";"2,0";
"136,0";"25,07,2018";"Бирюлево Западное";"";"Столкновение";"Московская кольцевая автомобильная дорога (МКАД) внутренняя сторона";"31";"0";"г Москва км МКАД 31-й 0";"0,0";"1,0";"3,0";"3,0";
"137,0";"25,07,2018";"Текстильщики";"";"Столкновение";"";"0";"0";"г Москва ул Люблинская 6";"0,0";"1,0";"2,0";"3,0";
"138,0";"25,07,2018";"Мещанский";"";"Наезд на пешехода";"";"0";"0";"г Москва ул Неглинная 18 стр1";"0,0";"1,0";"1,0";"2,0";
"139,0";"25,07,2018";"Ново-Переделкино";"";"Столкновение";"";"0";"0";"г Москва ш Боровское 25";"0,0";"1,0";"3,0";"3,0";
"140,0";"25,07,2018";"Строгино";"";"Столкновение";"";"0";"0";"г Москва ул Твардовского 10";"0,0";"1,0";"2,0";"2,0";
"141,0";"25,07,2018";"Войковский";"";"Столкновение";"";"0";"0";"г Москва ул Зои и Александра Космодемьянских 10";"0,0";"1,0";"2,0";"3,0";
"142,0";"25,07,2018";"Теплый Стан";"";"Столкновение";"";"0";"0";"г Москва ул Профсоюзная 126к,3";"0,0";"1,0";"2,0";"2,0";
"143,0";"25,07,2018";"Московский";"";"Наезд на велосипедиста";"";"0";"0";"  ";"0,0";"1,0";"2,0";"2,0";
"144,0";"25,07,2018";"Южное Бутово";"";"Столкновение";"";"0";"0";"г Москва ул Поляны влад,59 стр,1";"0,0";"2,0";"2,0";"3,0";
"145,0";"25,07,2018";"Останкинский";"";"Столкновение";"";"0";"0";"г Москва б-р Звёздный 4";"0,0";"1,0";"2,0";"3,0";
"146,0";"25,07,2018";"Рязанский";"";"Столкновение";"";"0";"0";"г Москва ул Зеленодольская 7 корп, 2";"0,0";"1,0";"2,0";"2,0";
"147,0";"25,07,2018";"Печатники";"";"Столкновение";"";"0";"0";"г Москва ул Курьяновская 1-я 35 (ул,Шоссейная)";"0,0";"1,0";"2,0";"2,0";
"148,0";"25,07,2018";"Крюково";"";"Наезд на пешехода";"";"0";"0";"г Зеленоград пр-кт Панфиловский 1549";"0,0";"1,0";"1,0";"2,0";
"149,0";"25,07,2018";"Фили-Давыдково";"";"Столкновение";"";"0";"0";"г Москва ш Рублевское 1";"0,0";"1,0";"2,0";"2,0";
"150,0";"25,07,2018";"Фили-Давыдково";"";"Наезд на пешехода";"";"0";"0";"г Москва ул Филёвская М, 10-1";"0,0";"1,0";"1,0";"2,0";
"151,0";"25,07,2018";"Арбат";"";"Наезд на пешехода";"";"0";"0";"г Москва б-р Гоголевский 25 стр,1";"0,0";"1,0";"1,0";"2,0";
"152,0";"25,07,2018";"Люблино";"";"Наезд на велосипедиста";"";"0";"0";"г Москва ул Перерва 88";"0,0";"1,0";"2,0";"2,0";
"153,0";"25,07,2018";"Котловка";"";"Столкновение";"";"0";"0";"г Москва пр-кт Севастопольский 49";"0,0";"1,0";"3,0";"4,0";
"154,0";"25,07,2018";"Гольяново";"";"Столкновение";"Московская кольцевая автомобильная дорога (МКАД) внутренняя сторона";"102";"800";"г Москва  ";"0,0";"1,0";"3,0";"3,0";
"155,0";"25,07,2018";"Вешняки";"";"Падение пассажира";"";"0";"0";"г Москва ул Реутовская 2";"0,0";"1,0";"1,0";"2,0";
"156,0";"24,07,2018";"Чертаново Южное";"";"Столкновение";"Московская кольцевая автомобильная дорога (МКАД) внутренняя сторона";"34";"0";"г Москва  ";"0,0";"1,0";"3,0";"4,0";
"157,0";"24,07,2018";"Южное Тушино";"";"Падение пассажира";"";"0";"0";"г Москва б-р Яна Райниса 13";"0,0";"1,0";"1,0";"2,0";
"158,0";"24,07,2018";"Южное Бутово";"";"Столкновение";"";"0";"0";"г Москва ул Скобелевская 32";"0,0";"1,0";"2,0";"2,0";
"159,0";"24,07,2018";"Савеловский";"";"Наезд на пешехода";"";"0";"0";"г Москва ул Башиловская 3";"0,0";"1,0";"1,0";"2,0";
"160,0";"24,07,2018";"Митино";"";"Наезд на стоящее ТС";"";"0";"0";"г Москва ул Генерала Белобородова 40";"0,0";"1,0";"7,0";"1,0";
"161,0";"24,07,2018";"Нагатино-Садовники";"";"Наезд на пешехода";"";"0";"0";"г Москва ул Академика Миллионщикова 1";"0,0";"1,0";"1,0";"2,0";
"162,0";"24,07,2018";"Марьино";"";"Наезд на стоящее ТС";"";"0";"0";"г Москва ул Подольская 1";"0,0";"1,0";"3,0";"1,0";
"163,0";"24,07,2018";"Орехово-Борисово Северное";"";"Наезд на пешехода";"";"0";"0";"г Москва б-р Ореховый 15 СТР7";"0,0";"1,0";"1,0";"2,0";
"164,0";"24,07,2018";"Замоскворечье";"";"Наезд на пешехода";"";"0";"0";"г Москва пер Новокузнецкий 1-й 13 стр, 1";"0,0";"1,0";"1,0";"2,0";
"165,0";"24,07,2018";"Тверской";"";"Наезд на пешехода";"";"0";"0";"г Москва ул Ильинка 4";"0,0";"1,0";"1,0";"2,0";
"166,0";"24,07,2018";"Кунцево";"";"Столкновение";"Московская кольцевая автомобильная дорога (МКАД) внутренняя сторона";"57";"0";"г Москва  ";"0,0";"1,0";"3,0";"3,0";
"167,0";"24,07,2018";"Молжаниновский";"";"Столкновение";"М-10 Россия Москва - Тверь - Великий Новгород - Санкт-Петербург (основное направление)";"26";"300";"г Москва ш Ленинградское 261";"0,0";"2,0";"3,0";"4,0";
"168,0";"24,07,2018";"Савёлки";"";"Наезд на велосипедиста";"";"0";"0";"г Зеленоград  ";"0,0";"1,0";"2,0";"2,0";
"169,0";"24,07,2018";"Чертаново Центральное";"";"Наезд на пешехода";"";"0";"0";"г Москва ул Чертановская 24 К1";"0,0";"1,0";"1,0";"2,0";
"170,0";"24,07,2018";"Даниловский";"";"Столкновение";"";"0";"0";"г Москва наб Дербеневская 13 17 К3";"0,0";"1,0";"4,0";"4,0";
"171,0";"24,07,2018";"Хорошево-Мневники";"";"Падение пассажира";"";"0";"0";"г Москва пр-кт Маршала Жукова 66";"0,0";"1,0";"1,0";"2,0";
"172,0";"24,07,2018";"Обручевский";"";"Столкновение";"";"0";"0";"г Москва ул Профсоюзная 60, кор, 1";"0,0";"1,0";"3,0";"4,0";
"173,0";"24,07,2018";"Десёновское";"";"Столкновение";"А-130 Москва - Малоярославец - Рославль - граница с Республикой Белоруссия (основное направление)";"36";"200";"  ";"0,0";"1,0";"2,0";"2,0";
"174,0";"24,07,2018";"Ново-Переделкино";"";"Наезд на пешехода";"";"0";"0";"г Москва ул Скульптора Мухиной 10";"0,0";"1,0";"1,0";"2,0";
"175,0";"24,07,2018";"Беговой";"";"Наезд на пешехода";"";"0";"0";"г Москва ул Расковой 22 корп, 2";"0,0";"1,0";"1,0";"2,0";
"176,0";"24,07,2018";"Выхино-Жулебино";"";"Столкновение";"";"0";"0";"г Москва пр-кт Волгоградский 187 16";"0,0";"1,0";"2,0";"2,0";
"177,0";"24,07,2018";"Можайский";"";"Столкновение";"";"0";"0";"г Москва ш Можайское 11";"0,0";"1,0";"2,0";"2,0";
"178,0";"23,07,2018";"Даниловский";"";"Столкновение";"";"0";"0";"г Москва ул Тульская Б, 2";"0,0";"1,0";"2,0";"2,0";
"179,0";"23,07,2018";"Первомайское поселение";"";"Столкновение";"";"0";"0";" ул Лесная 1";"0,0";"2,0";"2,0";"4,0";
"180,0";"23,07,2018";"Измайлово";"";"Иной вид ДТП";"";"0";"0";"г Москва ул Парковая 9-я 21к1";"0,0";"1,0";"1,0";"2,0";
"181,0";"23,07,2018";"Хорошевский";"";"Наезд на стоящее ТС";"";"0";"0";"г Москва ул Магистральная 3-я 30";"0,0";"3,0";"2,0";"3,0";
"182,0";"23,07,2018";"Вешняки";"";"Столкновение";"Московская кольцевая автомобильная дорога (МКАД) внутренняя сторона";"4";"900";"г Москва км МКАД 5-й 0";"0,0";"1,0";"3,0";"2,0";
"183,0";"23,07,2018";"Митино";"";"Столкновение";"";"0";"0";"г Москва ш Пятницкое 28";"0,0";"1,0";"2,0";"2,0";
"184,0";"23,07,2018";"Крылатское";"";"Наезд на пешехода";"";"0";"0";"г Москва ул Осенняя 2";"0,0";"1,0";"1,0";"2,0";
"185,0";"23,07,2018";"Южное Бутово";"";"Столкновение";"";"0";"0";"г Москва ул Горчакова 7";"0,0";"1,0";"4,0";"2,0";
"186,0";"23,07,2018";"Кунцево";"";"Столкновение";"";"0";"0";"г Москва км Новорижское шоссе 22-й владение 1";"0,0";"1,0";"2,0";"3,0";
"187,0";"23,07,2018";"Дорогомилово";"";"Столкновение";"";"0";"0";"г Москва пл Киевского Вокзала 1";"0,0";"1,0";"2,0";"3,0";
"188,0";"23,07,2018";"Новокосино";"";"Столкновение";"";"0";"0";"г Москва ул Суздальская 48с2";"0,0";"1,0";"2,0";"3,0";
"189,0";"23,07,2018";"Московский";"";"Наезд на пешехода";"";"0";"0";" ул Адмирала Корнилова (п Московский) 1";"0,0";"1,0";"1,0";"2,0";
"190,0";"23,07,2018";"Арбат";"";"Столкновение";"";"0";"0";"г Москва ул Знаменка 19";"0,0";"1,0";"2,0";"2,0";
"191,0";"23,07,2018";"Северное Тушино";"";"Наезд на пешехода";"";"0";"0";"г Москва  ";"1,0";"0,0";"1,0";"2,0";
"192,0";"23,07,2018";"Савеловский";"";"Наезд на пешехода";"";"0";"0";"г Москва ул Масловка В, 16";"0,0";"1,0";"1,0";"2,0";
"193,0";"23,07,2018";"Ховрино";"";"Наезд на пешехода";"";"0";"0";"г Москва ул Флотская 7";"0,0";"1,0";"2,0";"3,0";
"194,0";"23,07,2018";"Котловка";"";"Столкновение";"";"0";"0";"г Москва б-р Нагорный 7";"0,0";"1,0";"2,0";"3,0";
"195,0";"23,07,2018";"Богородское";"";"Наезд на пешехода";"";"0";"0";"г Москва б-р Маршала Рокоссовского 18";"0,0";"1,0";"1,0";"2,0";
"196,0";"22,07,2018";"Печатники";"";"Столкновение";"";"0";"0";"г Москва ул Шоссейная 1Р";"0,0";"1,0";"3,0";"4,0";
"197,0";"22,07,2018";"Ново-Переделкино";"";"Столкновение";"";"0";"0";"г Москва ул Лукинская 1Б";"0,0";"1,0";"4,0";"4,0";
"198,0";"22,07,2018";"Нагорный";"";"Столкновение";"";"0";"0";"г Москва ш Варшавское 85 К1";"0,0";"1,0";"2,0";"3,0";
"199,0";"22,07,2018";"Даниловский";"";"Столкновение";"Третье транспортное кольцо (внутренняя сторона)";"7";"700";"г Москва ул Автозаводская 16";"0,0";"1,0";"3,0";"4,0";
"200,0";"22,07,2018";"Северное Медведково";"";"Наезд на пешехода";"";"0";"0";"г Москва проезд Шокальского 31 к,3";"0,0";"1,0";"1,0";"2,0";
"201,0";"22,07,2018";"Текстильщики";"";"Столкновение";"";"0";"0";"г Москва пр-кт Волгоградский 42А";"0,0";"1,0";"5,0";"5,0";
"202,0";"22,07,2018";"Чертаново Южное";"";"Столкновение";"Московская кольцевая автомобильная дорога (МКАД) внутренняя сторона";"33";"500";"г Москва  ";"0,0";"3,0";"4,0";"6,0";
"203,0";"22,07,2018";"Москворечье-Сабурово";"";"Столкновение";"";"0";"0";"г Москва ул Борисовские Пруды 1";"0,0";"1,0";"2,0";"2,0";
"204,0";"22,07,2018";"Арбат";"";"Столкновение";"";"0";"0";"г Москва ул Новый Арбат 32";"0,0";"3,0";"2,0";"5,0";
"205,0";"22,07,2018";"Кузьминки";"";"Наезд на пешехода";"";"0";"0";"г Москва пр-кт Волгоградский 148 к,1";"1,0";"1,0";"1,0";"2,0";
"206,0";"22,07,2018";"Сосенское";"";"Падение пассажира";"А-130 Москва - Малоярославец - Рославль - граница с Республикой Белоруссия (основное направление)";"21";"100";"  ";"0,0";"1,0";"1,0";"2,0";
"207,0";"22,07,2018";"Беговой";"";"Столкновение";"";"0";"0";"г Москва ул Беговая 5";"0,0";"1,0";"2,0";"3,0";
"208,0";"22,07,2018";"Печатники";"";"Столкновение";"";"0";"0";"г Москва ул Угрешская 25";"0,0";"2,0";"3,0";"4,0";
"209,0";"22,07,2018";"Нагорный";"";"Наезд на пешехода";"";"0";"0";"г Москва б-р Чонгарский 19";"0,0";"1,0";"1,0";"2,0";
"210,0";"22,07,2018";"Роговское поселение";"";"Съезд с дороги";"";"0";"0";"д Спас-Купля  ";"0,0";"1,0";"1,0";"1,0";
"211,0";"22,07,2018";"Дорогомилово";"";"Наезд на пешехода";"";"0";"0";"г Москва пр-кт Кутузовский 45";"0,0";"1,0";"1,0";"2,0";
"212,0";"22,07,2018";"Кузьминки";"";"Столкновение";"";"0";"0";"г Москва кв-л Волжский Бульвар 113 А корп,5";"0,0";"1,0";"2,0";"2,0";
"213,0";"22,07,2018";"Восточное Измайлово";"";"Столкновение";"";"0";"0";"г Москва б-р Измайловский 63А";"0,0";"2,0";"2,0";"3,0";
"214,0";"22,07,2018";"Ивановское";"";"Наезд на стоящее ТС";"Московская кольцевая автомобильная дорога (МКАД) внутренняя сторона";"1";"300";"г Москва  ";"1,0";"0,0";"3,0";"2,0";
"215,0";"22,07,2018";"Люблино";"";"Столкновение";"Московская кольцевая автомобильная дорога (МКАД) внешняя сторона";"14";"0";"г Москва  ";"0,0";"1,0";"2,0";"2,0";
"216,0";"22,07,2018";"Ивановское";"";"Наезд на пешехода";"";"0";"0";"г Москва пр-кт Свободный 11к1";"1,0";"0,0";"1,0";"2,0";
"217,0";"22,07,2018";"Десёновское";"";"Съезд с дороги";"А-130 Москва - Малоярославец - Рославль - граница с Республикой Белоруссия (основное направление)";"31";"600";"  ";"0,0";"1,0";"1,0";"1,0";
"218,0";"21,07,2018";"ГУ МВД 2 СП ДПС 2 бат,";"";"Наезд на лицо, не являющееся участником дорожного движения, осуществляющее несение службы";"А-106 Рублево-Успенское шоссе";"21";"0";"г Москва  ";"0,0";"1,0";"1,0";"2,0";
"219,0";"21,07,2018";"Чертаново Северное";"";"Наезд на велосипедиста";"";"0";"0";"г Москва ул Кировоградская 14";"0,0";"1,0";"2,0";"2,0";
"220,0";"21,07,2018";"Текстильщики";"";"Наезд на пешехода";"";"0";"0";"г Москва ул Шкулёва 13 25 с2";"0,0";"1,0";"1,0";"2,0";
"221,0";"21,07,2018";"Хорошевский";"";"Столкновение";"";"0";"0";"г Москва ш Хорошёвское 1 Б";"0,0";"1,0";"2,0";"3,0";
"222,0";"21,07,2018";"Бирюлево Восточное";"";"Наезд на стоящее ТС";"Московская кольцевая автомобильная дорога (МКАД) внутренняя сторона";"24";"0";"г Москва  ";"0,0";"1,0";"2,0";"2,0";
"223,0";"21,07,2018";"Строгино";"";"Наезд на пешехода";"";"0";"0";"г Москва б-р Строгинский 15";"0,0";"1,0";"1,0";"2,0";
"224,0";"21,07,2018";"Марфино";"";"Столкновение";"";"0";"0";"г Москва ул Ботаническая 33 к 7";"0,0";"1,0";"2,0";"3,0";
"225,0";"21,07,2018";"Мещанский";"";"Столкновение";"Третье транспортное кольцо (внутренняя сторона)";"0";"0";"г Москва пер Крестовский 2-й 8";"0,0";"1,0";"2,0";"2,0";
"226,0";"21,07,2018";"Нагатино-Садовники";"";"Столкновение";"";"0";"0";"г Москва ул Нагатинская 21 К1";"0,0";"1,0";"2,0";"2,0";
"227,0";"21,07,2018";"ГУ МВД 2 СП ДПС 2 бат,";"";"Опрокидывание";"А-109 Ильинское шоссе";"12";"0";"г Москва  ";"0,0";"1,0";"1,0";"1,0";
"228,0";"20,07,2018";"Гольяново";"";"Столкновение";"";"0";"0";"г Москва ул Байкальская 44к1";"0,0";"1,0";"2,0";"3,0";
"229,0";"20,07,2018";"Головинский";"";"Столкновение";"";"0";"0";"г Москва пер Лихачёвский 2-й 6";"0,0";"1,0";"2,0";"3,0";
"230,0";"20,07,2018";"Вороновское поселение";"";"Съезд с дороги";"";"0";"0";"д Ясенки  ";"0,0";"1,0";"1,0";"2,0";
"231,0";"20,07,2018";"Орехово-Борисово Южное";"";"Наезд на пешехода";"";"0";"0";"г Москва ул Ясеневая 26";"0,0";"1,0";"1,0";"2,0";
"232,0";"20,07,2018";"Кузьминки";"";"Наезд на пешехода";"";"0";"0";"г Москва ул Заречье 5А";"0,0";"1,0";"1,0";"2,0";
"233,0";"20,07,2018";"Филимонковское";"";"Столкновение";"";"0";"0";"  ";"0,0";"1,0";"2,0";"2,0";
"234,0";"20,07,2018";"Можайский";"";"Столкновение";"Московская кольцевая автомобильная дорога (МКАД) внешняя сторона";"56";"0";"г Москва  ";"0,0";"1,0";"2,0";"2,0";
"235,0";"20,07,2018";"Бибирево";"";"Наезд на стоящее ТС";"";"0";"0";"г Москва ул Плещеева 2 стр,1";"0,0";"2,0";"4,0";"3,0";
"236,0";"20,07,2018";"Лефортово";"";"Столкновение";"";"0";"0";"г Москва ул Красноказарменная 17 СТР 1 д";"0,0";"1,0";"2,0";"2,0";
"237,0";"20,07,2018";"Бирюлево Восточное";"";"Наезд на препятствие";"Московская кольцевая автомобильная дорога (МКАД) внешняя сторона";"29";"500";"г Москва  ";"2,0";"2,0";"1,0";"4,0";
"238,0";"20,07,2018";"Марьина роща";"";"Наезд на пешехода";"";"0";"0";"г Москва ул Складочная 1 стр,1";"0,0";"1,0";"1,0";"2,0";
"239,0";"20,07,2018";"Люблино";"";"Столкновение";"";"0";"0";"г Москва ул Краснодонская 6";"0,0";"1,0";"3,0";"3,0";
"240,0";"20,07,2018";"Обручевский";"";"Наезд на пешехода";"";"0";"0";"г Москва ул Новаторов 3";"0,0";"1,0";"1,0";"2,0";
"241,0";"20,07,2018";"Бибирево";"";"Столкновение";"Московская кольцевая автомобильная дорога (МКАД) внешняя сторона";"87";"0";"г Москва  ";"0,0";"1,0";"2,0";"2,0";
"242,0";"20,07,2018";"Головинский";"";"Наезд на пешехода";"";"0";"0";"г Москва ул Солнечногорская 15";"0,0";"1,0";"1,0";"2,0";
"243,0";"20,07,2018";"Силино";"";"Столкновение";"";"0";"0";"г Зеленоград пр-кт Панфиловский 1109";"0,0";"1,0";"3,0";"4,0";
"244,0";"20,07,2018";"Тимирязевский";"";"Столкновение";"";"0";"0";"г Москва проезд Нижнелихоборский 3-й 4";"0,0";"1,0";"4,0";"4,0";
"245,0";"20,07,2018";"Пресненский";"";"Столкновение";"";"0";"0";"г Москва ул Красная Пресня 44 стр,1";"0,0";"1,0";"2,0";"3,0";
"246,0";"20,07,2018";"Обручевский";"";"Столкновение";"";"0";"0";"г Москва ул Миклухо-Маклая 11";"0,0";"2,0";"2,0";"4,0";
"247,0";"20,07,2018";"Хорошево-Мневники";"";"Столкновение";"";"0";"0";"г Москва ул Маршала Тухачевского 35";"0,0";"1,0";"2,0";"2,0";
"248,0";"20,07,2018";"Ясенево";"";"Наезд на препятствие";"Московская кольцевая автомобильная дорога (МКАД) внешняя сторона";"39";"0";"г Москва км МКАД 39-й 0";"0,0";"1,0";"1,0";"1,0";
"249,0";"20,07,2018";"Войковский";"";"Столкновение";"";"0";"0";"г Москва ул Нарвская 13";"0,0";"1,0";"2,0";"2,0";
"250,0";"20,07,2018";"Ховрино";"";"Столкновение";"";"0";"0";"г Москва ул Фестивальная 8";"0,0";"1,0";"2,0";"3,0";
"251,0";"19,07,2018";"Теплый Стан";"";"Наезд на велосипедиста";"";"0";"0";"г Москва  ";"0,0";"1,0";"2,0";"2,0";
"252,0";"19,07,2018";"Академический";"";"Столкновение";"";"0";"0";"г Москва пр-кт 60-летия Октября 29 к,1";"0,0";"1,0";"2,0";"3,0";
"253,0";"19,07,2018";"Митино";"";"Столкновение";"";"0";"0";"г Москва ул Митинская 12";"0,0";"1,0";"2,0";"2,0";
"254,0";"19,07,2018";"Тверской";"";"Наезд на стоящее ТС";"";"0";"0";"г Москва ул Краснопролетарская 16";"0,0";"1,0";"2,0";"2,0";
"255,0";"19,07,2018";"Люблино";"";"Наезд на велосипедиста";"";"0";"0";"г Москва ул Ставропольская 25, стр, 5";"0,0";"1,0";"2,0";"2,0";
"256,0";"19,07,2018";"Преображенское";"";"Наезд на пешехода";"";"0";"0";"г Москва ул Черкизовская Б, 4к1";"0,0";"1,0";"1,0";"2,0";
"257,0";"19,07,2018";"Савеловский";"";"Наезд на пешехода";"";"0";"0";"г Москва ул Башиловская 29";"0,0";"1,0";"1,0";"2,0";
"258,0";"19,07,2018";"Донской";"";"Столкновение";"Третье транспортное кольцо (внешняя сторона)";"10";"650";"г Москва ул Вавилова 5";"0,0";"1,0";"2,0";"2,0";
"259,0";"19,07,2018";"Можайский";"";"Столкновение";"";"0";"0";"г Москва ш Можайское 31 к 1";"0,0";"1,0";"2,0";"2,0";
"260,0";"19,07,2018";"Очаково-Матвеевское";"";"Наезд на препятствие";"Московская кольцевая автомобильная дорога (МКАД) внешняя сторона";"49";"0";"п Матвеевское  ";"0,0";"1,0";"1,0";"1,0";
"261,0";"19,07,2018";"Якиманка";"";"Столкновение";"";"0";"0";"г Москва ул Крымский Вал 9";"0,0";"2,0";"7,0";"8,0";
"262,0";"19,07,2018";"Теплый Стан";"";"Столкновение";"Московская кольцевая автомобильная дорога (МКАД) внутренняя сторона";"42";"0";"г Москва  ";"0,0";"2,0";"3,0";"5,0";
"263,0";"19,07,2018";"Южное Бутово";"";"Столкновение";"";"0";"0";"г Москва ул Скобелевская 20";"0,0";"1,0";"3,0";"3,0";
"264,0";"19,07,2018";"Северное Тушино";"";"Наезд на стоящее ТС";"Московская кольцевая автомобильная дорога (МКАД) внешняя сторона";"72";"0";"г Москва  ";"0,0";"4,0";"3,0";"5,0";
"265,0";"19,07,2018";"Коптево";"";"Наезд на пешехода";"";"0";"0";"г Москва ул Михалковская 13";"0,0";"1,0";"1,0";"2,0";
"266,0";"19,07,2018";"Филевский парк";"";"Столкновение";"";"0";"0";"г Москва ул Филёвская Б, 16";"0,0";"1,0";"2,0";"3,0";
"267,0";"19,07,2018";"Гольяново";"";"Столкновение";"";"0";"0";"г Москва ул Уральская 1а";"0,0";"1,0";"2,0";"2,0";
"268,0";"19,07,2018";"Восточное Дегунино";"";"Наезд на пешехода";"";"0";"0";"г Москва ул Дубнинская 30";"0,0";"1,0";"1,0";"2,0";
"269,0";"19,07,2018";"Фили-Давыдково";"";"Столкновение";"";"0";"0";"г Москва ш Рублевское 1";"0,0";"1,0";"2,0";"3,0";
"270,0";"18,07,2018";"Котловка";"";"Наезд на пешехода";"";"0";"0";"г Москва ул Нагорная 39 к,1";"0,0";"1,0";"1,0";"2,0";
"271,0";"18,07,2018";"Гольяново";"";"Наезд на пешехода";"";"0";"0";"г Москва ул Байкальская 13";"1,0";"1,0";"1,0";"2,0";
"272,0";"18,07,2018";"Донской";"";"Столкновение";"Третье транспортное кольцо (внутренняя сторона)";"11";"350";"г Москва ул Вавилова 3";"0,0";"1,0";"3,0";"2,0";
"273,0";"18,07,2018";"Западное Дегунино";"";"Столкновение";"";"0";"0";"г Москва ул Талдомская 13";"0,0";"1,0";"2,0";"2,0";
"274,0";"18,07,2018";"Даниловский";"";"Столкновение";"";"0";"0";"г Москва пр-кт Андропова 20б";"0,0";"1,0";"2,0";"3,0";
"275,0";"18,07,2018";"Строгино";"";"Столкновение";"Московская кольцевая автомобильная дорога (МКАД) внешняя сторона";"61";"0";"г Москва  ";"0,0";"1,0";"2,0";"2,0";
"276,0";"18,07,2018";"Хорошевский";"";"Столкновение";"";"0";"0";"г Москва б-р Ходынский 4";"0,0";"1,0";"2,0";"3,0";
"277,0";"18,07,2018";"Марфино";"";"Наезд на пешехода";"";"0";"0";"г Москва ул Гостиничная 10, к, 5";"0,0";"1,0";"1,0";"2,0";
"278,0";"18,07,2018";"Ховрино";"";"Падение пассажира";"";"0";"0";"г Москва ул Беломорская 40";"0,0";"1,0";"1,0";"2,0";
"279,0";"18,07,2018";"Покровское-Стрешнево";"";"Наезд на препятствие";"";"0";"0";"г Москва ул Свободы 1";"0,0";"1,0";"1,0";"1,0";
"280,0";"18,07,2018";"Выхино-Жулебино";"";"Наезд на стоящее ТС";"Московская кольцевая автомобильная дорога (МКАД) внутренняя сторона";"9";"950";"г Москва км МКАД 10-й 0";"0,0";"1,0";"2,0";"2,0";
"281,0";"18,07,2018";"Покровское-Стрешнево";"";"Наезд на пешехода";"";"0";"0";"г Москва ш Волоколамское 91";"0,0";"1,0";"1,0";"2,0";
"282,0";"18,07,2018";"Теплый Стан";"";"Столкновение";"";"0";"0";"г Москва ул Профсоюзная 156, корп, 1";"0,0";"1,0";"3,0";"4,0";
"283,0";"18,07,2018";"Левобережный";"";"Опрокидывание";"М-10 Россия Москва - Тверь - Великий Новгород - Санкт-Петербург (основное направление)";"17";"0";"г Москва ш Ленинградское 61";"0,0";"1,0";"1,0";"1,0";
"284,0";"18,07,2018";"Головинский";"";"Наезд на пешехода";"";"0";"0";"г Москва  ";"0,0";"1,0";"1,0";"2,0";
"285,0";"18,07,2018";"Бирюлево Восточное";"";"Столкновение";"Московская кольцевая автомобильная дорога (МКАД) внутренняя сторона";"28";"0";"г Москва  ";"0,0";"1,0";"2,0";"3,0";
"286,0";"18,07,2018";"Старое Крюково";"";"Столкновение";"";"0";"0";"г Зеленоград пр-кт Панфиловский 831";"0,0";"1,0";"2,0";"2,0";
"287,0";"18,07,2018";"Бескудниковский";"";"Наезд на велосипедиста";"";"0";"0";"г Москва ш Дмитровское 72";"0,0";"1,0";"2,0";"2,0";
"288,0";"18,07,2018";"Орехово-Борисово Южное";"";"Столкновение";"";"0";"0";"г Москва б-р Ореховый 13";"0,0";"1,0";"2,0";"2,0";
"289,0";"18,07,2018";"Люблино";"";"Столкновение";"";"0";"0";"г Москва ул Краснодонская 15";"0,0";"1,0";"2,0";"3,0";
"290,0";"18,07,2018";"Люблино";"";"Столкновение";"";"0";"0";"г Москва ул Маршала Баграмяна 1";"0,0";"1,0";"2,0";"3,0";
"291,0";"18,07,2018";"Нагатино-Садовники";"";"Столкновение";"";"0";"0";"г Москва пр-кт Андропова 40";"0,0";"1,0";"2,0";"2,0";
"292,0";"18,07,2018";"Выхино-Жулебино";"";"Наезд на препятствие";"";"0";"0";"г Москва ул Ташкентская 15 22";"3,0";"0,0";"1,0";"3,0";
"293,0";"18,07,2018";"Митино";"";"Падение пассажира";"";"0";"0";"г Москва ш Пятницкое 14";"0,0";"1,0";"1,0";"2,0";
"294,0";"18,07,2018";"Тверской";"";"Столкновение";"М-10 Россия Москва - Тверь - Великий Новгород - Санкт-Петербург (основное направление)";"3";"0";"г Москва ул Тверская-Ямская 1-я 11";"0,0";"1,0";"3,0";"3,0";
"295,0";"18,07,2018";"Сосенское";"";"Падение пассажира";"";"0";"0";" ул Александры Монаховой 3";"0,0";"1,0";"1,0";"2,0";
"296,0";"18,07,2018";"Москворечье-Сабурово";"";"Столкновение";"";"0";"0";"г Москва ул Кошкина 14А";"0,0";"1,0";"2,0";"2,0";
"297,0";"17,07,2018";"Коньково";"";"Наезд на препятствие";"";"0";"0";"г Москва ул Профсоюзная 109 к,2";"0,0";"3,0";"1,0";"3,0";
"298,0";"17,07,2018";"Щербинка";"";"Столкновение";"";"0";"0";"г Щербинка ул Барышевская 39";"0,0";"1,0";"2,0";"3,0";
"299,0";"17,07,2018";"Пресненский";"";"Наезд на пешехода";"";"0";"0";"г Москва б-р Тверской 25 стр,7";"0,0";"1,0";"1,0";"2,0";
"300,0";"17,07,2018";"Гольяново";"";"Столкновение";"";"0";"0";"г Москва проезд Иртышский 2-й 11 1";"0,0";"1,0";"2,0";"2,0";
"301,0";"17,07,2018";"Крюково";"";"Столкновение";"";"0";"0";"г Зеленоград ул Логвиненко 1460";"0,0";"1,0";"2,0";"3,0";
"302,0";"17,07,2018";"Сосенское";"";"Наезд на пешехода";"";"0";"0";"  ";"0,0";"1,0";"1,0";"2,0";
"303,0";"17,07,2018";"Хорошевский";"";"Наезд на пешехода";"";"0";"0";"г Москва ул Куусинена 4 к,3";"0,0";"1,0";"1,0";"2,0";
"304,0";"17,07,2018";"Алексеевский";"";"Столкновение";"";"0";"0";"г Москва пр-кт Мира 180";"0,0";"1,0";"2,0";"2,0";
"305,0";"17,07,2018";"Орехово-Борисово Северное";"";"Наезд на пешехода";"";"0";"0";"г Москва  ";"0,0";"1,0";"1,0";"2,0";
"306,0";"17,07,2018";"Раменки";"";"Наезд на стоящее ТС";"";"0";"0";"г Москва ул Мосфильмовская 13";"0,0";"1,0";"2,0";"2,0";
"307,0";"17,07,2018";"Кунцево";"";"Наезд на препятствие";"Московская кольцевая автомобильная дорога (МКАД) внутренняя сторона";"57";"400";"г Москва  ";"1,0";"0,0";"2,0";"2,0";
"308,0";"17,07,2018";"Вешняки";"";"Наезд на стоящее ТС";"";"0";"0";"г Москва ул Юности 15";"0,0";"1,0";"2,0";"2,0";
"309,0";"17,07,2018";"ГУ МВД 2 СП ДПС 2 бат,";"";"Столкновение";"А-106 Рублево-Успенское шоссе";"6";"0";"г Москва  ";"0,0";"1,0";"2,0";"2,0";
"310,0";"17,07,2018";"Вороновское поселение";"";"Столкновение";"А-130 Москва - Малоярославец - Рославль - граница с Республикой Белоруссия (основное направление)";"56";"500";"  ";"0,0";"2,0";"2,0";"3,0";
"311,0";"17,07,2018";"Старое Крюково";"";"Наезд на пешехода";"";"0";"0";"г Зеленоград  ";"0,0";"1,0";"1,0";"2,0";
"312,0";"17,07,2018";"Восточное Дегунино";"";"Наезд на пешехода";"";"0";"0";"г Москва ул Дубнинская 53 к 2";"0,0";"1,0";"1,0";"2,0";
"313,0";"17,07,2018";"Хорошево-Мневники";"";"Наезд на стоящее ТС";"";"0";"0";"г Москва пр-кт Маршала Жукова 48";"0,0";"2,0";"2,0";"3,0";
"314,0";"17,07,2018";"Западное Дегунино";"";"Наезд на пешехода";"";"0";"0";"г Москва ш Коровинское 2 38";"0,0";"1,0";"1,0";"2,0";
"315,0";"17,07,2018";"Можайский";"";"Столкновение";"";"0";"0";"г Москва ул Беловежская 1";"0,0";"2,0";"2,0";"4,0";
"316,0";"17,07,2018";"Ясенево";"";"Столкновение";"Московская кольцевая автомобильная дорога (МКАД) внутренняя сторона";"35";"350";"г Москва  ";"0,0";"1,0";"2,0";"2,0";
"317,0";"17,07,2018";"Войковский";"";"Наезд на пешехода";"";"0";"0";"г Москва пер Новоподмосковный 1-й 2 1";"0,0";"1,0";"1,0";"2,0";
"318,0";"17,07,2018";"Раменки";"";"Наезд на велосипедиста";"";"0";"0";"г Москва пр-кт Мичуринский 29 корп, 4";"0,0";"1,0";"2,0";"2,0";
"319,0";"17,07,2018";"Кунцево";"";"Столкновение";"Московская кольцевая автомобильная дорога (МКАД) внутренняя сторона";"60";"100";"г Москва  ";"0,0";"2,0";"2,0";"3,0";
"320,0";"17,07,2018";"Таганский";"";"Столкновение";"";"0";"0";"г Москва ул Воронцовская 44";"0,0";"1,0";"2,0";"2,0";
"321,0";"17,07,2018";"Крюково";"";"Столкновение";"";"0";"0";"г Зеленоград пр-кт Панфиловский 1539";"0,0";"1,0";"2,0";"2,0";
"322,0";"17,07,2018";"Митино";"";"Столкновение";"";"0";"0";"г Москва ш Пятницкое 9";"0,0";"1,0";"2,0";"2,0";
"323,0";"17,07,2018";"Московский";"";"Наезд на пешехода";"";"0";"0";"  ";"0,0";"1,0";"1,0";"2,0";
"324,0";"17,07,2018";"Рязанский";"";"Наезд на пешехода";"";"0";"0";"г Москва ул Стахановская 19";"0,0";"1,0";"1,0";"2,0";
"325,0";"17,07,2018";"Бескудниковский";"";"Столкновение";"";"0";"0";"г Москва ш Дмитровское 64 корп 1";"0,0";"1,0";"4,0";"5,0";
"326,0";"17,07,2018";"Бирюлево Западное";"";"Столкновение";"";"0";"0";"г Москва проезд Булатниковский 8";"0,0";"1,0";"2,0";"3,0";
"327,0";"17,07,2018";"Чертаново Северное";"";"Столкновение";"";"0";"0";"г Москва ул Кировоградская 14";"0,0";"1,0";"2,0";"2,0";
"328,0";"17,07,2018";"Марфино";"";"Наезд на пешехода";"";"0";"0";"г Москва ул Гостиничная 10 к 5";"0,0";"1,0";"1,0";"2,0";
"329,0";"17,07,2018";"Щукино";"";"Опрокидывание";"";"0";"0";"г Москва ул Берзарина 16";"0,0";"1,0";"2,0";"2,0";
"330,0";"17,07,2018";"Косино-Ухтомский";"";"Наезд на препятствие";"";"0";"0";"п Ухтомский ул Лухмановская 37";"0,0";"1,0";"1,0";"2,0";
"331,0";"17,07,2018";"Внуковское";"";"Наезд на велосипедиста";"";"0";"0";"  ";"0,0";"1,0";"2,0";"2,0";
"332,0";"17,07,2018";"Люблино";"";"Наезд на стоящее ТС";"Московская кольцевая автомобильная дорога (МКАД) внутренняя сторона";"13";"200";"г Москва  ";"0,0";"3,0";"3,0";"3,0";
"333,0";"17,07,2018";"Щукино";"";"Падение пассажира";"";"0";"0";"г Москва ул Новощукинская 7";"0,0";"1,0";"1,0";"2,0";
"334,0";"17,07,2018";"Можайский";"";"Наезд на пешехода";"";"0";"0";"г Москва ул Вяземская 1";"0,0";"1,0";"1,0";"2,0";
"335,0";"17,07,2018";"Соколиная гора";"";"Столкновение";"";"0";"0";"г Москва ул Лечебная 16";"0,0";"1,0";"4,0";"4,0";
"336,0";"17,07,2018";"Москворечье-Сабурово";"";"Наезд на пешехода";"";"0";"0";"г Москва ш Каширское 26 К1";"0,0";"1,0";"1,0";"2,0";
"337,0";"16,07,2018";"Отрадное";"";"Столкновение";"";"0";"0";"г Москва ул Декабристов 10 корп,2";"0,0";"1,0";"5,0";"4,0";
"338,0";"16,07,2018";"Северное Бутово";"";"Столкновение";"Московская кольцевая автомобильная дорога (МКАД) внешняя сторона";"34";"0";"п Бутово  ";"0,0";"1,0";"2,0";"2,0";
"339,0";"16,07,2018";"Филимонковское";"";"Наезд на препятствие";"";"0";"0";"  ";"0,0";"1,0";"1,0";"1,0";
"340,0";"16,07,2018";"Соколиная гора";"";"Падение пассажира";"";"0";"0";"г Москва ул Соколиной Горы 8-я 15, корпус 5";"0,0";"1,0";"1,0";"2,0";
"341,0";"16,07,2018";"Бирюлево Восточное";"";"Столкновение";"Московская кольцевая автомобильная дорога (МКАД) внешняя сторона";"24";"0";"г Москва  ";"0,0";"1,0";"2,0";"3,0";
"342,0";"16,07,2018";"Митино";"";"Наезд на велосипедиста";"";"0";"0";"г Москва ш Пятницкое 45";"0,0";"1,0";"2,0";"2,0";
"343,0";"16,07,2018";"Останкинский";"";"Наезд на пешехода";"";"0";"0";"г Москва ул Академика Королева 15, к, 1";"0,0";"1,0";"1,0";"2,0";
"344,0";"16,07,2018";"Сокольники";"";"Наезд на препятствие";"";"0";"0";"г Москва просек Поперечный 33стр2";"0,0";"1,0";"1,0";"1,0";
"345,0";"16,07,2018";"Гагаринский";"";"Наезд на пешехода";"";"0";"0";"г Москва пр-кт Ломоносовский 10";"0,0";"1,0";"1,0";"2,0";
"346,0";"16,07,2018";"Теплый Стан";"";"Столкновение";"Московская кольцевая автомобильная дорога (МКАД) внутренняя сторона";"41";"25";"г Москва  ";"0,0";"1,0";"2,0";"2,0";
"347,0";"16,07,2018";"Отрадное";"";"Наезд на стоящее ТС";"";"0";"0";"г Москва ш Алтуфьевское 13";"0,0";"1,0";"2,0";"2,0";
"348,0";"16,07,2018";"Северное Тушино";"";"Наезд на стоящее ТС";"Московская кольцевая автомобильная дорога (МКАД) внешняя сторона";"72";"120";"г Москва  ";"1,0";"0,0";"2,0";"2,0";
"349,0";"16,07,2018";"Останкинский";"";"Столкновение";"";"0";"0";"г Москва ул Годовикова 9";"0,0";"1,0";"2,0";"2,0";
"350,0";"16,07,2018";"Пресненский";"";"Столкновение";"";"0";"0";"г Москва проезд Красногвардейский 1-й 13 стр 9";"0,0";"1,0";"2,0";"3,0";
"351,0";"16,07,2018";"Войковский";"";"Наезд на пешехода";"";"0";"0";"г Москва ш Ленинградское 84";"0,0";"1,0";"2,0";"2,0";
"352,0";"16,07,2018";"Новофёдоровское поселение";"";"Наезд на пешехода";"";"0";"0";"  ";"0,0";"2,0";"1,0";"3,0";
"353,0";"16,07,2018";"Басманный";"";"Наезд на пешехода";"";"0";"0";"г Москва пер Златоустинский Б, 4";"0,0";"1,0";"1,0";"2,0";
"354,0";"16,07,2018";"Останкинский";"";"Столкновение";"";"0";"0";"г Москва пр-кт Мира 109";"0,0";"1,0";"2,0";"3,0";
"355,0";"16,07,2018";"Бабушкинский";"";"Столкновение";"";"0";"0";"г Москва ул Менжинского 23 КОРП 1";"0,0";"1,0";"2,0";"2,0";
"356,0";"16,07,2018";"Свиблово";"";"Наезд на препятствие";"";"0";"0";"п Свиблово ул Снежная 28";"0,0";"1,0";"1,0";"1,0";
"357,0";"16,07,2018";"Гольяново";"";"Наезд на стоящее ТС";"";"0";"0";"г Москва ул Байкальская 34";"0,0";"1,0";"2,0";"2,0";
"358,0";"16,07,2018";"Десёновское";"";"Наезд на пешехода";"А-130 Москва - Малоярославец - Рославль - граница с Республикой Белоруссия (основное направление)";"33";"0";"  ";"0,0";"1,0";"1,0";"2,0";
"359,0";"16,07,2018";"Новогиреево";"";"Столкновение";"";"0";"0";"г Москва пр-кт Зелёный 34";"0,0";"1,0";"2,0";"3,0";
"360,0";"16,07,2018";"Люблино";"";"Столкновение";"";"0";"0";"г Москва ул Судакова 22 10";"0,0";"4,0";"2,0";"6,0";
"361,0";"16,07,2018";"Люблино";"";"Столкновение";"";"0";"0";"г Москва ул Ставропольская вл,86";"0,0";"2,0";"2,0";"3,0";
"362,0";"16,07,2018";"Северное Тушино";"";"Наезд на пешехода";"Московская кольцевая автомобильная дорога (МКАД) внутренняя сторона";"73";"120";"г Москва  ";"1,0";"0,0";"1,0";"2,0";
"363,0";"16,07,2018";"Северное Медведково";"";"Столкновение";"Московская кольцевая автомобильная дорога (МКАД) внешняя сторона";"89";"800";"г Москва  ";"0,0";"1,0";"2,0";"3,0";
"364,0";"16,07,2018";"Беговой";"";"Наезд на пешехода";"";"0";"0";"г Москва ул Правды 4";"0,0";"1,0";"1,0";"2,0";
"365,0";"15,07,2018";"Орехово-Борисово Южное";"";"Столкновение";"Московская кольцевая автомобильная дорога (МКАД) внешняя сторона";"22";"50";"г Москва км МКАД 23-й 0";"0,0";"1,0";"2,0";"3,0";
"366,0";"15,07,2018";"Строгино";"";"Столкновение";"Московская кольцевая автомобильная дорога (МКАД) внешняя сторона";"67";"0";"г Москва  ";"0,0";"1,0";"3,0";"4,0";
"367,0";"15,07,2018";"Очаково-Матвеевское";"";"Наезд на препятствие";"Московская кольцевая автомобильная дорога (МКАД) внешняя сторона";"47";"0";"п Матвеевское  ";"0,0";"1,0";"1,0";"1,0";
"368,0";"15,07,2018";"Выхино-Жулебино";"";"Наезд на пешехода";"";"0";"0";"г Москва проезд Ферганский 3 корп,1";"1,0";"0,0";"1,0";"2,0";
"369,0";"15,07,2018";"Братеево";"";"Наезд на пешехода";"";"0";"0";"г Москва ул Братеевская 31А";"0,0";"1,0";"1,0";"2,0";
"370,0";"15,07,2018";"Тропарево-Никулино";"";"Столкновение";"";"0";"0";"г Москва пр-кт Мичуринский 80";"0,0";"1,0";"2,0";"3,0";
"371,0";"15,07,2018";"Раменки";"";"Наезд на стоящее ТС";"";"0";"0";"г Москва пр-кт Вернадского 12";"0,0";"3,0";"2,0";"4,0";
"372,0";"15,07,2018";"Хорошевский";"";"Столкновение";"";"0";"0";"г Москва б-р Ходынский 2";"0,0";"1,0";"2,0";"3,0";
"373,0";"15,07,2018";"Хорошево-Мневники";"";"Наезд на пешехода";"";"0";"0";"г Москва ул Демьяна Бедного 5";"0,0";"1,0";"1,0";"2,0";
"374,0";"15,07,2018";"Марьино";"";"Наезд на стоящее ТС";"";"0";"0";"г Москва б-р Перервинский 19 корп,1";"0,0";"1,0";"3,0";"2,0";
"375,0";"15,07,2018";"Московский";"";"Столкновение";"";"0";"0";"г Московский ул Хабарова 15";"0,0";"1,0";"2,0";"2,0";
"376,0";"15,07,2018";"Кузьминки";"";"Падение пассажира";"";"0";"0";"г Москва пр-кт Волгоградский 78";"0,0";"1,0";"1,0";"2,0";
"377,0";"15,07,2018";"Нагорный";"";"Столкновение";"";"0";"0";"г Москва ш Варшавское 74 К2";"0,0";"1,0";"4,0";"5,0";
"378,0";"15,07,2018";"Нижегородский";"";"Столкновение";"";"0";"0";"г Москва проезд Перовский 6, стр, 1";"0,0";"1,0";"2,0";"3,0";
"379,0";"15,07,2018";"Ясенево";"";"Наезд на пешехода";"";"0";"0";"г Москва ул Ясногорская 11 по Новоясеневском";"0,0";"1,0";"1,0";"2,0";
"380,0";"15,07,2018";"Хорошевский";"";"Наезд на пешехода";"";"0";"0";"г Москва ул Поликарпова 19 корпус 2 строение";"0,0";"1,0";"1,0";"2,0";
"381,0";"15,07,2018";"Крылатское";"";"Наезд на пешехода";"";"0";"0";"г Москва б-р Осенний 5 корп, 1";"0,0";"1,0";"1,0";"2,0";
"382,0";"15,07,2018";"Замоскворечье";"";"Столкновение";"";"0";"0";"г Москва ул Валовая 20";"0,0";"1,0";"2,0";"2,0";
"383,0";"15,07,2018";"Тверской";"";"Наезд на пешехода";"";"0";"0";"г Москва ул Брестская 1-я 66";"0,0";"1,0";"1,0";"2,0";
"384,0";"15,07,2018";"Даниловский";"";"Опрокидывание";"";"0";"0";"г Москва ул Люсиновская 64";"0,0";"1,0";"1,0";"1,0";
"385,0";"14,07,2018";"Якиманка";"";"Столкновение";"";"0";"0";"г Москва ул Серафимовича 2";"0,0";"1,0";"2,0";"2,0";
"386,0";"14,07,2018";"Лефортово";"";"Столкновение";"";"0";"0";"г Москва ш Энтузиастов 22";"0,0";"1,0";"2,0";"3,0";
"387,0";"14,07,2018";"Москворечье-Сабурово";"";"Столкновение";"";"0";"0";"г Москва ул Москворечье 4 К6";"0,0";"1,0";"2,0";"2,0";
"388,0";"14,07,2018";"Академический";"";"Наезд на препятствие";"";"0";"0";"г Москва ул Винокурова 10 к,1";"0,0";"1,0";"1,0";"2,0";
"389,0";"14,07,2018";"Кунцево";"";"Столкновение";"Московская кольцевая автомобильная дорога (МКАД) внутренняя сторона";"59";"0";"г Москва  ";"0,0";"3,0";"4,0";"4,0";
"390,0";"14,07,2018";"Орехово-Борисово Южное";"";"Наезд на стоящее ТС";"Московская кольцевая автомобильная дорога (МКАД) внешняя сторона";"24";"0";"г Москва  ";"0,0";"1,0";"2,0";"2,0";
"391,0";"14,07,2018";"Головинский";"";"Столкновение";"М-10 Россия Москва - Тверь - Великий Новгород - Санкт-Петербург (основное направление)";"5";"0";"г Москва ш Ленинградское 58";"0,0";"1,0";"2,0";"3,0";
"392,0";"14,07,2018";"Западное Дегунино";"";"Столкновение";"";"0";"0";"г Москва ул Маршала Федоренко 16 2 к 2";"0,0";"3,0";"2,0";"5,0";
"393,0";"14,07,2018";"Даниловский";"";"Столкновение";"";"0";"0";"г Москва ул Люсиновская 72";"0,0";"1,0";"2,0";"2,0";
"394,0";"14,07,2018";"Бабушкинский";"";"Столкновение";"";"0";"0";"г Москва ул Енисейская 5 стр,2";"0,0";"1,0";"2,0";"3,0";
"395,0";"14,07,2018";"Московский";"";"Столкновение";"";"0";"0";"  ";"0,0";"1,0";"2,0";"2,0";
"396,0";"14,07,2018";"Раменки";"";"Наезд на пешехода";"";"0";"0";"г Москва ул Мосфильмовская 88 кор,2";"0,0";"1,0";"1,0";"2,0";
"397,0";"14,07,2018";"Щукино";"";"Наезд на пешехода";"";"0";"0";"г Москва  ";"0,0";"1,0";"1,0";"2,0";
"398,0";"14,07,2018";"Люблино";"";"Столкновение";"";"0";"0";"г Москва ул Ставропольская 41";"0,0";"1,0";"2,0";"3,0";
"399,0";"14,07,2018";"Московский";"";"Съезд с дороги";"";"0";"0";"г Московский  ";"0,0";"2,0";"1,0";"3,0";
"400,0";"14,07,2018";"Сосенское";"";"Столкновение";"";"0";"0";"  ";"1,0";"2,0";"2,0";"3,0";
"401,0";"14,07,2018";"Северное Измайлово";"";"Столкновение";"";"0";"0";"г Москва ш Щёлковское 52";"0,0";"1,0";"3,0";"3,0";
"402,0";"14,07,2018";"Северное Измайлово";"";"Наезд на стоящее ТС";"Московская кольцевая автомобильная дорога (МКАД) внутренняя сторона";"104";"700";"г Москва  ";"0,0";"1,0";"2,0";"3,0";
"403,0";"14,07,2018";"Красносельский";"";"Столкновение";"Третье транспортное кольцо (внешняя сторона)";"31";"0";"г Москва ул Гаврикова 7-9";"0,0";"1,0";"3,0";"3,0";
"404,0";"13,07,2018";"Хорошевский";"";"Столкновение";"";"0";"0";"г Москва ул Магистральная 1-я 17";"0,0";"2,0";"2,0";"3,0";
"405,0";"13,07,2018";"Перово";"";"Наезд на пешехода";"";"0";"0";"г Москва ул Новогиреевская 11";"1,0";"0,0";"1,0";"2,0";
"406,0";"13,07,2018";"Алтуфьевский";"";"Наезд на стоящее ТС";"";"0";"0";"г Москва ш Алтуфьевское 60";"0,0";"1,0";"4,0";"4,0";
"407,0";"13,07,2018";"Сосенское";"";"Столкновение";"";"0";"0";" ул Александры Монаховой вл,30";"0,0";"1,0";"2,0";"2,0";
"408,0";"13,07,2018";"Выхино-Жулебино";"";"Столкновение";"";"0";"0";"г Москва ул Академика Скрябина 23 СТР 2";"0,0";"4,0";"3,0";"4,0";
"409,0";"13,07,2018";"Марьина роща";"";"Столкновение";"";"0";"0";"г Москва ул Сущёвский Вал 49 стр2";"0,0";"2,0";"2,0";"4,0";
"410,0";"13,07,2018";"Московский";"";"Столкновение";"М-3 Украина Москва - Калуга - Брянск - граница с Украиной (основное направление)";"19";"50";"  ";"0,0";"1,0";"2,0";"2,0";
"411,0";"13,07,2018";"Проспект Вернадского";"";"Столкновение";"";"0";"0";"г Москва ул Лобачевского 42";"0,0";"1,0";"2,0";"2,0";
"412,0";"13,07,2018";"Перово";"";"Наезд на пешехода";"";"0";"0";"г Москва ул Перовская 54 54";"0,0";"1,0";"1,0";"2,0";
"413,0";"13,07,2018";"Бескудниковский";"";"Наезд на пешехода";"";"0";"0";"г Москва б-р Бескудниковский 56, корп, 1";"0,0";"1,0";"2,0";"2,0";
"414,0";"13,07,2018";"Даниловский";"";"Столкновение";"";"0";"0";"г Москва наб Крутицкая 19";"0,0";"1,0";"2,0";"2,0";
"415,0";"13,07,2018";"Марушкинское";"";"Столкновение";"";"0";"0";"д Большое Свинорье  ";"0,0";"2,0";"2,0";"3,0";
"416,0";"13,07,2018";"Савеловский";"";"Опрокидывание";"";"0";"0";"г Москва ул Бутырская 7";"0,0";"1,0";"1,0";"1,0";
"417,0";"13,07,2018";"Щукино";"";"Наезд на пешехода";"";"0";"0";"г Москва ул Новощукинская 5";"1,0";"0,0";"1,0";"2,0";
"418,0";"13,07,2018";"Сосенское";"";"Столкновение";"А-130 Москва - Малоярославец - Рославль - граница с Республикой Белоруссия (основное направление)";"28";"0";"  ";"0,0";"1,0";"2,0";"3,0";
"419,0";"13,07,2018";"Марьина роща";"";"Столкновение";"";"0";"0";"г Москва ул Шереметьевская 33 стр 1";"0,0";"1,0";"2,0";"2,0";
"420,0";"13,07,2018";"Раменки";"";"Столкновение";"";"0";"0";"г Москва ул Мосфильмовская 2в";"0,0";"1,0";"2,0";"2,0";
"421,0";"13,07,2018";"Дорогомилово";"";"Падение пассажира";"";"0";"0";"г Москва пр-кт Кутузовский 17";"0,0";"1,0";"1,0";"2,0";
"422,0";"13,07,2018";"Кузьминки";"";"Столкновение";"";"0";"0";"г Москва ул Юных Ленинцев 8";"0,0";"1,0";"2,0";"2,0";
"423,0";"13,07,2018";"Хамовники";"";"Наезд на пешехода";"";"0";"0";"г Москва ул Пречистенка 10 2 стр 1";"0,0";"1,0";"1,0";"2,0";
"424,0";"13,07,2018";"Сокольники";"";"Наезд на пешехода";"";"0";"0";"г Москва наб Русаковская 1Ас1";"0,0";"1,0";"1,0";"2,0";
"425,0";"13,07,2018";"Ярославский";"";"Наезд на пешехода";"";"0";"0";"г Москва ш Ярославское 107";"0,0";"1,0";"1,0";"2,0";
"426,0";"13,07,2018";"Ярославский";"";"Наезд на пешехода";"";"0";"0";"г Москва пр-кт Мира 226г";"0,0";"1,0";"1,0";"2,0";
"427,0";"13,07,2018";"Гагаринский";"";"Наезд на велосипедиста";"";"0";"0";"г Москва пр-кт Ленинский 75 9";"0,0";"1,0";"2,0";"2,0";
"428,0";"13,07,2018";"Зюзино";"";"Столкновение";"";"0";"0";"г Москва ул Одесская 3";"0,0";"1,0";"2,0";"2,0";
"429,0";"13,07,2018";"Новокосино";"";"Столкновение";"";"0";"0";"г Москва ул Суздальская 2";"0,0";"1,0";"2,0";"2,0";
"430,0";"13,07,2018";"Алексеевский";"";"Падение пассажира";"";"0";"0";"г Москва ул Бориса Галушкина 22";"0,0";"1,0";"1,0";"2,0";
"431,0";"13,07,2018";"Коньково";"";"Наезд на пешехода";"";"0";"0";"г Москва ул Миклухо-Маклая 37";"0,0";"1,0";"1,0";"2,0";
"432,0";"13,07,2018";"Северное Медведково";"";"Наезд на стоящее ТС";"";"0";"0";"г Москва ул Молодцова 14А стр 16";"0,0";"1,0";"3,0";"3,0";
"433,0";"13,07,2018";"Царицыно";"";"Столкновение";"";"0";"0";"г Москва пр-кт Пролетарский 24А";"0,0";"1,0";"2,0";"2,0";
"434,0";"13,07,2018";"Матушкино";"";"Столкновение";"";"0";"0";"г Зеленоград пр-кт Панфиловский 1";"0,0";"1,0";"2,0";"3,0";
"435,0";"13,07,2018";"Тропарево-Никулино";"";"Столкновение";"Московская кольцевая автомобильная дорога (МКАД) внутренняя сторона";"47";"50";"г Москва  ";"0,0";"1,0";"4,0";"5,0";
"436,0";"12,07,2018";"Троицк";"";"Падение пассажира";"А-130 Москва - Малоярославец - Рославль - граница с Республикой Белоруссия (основное направление)";"39";"500";"г Троицк  ";"0,0";"1,0";"1,0";"2,0";
"437,0";"12,07,2018";"Пресненский";"";"Наезд на внезапно возникшее препятствие";"";"0";"0";"г Москва пер Козихинский Б, 14 с2";"0,0";"1,0";"2,0";"2,0";
"438,0";"12,07,2018";"Капотня";"";"Столкновение";"Московская кольцевая автомобильная дорога (МКАД) внутренняя сторона";"17";"0";"г Москва км МКАД 17-й 0";"0,0";"1,0";"3,0";"4,0";
"439,0";"12,07,2018";"Новокосино";"";"Наезд на препятствие";"";"0";"0";"г Москва ул Суздальская 3";"0,0";"1,0";"2,0";"2,0";
"440,0";"12,07,2018";"Тверской";"";"Наезд на лицо, не являющееся участником дорожного движения, осуществляющее несение службы";"";"0";"0";"г Москва пл Новая 8";"0,0";"1,0";"1,0";"2,0";
"441,0";"12,07,2018";"Свиблово";"";"Столкновение";"";"0";"0";"п Свиблово ул Снежная 27";"0,0";"1,0";"2,0";"2,0";
"442,0";"12,07,2018";"Донской";"";"Столкновение";"";"0";"0";"г Москва пр-кт Ленинский 29";"0,0";"1,0";"2,0";"2,0";
"443,0";"12,07,2018";"Бибирево";"";"Наезд на пешехода";"";"0";"0";"г Москва ул Лескова 3";"0,0";"1,0";"1,0";"2,0";
"444,0";"12,07,2018";"Троицк";"";"Наезд на лицо, не являющееся участником дорожного движения, осуществляющее производство работ";"А-130 Москва - Малоярославец - Рославль - граница с Республикой Белоруссия (основное направление)";"40";"500";"г Троицк ш Калужское 22";"1,0";"1,0";"1,0";"3,0";
"445,0";"12,07,2018";"Преображенское";"";"Наезд на пешехода";"";"0";"0";"г Москва ул Преображенский Вал 16";"0,0";"1,0";"1,0";"2,0";
"446,0";"12,07,2018";"Южное Бутово";"";"Столкновение";"";"0";"0";"г Москва ул Бартеневская 13";"0,0";"1,0";"3,0";"4,0";
"447,0";"12,07,2018";"Южное Бутово";"";"Столкновение";"";"0";"0";"г Москва ул Скобелевская 19";"0,0";"1,0";"2,0";"2,0";
"448,0";"12,07,2018";"Дорогомилово";"";"Наезд на пешехода";"";"0";"0";"г Москва пр-кт Кутузовский 36";"0,0";"1,0";"1,0";"2,0";
"449,0";"12,07,2018";"Сокол";"";"Столкновение";"";"0";"0";"г Москва ш Волоколамское 1";"0,0";"1,0";"2,0";"2,0";
"450,0";"12,07,2018";"Текстильщики";"";"Столкновение";"";"0";"0";"г Москва пр-кт Волгоградский 59";"0,0";"2,0";"2,0";"3,0";
"451,0";"12,07,2018";"Ярославский";"";"Столкновение";"Московская кольцевая автомобильная дорога (МКАД) внешняя сторона";"94";"0";"г Москва  ";"0,0";"1,0";"2,0";"3,0";
"452,0";"12,07,2018";"Марьино";"";"Наезд на пешехода";"";"0";"0";"г Москва ул Нижние Поля 31Астр,1";"0,0";"1,0";"1,0";"2,0";
"453,0";"12,07,2018";"Мещанский";"";"Столкновение";"";"0";"0";"г Москва пр-кт Мира 78";"0,0";"1,0";"3,0";"4,0";
"454,0";"12,07,2018";"Хамовники";"";"Наезд на велосипедиста";"";"0";"0";"г Москва наб Кремлевская 1";"0,0";"1,0";"2,0";"2,0";
"455,0";"11,07,2018";"Печатники";"";"Наезд на препятствие";"";"0";"0";"г Москва пр-кт Волгоградский 26 к,2";"0,0";"1,0";"1,0";"2,0";
"456,0";"11,07,2018";"Лосиноостровский";"";"Наезд на препятствие";"Московская кольцевая автомобильная дорога (МКАД) внутренняя сторона";"93";"0";"г Москва  ";"0,0";"1,0";"1,0";"1,0";
"457,0";"11,07,2018";"Красносельский";"";"Наезд на пешехода";"";"0";"0";"г Москва пер Орликов 3а";"0,0";"1,0";"1,0";"2,0";
"458,0";"11,07,2018";"Солнцево";"";"Наезд на велосипедиста";"";"0";"0";"г Москва проезд Проектируемый 68-й вл, 4";"0,0";"1,0";"2,0";"2,0";
"459,0";"11,07,2018";"Куркино";"";"Столкновение";"";"0";"0";"г Москва ш Машкинское стр, 1";"0,0";"2,0";"2,0";"3,0";
"460,0";"11,07,2018";"Печатники";"";"Наезд на стоящее ТС";"";"0";"0";"г Москва проезд Проектируемый 4294-й 8стр,7";"0,0";"1,0";"2,0";"2,0";
"461,0";"11,07,2018";"Щаповское поселение";"";"Столкновение";"";"0";"0";"д Сатино-Татарское  ";"1,0";"1,0";"2,0";"3,0";
"462,0";"11,07,2018";"Перово";"";"Наезд на стоящее ТС";"";"0";"0";"г Москва ш Энтузиастов 64";"0,0";"1,0";"2,0";"3,0";
"463,0";"11,07,2018";"Щербинка";"";"Столкновение";"";"0";"0";"г Щербинка ул Барышевская Роща 39";"0,0";"2,0";"2,0";"3,0";
"464,0";"11,07,2018";"Московский";"";"Столкновение";"М-3 Украина Москва - Калуга - Брянск - граница с Украиной (основное направление)";"19";"250";"  ";"0,0";"2,0";"3,0";"4,0";
"465,0";"11,07,2018";"Сосенское";"";"Столкновение";"";"0";"0";"  ";"0,0";"1,0";"2,0";"2,0";
"466,0";"11,07,2018";"Южное Тушино";"";"Наезд на стоящее ТС";"Московская кольцевая автомобильная дорога (МКАД) внутренняя сторона";"70";"0";"г Москва  ";"0,0";"2,0";"2,0";"4,0";
"467,0";"11,07,2018";"Раменки";"";"Столкновение";"";"0";"0";"г Москва  ";"0,0";"1,0";"2,0";"2,0";
"468,0";"11,07,2018";"Южное Бутово";"";"Столкновение";"";"0";"0";"г Москва ул Адмирала Руднева 29";"0,0";"1,0";"2,0";"2,0";
"469,0";"11,07,2018";"Головинский";"";"Столкновение";"";"0";"0";"г Москва б-р Кронштадтский 14";"0,0";"1,0";"2,0";"2,0";
"470,0";"11,07,2018";"Метрогородок";"";"Наезд на стоящее ТС";"Московская кольцевая автомобильная дорога (МКАД) внешняя сторона";"94";"600";"г Москва  ";"2,0";"0,0";"4,0";"3,0";
"471,0";"11,07,2018";"Даниловский";"";"Столкновение";"";"0";"0";"г Москва ул Мастеркова 3";"0,0";"1,0";"2,0";"2,0";
"472,0";"11,07,2018";"Десёновское";"";"Падение пассажира";"А-130 Москва - Малоярославец - Рославль - граница с Республикой Белоруссия (основное направление)";"34";"0";"  ";"0,0";"1,0";"1,0";"2,0";
"473,0";"11,07,2018";"Гольяново";"";"Столкновение";"Московская кольцевая автомобильная дорога (МКАД) внешняя сторона";"103";"700";"г Москва  ";"0,0";"2,0";"2,0";"3,0";
"474,0";"11,07,2018";"Свиблово";"";"Наезд на пешехода";"";"0";"0";"п Свиблово ул Кольская 2";"0,0";"1,0";"1,0";"2,0";
"475,0";"11,07,2018";"Роговское поселение";"";"Столкновение";"";"0";"0";"  ";"0,0";"1,0";"2,0";"2,0";
"476,0";"11,07,2018";"Богородское";"";"Наезд на пешехода";"";"0";"0";"г Москва ул Гражданская 4-я 33 1, стр, 2";"0,0";"1,0";"1,0";"2,0";
"477,0";"11,07,2018";"Московский";"";"Столкновение";"М-3 Украина Москва - Калуга - Брянск - граница с Украиной (основное направление)";"23";"900";"  ";"0,0";"1,0";"2,0";"3,0";
"478,0";"11,07,2018";"Чертаново Северное";"";"Падение пассажира";"";"0";"0";"г Москва ш Варшавское 95Г";"0,0";"1,0";"1,0";"2,0";
"479,0";"11,07,2018";"Орехово-Борисово Южное";"";"Столкновение";"Московская кольцевая автомобильная дорога (МКАД) внутренняя сторона";"21";"400";"г Москва км МКАД 22-й 0";"0,0";"4,0";"5,0";"6,0";
"480,0";"11,07,2018";"Матушкино";"";"Наезд на велосипедиста";"";"0";"0";"г Зеленоград ул Лётчика Полагушина 219";"0,0";"1,0";"2,0";"2,0";
"481,0";"11,07,2018";"Марьино";"";"Наезд на стоящее ТС";"";"0";"0";"г Москва ул Марьинский Парк 25К1";"0,0";"1,0";"2,0";"2,0";
"482,0";"11,07,2018";"Лефортово";"";"Наезд на пешехода";"";"0";"0";"г Москва ул Авиамоторная 63 стр, 1";"0,0";"1,0";"1,0";"2,0";
"483,0";"11,07,2018";"Митино";"";"Наезд на препятствие";"";"0";"0";"г Москва ш Пятницкое 1";"1,0";"0,0";"1,0";"1,0";
"484,0";"11,07,2018";"Кузьминки";"";"Столкновение";"";"0";"0";"г Москва кв-л Волжский Бульвар 113 А 5";"0,0";"1,0";"2,0";"2,0";
"485,0";"10,07,2018";"Марьина роща";"";"Столкновение";"";"0";"0";"г Москва ул Сущёвский Вал 26";"0,0";"1,0";"2,0";"3,0";
"486,0";"10,07,2018";"Нагатино-Садовники";"";"Столкновение";"";"0";"0";"г Москва ул Нагатинская 16";"0,0";"1,0";"2,0";"2,0";
"487,0";"10,07,2018";"Войковский";"";"Наезд на пешехода";"М-10 Россия Москва - Тверь - Великий Новгород - Санкт-Петербург (основное направление)";"29";"300";"г Москва ш Ленинградское 8";"0,0";"1,0";"1,0";"2,0";
"488,0";"10,07,2018";"Московский";"";"Наезд на велосипедиста";"М-3 Украина Москва - Калуга - Брянск - граница с Украиной (основное направление)";"26";"100";"  ";"0,0";"1,0";"2,0";"2,0";
"489,0";"10,07,2018";"Бабушкинский";"";"Столкновение";"";"0";"0";"г Москва ул Лётчика Бабушкина 1, к,3";"0,0";"1,0";"2,0";"2,0";
"490,0";"10,07,2018";"Чертаново Северное";"";"Наезд на пешехода";"";"0";"0";"г Москва мкр Чертаново Северное 2 К205";"0,0";"1,0";"1,0";"2,0";
"491,0";"10,07,2018";"Орехово-Борисово Северное";"";"Наезд на пешехода";"";"0";"0";"г Москва ш Каширское 57Д";"0,0";"1,0";"1,0";"2,0";
"492,0";"10,07,2018";"Хорошево-Мневники";"";"Наезд на пешехода";"";"0";"0";"г Москва ул Таманская 95";"0,0";"1,0";"1,0";"2,0";
"493,0";"10,07,2018";"Раменки";"";"Столкновение";"";"0";"0";"г Москва пр-кт Ломоносовский 34";"0,0";"1,0";"2,0";"3,0";
"494,0";"10,07,2018";"Хамовники";"";"Наезд на пешехода";"";"0";"0";"г Москва наб Пречистенская 15";"0,0";"1,0";"1,0";"2,0";
"495,0";"10,07,2018";"Северное Измайлово";"";"Наезд на пешехода";"";"0";"0";"г Москва ул Парковая 5-я 60А";"0,0";"1,0";"1,0";"2,0";
"496,0";"10,07,2018";"Теплый Стан";"";"Столкновение";"";"0";"0";"г Москва пр-кт Ленинский 131";"0,0";"1,0";"2,0";"2,0";
"497,0";"10,07,2018";"Ясенево";"";"Столкновение";"";"0";"0";"г Москва пр-кт Новоясеневский 1";"0,0";"1,0";"2,0";"2,0";
"498,0";"10,07,2018";"Гагаринский";"";"Столкновение";"";"0";"0";"г Москва пр-кт Ленинский 32";"0,0";"1,0";"3,0";"3,0";
"499,0";"10,07,2018";"Строгино";"";"Наезд на пешехода";"Московская кольцевая автомобильная дорога (МКАД) внешняя сторона";"67";"0";"г Москва  ";"0,0";"1,0";"1,0";"2,0";
"500,0";"10,07,2018";"Донской";"";"Столкновение";"";"0";"0";"г Москва ш Варшавское 33 СТР12";"0,0";"1,0";"2,0";"2,0";
"501,0";"10,07,2018";"Черемушки";"";"Столкновение";"";"0";"0";"г Москва проезд Научный 4А";"0,0";"1,0";"2,0";"2,0";
"502,0";"10,07,2018";"Очаково-Матвеевское";"";"Наезд на пешехода";"";"0";"0";"п Матвеевское  ";"0,0";"1,0";"1,0";"2,0";
"503,0";"10,07,2018";"Дорогомилово";"";"Столкновение";"";"0";"0";"г Москва наб Бережковская 38";"0,0";"1,0";"2,0";"2,0";
"504,0";"10,07,2018";"Восточное Дегунино";"";"Столкновение";"";"0";"0";"г Москва ш Дмитровское 108Б, стр,1";"0,0";"1,0";"2,0";"3,0";
"505,0";"10,07,2018";"Десёновское";"";"Столкновение";"";"0";"0";"д Пыхчево  ";"0,0";"1,0";"2,0";"2,0";
"506,0";"10,07,2018";"Кузьминки";"";"Столкновение";"";"0";"0";"г Москва пр-кт Волгоградский 91";"0,0";"1,0";"2,0";"2,0";
"507,0";"09,07,2018";"Филевский парк";"";"Столкновение";"";"0";"0";"г Москва ул Филёвская Б, 35";"0,0";"1,0";"2,0";"3,0";
"508,0";"09,07,2018";"Зюзино";"";"Падение пассажира";"";"0";"0";"г Москва ул Каховка 10 12 к,1";"0,0";"1,0";"1,0";"2,0";
"509,0";"09,07,2018";"Лефортово";"";"Падение пассажира";"";"0";"0";"г Москва проезд Завода Серп и Молот 12А стр,27";"0,0";"1,0";"1,0";"2,0";
"510,0";"09,07,2018";"Сосенское";"";"Столкновение";"";"0";"0";"  ";"0,0";"1,0";"2,0";"3,0";
"511,0";"09,07,2018";"Орехово-Борисово Северное";"";"Столкновение";"";"0";"0";"г Москва ул Шипиловская 28";"0,0";"1,0";"2,0";"2,0";
"512,0";"09,07,2018";"Северное Медведково";"";"Наезд на пешехода";"";"0";"0";"г Москва ул Грекова 8Г";"0,0";"1,0";"1,0";"2,0";
"513,0";"09,07,2018";"Сосенское";"";"Наезд на препятствие";"";"0";"0";"  ";"0,0";"1,0";"1,0";"1,0";
"514,0";"09,07,2018";"Московский";"";"Столкновение";"М-3 Украина Москва - Калуга - Брянск - граница с Украиной (основное направление)";"24";"0";"  ";"0,0";"1,0";"2,0";"3,0";
"515,0";"09,07,2018";"Гольяново";"";"Наезд на препятствие";"Московская кольцевая автомобильная дорога (МКАД) внутренняя сторона";"100";"600";"г Москва  ";"0,0";"1,0";"1,0";"1,0";
"516,0";"09,07,2018";"Преображенское";"";"Наезд на стоящее ТС";"";"0";"0";"г Москва ул Черкизовская Б, 14 корп, 1";"0,0";"1,0";"2,0";"2,0";
"517,0";"09,07,2018";"Восточное Измайлово";"";"Наезд на пешехода";"";"0";"0";"г Москва ул Первомайская 126";"0,0";"1,0";"1,0";"2,0";
"518,0";"08,07,2018";"Люблино";"";"Столкновение";"Московская кольцевая автомобильная дорога (МКАД) внешняя сторона";"12";"0";"г Москва км МКАД 12-й 1";"0,0";"1,0";"2,0";"2,0";
"519,0";"08,07,2018";"Коньково";"";"Наезд на пешехода";"";"0";"0";"г Москва ул Профсоюзная 91";"0,0";"1,0";"1,0";"2,0";
"520,0";"08,07,2018";"Нагатинский затон";"";"Столкновение";"";"0";"0";"г Москва наб Нагатинская 32 К1";"0,0";"1,0";"2,0";"3,0";
"521,0";"08,07,2018";"Бирюлево Восточное";"";"Столкновение";"";"0";"0";"г Москва ул Радиальная 6-я 3 К2";"0,0";"1,0";"3,0";"3,0";
"522,0";"08,07,2018";"Роговское поселение";"";"Столкновение";"";"0";"0";"д Кресты  ";"0,0";"1,0";"3,0";"3,0";
"523,0";"08,07,2018";"Дмитровский";"";"Столкновение";"";"0";"0";"г Москва ул Ижорская 8 стр,1";"0,0";"1,0";"2,0";"2,0";
"524,0";"08,07,2018";"Ивановское";"";"Столкновение";"";"0";"0";"г Москва ш Энтузиастов 102";"1,0";"0,0";"2,0";"2,0";
"525,0";"08,07,2018";"Раменки";"";"Столкновение";"";"0";"0";"г Москва ул Мосфильмовская 56 2";"0,0";"1,0";"2,0";"3,0";
"526,0";"08,07,2018";"Митино";"";"Столкновение";"";"0";"0";"г Москва ул Барышиха 39 стр,2";"0,0";"1,0";"2,0";"2,0";
"527,0";"08,07,2018";"Троицк";"";"Столкновение";"";"0";"0";"г Троицк ул Нагорная 10";"0,0";"1,0";"2,0";"2,0";
"528,0";"08,07,2018";"Коптево";"";"Столкновение";"";"0";"0";"г Москва б-р Матроса Железняка 15";"0,0";"1,0";"2,0";"3,0";
"529,0";"08,07,2018";"Коптево";"";"Наезд на препятствие";"";"0";"0";"г Москва ул Коптевская 85";"0,0";"1,0";"1,0";"1,0";
"530,0";"08,07,2018";"Краснопахорское поселение";"";"Столкновение";"А-130 Москва - Малоярославец - Рославль - граница с Республикой Белоруссия (основное направление)";"43";"0";"  ";"0,0";"3,0";"2,0";"3,0";
"531,0";"08,07,2018";"Орехово-Борисово Южное";"";"Наезд на стоящее ТС";"Московская кольцевая автомобильная дорога (МКАД) внешняя сторона";"21";"0";"г Москва км МКАД 21-й 0";"0,0";"3,0";"2,0";"5,0";
"532,0";"08,07,2018";"Печатники";"";"Столкновение";"";"0";"0";"г Москва пр-кт Волгоградский 47Б";"0,0";"1,0";"3,0";"4,0";
"533,0";"08,07,2018";"Текстильщики";"";"Столкновение";"";"0";"0";"г Москва ул Грайвороновская 8 А";"0,0";"1,0";"2,0";"3,0";
"534,0";"07,07,2018";"Перово";"";"Столкновение";"";"0";"0";"г Москва ш Энтузиастов 38";"0,0";"1,0";"3,0";"4,0";
"535,0";"07,07,2018";"Московский";"";"Наезд на препятствие";"";"0";"0";"  ";"0,0";"1,0";"1,0";"1,0";
"536,0";"07,07,2018";"Южнопортовый";"";"Столкновение";"";"0";"0";"г Москва ул Трофимова 17";"0,0";"1,0";"2,0";"2,0";
"537,0";"07,07,2018";"Хорошево-Мневники";"";"Столкновение";"";"0";"0";"г Москва ул Мнёвники 1";"0,0";"1,0";"2,0";"2,0";
"538,0";"07,07,2018";"Покровское-Стрешнево";"";"Столкновение";"";"0";"0";"г Москва ш Волоколамское 97";"0,0";"1,0";"2,0";"2,0";
"539,0";"07,07,2018";"Куркино";"";"Столкновение";"";"0";"0";"г Москва ш Новокуркинское 1";"0,0";"2,0";"2,0";"3,0";
"540,0";"07,07,2018";"Богородское";"";"Наезд на пешехода";"";"0";"0";"г Москва проезд Погонный 50";"0,0";"1,0";"1,0";"2,0";
"541,0";"07,07,2018";"Бирюлево Восточное";"";"Наезд на пешехода";"Московская кольцевая автомобильная дорога (МКАД) внешняя сторона";"24";"900";"г Москва км МКАД 25-й 0";"0,0";"1,0";"1,0";"2,0";
"542,0";"07,07,2018";"Коньково";"";"Столкновение";"";"0";"0";"г Москва ул Профсоюзная Островитянова";"0,0";"3,0";"2,0";"4,0";
"543,0";"07,07,2018";"Ясенево";"";"Столкновение";"Московская кольцевая автомобильная дорога (МКАД) внешняя сторона";"40";"0";"г Москва  ";"0,0";"1,0";"6,0";"7,0";
"544,0";"07,07,2018";"Бирюлево Восточное";"";"Наезд на велосипедиста";"";"0";"0";"г Москва ул Бирюлёвская 44 6";"0,0";"1,0";"2,0";"2,0";
"545,0";"07,07,2018";"Московский";"";"Столкновение";"М-3 Украина Москва - Калуга - Брянск - граница с Украиной (основное направление)";"23";"950";"  ";"0,0";"1,0";"2,0";"2,0";
"546,0";"07,07,2018";"Москворечье-Сабурово";"";"Столкновение";"";"0";"0";"г Москва ш Каширское 64 К1";"0,0";"1,0";"2,0";"3,0";
"547,0";"07,07,2018";"Южное Бутово";"";"Падение пассажира";"";"0";"0";"г Москва ул Южнобутовская 61";"0,0";"2,0";"1,0";"3,0";
"548,0";"07,07,2018";"Северное Медведково";"";"Наезд на пешехода";"";"0";"0";"г Москва проезд Заревый 1 корп,1";"0,0";"1,0";"1,0";"2,0";
"549,0";"07,07,2018";"Крюково";"";"Наезд на препятствие";"";"0";"0";"г Зеленоград ул Малинская 59";"0,0";"1,0";"1,0";"1,0";
"550,0";"07,07,2018";"Марьина роща";"";"Столкновение";"";"0";"0";"г Москва ул Сущёвский Вал 40";"0,0";"1,0";"2,0";"2,0";
"551,0";"07,07,2018";"Можайский";"";"Наезд на стоящее ТС";"";"0";"0";"г Москва ш Можайское 48";"0,0";"1,0";"2,0";"2,0";
"552,0";"07,07,2018";"Бабушкинский";"";"Наезд на препятствие";"";"0";"0";"г Москва проезд Староватутинский 15";"0,0";"2,0";"1,0";"3,0";
"553,0";"07,07,2018";"Перово";"";"Наезд на пешехода";"";"0";"0";"г Москва ш Энтузиастов 33б";"1,0";"0,0";"1,0";"2,0";
"554,0";"07,07,2018";"Южное Бутово";"";"Падение пассажира";"";"0";"0";"г Москва проезд Чечёрский 118";"0,0";"1,0";"1,0";"2,0";
"555,0";"07,07,2018";"Ярославский";"";"Наезд на пешехода";"";"0";"0";"г Москва ш Ярославское 10";"0,0";"1,0";"1,0";"2,0";
"556,0";"07,07,2018";"Бибирево";"";"Столкновение";"";"0";"0";"г Москва ш Алтуфьевское 78";"0,0";"6,0";"2,0";"6,0";
"557,0";"06,07,2018";"Можайский";"";"Наезд на пешехода";"";"0";"0";"г Москва ул Нобеля 46";"0,0";"1,0";"1,0";"2,0";
"558,0";"06,07,2018";"Рязановское";"";"Наезд на пешехода";"";"0";"0";"  ";"1,0";"0,0";"1,0";"2,0";
"559,0";"06,07,2018";"Аэропорт";"";"Столкновение";"";"0";"0";"г Москва ул Башиловка Н, 3";"0,0";"1,0";"2,0";"2,0";
"560,0";"06,07,2018";"Измайлово";"";"Наезд на пешехода";"";"0";"0";"г Москва ул Парковая 9-я 23";"0,0";"1,0";"1,0";"2,0";
"561,0";"06,07,2018";"Капотня";"";"Наезд на препятствие";"Московская кольцевая автомобильная дорога (МКАД) внешняя сторона";"14";"0";"г Москва км МКАД 14-й 0";"0,0";"1,0";"2,0";"2,0";
"562,0";"06,07,2018";"Строгино";"";"Столкновение";"Московская кольцевая автомобильная дорога (МКАД) внутренняя сторона";"62";"0";"г Москва  ";"0,0";"1,0";"2,0";"2,0";
"563,0";"06,07,2018";"Западное Дегунино";"";"Столкновение";"";"0";"0";"г Москва ш Коровинское 3А стр,1";"0,0";"1,0";"2,0";"3,0";
"564,0";"06,07,2018";"Хамовники";"";"Столкновение";"";"0";"0";"г Москва пл Боровицкая 1";"0,0";"2,0";"4,0";"6,0";
"565,0";"06,07,2018";"Зюзино";"";"Наезд на пешехода";"";"0";"0";"г Москва ул Азовская 18";"0,0";"1,0";"1,0";"2,0";
"566,0";"06,07,2018";"Чертаново Центральное";"";"Наезд на пешехода";"";"0";"0";"г Москва ул Кировоградская 19 К2";"0,0";"1,0";"1,0";"2,0";
"567,0";"06,07,2018";"Гольяново";"";"Столкновение";"";"0";"0";"г Москва ул Алтайская 21";"0,0";"2,0";"2,0";"4,0";
"568,0";"06,07,2018";"Аэропорт";"";"Наезд на стоящее ТС";"М-10 Россия Москва - Тверь - Великий Новгород - Санкт-Петербург (основное направление)";"29";"300";"г Москва пр-кт Ленинградский 48";"0,0";"1,0";"3,0";"3,0";
"569,0";"06,07,2018";"Даниловский";"";"Падение пассажира";"";"0";"0";"г Москва наб Павелецкая 4";"0,0";"1,0";"1,0";"2,0";
"570,0";"06,07,2018";"Бирюлево Восточное";"";"Столкновение";"Московская кольцевая автомобильная дорога (МКАД) внешняя сторона";"25";"700";"г Москва км МКАД 26-й 0";"0,0";"2,0";"2,0";"4,0";
"571,0";"06,07,2018";"Люблино";"";"Падение пассажира";"";"0";"0";"г Москва ул Люблинская 53";"0,0";"1,0";"1,0";"2,0";
"572,0";"06,07,2018";"Коньково";"";"Столкновение";"";"0";"0";"г Москва ул Профсоюзная 73";"0,0";"2,0";"4,0";"5,0";
"573,0";"06,07,2018";"Метрогородок";"";"Столкновение";"";"0";"0";"г Москва ш Открытое 22";"0,0";"1,0";"2,0";"3,0";
"574,0";"06,07,2018";"Чертаново Центральное";"";"Наезд на пешехода";"";"0";"0";"г Москва ул Красного Маяка 2Б";"0,0";"1,0";"1,0";"2,0";
"575,0";"06,07,2018";"Выхино-Жулебино";"";"Столкновение";"";"0";"0";"г Москва пр-кт Рязанский 78 1";"0,0";"3,0";"2,0";"3,0";
"576,0";"06,07,2018";"Отрадное";"";"Столкновение";"";"0";"0";"г Москва ул Бестужевых 21";"0,0";"1,0";"2,0";"2,0";
"577,0";"06,07,2018";"Старое Крюково";"";"Опрокидывание";"";"0";"0";"г Зеленоград проезд Старокрюковский 847";"0,0";"1,0";"1,0";"1,0";
"578,0";"06,07,2018";"Внуково";"";"Наезд на пешехода";"";"0";"0";"п Внуково ул Рейсовая 1-я 2";"0,0";"1,0";"1,0";"2,0";
"579,0";"06,07,2018";"Косино-Ухтомский";"";"Столкновение";"";"0";"0";"п Ухтомский ул Лухмановская 1";"0,0";"2,0";"3,0";"5,0";
"580,0";"06,07,2018";"Московский";"";"Столкновение";"М-3 Украина Москва - Калуга - Брянск - граница с Украиной (основное направление)";"25";"950";"  ";"0,0";"1,0";"2,0";"2,0";
"581,0";"06,07,2018";"Бутырский";"";"Наезд на пешехода";"";"0";"0";"г Москва ул Новодмитровская 5а";"0,0";"1,0";"1,0";"2,0";
"582,0";"05,07,2018";"Богородское";"";"Столкновение";"";"0";"0";"г Москва аллея Яузская Белокаменное ш,";"0,0";"1,0";"2,0";"3,0";
"583,0";"05,07,2018";"Матушкино";"";"Наезд на велосипедиста";"";"0";"0";"г Зеленоград пр-кт Генерала Алексеева 118";"0,0";"1,0";"2,0";"2,0";
"584,0";"05,07,2018";"Тропарево-Никулино";"";"Столкновение";"";"0";"0";"г Москва ул Академика Анохина 44";"0,0";"3,0";"3,0";"4,0";
"585,0";"05,07,2018";"Кунцево";"";"Столкновение";"";"0";"0";"г Москва ул Академика Павлова 25";"0,0";"1,0";"2,0";"2,0";
"586,0";"05,07,2018";"Бибирево";"";"Наезд на пешехода";"";"0";"0";"г Москва ул Мурановская 8";"0,0";"1,0";"1,0";"2,0";
"587,0";"05,07,2018";"Очаково-Матвеевское";"";"Столкновение";"";"0";"0";"п Матвеевское ул Лобачевского 104";"0,0";"1,0";"3,0";"3,0";
"588,0";"05,07,2018";"Донской";"";"Столкновение";"Третье транспортное кольцо (внутренняя сторона)";"10";"370";"г Москва проезд Донской 5-й 15 СТР21";"0,0";"1,0";"2,0";"2,0";
"589,0";"05,07,2018";"Лосиноостровский";"";"Опрокидывание";"Московская кольцевая автомобильная дорога (МКАД) внутренняя сторона";"91";"100";"г Москва  ";"0,0";"1,0";"3,0";"3,0";
"590,0";"05,07,2018";"Ясенево";"";"Столкновение";"";"0";"0";"г Москва ул Голубинская 9";"0,0";"1,0";"2,0";"3,0";
"591,0";"05,07,2018";"Можайский";"";"Столкновение";"Московская кольцевая автомобильная дорога (МКАД) внутренняя сторона";"54";"300";"г Москва  ";"0,0";"1,0";"2,0";"2,0";
"592,0";"05,07,2018";"Кунцево";"";"Столкновение";"";"0";"0";"г Москва ул Ярцевская 34";"0,0";"1,0";"2,0";"2,0";
"593,0";"05,07,2018";"Измайлово";"";"Столкновение";"";"0";"0";"г Москва б-р Измайловский 55";"0,0";"1,0";"2,0";"2,0";
"594,0";"05,07,2018";"Северное Тушино";"";"Столкновение";"Московская кольцевая автомобильная дорога (МКАД) внутренняя сторона";"73";"125";"г Москва  ";"0,0";"1,0";"2,0";"2,0";
"595,0";"05,07,2018";"Хамовники";"";"Наезд на пешехода";"";"0";"0";"г Москва б-р Смоленский 13 стр,1";"0,0";"1,0";"1,0";"2,0";
"596,0";"05,07,2018";"Южное Бутово";"";"Столкновение";"";"0";"0";"г Москва проезд Чечёрский 2";"0,0";"1,0";"2,0";"2,0";
"597,0";"05,07,2018";"Северное Медведково";"";"Столкновение";"";"0";"0";"г Москва ул Молодцова 10 С,1";"0,0";"2,0";"2,0";"4,0";
"598,0";"05,07,2018";"Бибирево";"";"Наезд на пешехода";"";"0";"0";"г Москва ул Конёнкова 8";"0,0";"1,0";"1,0";"2,0";
"599,0";"05,07,2018";"Тверской";"";"Столкновение";"";"0";"0";"г Москва ул Садовая-Самотёчная 1";"0,0";"1,0";"3,0";"3,0";
"600,0";"05,07,2018";"ГУ МВД 2 СП ДПС 2 бат,";"";"Столкновение";"А-109 Ильинское шоссе";"6";"0";"г Москва  ";"1,0";"3,0";"2,0";"4,0";
"601,0";"05,07,2018";"Зюзино";"";"Столкновение";"";"0";"0";"г Москва ул Азовская 13";"0,0";"1,0";"2,0";"3,0";
"602,0";"05,07,2018";"Даниловский";"";"Столкновение";"Третье транспортное кольцо (внутренняя сторона)";"8";"350";"г Москва ул Автозаводская 23";"0,0";"1,0";"4,0";"4,0";
"603,0";"05,07,2018";"Хорошевский";"";"Наезд на пешехода";"";"0";"0";"г Москва ш Хорошёвское 27";"0,0";"1,0";"2,0";"3,0";
"604,0";"05,07,2018";"Марфино";"";"Столкновение";"";"0";"0";"г Москва ул Гостиничная 7б";"0,0";"1,0";"2,0";"2,0";
"605,0";"05,07,2018";"Соколиная гора";"";"Наезд на пешехода";"";"0";"0";"г Москва ул Семёновская Б, 10";"1,0";"0,0";"1,0";"2,0";
"606,0";"05,07,2018";"Солнцево";"";"Столкновение";"";"0";"0";"г Москва ул Производственная 11 стр1";"0,0";"1,0";"2,0";"2,0";
"607,0";"05,07,2018";"Соколиная гора";"";"Наезд на пешехода";"";"0";"0";"г Москва ш Энтузиастов 31";"0,0";"1,0";"1,0";"2,0";
"608,0";"05,07,2018";"Новокосино";"";"Наезд на велосипедиста";"";"0";"0";"г Москва ш Носовихинское 21В";"0,0";"2,0";"2,0";"2,0";
"609,0";"04,07,2018";"Перово";"";"Столкновение";"";"0";"0";"г Москва ул Перовская 61 2";"0,0";"1,0";"2,0";"2,0";
"610,0";"04,07,2018";"Дмитровский";"";"Столкновение";"Московская кольцевая автомобильная дорога (МКАД) внутренняя сторона";"78";"100";"г Москва  ";"0,0";"1,0";"4,0";"4,0";
"611,0";"04,07,2018";"Троицк";"";"Наезд на пешехода";"А-130 Москва - Малоярославец - Рославль - граница с Республикой Белоруссия (основное направление)";"38";"0";"г Троицк  ";"0,0";"2,0";"1,0";"2,0";
"612,0";"04,07,2018";"Нагатино-Садовники";"";"Наезд на препятствие";"";"0";"0";"г Москва ш Варшавское 47";"0,0";"1,0";"1,0";"1,0";
"613,0";"04,07,2018";"Покровское-Стрешнево";"";"Наезд на пешехода";"";"0";"0";"г Москва ш Иваньковское 3";"0,0";"1,0";"1,0";"2,0";
"614,0";"04,07,2018";"Хорошево-Мневники";"";"Наезд на пешехода";"";"0";"0";"г Москва ул Мнёвники 1";"0,0";"1,0";"1,0";"2,0";
"615,0";"04,07,2018";"Выхино-Жулебино";"";"Наезд на пешехода";"";"0";"0";"г Москва пр-кт Рязанский 83 2 кор 1";"0,0";"1,0";"1,0";"2,0";
"616,0";"04,07,2018";"Гагаринский";"";"Столкновение";"Третье транспортное кольцо (внешняя сторона)";"12";"0";"г Москва  ";"0,0";"3,0";"3,0";"4,0";
"617,0";"04,07,2018";"Пресненский";"";"Наезд на пешехода";"";"0";"0";"г Москва проезд Красногвардейский 1-й 18 1 корп,3";"0,0";"1,0";"1,0";"2,0";
"618,0";"04,07,2018";"Братеево";"";"Наезд на пешехода";"";"0";"0";"г Москва ул Ключевая 10 К1А";"0,0";"1,0";"1,0";"2,0";
"619,0";"04,07,2018";"Южное Бутово";"";"Наезд на велосипедиста";"";"0";"0";"г Москва ул Южнобутовская 6 стр,2";"0,0";"1,0";"2,0";"2,0";
"620,0";"04,07,2018";"Текстильщики";"";"Столкновение";"";"0";"0";"г Москва ул Люблинская 1, стр, 1";"0,0";"1,0";"2,0";"3,0";
"621,0";"04,07,2018";"Даниловский";"";"Наезд на пешехода";"";"0";"0";"г Москва ул Дербеневская 24 СТР3";"0,0";"1,0";"1,0";"2,0";
"622,0";"04,07,2018";"Куркино";"";"Наезд на препятствие";"";"0";"0";"г Москва ул Соколово-Мещерская 22";"1,0";"0,0";"1,0";"1,0";
"623,0";"04,07,2018";"Таганский";"";"Столкновение";"";"0";"0";"г Москва наб Москворецкая 1";"0,0";"1,0";"2,0";"2,0";
"624,0";"04,07,2018";"Ясенево";"";"Наезд на велосипедиста";"";"0";"0";"г Москва б-р Литовский 48";"0,0";"1,0";"2,0";"2,0";
"625,0";"04,07,2018";"Гольяново";"";"Наезд на препятствие";"Московская кольцевая автомобильная дорога (МКАД) внешняя сторона";"104";"0";"г Москва  ";"0,0";"1,0";"1,0";"1,0";
"626,0";"04,07,2018";"Кузьминки";"";"Наезд на пешехода";"";"0";"0";"г Москва ул Юных Ленинцев 66 к,2";"0,0";"1,0";"1,0";"2,0";
"627,0";"04,07,2018";"Бирюлево Восточное";"";"Наезд на пешехода";"";"0";"0";"г Москва ул Михневская 19 К1";"0,0";"1,0";"1,0";"2,0";
"628,0";"04,07,2018";"Останкинский";"";"Падение пассажира";"";"0";"0";"г Москва ул Академика Королева 4 корп,4";"0,0";"1,0";"1,0";"2,0";
"629,0";"04,07,2018";"Савеловский";"";"Наезд на пешехода";"";"0";"0";"г Москва ул Бутырская 79";"0,0";"1,0";"1,0";"2,0";
"630,0";"03,07,2018";"Хорошево-Мневники";"";"Наезд на препятствие";"";"0";"0";"г Москва ул Мнёвники Нижн, 110";"0,0";"1,0";"1,0";"1,0";
"631,0";"03,07,2018";"ГУ МВД 2 СП ДПС 2 бат,";"";"Столкновение";"А-109 Ильинское шоссе";"11";"520";"г Москва  ";"2,0";"1,0";"2,0";"4,0";
"632,0";"03,07,2018";"Дмитровский";"";"Падение пассажира";"";"0";"0";"г Москва ул Софьи Ковалевской 2А";"0,0";"3,0";"1,0";"4,0";
"633,0";"03,07,2018";"Даниловский";"";"Наезд на пешехода";"";"0";"0";"г Москва ул Дербеневская 1";"0,0";"1,0";"1,0";"2,0";
"634,0";"03,07,2018";"Печатники";"";"Опрокидывание";"";"0";"0";"г Москва проезд Проектируемый 4294-й 1";"0,0";"1,0";"1,0";"1,0";
"635,0";"03,07,2018";"Бибирево";"";"Падение пассажира";"";"0";"0";"г Москва ул Белозерская 11";"0,0";"1,0";"1,0";"2,0";
"636,0";"03,07,2018";"Бирюлево Восточное";"";"Наезд на пешехода";"";"0";"0";"г Москва ул Лебедянская 24А";"0,0";"1,0";"1,0";"2,0";
"637,0";"03,07,2018";"Останкинский";"";"Столкновение";"";"0";"0";"г Москва пр-кт Мира 109";"0,0";"1,0";"2,0";"2,0";
"638,0";"03,07,2018";"Десёновское";"";"Падение пассажира";"А-130 Москва - Малоярославец - Рославль - граница с Республикой Белоруссия (основное направление)";"38";"0";"  ";"0,0";"1,0";"1,0";"2,0";
"639,0";"03,07,2018";"Внуково";"";"Наезд на велосипедиста";"";"0";"0";"п Внуково ул Рейсовая 1-я 2";"0,0";"1,0";"2,0";"2,0";
"640,0";"03,07,2018";"Фили-Давыдково";"";"Наезд на пешехода";"";"0";"0";"г Москва ул Ватутина 9";"0,0";"1,0";"1,0";"2,0";
"641,0";"03,07,2018";"Орехово-Борисово Южное";"";"Наезд на пешехода";"";"0";"0";"г Москва  ";"0,0";"1,0";"1,0";"2,0";
"642,0";"03,07,2018";"Обручевский";"";"Столкновение";"";"0";"0";"г Москва пр-кт Ленинский 115";"0,0";"1,0";"4,0";"4,0";
"643,0";"03,07,2018";"Ярославский";"";"Столкновение";"";"0";"0";"г Москва ш Ярославское 126";"0,0";"1,0";"2,0";"2,0";
"644,0";"02,07,2018";"Орехово-Борисово Южное";"";"Столкновение";"";"0";"0";"г Москва проезд Гурьевский 19 К1";"0,0";"2,0";"3,0";"4,0";
"645,0";"02,07,2018";"Алтуфьевский";"";"Столкновение";"";"0";"0";"г Москва ш Алтуфьевское 66 2";"0,0";"1,0";"2,0";"3,0";
"646,0";"02,07,2018";"Марушкинское";"";"Съезд с дороги";"";"0";"0";"д Акиньшино  ";"0,0";"1,0";"1,0";"2,0";
"647,0";"02,07,2018";"Щербинка";"";"Наезд на пешехода";"";"0";"0";"г Щербинка ул 40 лет Октября 10";"0,0";"1,0";"1,0";"2,0";
"648,0";"02,07,2018";"Донской";"";"Столкновение";"";"0";"0";"г Москва ш Варшавское 17 СТР8";"0,0";"1,0";"2,0";"2,0";
"649,0";"02,07,2018";"Аэропорт";"";"Наезд на пешехода";"";"0";"0";"г Москва  ";"0,0";"1,0";"1,0";"2,0";
"650,0";"02,07,2018";"Выхино-Жулебино";"";"Столкновение";"Московская кольцевая автомобильная дорога (МКАД) внутренняя сторона";"10";"800";"г Москва  ";"0,0";"1,0";"2,0";"3,0";
"651,0";"02,07,2018";"Орехово-Борисово Северное";"";"Столкновение";"";"0";"0";"г Москва ул Шипиловская 22";"0,0";"1,0";"3,0";"4,0";
"652,0";"02,07,2018";"Косино-Ухтомский";"";"Столкновение";"Московская кольцевая автомобильная дорога (МКАД) внешняя сторона";"6";"300";"п Ухтомский  ";"0,0";"1,0";"3,0";"3,0";
"653,0";"02,07,2018";"Марьино";"";"Наезд на препятствие";"";"0";"0";"г Москва ул Донецкая 30 стр,11";"0,0";"1,0";"1,0";"2,0";
"654,0";"02,07,2018";"Чертаново Южное";"";"Столкновение";"Московская кольцевая автомобильная дорога (МКАД) внешняя сторона";"33";"0";"г Москва км МКАД 33-й 0";"0,0";"1,0";"2,0";"3,0";
"655,0";"02,07,2018";"Хамовники";"";"Наезд на пешехода";"";"0";"0";"г Москва пр-кт Комсомольский 19";"0,0";"1,0";"1,0";"2,0";
"656,0";"02,07,2018";"Новогиреево";"";"Наезд на пешехода";"";"0";"0";"г Москва ул Мартеновская 29";"0,0";"1,0";"1,0";"2,0";
"657,0";"02,07,2018";"Орехово-Борисово Северное";"";"Столкновение";"";"0";"0";"г Москва проезд Борисовский 10 К1";"0,0";"1,0";"2,0";"2,0";
"658,0";"02,07,2018";"Раменки";"";"Наезд на велосипедиста";"";"0";"0";"г Москва пр-кт Мичуринский 3";"0,0";"1,0";"2,0";"2,0";
"659,0";"02,07,2018";"Дорогомилово";"";"Столкновение";"";"0";"0";"г Москва пр-кт Кутузовский 20";"0,0";"1,0";"2,0";"2,0";
"660,0";"02,07,2018";"Перово";"";"Наезд на пешехода";"";"0";"0";"г Москва ул Владимирская 2-я 37 корп, 1";"1,0";"0,0";"1,0";"2,0";
"661,0";"02,07,2018";"Южное Бутово";"";"Столкновение";"";"0";"0";"г Москва ул Миргородская корп, 2";"0,0";"1,0";"2,0";"2,0";
"662,0";"02,07,2018";"Нагатинский затон";"";"Наезд на пешехода";"";"0";"0";"г Москва  ";"0,0";"1,0";"1,0";"2,0";
"663,0";"02,07,2018";"Раменки";"";"Наезд на пешехода";"";"0";"0";"г Москва пр-кт Мичуринский 3";"0,0";"1,0";"1,0";"2,0";
"664,0";"02,07,2018";"Савёлки";"";"Наезд на пешехода";"";"0";"0";"г Зеленоград пр-кт Центральный 407";"0,0";"1,0";"1,0";"2,0";
"665,0";"02,07,2018";"Крылатское";"";"Столкновение";"";"0";"0";"г Москва ш Рублевское 127";"0,0";"1,0";"2,0";"2,0";
"666,0";"02,07,2018";"Измайлово";"";"Наезд на пешехода";"";"0";"0";"г Москва ул Первомайская Верхн, 37";"0,0";"1,0";"1,0";"2,0";
"667,0";"01,07,2018";"Лефортово";"";"Столкновение";"";"0";"0";"г Москва проезд Завода Серп и Молот 1 стр,1";"0,0";"1,0";"3,0";"4,0";
"668,0";"01,07,2018";"Гагаринский";"";"Столкновение";"";"0";"0";"г Москва пр-кт Ленинский 36";"0,0";"1,0";"2,0";"3,0";
"669,0";"01,07,2018";"Отрадное";"";"Столкновение";"";"0";"0";"г Москва проезд Сигнальный 39";"0,0";"1,0";"2,0";"2,0";
"670,0";"01,07,2018";"Чертаново Южное";"";"Столкновение";"Московская кольцевая автомобильная дорога (МКАД) внутренняя сторона";"34";"0";"г Москва  ";"0,0";"1,0";"3,0";"4,0";
"671,0";"01,07,2018";"Восточное Дегунино";"";"Наезд на пешехода";"";"0";"0";"г Москва ул 800-летия Москвы 26-2";"0,0";"1,0";"1,0";"2,0";
"672,0";"01,07,2018";"Солнцево";"";"Столкновение";"";"0";"0";"г Москва ш Боровское 2а";"0,0";"1,0";"2,0";"3,0";
"673,0";"01,07,2018";"Сосенское";"";"Столкновение";"А-130 Москва - Малоярославец - Рославль - граница с Республикой Белоруссия (основное направление)";"28";"0";"  ";"0,0";"3,0";"2,0";"4,0";
"674,0";"01,07,2018";"Нагорный";"";"Наезд на пешехода";"";"0";"0";"г Москва ш Варшавское 32";"0,0";"1,0";"1,0";"2,0";
"675,0";"01,07,2018";"Савёлки";"";"Столкновение";"";"0";"0";"г Зеленоград пр-кт Центральный 301А";"0,0";"1,0";"2,0";"3,0";
"676,0";"01,07,2018";"Марушкинское";"";"Наезд на препятствие";"М-3 Украина Москва - Калуга - Брянск - граница с Украиной (основное направление)";"33";"170";"  ";"1,0";"1,0";"1,0";"2,0";
"677,0";"01,07,2018";"Печатники";"";"Столкновение";"";"0";"0";"г Москва пр-кт Волгоградский 39а";"0,0";"2,0";"2,0";"3,0";
"678,0";"01,07,2018";"Лианозово";"";"Падение пассажира";"";"0";"0";"г Москва проезд Лианозовский 4А";"0,0";"1,0";"1,0";"2,0";
"679,0";"01,07,2018";"Академический";"";"Столкновение";"";"0";"0";"г Москва пр-кт 60-летия Октября 8";"0,0";"1,0";"2,0";"3,0";
"680,0";"01,07,2018";"Якиманка";"";"Столкновение";"";"0";"0";"г Москва пр-кт Ленинский 8";"0,0";"1,0";"2,0";"2,0";
"681,0";"01,07,2018";"Некрасовка";"";"Наезд на стоящее ТС";"";"0";"0";"п Некрасовка пр-кт Защитников Москвы 11";"0,0";"3,0";"2,0";"3,0";
"682,0";"01,07,2018";"Ярославский";"";"Столкновение";"";"0";"0";"г Москва пр-кт Мира 222";"0,0";"1,0";"4,0";"4,0";
"683,0";"01,07,2018";"Поселок Восточный";"";"Наезд на велосипедиста";"";"0";"0";"п Восточный ул Хвойная Акулово 18";"0,0";"1,0";"2,0";"2,0";
"684,0";"01,07,2018";"Соколиная гора";"";"Столкновение";"";"0";"0";"г Москва проезд Окружной 34, корп 1";"0,0";"3,0";"2,0";"3,0";