"1,0";"31,03,2018";"Лосиноостровский";"";"Столкновение";"";"0";"0";"г Москва ул Коминтерна 2";"0,0";"1,0";"2,0";"2,0";
"3,0";"31,03,2018";"Можайский";"";"Наезд на пешехода";"";"0";"0";"г Москва ул Маршала Неделина 29";"0,0";"1,0";"1,0";"2,0";
"4,0";"31,03,2018";"Митино";"";"Столкновение";"";"0";"0";"г Москва ул Митинская 26";"0,0";"1,0";"2,0";"3,0";
"5,0";"31,03,2018";"Строгино";"";"Наезд на пешехода";"";"0";"0";"г Москва б-р Строгинский 9";"0,0";"1,0";"1,0";"2,0";
"6,0";"31,03,2018";"Аэропорт";"";"Наезд на пешехода";"";"0";"0";"г Москва пр-кт Ленинградский 40";"0,0";"1,0";"1,0";"2,0";
"7,0";"31,03,2018";"Капотня";"";"Наезд на стоящее ТС";"Московская кольцевая автомобильная дорога (МКАД) внутренняя сторона";"15";"800";"г Москва км МКАД 16-й 0";"0,0";"1,0";"3,0";"3,0";
"8,0";"31,03,2018";"Орехово-Борисово Южное";"";"Столкновение";"";"0";"0";"г Москва ул Воронежская 20";"0,0";"1,0";"2,0";"2,0";
"9,0";"31,03,2018";"Южное Тушино";"";"Падение пассажира";"";"0";"0";"г Москва ул Свободы 57";"0,0";"1,0";"1,0";"2,0";
"10,0";"31,03,2018";"Текстильщики";"";"Наезд на пешехода";"";"0";"0";"г Москва б-р Волжский 51 А";"0,0";"1,0";"1,0";"2,0";
"11,0";"31,03,2018";"Очаково-Матвеевское";"";"Наезд на пешехода";"";"0";"0";"п Матвеевское пер Очаковский 1-й 10";"0,0";"1,0";"1,0";"2,0";
"12,0";"31,03,2018";"Теплый Стан";"";"Столкновение";"";"0";"0";"г Москва ул Профсоюзная 144";"0,0";"1,0";"2,0";"3,0";
"13,0";"30,03,2018";"Можайский";"";"Наезд на пешехода";"";"0";"0";"г Москва ул Толбухина 8-1";"0,0";"1,0";"1,0";"2,0";
"14,0";"30,03,2018";"Нагатино-Садовники";"";"Столкновение";"";"0";"0";"г Москва наб Нагатинская 4";"0,0";"1,0";"2,0";"2,0";
"15,0";"30,03,2018";"Хорошевский";"";"Столкновение";"";"0";"0";"г Москва ул Магистральная 4-я 7 стр,1";"0,0";"1,0";"2,0";"2,0";
"16,0";"30,03,2018";"Перово";"";"Наезд на пешехода";"";"0";"0";"г Москва ул Металлургов 2";"0,0";"1,0";"1,0";"2,0";
"17,0";"30,03,2018";"Ярославский";"";"Наезд на пешехода";"";"0";"0";"г Москва проезд Югорский 2, стр,3";"0,0";"1,0";"1,0";"2,0";
"18,0";"30,03,2018";"Северный";"";"Падение пассажира";"";"0";"0";"г Москва ш Дмитровское 165А";"0,0";"1,0";"1,0";"2,0";
"19,0";"30,03,2018";"Десёновское";"";"Столкновение";"А-130 Москва - Малоярославец - Рославль - граница с Республикой Белоруссия (основное направление)";"32";"300";"  ";"0,0";"1,0";"2,0";"3,0";
"20,0";"30,03,2018";"Лефортово";"";"Столкновение";"";"0";"0";"г Москва ш Энтузиастов 11 39";"0,0";"1,0";"2,0";"2,0";
"21,0";"30,03,2018";"Новокосино";"";"Наезд на пешехода";"";"0";"0";"г Москва ул Суздальская 26а";"0,0";"1,0";"1,0";"2,0";
"22,0";"30,03,2018";"Алексеевский";"";"Наезд на пешехода";"";"0";"0";"г Москва ул Космонавтов 10, к,1";"0,0";"1,0";"1,0";"2,0";
"23,0";"30,03,2018";"Теплый Стан";"";"Столкновение";"";"0";"0";"г Москва ул Профсоюзная 156 к,1";"0,0";"1,0";"2,0";"2,0";
"24,0";"30,03,2018";"Таганский";"";"Наезд на пешехода";"";"0";"0";"г Москва ул Марксистская 14";"0,0";"1,0";"1,0";"2,0";
"25,0";"30,03,2018";"Западное Дегунино";"";"Падение пассажира";"";"0";"0";"г Москва ш Дмитровское 89";"0,0";"1,0";"1,0";"2,0";
"26,0";"30,03,2018";"ГУ МВД 2 СП ДПС 2 бат,";"";"Столкновение";"А-106 Рублево-Успенское шоссе";"5";"0";"г Москва  ";"0,0";"1,0";"2,0";"2,0";
"27,0";"30,03,2018";"Отрадное";"";"Столкновение";"";"0";"0";"г Москва ш Алтуфьевское 32";"0,0";"1,0";"2,0";"2,0";
"28,0";"30,03,2018";"Бабушкинский";"";"Падение пассажира";"";"0";"0";"г Москва ул Енисейская 2";"0,0";"1,0";"1,0";"2,0";
"29,0";"30,03,2018";"Метрогородок";"";"Наезд на пешехода";"";"0";"0";"г Москва ш Открытое 18";"1,0";"0,0";"1,0";"2,0";
"30,0";"30,03,2018";"Орехово-Борисово Южное";"";"Наезд на стоящее ТС";"Московская кольцевая автомобильная дорога (МКАД) внешняя сторона";"20";"200";"г Москва км МКАД 21-й 0";"0,0";"2,0";"3,0";"4,0";
"31,0";"30,03,2018";"Зюзино";"";"Наезд на пешехода";"";"0";"0";"г Москва ул Каховка ул, Бол, Юшуньская";"0,0";"1,0";"1,0";"2,0";
"32,0";"29,03,2018";"Вешняки";"";"Наезд на пешехода";"";"0";"0";"г Москва ул Реутовская 16";"0,0";"1,0";"1,0";"2,0";
"33,0";"29,03,2018";"Коптево";"";"Наезд на пешехода";"";"0";"0";"г Москва ул Михалковская 7";"0,0";"1,0";"1,0";"2,0";
"34,0";"29,03,2018";"Гольяново";"";"Столкновение";"";"0";"0";"г Москва ул Амурская 2 8";"0,0";"1,0";"2,0";"2,0";
"35,0";"29,03,2018";"ГУ МВД 2 СП ДПС 2 бат,";"";"Столкновение";"А-106 Рублево-Успенское шоссе";"5";"0";"г Москва  ";"0,0";"1,0";"2,0";"2,0";
"36,0";"29,03,2018";"Северное Измайлово";"";"Падение пассажира";"";"0";"0";"г Москва ш Щёлковское 84";"0,0";"1,0";"1,0";"2,0";
"37,0";"29,03,2018";"Дмитровский";"";"Падение пассажира";"";"0";"0";"г Москва ул Лобненская 1";"0,0";"1,0";"1,0";"2,0";
"38,0";"29,03,2018";"Савёлки";"";"Столкновение";"";"0";"0";"г Зеленоград аллея Озерная 701";"0,0";"1,0";"2,0";"3,0";
"39,0";"29,03,2018";"Москворечье-Сабурово";"";"Наезд на пешехода";"";"0";"0";"г Москва  ";"0,0";"1,0";"1,0";"2,0";
"40,0";"29,03,2018";"Гольяново";"";"Наезд на пешехода";"";"0";"0";"г Москва ул Уральская 5а";"0,0";"1,0";"1,0";"2,0";
"41,0";"29,03,2018";"Ломоносовский";"";"Наезд на пешехода";"";"0";"0";"г Москва пр-кт Вернадского 37 к,2";"0,0";"1,0";"1,0";"2,0";
"42,0";"29,03,2018";"Хорошево-Мневники";"";"Столкновение";"";"0";"0";"г Москва пр-кт Маршала Жукова 1";"0,0";"1,0";"2,0";"2,0";
"43,0";"29,03,2018";"Крюково";"";"Наезд на пешехода";"";"0";"0";"г Зеленоград пр-кт Георгиевский 2045";"0,0";"1,0";"1,0";"2,0";
"44,0";"29,03,2018";"Фили-Давыдково";"";"Столкновение";"";"0";"0";"г Москва ш Рублевское 1 км";"1,0";"0,0";"2,0";"3,0";
"45,0";"29,03,2018";"Печатники";"";"Наезд на пешехода";"";"0";"0";"г Москва ул Полбина 35-2";"0,0";"1,0";"1,0";"2,0";
"46,0";"29,03,2018";"Тропарево-Никулино";"";"Наезд на пешехода";"";"0";"0";"г Москва  ";"0,0";"1,0";"1,0";"2,0";
"47,0";"29,03,2018";"Отрадное";"";"Наезд на пешехода";"";"0";"0";"г Москва ул Декабристов 35";"0,0";"1,0";"1,0";"2,0";
"48,0";"29,03,2018";"Нижегородский";"";"Наезд на пешехода";"";"0";"0";"г Москва ул Нижегородская 50";"0,0";"1,0";"1,0";"2,0";
"49,0";"29,03,2018";"Сосенское";"";"Падение пассажира";"";"0";"0";" ул Александры Монаховой 14А";"0,0";"1,0";"1,0";"2,0";
"50,0";"29,03,2018";"Гольяново";"";"Столкновение";"";"0";"0";"г Москва ул Уссурийская 3";"0,0";"1,0";"2,0";"2,0";
"51,0";"29,03,2018";"Перово";"";"Наезд на пешехода";"";"0";"0";"г Москва ул Владимирская 3-я 12";"0,0";"1,0";"1,0";"2,0";
"52,0";"29,03,2018";"Фили-Давыдково";"";"Столкновение";"";"0";"0";"г Москва ул Давыдковская 7";"0,0";"2,0";"3,0";"3,0";
"53,0";"29,03,2018";"Донской";"";"Столкновение";"Третье транспортное кольцо (внешняя сторона)";"11";"150";"г Москва ш Загородное 2б";"0,0";"1,0";"2,0";"2,0";
"54,0";"28,03,2018";"Филимонковское";"";"Наезд на пешехода";"";"0";"0";"  ";"1,0";"0,0";"1,0";"2,0";
"55,0";"28,03,2018";"Люблино";"";"Столкновение";"";"0";"0";"г Москва ул Люблинская 115 5";"0,0";"1,0";"2,0";"3,0";
"56,0";"28,03,2018";"Люблино";"";"Наезд на пешехода";"";"0";"0";"г Москва ул Люблинская 113А";"0,0";"1,0";"1,0";"2,0";
"57,0";"28,03,2018";"Пресненский";"";"Наезд на пешехода";"";"0";"0";"г Москва ул Пресненский Вал 15 СТР1";"0,0";"1,0";"1,0";"2,0";
"58,0";"28,03,2018";"Москворечье-Сабурово";"";"Столкновение";"";"0";"0";"г Москва ул Котляковская 8";"0,0";"1,0";"2,0";"2,0";
"59,0";"28,03,2018";"Аэропорт";"";"Столкновение";"";"0";"0";"г Москва ул Часовая 18";"0,0";"1,0";"2,0";"2,0";
"60,0";"28,03,2018";"Марьино";"";"Наезд на пешехода";"";"0";"0";"г Москва проезд Луговой 9к1";"0,0";"1,0";"1,0";"2,0";
"61,0";"28,03,2018";"Западное Дегунино";"";"Столкновение";"";"0";"0";"г Москва ул Пяловская 7";"0,0";"1,0";"2,0";"2,0";
"62,0";"28,03,2018";"Раменки";"";"Наезд на пешехода";"";"0";"0";"г Москва ул Мосфильмовская 1";"0,0";"1,0";"1,0";"2,0";
"63,0";"28,03,2018";"Бирюлево Восточное";"";"Столкновение";"Московская кольцевая автомобильная дорога (МКАД) внешняя сторона";"27";"2";"г Москва  ";"0,0";"2,0";"2,0";"3,0";
"64,0";"28,03,2018";"Марьина роща";"";"Столкновение";"";"0";"0";"г Москва пл Борьбы 11";"0,0";"1,0";"2,0";"3,0";
"65,0";"28,03,2018";"Бирюлево Восточное";"";"Наезд на стоящее ТС";"";"0";"0";"г Москва ул Липецкая 52А";"0,0";"1,0";"2,0";"2,0";
"66,0";"28,03,2018";"Даниловский";"";"Столкновение";"";"0";"0";"г Москва ул Люсиновская 72";"0,0";"1,0";"3,0";"4,0";
"67,0";"28,03,2018";"Хамовники";"";"Столкновение";"";"0";"0";"г Москва ул Пироговская Б, 37 43";"0,0";"2,0";"2,0";"3,0";
"68,0";"28,03,2018";"Левобережный";"";"Падение пассажира";"";"0";"0";"г Москва ул Фестивальная 17 корпус 1 А";"0,0";"1,0";"1,0";"2,0";
"69,0";"28,03,2018";"Гагаринский";"";"Столкновение";"";"0";"0";"г Москва пр-кт Ленинский 67";"0,0";"1,0";"2,0";"3,0";
"70,0";"28,03,2018";"Можайский";"";"Наезд на пешехода";"";"0";"0";"г Москва ш Можайское 29";"0,0";"1,0";"1,0";"2,0";
"71,0";"28,03,2018";"Строгино";"";"Наезд на пешехода";"Московская кольцевая автомобильная дорога (МКАД) внешняя сторона";"66";"150";"г Москва  ";"1,0";"1,0";"6,0";"4,0";
"72,0";"28,03,2018";"Пресненский";"";"Наезд на препятствие";"";"0";"0";"г Москва ш Звенигородское 3А СТР1";"0,0";"1,0";"1,0";"1,0";
"73,0";"28,03,2018";"Лосиноостровский";"";"Столкновение";"Московская кольцевая автомобильная дорога (МКАД) внешняя сторона";"92";"0";"г Москва  ";"0,0";"1,0";"2,0";"2,0";
"74,0";"28,03,2018";"Нагорный";"";"Наезд на стоящее ТС";"";"0";"0";"г Москва ш Варшавское 74";"0,0";"1,0";"3,0";"3,0";
"75,0";"27,03,2018";"Соколиная гора";"";"Столкновение";"";"0";"0";"г Москва ш Измайловское 2";"0,0";"1,0";"2,0";"2,0";
"76,0";"27,03,2018";"Савеловский";"";"Столкновение";"";"0";"0";"г Москва ул Башиловская 10";"0,0";"1,0";"2,0";"2,0";
"77,0";"27,03,2018";"Воскресенское";"";"Наезд на препятствие";"";"0";"0";"п подсобного хозяйства Воскресенское  ";"1,0";"0,0";"1,0";"1,0";
"78,0";"27,03,2018";"Хорошево-Мневники";"";"Наезд на пешехода";"";"0";"0";"г Москва б-р Генерала Карбышева 13";"0,0";"1,0";"1,0";"2,0";
"79,0";"27,03,2018";"Кузьминки";"";"Наезд на пешехода";"";"0";"0";"г Москва кв-л Волжский Бульвар 113 А корп 5";"0,0";"1,0";"1,0";"2,0";
"80,0";"27,03,2018";"Нагатино-Садовники";"";"Столкновение";"";"0";"0";"г Москва ш Варшавское 39";"1,0";"0,0";"2,0";"2,0";
"81,0";"27,03,2018";"Выхино-Жулебино";"";"Наезд на пешехода";"";"0";"0";"г Москва ул Авиаконструктора Миля 8";"0,0";"1,0";"1,0";"2,0";
"82,0";"27,03,2018";"Можайский";"";"Столкновение";"";"0";"0";"г Москва ш Можайское 41 корп,1";"0,0";"1,0";"3,0";"4,0";
"83,0";"27,03,2018";"Северный";"";"Падение пассажира";"";"0";"0";"г Москва ш Дмитровское 152Б";"1,0";"0,0";"1,0";"2,0";
"84,0";"27,03,2018";"Крылатское";"";"Столкновение";"";"0";"0";"г Москва ул Крылатская 14";"0,0";"1,0";"3,0";"3,0";
"85,0";"27,03,2018";"Филевский парк";"";"Наезд на пешехода";"";"0";"0";"г Москва ул Барклая 5 корп, 2";"0,0";"1,0";"1,0";"2,0";
"86,0";"27,03,2018";"ГУ МВД 2 СП ДПС 2 бат,";"";"Наезд на препятствие";"А-106 Рублево-Успенское шоссе";"8";"0";"г Москва  ";"1,0";"1,0";"1,0";"3,0";
"87,0";"27,03,2018";"Черемушки";"";"Наезд на пешехода";"";"0";"0";"г Москва ул Херсонская 34 к,1";"0,0";"1,0";"1,0";"2,0";
"88,0";"27,03,2018";"Рязановское";"";"Столкновение";"";"0";"0";"  ";"0,0";"3,0";"2,0";"4,0";
"89,0";"27,03,2018";"Тропарево-Никулино";"";"Наезд на пешехода";"";"0";"0";"г Москва пр-кт Вернадского 117 А";"0,0";"1,0";"1,0";"2,0";
"90,0";"27,03,2018";"Южное Тушино";"";"Наезд на стоящее ТС";"";"0";"0";"г Москва ул Сходненская 37";"0,0";"1,0";"2,0";"3,0";
"91,0";"27,03,2018";"Матушкино";"";"Столкновение";"";"0";"0";"г Зеленоград пр-кт Панфиловский 10";"0,0";"1,0";"2,0";"3,0";
"92,0";"27,03,2018";"Хорошевский";"";"Столкновение";"";"0";"0";"г Москва ш Хорошёвское 43 корпус В";"0,0";"1,0";"2,0";"2,0";
"93,0";"27,03,2018";"Коптево";"";"Столкновение";"";"0";"0";"г Москва ул Академическая Б, 29";"0,0";"1,0";"2,0";"3,0";
"94,0";"27,03,2018";"Савеловский";"";"Столкновение";"";"0";"0";"г Москва ул Хуторская 1-я 2 к,1";"0,0";"1,0";"3,0";"2,0";
"95,0";"27,03,2018";"Сосенское";"";"Столкновение";"";"0";"0";"  ";"0,0";"2,0";"2,0";"2,0";
"96,0";"27,03,2018";"Нагорный";"";"Столкновение";"";"0";"0";"г Москва ш Варшавское 85 К1";"0,0";"4,0";"3,0";"6,0";
"97,0";"27,03,2018";"Свиблово";"";"Столкновение";"";"0";"0";"п Свиблово проезд Лазоревый 1";"0,0";"1,0";"3,0";"3,0";
"98,0";"27,03,2018";"Дмитровский";"";"Столкновение";"";"0";"0";"г Москва ш Коровинское 24 к,1";"0,0";"1,0";"2,0";"2,0";
"99,0";"27,03,2018";"Выхино-Жулебино";"";"Падение пассажира";"";"0";"0";"г Москва ул Хлобыстова 19";"0,0";"1,0";"1,0";"2,0";
"100,0";"27,03,2018";"ГУ МВД 2 СП ДПС 2 бат,";"";"Столкновение";"А-106 Рублево-Успенское шоссе";"6";"0";"г Москва  ";"0,0";"1,0";"2,0";"2,0";
"101,0";"27,03,2018";"Северный";"";"Наезд на пешехода";"";"0";"0";"г Москва ш Дмитровское 165 е к, 14";"0,0";"1,0";"1,0";"2,0";
"102,0";"27,03,2018";"Московский";"";"Столкновение";"М-3 Украина Москва - Калуга - Брянск - граница с Украиной (основное направление)";"24";"0";"  ";"0,0";"1,0";"2,0";"3,0";
"103,0";"27,03,2018";"Кузьминки";"";"Наезд на пешехода";"";"0";"0";"г Москва ул Юных Ленинцев 69";"0,0";"1,0";"1,0";"2,0";
"104,0";"27,03,2018";"Бирюлево Восточное";"";"Столкновение";"Московская кольцевая автомобильная дорога (МКАД) внутренняя сторона";"26";"0";"г Москва км МКАД 26-й 0";"0,0";"1,0";"2,0";"2,0";
"105,0";"27,03,2018";"Хорошево-Мневники";"";"Наезд на лицо, не являющееся участником дорожного движения, осуществляющее какую-либо другую деятельность";"";"0";"0";"г Москва  ";"0,0";"1,0";"1,0";"1,0";
"106,0";"27,03,2018";"Гагаринский";"";"Наезд на стоящее ТС";"";"0";"0";"г Москва ул Вавилова 26";"0,0";"1,0";"2,0";"2,0";
"107,0";"27,03,2018";"Сокол";"";"Столкновение";"";"0";"0";"г Москва ул Зорге 28 к1";"0,0";"1,0";"2,0";"3,0";
"108,0";"27,03,2018";"Таганский";"";"Наезд на пешехода";"";"0";"0";"г Москва ул Библиотечная 29";"0,0";"1,0";"1,0";"2,0";
"109,0";"27,03,2018";"Чертаново Северное";"";"Столкновение";"";"0";"0";"г Москва ш Варшавское 125Ж";"0,0";"1,0";"2,0";"3,0";
"110,0";"27,03,2018";"Теплый Стан";"";"Столкновение";"";"0";"0";"г Москва ул Профсоюзная 156, кор, 1";"0,0";"1,0";"3,0";"4,0";
"111,0";"27,03,2018";"Чертаново Южное";"";"Наезд на пешехода";"";"0";"0";"г Москва ул Россошанская 4 К4";"0,0";"1,0";"1,0";"2,0";
"112,0";"27,03,2018";"Филевский парк";"";"Наезд на пешехода";"";"0";"0";"г Москва ул Василисы Кожиной 8 корп, 1";"0,0";"1,0";"1,0";"2,0";
"113,0";"27,03,2018";"Арбат";"";"Наезд на пешехода";"";"0";"0";"г Москва ул Знаменка 8 13";"0,0";"1,0";"1,0";"2,0";
"114,0";"27,03,2018";"Богородское";"";"Падение пассажира";"";"0";"0";"г Москва проезд Погонный 14";"0,0";"1,0";"1,0";"2,0";
"115,0";"27,03,2018";"Кунцево";"";"Столкновение";"";"0";"0";"г Москва ул Маршала Тимошенко 46";"0,0";"1,0";"2,0";"3,0";
"116,0";"27,03,2018";"Краснопахорское поселение";"";"Наезд на препятствие";"А-130 Москва - Малоярославец - Рославль - граница с Республикой Белоруссия (основное направление)";"46";"410";"  ";"0,0";"1,0";"1,0";"1,0";
"117,0";"27,03,2018";"Михайлово-Ярцевское поселение";"";"Столкновение";"";"0";"0";"п Шишкин Лес  ";"0,0";"1,0";"2,0";"2,0";
"118,0";"26,03,2018";"Марушкинское";"";"Столкновение";"";"0";"0";"д Большое Свинорье  ";"0,0";"3,0";"2,0";"3,0";
"119,0";"26,03,2018";"Можайский";"";"Наезд на пешехода";"";"0";"0";"г Москва ул Беловежская 19";"0,0";"1,0";"1,0";"2,0";
"120,0";"26,03,2018";"Савеловский";"";"Наезд на пешехода";"";"0";"0";"г Москва ул Масловка Н, 16";"0,0";"2,0";"1,0";"3,0";
"121,0";"26,03,2018";"Свиблово";"";"Наезд на пешехода";"";"0";"0";"п Свиблово ул Кольская 2 корп 1";"0,0";"1,0";"1,0";"2,0";
"122,0";"26,03,2018";"Бабушкинский";"";"Наезд на пешехода";"";"0";"0";"г Москва ул Енисейская 12";"0,0";"1,0";"1,0";"2,0";
"123,0";"26,03,2018";"Западное Дегунино";"";"Столкновение";"";"0";"0";"г Москва проезд Библиотечный 1а";"0,0";"1,0";"2,0";"2,0";
"124,0";"26,03,2018";"Левобережный";"";"Наезд на пешехода";"";"0";"0";"г Москва ул Смольная 35 стр,1";"0,0";"1,0";"1,0";"2,0";
"125,0";"26,03,2018";"Ивановское";"";"Столкновение";"Московская кольцевая автомобильная дорога (МКАД) внутренняя сторона";"108";"800";"г Москва  ";"0,0";"1,0";"2,0";"3,0";
"126,0";"26,03,2018";"Северное Измайлово";"";"Столкновение";"";"0";"0";"г Москва ш Щёлковское 62 59";"0,0";"1,0";"2,0";"2,0";
"127,0";"26,03,2018";"Савёлки";"";"Столкновение";"";"0";"0";"г Зеленоград аллея Сосновая 612";"0,0";"1,0";"2,0";"3,0";
"128,0";"26,03,2018";"Куркино";"";"Наезд на пешехода";"";"0";"0";"г Москва ул Соловьиная Роща 11";"0,0";"1,0";"1,0";"2,0";
"129,0";"26,03,2018";"Хорошево-Мневники";"";"Столкновение";"";"0";"0";"г Москва пр-кт Маршала Жукова 78";"0,0";"1,0";"2,0";"2,0";
"130,0";"26,03,2018";"Головинский";"";"Падение пассажира";"";"0";"0";"г Москва ул Флотская 45 19";"0,0";"1,0";"1,0";"2,0";
"131,0";"26,03,2018";"Бибирево";"";"Наезд на пешехода";"";"0";"0";"г Москва ул Корнейчука 28";"0,0";"1,0";"1,0";"2,0";
"132,0";"26,03,2018";"Бескудниковский";"";"Столкновение";"";"0";"0";"г Москва ш Дмитровское 68";"0,0";"1,0";"2,0";"3,0";
"133,0";"26,03,2018";"Матушкино";"";"Столкновение";"";"0";"0";"г Зеленоград пр-кт Генерала Алексеева 200а";"0,0";"2,0";"2,0";"3,0";
"134,0";"26,03,2018";"Восточное Измайлово";"";"Наезд на пешехода";"";"0";"0";"г Москва ул Парковая 11-я 5к1";"0,0";"1,0";"1,0";"2,0";
"135,0";"26,03,2018";"Беговой";"";"Наезд на пешехода";"";"0";"0";"г Москва проезд Бумажный 2 2 стр,3";"0,0";"1,0";"1,0";"2,0";
"136,0";"26,03,2018";"Донской";"";"Наезд на пешехода";"";"0";"0";"г Москва  ";"0,0";"1,0";"1,0";"2,0";
"137,0";"26,03,2018";"Молжаниновский";"";"Столкновение";"М-10 Россия Москва - Тверь - Великий Новгород - Санкт-Петербург (основное направление)";"24";"0";"г Москва ш Ленинградское 214";"1,0";"0,0";"3,0";"3,0";
"138,0";"26,03,2018";"Нагорный";"";"Наезд на пешехода";"";"0";"0";"г Москва пр-кт Балаклавский 14А";"0,0";"1,0";"1,0";"2,0";
"139,0";"25,03,2018";"Печатники";"";"Столкновение";"";"0";"0";"г Москва ул Шоссейная 69 стр1";"0,0";"1,0";"2,0";"2,0";
"140,0";"25,03,2018";"Печатники";"";"Столкновение";"";"0";"0";"г Москва ул Батюнинская 1";"0,0";"1,0";"2,0";"3,0";
"141,0";"25,03,2018";"Можайский";"";"Наезд на препятствие";"Московская кольцевая автомобильная дорога (МКАД) внутренняя сторона";"54";"152";"г Москва  ";"0,0";"1,0";"1,0";"2,0";
"142,0";"25,03,2018";"Черемушки";"";"Столкновение";"";"0";"0";"г Москва ул Обручева 63";"0,0";"1,0";"3,0";"4,0";
"143,0";"25,03,2018";"Орехово-Борисово Северное";"";"Наезд на пешехода";"";"0";"0";"г Москва ул Маршала Захарова 16А";"0,0";"1,0";"1,0";"2,0";
"144,0";"25,03,2018";"Хорошевский";"";"Падение пассажира";"";"0";"0";"г Москва ш Хорошёвское 23";"0,0";"1,0";"1,0";"2,0";
"145,0";"25,03,2018";"Лианозово";"";"Столкновение";"";"0";"0";"г Москва ул Череповецкая 5 стр14";"0,0";"1,0";"2,0";"2,0";
"146,0";"25,03,2018";"Останкинский";"";"Столкновение";"";"0";"0";"г Москва ул Академика Королева 11";"0,0";"1,0";"2,0";"2,0";
"147,0";"25,03,2018";"Раменки";"";"Наезд на стоящее ТС";"";"0";"0";"г Москва ул Косыгина 55";"0,0";"1,0";"2,0";"3,0";
"148,0";"25,03,2018";"Клёновское";"";"Столкновение";"";"0";"0";"д Лукошкино  ";"0,0";"2,0";"2,0";"3,0";
"149,0";"25,03,2018";"Соколиная гора";"";"Столкновение";"";"0";"0";"г Москва ул Ибрагимова 15к2";"0,0";"1,0";"2,0";"3,0";
"150,0";"25,03,2018";"Преображенское";"";"Наезд на пешехода";"";"0";"0";"г Москва ул Электрозаводская 27с9";"0,0";"1,0";"1,0";"2,0";
"151,0";"25,03,2018";"Зюзино";"";"Наезд на пешехода";"";"0";"0";"г Москва ул Юшуньская М, 6 корп,1";"0,0";"1,0";"1,0";"2,0";
"152,0";"25,03,2018";"Лосиноостровский";"";"Наезд на пешехода";"";"0";"0";"г Москва ул Изумрудная 7";"0,0";"1,0";"1,0";"2,0";
"153,0";"25,03,2018";"Вороновское поселение";"";"Наезд на пешехода";"А-130 Москва - Малоярославец - Рославль - граница с Республикой Белоруссия (основное направление)";"54";"0";"д Голохвастово  ";"0,0";"1,0";"1,0";"2,0";
"154,0";"24,03,2018";"Беговой";"";"Столкновение";"М-10 Россия Москва - Тверь - Великий Новгород - Санкт-Петербург (основное направление)";"5";"0";"г Москва пр-кт Ленинградский 35";"0,0";"2,0";"5,0";"7,0";
"155,0";"24,03,2018";"Бутырский";"";"Наезд на пешехода";"";"0";"0";"г Москва ул Добролюбова 6 к,1";"1,0";"0,0";"1,0";"2,0";
"156,0";"24,03,2018";"Левобережный";"";"Наезд на препятствие";"Московская кольцевая автомобильная дорога (МКАД) внутренняя сторона";"75";"900";"г Москва  ";"0,0";"1,0";"1,0";"1,0";
"157,0";"24,03,2018";"Московский";"";"Наезд на пешехода";"";"0";"0";"  ";"0,0";"1,0";"1,0";"2,0";
"158,0";"24,03,2018";"Силино";"";"Столкновение";"";"0";"0";"г Зеленоград пр-кт Панфиловский 1203";"0,0";"1,0";"2,0";"2,0";
"159,0";"24,03,2018";"Внуковское";"";"Столкновение";"";"0";"0";"  ";"0,0";"3,0";"2,0";"4,0";
"160,0";"24,03,2018";"Лефортово";"";"Наезд на пешехода";"";"0";"0";"г Москва ул Авиамоторная 33";"0,0";"1,0";"1,0";"2,0";
"161,0";"24,03,2018";"Бирюлево Восточное";"";"Столкновение";"";"0";"0";"г Москва ул Липецкая 54";"0,0";"1,0";"2,0";"4,0";
"162,0";"24,03,2018";"Крылатское";"";"Столкновение";"Московская кольцевая автомобильная дорога (МКАД) внутренняя сторона";"60";"155";"г Москва  ";"0,0";"1,0";"4,0";"4,0";
"163,0";"24,03,2018";"Московский";"";"Наезд на пешехода";"";"0";"0";"  ";"0,0";"1,0";"1,0";"2,0";
"164,0";"24,03,2018";"Москворечье-Сабурово";"";"Столкновение";"";"0";"0";"г Москва ул Борисовские Пруды 17 К1";"0,0";"1,0";"3,0";"4,0";
"165,0";"24,03,2018";"Можайский";"";"Наезд на пешехода";"";"0";"0";"г Москва ш Можайское 2";"1,0";"0,0";"1,0";"2,0";
"166,0";"24,03,2018";"Дмитровский";"";"Столкновение";"Московская кольцевая автомобильная дорога (МКАД) внутренняя сторона";"79";"300";"г Москва  ";"0,0";"1,0";"2,0";"3,0";
"167,0";"24,03,2018";"Марьина роща";"";"Столкновение";"";"0";"0";"г Москва ул Сущёвский Вал 46";"0,0";"2,0";"2,0";"4,0";
"168,0";"24,03,2018";"Теплый Стан";"";"Падение пассажира";"";"0";"0";"г Москва ул Профсоюзная 41 по ул,Г, Тюленева";"0,0";"1,0";"1,0";"2,0";
"169,0";"24,03,2018";"Метрогородок";"";"Столкновение";"Московская кольцевая автомобильная дорога (МКАД) внешняя сторона";"96";"0";"г Москва  ";"0,0";"1,0";"3,0";"2,0";
"170,0";"24,03,2018";"Лефортово";"";"Столкновение";"";"0";"0";"г Москва ш Энтузиастов 11";"0,0";"1,0";"3,0";"4,0";
"171,0";"24,03,2018";"Отрадное";"";"Столкновение";"";"0";"0";"г Москва ш Алтуфьевское 31, стр7";"0,0";"2,0";"2,0";"3,0";
"172,0";"24,03,2018";"Коньково";"";"Столкновение";"";"0";"0";"г Москва ул Профсоюзная 67А";"1,0";"0,0";"2,0";"3,0";
"173,0";"24,03,2018";"Люблино";"";"Наезд на пешехода";"";"0";"0";"г Москва пр-кт 40 лет Октября 16";"1,0";"0,0";"1,0";"2,0";
"174,0";"24,03,2018";"Капотня";"";"Наезд на стоящее ТС";"";"0";"0";"г Москва проезд Капотнинский 1-й 12А";"1,0";"0,0";"3,0";"2,0";
"175,0";"24,03,2018";"Коптево";"";"Наезд на пешехода";"";"0";"0";"г Москва проезд Новомихалковский 3-й 11";"0,0";"1,0";"1,0";"2,0";
"176,0";"24,03,2018";"Северное Медведково";"";"Столкновение";"Московская кольцевая автомобильная дорога (МКАД) внутренняя сторона";"89";"700";"г Москва  ";"0,0";"1,0";"2,0";"3,0";
"177,0";"24,03,2018";"Савеловский";"";"Наезд на пешехода";"";"0";"0";"г Москва ул Вятская 27 строение 4";"0,0";"1,0";"2,0";"3,0";
"178,0";"24,03,2018";"Чертаново Северное";"";"Падение пассажира";"";"0";"0";"г Москва ул Кировоградская 9 К4";"0,0";"1,0";"1,0";"2,0";
"179,0";"24,03,2018";"Гольяново";"";"Наезд на стоящее ТС";"";"0";"0";"г Москва ул Байкальская 6";"0,0";"1,0";"3,0";"1,0";
"180,0";"23,03,2018";"Ярославский";"";"Столкновение";"";"0";"0";"г Москва ш Ярославское 7";"0,0";"1,0";"2,0";"2,0";
"181,0";"23,03,2018";"Богородское";"";"Столкновение";"";"0";"0";"г Москва ул Краснобогатырская 19";"0,0";"1,0";"2,0";"2,0";
"182,0";"23,03,2018";"Дорогомилово";"";"Наезд на пешехода";"";"0";"0";"г Москва пр-кт Кутузовский 43";"0,0";"1,0";"1,0";"2,0";
"183,0";"23,03,2018";"Бирюлево Восточное";"";"Наезд на пешехода";"";"0";"0";"г Москва ул Радиальная 6-я 10";"0,0";"3,0";"1,0";"4,0";
"184,0";"23,03,2018";"Зюзино";"";"Наезд на пешехода";"";"0";"0";"г Москва пр-кт Балаклавский 7";"0,0";"1,0";"1,0";"2,0";
"185,0";"23,03,2018";"Очаково-Матвеевское";"";"Наезд на препятствие";"";"0";"0";"п Матвеевское ул Нежинская 16";"0,0";"1,0";"1,0";"2,0";
"186,0";"23,03,2018";"Чертаново Южное";"";"Столкновение";"";"0";"0";"г Москва ш Варшавское 152А";"0,0";"1,0";"2,0";"3,0";
"187,0";"23,03,2018";"Косино-Ухтомский";"";"Столкновение";"";"0";"0";"п Ухтомский ул Салтыковская 6";"0,0";"1,0";"2,0";"2,0";
"188,0";"23,03,2018";"Нагорный";"";"Наезд на препятствие";"";"0";"0";"г Москва ул Болотниковская 12 СТР4";"0,0";"1,0";"1,0";"2,0";
"189,0";"23,03,2018";"Свиблово";"";"Столкновение";"";"0";"0";"п Свиблово пр-кт Мира 211 к2";"0,0";"1,0";"2,0";"2,0";
"190,0";"23,03,2018";"Ясенево";"";"Столкновение";"Московская кольцевая автомобильная дорога (МКАД) внутренняя сторона";"35";"0";"г Москва  ";"0,0";"1,0";"2,0";"2,0";
"191,0";"23,03,2018";"Даниловский";"";"Наезд на пешехода";"";"0";"0";"г Москва ш Подольское 8";"0,0";"1,0";"1,0";"2,0";
"192,0";"23,03,2018";"Ярославский";"";"Наезд на препятствие";"";"0";"0";"г Москва ул Палехская 2";"0,0";"1,0";"1,0";"1,0";
"193,0";"23,03,2018";"Красносельский";"";"Наезд на пешехода";"";"0";"0";"г Москва ул Красносельская Верхн, 3в";"0,0";"1,0";"1,0";"2,0";
"194,0";"23,03,2018";"Очаково-Матвеевское";"";"Столкновение";"Московская кольцевая автомобильная дорога (МКАД) внешняя сторона";"52";"0";"п Матвеевское  ";"0,0";"2,0";"4,0";"5,0";
"195,0";"23,03,2018";"Марьина роща";"";"Наезд на пешехода";"";"0";"0";"г Москва ул Советской Армии 17 52";"0,0";"1,0";"1,0";"2,0";
"196,0";"23,03,2018";"Гольяново";"";"Наезд на пешехода";"";"0";"0";"г Москва ул Уральская 1";"0,0";"1,0";"1,0";"2,0";
"197,0";"23,03,2018";"Чертаново Южное";"";"Столкновение";"";"0";"0";"г Москва ш Варшавское 149";"0,0";"2,0";"2,0";"2,0";
"198,0";"23,03,2018";"Даниловский";"";"Наезд на пешехода";"";"0";"0";"г Москва ул Люсиновская 72";"0,0";"1,0";"1,0";"2,0";
"199,0";"23,03,2018";"Перово";"";"Иной вид ДТП";"";"0";"0";"г Москва проезд Фрезер 2с24";"0,0";"1,0";"1,0";"1,0";
"200,0";"23,03,2018";"Новогиреево";"";"Наезд на пешехода";"";"0";"0";"г Москва ул Полимерная 7";"0,0";"1,0";"1,0";"2,0";
"201,0";"23,03,2018";"Первомайское поселение";"";"Наезд на стоящее ТС";"М-3 Украина Москва - Калуга - Брянск - граница с Украиной (основное направление)";"39";"900";"  ";"1,0";"1,0";"2,0";"3,0";
"202,0";"23,03,2018";"Чертаново Южное";"";"Столкновение";"Московская кольцевая автомобильная дорога (МКАД) внешняя сторона";"32";"300";"г Москва км МКАД 33-й 0";"0,0";"1,0";"3,0";"3,0";
"203,0";"23,03,2018";"Московский";"";"Столкновение";"М-3 Украина Москва - Калуга - Брянск - граница с Украиной (основное направление)";"25";"450";"  ";"0,0";"2,0";"3,0";"4,0";
"204,0";"23,03,2018";"Пресненский";"";"Наезд на стоящее ТС";"Третье транспортное кольцо (внутренняя сторона)";"22";"0";"г Москва ул Брянский Пост 5А";"0,0";"1,0";"3,0";"3,0";
"205,0";"23,03,2018";"Раменки";"";"Столкновение";"";"0";"0";"г Москва ул Винницкая 1";"0,0";"1,0";"2,0";"3,0";
"206,0";"23,03,2018";"Чертаново Северное";"";"Столкновение";"";"0";"0";"г Москва ш Варшавское 99";"0,0";"1,0";"2,0";"2,0";
"207,0";"23,03,2018";"Чертаново Южное";"";"Наезд на пешехода";"";"0";"0";"г Москва ул Газопровод 1 К6";"0,0";"1,0";"1,0";"2,0";
"208,0";"23,03,2018";"Лианозово";"";"Столкновение";"";"0";"0";"г Москва ш Алтуфьевское 93А";"0,0";"1,0";"2,0";"3,0";
"209,0";"22,03,2018";"Солнцево";"";"Наезд на пешехода";"";"0";"0";"г Москва пр-кт Солнцевский 26";"0,0";"1,0";"1,0";"2,0";
"210,0";"22,03,2018";"Марьино";"";"Наезд на пешехода";"";"0";"0";"г Москва ул Братиславская 15 к1";"0,0";"1,0";"1,0";"2,0";
"211,0";"22,03,2018";"Ново-Переделкино";"";"Столкновение";"";"0";"0";"г Москва ш Боровское 58";"0,0";"2,0";"2,0";"3,0";
"212,0";"22,03,2018";"Сокольники";"";"Столкновение";"";"0";"0";"г Москва ул Сокольнический Вал 6к2";"0,0";"1,0";"2,0";"3,0";
"213,0";"22,03,2018";"Ивановское";"";"Столкновение";"Московская кольцевая автомобильная дорога (МКАД) внешняя сторона";"1";"0";"г Москва  ";"0,0";"1,0";"3,0";"2,0";
"214,0";"22,03,2018";"Перово";"";"Падение пассажира";"";"0";"0";"г Москва пр-кт Федеративный 13 9";"0,0";"1,0";"1,0";"2,0";
"215,0";"22,03,2018";"Южное Тушино";"";"Наезд на пешехода";"";"0";"0";"г Москва ул Сходненская 37";"0,0";"1,0";"1,0";"2,0";
"216,0";"22,03,2018";"Войковский";"";"Наезд на пешехода";"";"0";"0";"г Москва ул Клары Цеткин 33 кор,28";"0,0";"1,0";"1,0";"2,0";
"217,0";"22,03,2018";"Люблино";"";"Столкновение";"";"0";"0";"г Москва ул Верхние Поля 43";"0,0";"2,0";"2,0";"4,0";
"218,0";"22,03,2018";"Солнцево";"";"Столкновение";"";"0";"0";"г Москва ш Боровское вл,9";"0,0";"1,0";"2,0";"2,0";
"219,0";"22,03,2018";"Кунцево";"";"Наезд на пешехода";"";"0";"0";"г Москва ул Бобруйская 18 к3";"0,0";"1,0";"1,0";"2,0";
"220,0";"22,03,2018";"Отрадное";"";"Наезд на пешехода";"";"0";"0";"г Москва ш Алтуфьевское 22";"0,0";"1,0";"1,0";"2,0";
"221,0";"22,03,2018";"ГУ МВД 2 СП ДПС 2 бат,";"";"Столкновение";"А-106 Рублево-Успенское шоссе";"6";"0";"г Москва  ";"0,0";"1,0";"2,0";"3,0";
"222,0";"22,03,2018";"Тимирязевский";"";"Столкновение";"";"0";"0";"г Москва проезд Дмитровский 20кор, 2";"0,0";"1,0";"2,0";"2,0";
"223,0";"22,03,2018";"Восточное Измайлово";"";"Столкновение";"";"0";"0";"г Москва ул Парковая 15-я 29к1";"0,0";"2,0";"2,0";"3,0";
"224,0";"22,03,2018";"Марьино";"";"Падение пассажира";"";"0";"0";"г Москва б-р Новочеркасский 20";"0,0";"1,0";"1,0";"2,0";
"225,0";"22,03,2018";"Москворечье-Сабурово";"";"Наезд на пешехода";"";"0";"0";"г Москва пер Котляковский 2-й 1 СТР35";"0,0";"3,0";"4,0";"6,0";
"226,0";"22,03,2018";"Лианозово";"";"Столкновение";"Московская кольцевая автомобильная дорога (МКАД) внутренняя сторона";"82";"100";"г Москва  ";"0,0";"1,0";"2,0";"2,0";
"227,0";"22,03,2018";"Отрадное";"";"Наезд на пешехода";"";"0";"0";"г Москва ул Хачатуряна 16";"0,0";"1,0";"1,0";"2,0";
"228,0";"22,03,2018";"Фили-Давыдково";"";"Наезд на пешехода";"";"0";"0";"г Москва пр-кт Кутузовский 9 км";"0,0";"1,0";"1,0";"2,0";
"229,0";"21,03,2018";"Лефортово";"";"Наезд на пешехода";"";"0";"0";"г Москва ул Душинская 14";"0,0";"1,0";"1,0";"2,0";
"230,0";"21,03,2018";"Останкинский";"";"Столкновение";"";"0";"0";"г Москва ул Останкинская 1-я 55";"0,0";"2,0";"2,0";"4,0";
"231,0";"21,03,2018";"Котловка";"";"Наезд на пешехода";"";"0";"0";"г Москва пр-кт Севастопольский 20а";"0,0";"1,0";"1,0";"2,0";
"232,0";"21,03,2018";"Филевский парк";"";"Наезд на пешехода";"";"0";"0";"г Москва ул Филёвская Б, 10";"0,0";"1,0";"1,0";"2,0";
"233,0";"21,03,2018";"Северное Медведково";"";"Столкновение";"";"0";"0";"г Москва ул Осташковская 30";"0,0";"1,0";"2,0";"2,0";
"234,0";"21,03,2018";"Измайлово";"";"Столкновение";"";"0";"0";"г Москва пл Измайловская 6";"0,0";"1,0";"2,0";"3,0";
"235,0";"21,03,2018";"Северное Тушино";"";"Столкновение";"";"0";"0";"г Москва ул Героев Панфиловцев 1";"0,0";"1,0";"2,0";"2,0";
"236,0";"21,03,2018";"Обручевский";"";"Наезд на пешехода";"";"0";"0";"г Москва ул Воронцовские Пруды 3";"0,0";"1,0";"1,0";"2,0";
"237,0";"21,03,2018";"Ясенево";"";"Столкновение";"";"0";"0";"г Москва ул Ясногорская 2";"0,0";"1,0";"2,0";"2,0";
"238,0";"21,03,2018";"Очаково-Матвеевское";"";"Наезд на стоящее ТС";"Московская кольцевая автомобильная дорога (МКАД) внутренняя сторона";"52";"155";"п Матвеевское  ";"0,0";"1,0";"4,0";"3,0";
"239,0";"21,03,2018";"Нагорный";"";"Падение пассажира";"";"0";"0";"г Москва ш Варшавское 80";"0,0";"1,0";"1,0";"2,0";
"240,0";"21,03,2018";"Северное Тушино";"";"Столкновение";"";"0";"0";"г Москва ул Свободы 71";"0,0";"3,0";"2,0";"3,0";
"241,0";"21,03,2018";"Нагатино-Садовники";"";"Столкновение";"";"0";"0";"г Москва ш Каширское 16";"0,0";"1,0";"2,0";"3,0";
"242,0";"21,03,2018";"ГУ МВД 2 СП ДПС 2 бат,";"";"Наезд на пешехода";"А-109 Ильинское шоссе";"4";"0";"г Москва  ";"0,0";"1,0";"1,0";"2,0";
"243,0";"21,03,2018";"Ломоносовский";"";"Столкновение";"";"0";"0";"г Москва ул Кравченко 8";"0,0";"1,0";"2,0";"3,0";
"244,0";"21,03,2018";"Зюзино";"";"Столкновение";"";"0";"0";"г Москва пр-кт Нахимовский 7, к,1";"0,0";"1,0";"3,0";"3,0";
"245,0";"21,03,2018";"Коптево";"";"Падение пассажира";"";"0";"0";"г Москва ул Коптевская 36";"0,0";"1,0";"1,0";"2,0";
"246,0";"21,03,2018";"Москворечье-Сабурово";"";"Столкновение";"";"0";"0";"г Москва проезд Варшавский 1-й 1А";"0,0";"1,0";"3,0";"3,0";
"247,0";"21,03,2018";"Пресненский";"";"Наезд на пешехода";"";"0";"0";"г Москва наб Шелепихинская 12 (двор)";"0,0";"1,0";"1,0";"2,0";
"248,0";"21,03,2018";"Зябликово";"";"Наезд на пешехода";"";"0";"0";"г Москва ул Мусы Джалиля 23 56";"0,0";"1,0";"1,0";"2,0";
"249,0";"21,03,2018";"Тимирязевский";"";"Наезд на пешехода";"";"0";"0";"г Москва ул Тимирязевская 13";"0,0";"1,0";"1,0";"2,0";
"250,0";"20,03,2018";"Ярославский";"";"Столкновение";"";"0";"0";"г Москва ш Ярославское 22 корп 2";"0,0";"1,0";"3,0";"2,0";
"251,0";"20,03,2018";"Коптево";"";"Наезд на пешехода";"";"0";"0";"г Москва  ";"0,0";"1,0";"1,0";"2,0";
"252,0";"20,03,2018";"Митино";"";"Наезд на стоящее ТС";"";"0";"0";"г Москва ш Пятницкое 52";"0,0";"1,0";"2,0";"3,0";
"253,0";"20,03,2018";"Хорошево-Мневники";"";"Столкновение";"";"0";"0";"г Москва проезд Силикатный 1-й 1";"0,0";"1,0";"3,0";"4,0";
"254,0";"20,03,2018";"Северный";"";"Падение пассажира";"";"0";"0";"г Москва ш Дмитровское 165Д";"0,0";"1,0";"1,0";"2,0";
"255,0";"20,03,2018";"Западное Дегунино";"";"Наезд на пешехода";"";"0";"0";"г Москва проезд Ижорский 8Б";"1,0";"0,0";"1,0";"2,0";
"256,0";"20,03,2018";"Чертаново Северное";"";"Наезд на пешехода";"";"0";"0";"г Москва проезд Сумской 13 К1";"0,0";"1,0";"1,0";"2,0";
"257,0";"20,03,2018";"Чертаново Центральное";"";"Столкновение";"";"0";"0";"г Москва ул Красного Маяка 14";"0,0";"1,0";"2,0";"2,0";
"258,0";"20,03,2018";"Кузьминки";"";"Наезд на пешехода";"";"0";"0";"г Москва б-р Есенинский 15 4";"0,0";"1,0";"1,0";"2,0";
"259,0";"20,03,2018";"Черемушки";"";"Наезд на пешехода";"";"0";"0";"г Москва ул Профсоюзная 57";"0,0";"1,0";"1,0";"2,0";
"260,0";"20,03,2018";"Замоскворечье";"";"Наезд на пешехода";"";"0";"0";"г Москва ул Серпуховская Б, 31 кор, 10";"0,0";"1,0";"1,0";"2,0";
"261,0";"20,03,2018";"Фили-Давыдково";"";"Столкновение";"";"0";"0";"г Москва ул Кастанаевская 15";"0,0";"1,0";"2,0";"2,0";
"262,0";"20,03,2018";"Тропарево-Никулино";"";"Наезд на пешехода";"";"0";"0";"г Москва ул Мичуринский проспект,Олимпийская деревня 21";"0,0";"1,0";"1,0";"2,0";
"263,0";"20,03,2018";"Марьино";"";"Наезд на пешехода";"";"0";"0";"г Москва ул Подольская 21";"0,0";"1,0";"1,0";"2,0";
"264,0";"20,03,2018";"Таганский";"";"Наезд на пешехода";"";"0";"0";"г Москва проезд Гончарный 6стр1А";"0,0";"1,0";"1,0";"2,0";
"265,0";"20,03,2018";"Останкинский";"";"Столкновение";"";"0";"0";"г Москва пр-кт Мира 109";"0,0";"1,0";"2,0";"2,0";
"266,0";"20,03,2018";"Капотня";"";"Столкновение";"Московская кольцевая автомобильная дорога (МКАД) внутренняя сторона";"18";"0";"г Москва км МКАД 18-й 18";"0,0";"2,0";"3,0";"3,0";
"267,0";"20,03,2018";"Бибирево";"";"Столкновение";"";"0";"0";"г Москва ул Плещеева 32";"0,0";"1,0";"3,0";"3,0";
"268,0";"19,03,2018";"Ярославский";"";"Наезд на стоящее ТС";"Московская кольцевая автомобильная дорога (МКАД) внешняя сторона";"94";"700";"г Москва  ";"0,0";"1,0";"2,0";"2,0";
"269,0";"19,03,2018";"Орехово-Борисово Северное";"";"Наезд на пешехода";"";"0";"0";"г Москва ул Маршала Захарова 16 К2";"0,0";"1,0";"1,0";"2,0";
"270,0";"19,03,2018";"Киевский";"";"Наезд на пешехода";"";"0";"0";"рп Киевский ул Киевская 14";"0,0";"1,0";"1,0";"2,0";
"271,0";"19,03,2018";"Южнопортовый";"";"Наезд на пешехода";"";"0";"0";"г Москва ул Машиностроения 1-я 18 36";"0,0";"1,0";"1,0";"2,0";
"272,0";"19,03,2018";"Гольяново";"";"Наезд на стоящее ТС";"Московская кольцевая автомобильная дорога (МКАД) внутренняя сторона";"98";"500";"г Москва  ";"0,0";"2,0";"4,0";"4,0";
"273,0";"19,03,2018";"Тверской";"";"Наезд на пешехода";"";"0";"0";"г Москва  ";"0,0";"1,0";"1,0";"2,0";
"274,0";"19,03,2018";"Кузьминки";"";"Наезд на пешехода";"";"0";"0";"г Москва ул Юных Ленинцев 35 к, 1";"0,0";"1,0";"1,0";"2,0";
"275,0";"19,03,2018";"Щукино";"";"Наезд на пешехода";"";"0";"0";"г Москва ул Новощукинская 11";"0,0";"1,0";"1,0";"2,0";
"276,0";"19,03,2018";"Первомайское поселение";"";"Наезд на пешехода";"";"0";"0";"д Ботаково ул Верхняя 15";"0,0";"1,0";"1,0";"2,0";
"277,0";"19,03,2018";"Марьино";"";"Наезд на пешехода";"";"0";"0";"г Москва ул Перерва 43 к,1";"0,0";"1,0";"1,0";"2,0";
"278,0";"19,03,2018";"Новогиреево";"";"Столкновение";"";"0";"0";"г Москва пр-кт Федеративный 32к1";"0,0";"2,0";"2,0";"3,0";
"279,0";"19,03,2018";"Арбат";"";"Столкновение";"";"0";"0";"г Москва ул Знаменка 19";"0,0";"1,0";"2,0";"2,0";
"280,0";"19,03,2018";"Свиблово";"";"Наезд на пешехода";"";"0";"0";"п Свиблово ул Снежная 17";"0,0";"1,0";"1,0";"2,0";
"281,0";"19,03,2018";"Даниловский";"";"Наезд на пешехода";"";"0";"0";"г Москва ул Мытная 66";"0,0";"1,0";"1,0";"2,0";
"282,0";"19,03,2018";"Марьина роща";"";"Наезд на пешехода";"";"0";"0";"г Москва ул Стрелецкая 18";"0,0";"1,0";"1,0";"2,0";
"283,0";"19,03,2018";"Коньково";"";"Наезд на пешехода";"";"0";"0";"г Москва ул Профсоюзная 98к,5";"0,0";"1,0";"1,0";"2,0";
"284,0";"19,03,2018";"Лосиноостровский";"";"Наезд на пешехода";"";"0";"0";"г Москва ул Тайнинская 6";"0,0";"1,0";"1,0";"2,0";
"285,0";"18,03,2018";"Южное Бутово";"";"Наезд на пешехода";"";"0";"0";"г Москва ул Поляны 7";"0,0";"1,0";"1,0";"2,0";
"286,0";"18,03,2018";"Московский";"";"Столкновение";"";"0";"0";"г Московский ул Хабарова 2";"0,0";"1,0";"2,0";"3,0";
"287,0";"18,03,2018";"Матушкино";"";"Столкновение";"";"0";"0";"г Зеленоград пр-кт Генерала Алексеева 6а";"0,0";"2,0";"2,0";"2,0";
"288,0";"18,03,2018";"Северное Тушино";"";"Наезд на пешехода";"";"0";"0";"г Москва  ";"0,0";"1,0";"1,0";"2,0";
"289,0";"18,03,2018";"Черемушки";"";"Столкновение";"";"0";"0";"г Москва пр-кт Севастопольский 28";"0,0";"1,0";"2,0";"2,0";
"290,0";"18,03,2018";"ГУ МВД 2 СП ДПС 2 бат,";"";"Столкновение";"А-106 Рублево-Успенское шоссе";"23";"0";"г Москва  ";"0,0";"1,0";"2,0";"3,0";
"291,0";"18,03,2018";"Люблино";"";"Наезд на пешехода";"";"0";"0";"г Москва пр-кт 40 лет Октября 20";"0,0";"1,0";"1,0";"2,0";
"292,0";"18,03,2018";"Очаково-Матвеевское";"";"Наезд на пешехода";"";"0";"0";"п Матвеевское ш Аминьевское 4А";"0,0";"1,0";"1,0";"2,0";
"293,0";"18,03,2018";"Рязановское";"";"Наезд на препятствие";"";"0";"0";"  ";"0,0";"1,0";"1,0";"2,0";
"294,0";"18,03,2018";"Даниловский";"";"Столкновение";"";"0";"0";"г Москва пр-кт Андропова 8";"0,0";"1,0";"3,0";"5,0";
"295,0";"18,03,2018";"Зябликово";"";"Наезд на пешехода";"";"0";"0";"г Москва проезд Ореховый 41 К1";"0,0";"1,0";"1,0";"2,0";
"296,0";"18,03,2018";"Южное Тушино";"";"Столкновение";"Московская кольцевая автомобильная дорога (МКАД) внутренняя сторона";"69";"0";"г Москва  ";"0,0";"1,0";"2,0";"2,0";
"297,0";"18,03,2018";"Останкинский";"";"Наезд на пешехода";"";"0";"0";"г Москва ул Годовикова 4 стр,5";"0,0";"1,0";"1,0";"2,0";
"298,0";"18,03,2018";"Дорогомилово";"";"Наезд на пешехода";"";"0";"0";"г Москва пр-кт Кутузовский 8";"1,0";"0,0";"2,0";"3,0";
"299,0";"18,03,2018";"Марьино";"";"Наезд на пешехода";"";"0";"0";"г Москва ул Люблинская 112 А";"0,0";"1,0";"1,0";"2,0";
"300,0";"18,03,2018";"Филевский парк";"";"Падение пассажира";"";"0";"0";"г Москва ул Филёвская Б, 25";"0,0";"1,0";"1,0";"2,0";
"301,0";"18,03,2018";"Фили-Давыдково";"";"Столкновение";"";"0";"0";"г Москва пр-кт Кутузовский 8";"1,0";"5,0";"3,0";"7,0";
"302,0";"18,03,2018";"Косино-Ухтомский";"";"Падение пассажира";"";"0";"0";"п Ухтомский ул Косинская Б, 16";"0,0";"1,0";"1,0";"2,0";
"303,0";"18,03,2018";"Марьино";"";"Наезд на пешехода";"";"0";"0";"г Москва ул Маршала Голованова 13";"0,0";"1,0";"1,0";"2,0";
"304,0";"17,03,2018";"Дмитровский";"";"Столкновение";"";"0";"0";"г Москва ул Лобненская 4а";"0,0";"1,0";"2,0";"2,0";
"305,0";"17,03,2018";"Нагорный";"";"Наезд на пешехода";"";"0";"0";"г Москва ул Криворожская 29 К2";"0,0";"1,0";"1,0";"2,0";
"306,0";"17,03,2018";"Выхино-Жулебино";"";"Столкновение";"";"0";"0";"г Москва пр-кт Рязанский 76 2";"0,0";"2,0";"2,0";"4,0";
"307,0";"17,03,2018";"Тверской";"";"Столкновение";"М-10 Россия Москва - Тверь - Великий Новгород - Санкт-Петербург (основное направление)";"700";"0";"г Москва ул Тверская-Ямская 1-я 36";"0,0";"1,0";"2,0";"2,0";
"308,0";"17,03,2018";"Даниловский";"";"Столкновение";"";"0";"0";"г Москва ул Серпуховский Вал 9";"0,0";"1,0";"2,0";"3,0";
"309,0";"17,03,2018";"Братеево";"";"Столкновение";"Московская кольцевая автомобильная дорога (МКАД) внешняя сторона";"19";"0";"г Москва км МКАД 19-й 0";"0,0";"1,0";"2,0";"3,0";
"310,0";"17,03,2018";"Тимирязевский";"";"Наезд на препятствие";"";"0";"0";"г Москва ш Дмитровское 47";"0,0";"2,0";"1,0";"2,0";
"311,0";"17,03,2018";"Митино";"";"Столкновение";"";"0";"0";"г Москва ул Дубравная 36, к, 1";"0,0";"1,0";"2,0";"3,0";
"312,0";"17,03,2018";"Лианозово";"";"Столкновение";"Московская кольцевая автомобильная дорога (МКАД) внутренняя сторона";"83";"900";"г Москва  ";"0,0";"1,0";"3,0";"4,0";
"313,0";"17,03,2018";"Тропарево-Никулино";"";"Наезд на пешехода";"";"0";"0";"г Москва пр-кт Мичуринский 76А";"0,0";"1,0";"1,0";"2,0";
"314,0";"17,03,2018";"Северное Измайлово";"";"Наезд на стоящее ТС";"";"0";"0";"г Москва ул Никитинская 16к1";"0,0";"1,0";"2,0";"3,0";
"315,0";"17,03,2018";"Замоскворечье";"";"Столкновение";"";"0";"0";"г Москва наб Раушская 8";"1,0";"0,0";"2,0";"2,0";
"316,0";"17,03,2018";"Северное Медведково";"";"Наезд на пешехода";"";"0";"0";"г Москва ул Широкая 13А";"0,0";"1,0";"1,0";"2,0";
"317,0";"17,03,2018";"Нагатино-Садовники";"";"Столкновение";"";"0";"0";"г Москва ш Каширское 21";"0,0";"1,0";"2,0";"2,0";
"318,0";"17,03,2018";"Беговой";"";"Столкновение";"";"0";"0";"г Москва пр-кт Ленинградский 31";"0,0";"1,0";"3,0";"3,0";
"319,0";"17,03,2018";"Теплый Стан";"";"Наезд на пешехода";"";"0";"0";"г Москва ул Тёплый Стан 9";"0,0";"1,0";"1,0";"2,0";
"320,0";"17,03,2018";"Южное Тушино";"";"Столкновение";"";"0";"0";"г Москва ул Сходненская 19";"0,0";"1,0";"2,0";"3,0";
"321,0";"17,03,2018";"Москворечье-Сабурово";"";"Столкновение";"";"0";"0";"г Москва ш Каширское 33";"0,0";"2,0";"2,0";"4,0";
"322,0";"17,03,2018";"Войковский";"";"Наезд на пешехода";"";"0";"0";"г Москва ул Радиаторская 1-я 11";"0,0";"1,0";"1,0";"2,0";
"323,0";"17,03,2018";"Лианозово";"";"Столкновение";"Московская кольцевая автомобильная дорога (МКАД) внутренняя сторона";"83";"800";"г Москва  ";"0,0";"1,0";"4,0";"4,0";
"324,0";"17,03,2018";"Московский";"";"Столкновение";"М-3 Украина Москва - Калуга - Брянск - граница с Украиной (основное направление)";"23";"390";"  ";"0,0";"16,0";"2,0";"18,0";
"325,0";"17,03,2018";"Бирюлево Западное";"";"Наезд на пешехода";"";"0";"0";"г Москва проезд Востряковский 9 К1";"0,0";"1,0";"1,0";"2,0";
"326,0";"16,03,2018";"Новогиреево";"";"Наезд на пешехода";"";"0";"0";"г Москва ул Алексея Дикого 5к1";"0,0";"1,0";"1,0";"2,0";
"327,0";"16,03,2018";"Ивановское";"";"Столкновение";"";"0";"0";"г Москва ш Энтузиастов 51";"0,0";"1,0";"2,0";"3,0";
"328,0";"16,03,2018";"Орехово-Борисово Южное";"";"Столкновение";"Московская кольцевая автомобильная дорога (МКАД) внешняя сторона";"22";"0";"г Москва км МКАД 22-й 22";"0,0";"1,0";"2,0";"3,0";
"329,0";"16,03,2018";"Новокосино";"";"Наезд на пешехода";"";"0";"0";"г Москва ул Николая Старостина 15";"0,0";"1,0";"1,0";"2,0";
"330,0";"16,03,2018";"Очаково-Матвеевское";"";"Столкновение";"";"0";"0";"п Матвеевское ул Очаковская Б, 47";"0,0";"2,0";"2,0";"3,0";
"331,0";"16,03,2018";"Краснопахорское поселение";"";"Столкновение";"";"0";"0";"  ";"0,0";"1,0";"2,0";"2,0";
"332,0";"16,03,2018";"Марушкинское";"";"Наезд на препятствие";"";"0";"0";"  ";"0,0";"1,0";"1,0";"2,0";
"333,0";"16,03,2018";"Якиманка";"";"Столкновение";"";"0";"0";"г Москва ул Крымский Вал 9";"0,0";"1,0";"4,0";"4,0";
"334,0";"16,03,2018";"Гагаринский";"";"Наезд на пешехода";"";"0";"0";"г Москва пр-кт Ленинский 38";"0,0";"1,0";"1,0";"2,0";
"335,0";"16,03,2018";"Бескудниковский";"";"Наезд на стоящее ТС";"";"0";"0";"г Москва б-р Бескудниковский 10 корпус 4";"0,0";"1,0";"3,0";"1,0";
"336,0";"16,03,2018";"Бутырский";"";"Наезд на пешехода";"";"0";"0";"г Москва ул Бутырская 2,корп,18";"0,0";"1,0";"1,0";"2,0";
"337,0";"16,03,2018";"Обручевский";"";"Наезд на препятствие";"";"0";"0";"г Москва ш Старокалужское 62 с2";"1,0";"0,0";"1,0";"1,0";
"338,0";"16,03,2018";"Якиманка";"";"Падение пассажира";"";"0";"0";"г Москва ул Мытная 1";"0,0";"1,0";"1,0";"2,0";
"339,0";"16,03,2018";"Зябликово";"";"Наезд на пешехода";"";"0";"0";"г Москва ул Мусы Джалиля 6 К2";"0,0";"2,0";"1,0";"2,0";
"340,0";"16,03,2018";"Восточное Дегунино";"";"Столкновение";"";"0";"0";"г Москва ул Дубнинская 20 корп,1";"0,0";"1,0";"2,0";"2,0";
"341,0";"16,03,2018";"Южное Бутово";"";"Наезд на пешехода";"";"0";"0";"г Москва ул Адмирала Лазарева 19 корп, 1";"0,0";"1,0";"1,0";"2,0";
"342,0";"16,03,2018";"Академический";"";"Наезд на пешехода";"";"0";"0";"г Москва ул Дмитрия Ульянова 27";"0,0";"2,0";"1,0";"3,0";
"343,0";"16,03,2018";"Преображенское";"";"Наезд на пешехода";"";"0";"0";"г Москва  ";"0,0";"1,0";"1,0";"2,0";
"344,0";"16,03,2018";"Южное Тушино";"";"Наезд на пешехода";"";"0";"0";"г Москва проезд Походный 3";"0,0";"1,0";"1,0";"2,0";
"345,0";"16,03,2018";"Поселок Восточный";"";"Наезд на пешехода";"";"0";"0";"п Восточный ул Западная 1";"1,0";"0,0";"1,0";"2,0";
"346,0";"16,03,2018";"Тропарево-Никулино";"";"Столкновение";"Московская кольцевая автомобильная дорога (МКАД) внешняя сторона";"47";"154";"г Москва  ";"0,0";"1,0";"2,0";"2,0";
"347,0";"16,03,2018";"Троицк";"";"Наезд на стоящее ТС";"А-130 Москва - Малоярославец - Рославль - граница с Республикой Белоруссия (основное направление)";"40";"0";"г Троицк  ";"0,0";"2,0";"3,0";"4,0";
"348,0";"16,03,2018";"Хорошево-Мневники";"";"Столкновение";"";"0";"0";"г Москва ул Маршала Тухачевского 21, корп,1";"0,0";"1,0";"2,0";"3,0";
"349,0";"16,03,2018";"Беговой";"";"Наезд на стоящее ТС";"";"0";"0";"г Москва ул Ямского Поля 3-я 19";"0,0";"1,0";"3,0";"1,0";
"350,0";"16,03,2018";"Выхино-Жулебино";"";"Столкновение";"";"0";"0";"г Москва пр-кт Рязанский 74";"0,0";"2,0";"3,0";"5,0";
"351,0";"16,03,2018";"Бирюлево Восточное";"";"Наезд на пешехода";"Московская кольцевая автомобильная дорога (МКАД) внешняя сторона";"26";"800";"г Москва  ";"0,0";"1,0";"2,0";"3,0";
"352,0";"16,03,2018";"Бутырский";"";"Наезд на пешехода";"";"0";"0";"г Москва ул Яблочкова 15";"0,0";"1,0";"1,0";"2,0";
"353,0";"16,03,2018";"Покровское-Стрешнево";"";"Столкновение";"";"0";"0";"г Москва ш Волоколамское 110";"0,0";"1,0";"2,0";"2,0";
"354,0";"16,03,2018";"Троицк";"";"Столкновение";"А-130 Москва - Малоярославец - Рославль - граница с Республикой Белоруссия (основное направление)";"38";"0";"г Троицк  ";"0,0";"2,0";"2,0";"3,0";
"355,0";"16,03,2018";"Братеево";"";"Столкновение";"";"0";"0";"г Москва ул Борисовские Пруды 14 К4";"0,0";"1,0";"2,0";"2,0";
"356,0";"16,03,2018";"Москворечье-Сабурово";"";"Столкновение";"";"0";"0";"г Москва ул Москворечье 14";"0,0";"1,0";"2,0";"2,0";
"357,0";"16,03,2018";"Люблино";"";"Столкновение";"";"0";"0";"г Москва ул Верхние Поля 18";"0,0";"1,0";"2,0";"2,0";
"358,0";"16,03,2018";"Косино-Ухтомский";"";"Столкновение";"";"0";"0";"п Ухтомский ш Косинское 3 км,";"0,0";"1,0";"2,0";"3,0";
"359,0";"16,03,2018";"Тверской";"";"Наезд на пешехода";"";"0";"0";"г Москва пер Колобовский 1-й 14";"0,0";"1,0";"1,0";"2,0";
"360,0";"15,03,2018";"Даниловский";"";"Столкновение";"";"0";"0";"г Москва ул Симоновский Вал 12";"0,0";"1,0";"2,0";"2,0";
"361,0";"15,03,2018";"Строгино";"";"Столкновение";"Московская кольцевая автомобильная дорога (МКАД) внутренняя сторона";"63";"150";"г Москва  ";"0,0";"1,0";"2,0";"2,0";
"362,0";"15,03,2018";"Вороновское поселение";"";"Столкновение";"А-130 Москва - Малоярославец - Рославль - граница с Республикой Белоруссия (основное направление)";"68";"50";"  ";"0,0";"3,0";"2,0";"4,0";
"363,0";"15,03,2018";"Басманный";"";"Наезд на пешехода";"";"0";"0";"г Москва ул Бакунинская 26-30,с,1";"0,0";"1,0";"1,0";"2,0";
"364,0";"15,03,2018";"Крюково";"";"Падение пассажира";"";"0";"0";"г Зеленоград пр-кт Панфиловский 1546";"0,0";"1,0";"1,0";"2,0";
"365,0";"15,03,2018";"Внуковское";"";"Наезд на препятствие";"";"0";"0";"  ";"0,0";"1,0";"1,0";"1,0";
"366,0";"15,03,2018";"Ново-Переделкино";"";"Столкновение";"";"0";"0";"г Москва ш Боровское 51";"0,0";"1,0";"2,0";"3,0";
"367,0";"15,03,2018";"Тимирязевский";"";"Столкновение";"";"0";"0";"г Москва проезд Красностуденческий 1";"0,0";"1,0";"3,0";"2,0";
"368,0";"15,03,2018";"Люблино";"";"Столкновение";"";"0";"0";"г Москва ул Верхние Поля 53К2";"0,0";"1,0";"2,0";"2,0";
"369,0";"15,03,2018";"Коптево";"";"Наезд на пешехода";"";"0";"0";"г Москва б-р Матроса Железняка 19";"0,0";"1,0";"1,0";"2,0";
"370,0";"15,03,2018";"Северное Бутово";"";"Наезд на пешехода";"";"0";"0";"п Бутово ул Грина 10";"0,0";"1,0";"1,0";"2,0";
"371,0";"15,03,2018";"Очаково-Матвеевское";"";"Столкновение";"";"0";"0";"п Матвеевское ул Староволынская 10 стр, 40";"0,0";"1,0";"3,0";"3,0";
"372,0";"15,03,2018";"Красносельский";"";"Наезд на пешехода";"";"0";"0";"г Москва ул Краснопрудная 22-24";"0,0";"1,0";"1,0";"2,0";
"373,0";"15,03,2018";"Нагатино-Садовники";"";"Наезд на пешехода";"";"0";"0";"г Москва ул Нагатинская 9 К1";"0,0";"1,0";"1,0";"2,0";
"374,0";"15,03,2018";"Капотня";"";"Наезд на пешехода";"";"0";"0";"г Москва кв-л Капотня 3-й 13";"0,0";"1,0";"1,0";"2,0";
"375,0";"15,03,2018";"Бутырский";"";"Наезд на пешехода";"";"0";"0";"г Москва ул Яблочкова 18";"0,0";"1,0";"1,0";"2,0";
"376,0";"15,03,2018";"Северный";"";"Наезд на препятствие";"";"0";"0";"г Москва ш Дмитровское 36А";"0,0";"1,0";"2,0";"1,0";
"377,0";"15,03,2018";"Коньково";"";"Столкновение";"";"0";"0";"г Москва пр-кт Севастопольский 58";"0,0";"1,0";"3,0";"3,0";
"378,0";"15,03,2018";"Восточное Дегунино";"";"Столкновение";"";"0";"0";"г Москва проезд Керамический 51";"0,0";"1,0";"2,0";"2,0";
"379,0";"15,03,2018";"Хамовники";"";"Наезд на пешехода";"";"0";"0";"г Москва пр-кт Комсомольский 47";"0,0";"1,0";"1,0";"2,0";
"380,0";"14,03,2018";"Очаково-Матвеевское";"";"Наезд на пешехода";"";"0";"0";"п Матвеевское ул Нежинская 1 к,1";"0,0";"1,0";"1,0";"2,0";
"381,0";"14,03,2018";"Марьино";"";"Наезд на пешехода";"";"0";"0";"г Москва ул Перерва 34";"0,0";"1,0";"1,0";"2,0";
"382,0";"14,03,2018";"Бибирево";"";"Столкновение";"";"0";"0";"г Москва ш Алтуфьевское 72";"0,0";"1,0";"2,0";"2,0";
"383,0";"14,03,2018";"Северное Медведково";"";"Наезд на пешехода";"";"0";"0";"г Москва ул Широкая 20";"0,0";"1,0";"1,0";"2,0";
"384,0";"14,03,2018";"Митино";"";"Столкновение";"Московская кольцевая автомобильная дорога (МКАД) внешняя сторона";"70";"0";"г Москва  ";"0,0";"1,0";"2,0";"2,0";
"385,0";"14,03,2018";"Алексеевский";"";"Наезд на пешехода";"";"0";"0";"г Москва ул Новоалексеевская 5 А";"0,0";"1,0";"1,0";"2,0";
"386,0";"14,03,2018";"Раменки";"";"Падение пассажира";"";"0";"0";"г Москва пр-кт Вернадского 6";"0,0";"1,0";"1,0";"2,0";
"387,0";"14,03,2018";"Ростокино";"";"Наезд на пешехода";"";"0";"0";"г Москва ул Сельскохозяйственная 17 корп,5";"0,0";"1,0";"1,0";"2,0";
"388,0";"14,03,2018";"Раменки";"";"Наезд на стоящее ТС";"";"0";"0";"г Москва пр-кт Мичуринский 16";"0,0";"1,0";"2,0";"2,0";
"389,0";"14,03,2018";"Арбат";"";"Наезд на пешехода";"";"0";"0";"г Москва пер Плотников 20 21";"0,0";"1,0";"1,0";"2,0";
"390,0";"14,03,2018";"Зюзино";"";"Столкновение";"";"0";"0";"г Москва пр-кт Нахимовский 15 к,1";"0,0";"1,0";"2,0";"2,0";
"391,0";"14,03,2018";"Текстильщики";"";"Столкновение";"";"0";"0";"г Москва ул Саратовская 18";"0,0";"1,0";"2,0";"3,0";
"392,0";"14,03,2018";"Крылатское";"";"Наезд на пешехода";"";"0";"0";"г Москва ул Осенняя 15";"0,0";"1,0";"1,0";"2,0";
"393,0";"14,03,2018";"Можайский";"";"Падение пассажира";"";"0";"0";"г Москва ш Можайское 39";"0,0";"1,0";"1,0";"2,0";
"394,0";"14,03,2018";"Кунцево";"";"Наезд на стоящее ТС";"Московская кольцевая автомобильная дорога (МКАД) внутренняя сторона";"58";"10";"г Москва  ";"0,0";"1,0";"3,0";"3,0";
"395,0";"14,03,2018";"Нагатинский затон";"";"Наезд на пешехода";"";"0";"0";"г Москва ул Коломенская 27";"0,0";"1,0";"1,0";"2,0";
"396,0";"13,03,2018";"Левобережный";"";"Наезд на стоящее ТС";"М-10 Россия Москва - Тверь - Великий Новгород - Санкт-Петербург (основное направление)";"17";"0";"г Москва ш Ленинградское 112";"0,0";"2,0";"2,0";"2,0";
"397,0";"13,03,2018";"Сокол";"";"Столкновение";"";"0";"0";"г Москва ул Панфилова 22";"0,0";"1,0";"2,0";"2,0";
"398,0";"13,03,2018";"Очаково-Матвеевское";"";"Столкновение";"";"0";"0";"п Матвеевское ш Аминьевское 17";"0,0";"2,0";"4,0";"6,0";
"399,0";"13,03,2018";"Орехово-Борисово Северное";"";"Столкновение";"";"0";"0";"г Москва ш Каширское 88 26 СТР2";"0,0";"1,0";"2,0";"3,0";
"400,0";"13,03,2018";"Строгино";"";"Столкновение";"";"0";"0";"г Москва проезд Неманский 13";"0,0";"1,0";"4,0";"4,0";
"401,0";"13,03,2018";"Бескудниковский";"";"Наезд на препятствие";"";"0";"0";"г Москва ш Дмитровское 91";"0,0";"1,0";"1,0";"1,0";
"402,0";"13,03,2018";"ГУ МВД 2 СП ДПС 2 бат,";"";"Столкновение";"А-106 Рублево-Успенское шоссе";"10";"0";"г Москва  ";"0,0";"1,0";"2,0";"2,0";
"403,0";"13,03,2018";"Якиманка";"";"Наезд на пешехода";"";"0";"0";"г Москва ул Коровий Вал 7";"0,0";"1,0";"1,0";"2,0";
"404,0";"13,03,2018";"Митино";"";"Наезд на пешехода";"";"0";"0";"г Москва ул Митинская 40";"0,0";"1,0";"1,0";"2,0";
"405,0";"13,03,2018";"Останкинский";"";"Наезд на пешехода";"";"0";"0";"г Москва ул Цандера 7, корп,2А";"0,0";"1,0";"1,0";"2,0";
"406,0";"13,03,2018";"Выхино-Жулебино";"";"Столкновение";"";"0";"0";"г Москва ул Авиаконструктора Миля 7";"0,0";"1,0";"2,0";"3,0";
"407,0";"13,03,2018";"Южное Тушино";"";"Столкновение";"";"0";"0";"г Москва ул Свободы 38";"0,0";"1,0";"2,0";"3,0";
"408,0";"13,03,2018";"Строгино";"";"Наезд на пешехода";"";"0";"0";"г Москва ул Таллинская 32";"0,0";"1,0";"1,0";"2,0";
"409,0";"13,03,2018";"Южное Тушино";"";"Наезд на пешехода";"";"0";"0";"г Москва ул Свободы 29";"0,0";"2,0";"1,0";"3,0";
"410,0";"13,03,2018";"Чертаново Северное";"";"Наезд на пешехода";"";"0";"0";"г Москва  ";"0,0";"1,0";"1,0";"2,0";
"411,0";"13,03,2018";"Метрогородок";"";"Наезд на пешехода";"";"0";"0";"г Москва ш Открытое 24к13";"0,0";"1,0";"1,0";"2,0";
"412,0";"13,03,2018";"Щукино";"";"Столкновение";"";"0";"0";"г Москва ул Народного Ополчения 48, к, 1";"0,0";"1,0";"2,0";"2,0";
"413,0";"13,03,2018";"Кунцево";"";"Наезд на пешехода";"";"0";"0";"г Москва ул Молодогвардейская 58";"0,0";"1,0";"1,0";"2,0";
"414,0";"12,03,2018";"Бутырский";"";"Наезд на пешехода";"";"0";"0";"г Москва ул Бутырская 4";"0,0";"1,0";"1,0";"2,0";
"415,0";"12,03,2018";"Старое Крюково";"";"Наезд на пешехода";"";"0";"0";"г Зеленоград проезд Старокрюковский 834а";"0,0";"1,0";"1,0";"2,0";
"416,0";"12,03,2018";"Богородское";"";"Наезд на пешехода";"";"0";"0";"г Москва ул Краснобогатырская 11";"0,0";"1,0";"1,0";"2,0";
"417,0";"12,03,2018";"Марьина роща";"";"Столкновение";"";"0";"0";"г Москва ул Шереметьевская 27";"0,0";"1,0";"2,0";"3,0";
"418,0";"12,03,2018";"Коптево";"";"Столкновение";"";"0";"0";"г Москва б-р Коптевский 14";"0,0";"1,0";"2,0";"2,0";
"419,0";"12,03,2018";"Северное Медведково";"";"Столкновение";"";"0";"0";"г Москва ул Широкая 21";"0,0";"1,0";"2,0";"2,0";
"420,0";"12,03,2018";"Дорогомилово";"";"Падение пассажира";"";"0";"0";"г Москва пр-кт Кутузовский 8";"0,0";"1,0";"1,0";"2,0";
"421,0";"12,03,2018";"Сокольники";"";"Столкновение";"";"0";"0";"г Москва просек Лучевой 6-й 2";"0,0";"1,0";"3,0";"3,0";
"422,0";"12,03,2018";"Перово";"";"Наезд на пешехода";"";"0";"0";"г Москва ул Перовская 9";"0,0";"1,0";"1,0";"2,0";
"423,0";"12,03,2018";"Гагаринский";"";"Столкновение";"";"0";"0";"г Москва пр-кт Ленинский 61 1";"0,0";"1,0";"2,0";"3,0";
"424,0";"12,03,2018";"Соколиная гора";"";"Столкновение";"";"0";"0";"г Москва ул Золотая 16";"0,0";"2,0";"2,0";"4,0";
"425,0";"12,03,2018";"Бабушкинский";"";"Столкновение";"";"0";"0";"г Москва ул Менжинского 21";"0,0";"1,0";"4,0";"5,0";
"426,0";"12,03,2018";"Зябликово";"";"Наезд на пешехода";"";"0";"0";"г Москва  ";"0,0";"1,0";"1,0";"2,0";
"427,0";"12,03,2018";"Московский";"";"Столкновение";"М-3 Украина Москва - Калуга - Брянск - граница с Украиной (основное направление)";"23";"0";"  ";"1,0";"0,0";"2,0";"2,0";
"428,0";"12,03,2018";"Щукино";"";"Наезд на пешехода";"";"0";"0";"г Москва ул Маршала Рыбалко 5";"0,0";"1,0";"1,0";"2,0";
"429,0";"12,03,2018";"Дорогомилово";"";"Столкновение";"";"0";"0";"г Москва пр-кт Кутузовский 35";"0,0";"1,0";"2,0";"3,0";
"430,0";"12,03,2018";"Вешняки";"";"Наезд на пешехода";"";"0";"0";"г Москва ул Кетчерская 3г";"0,0";"1,0";"1,0";"2,0";
"431,0";"12,03,2018";"Братеево";"";"Столкновение";"";"0";"0";"г Москва ш Бесединское 38";"0,0";"3,0";"2,0";"3,0";
"432,0";"12,03,2018";"Старое Крюково";"";"Наезд на пешехода";"";"0";"0";"г Зеленоград ул Калинина 917";"0,0";"1,0";"1,0";"2,0";
"433,0";"11,03,2018";"Раменки";"";"Падение пассажира";"";"0";"0";"г Москва пр-кт Мичуринский 26";"0,0";"1,0";"1,0";"2,0";
"434,0";"11,03,2018";"Перово";"";"Наезд на пешехода";"";"0";"0";"г Москва ул Владимирская 2-я 6к1";"0,0";"1,0";"1,0";"2,0";
"435,0";"11,03,2018";"Дорогомилово";"";"Столкновение";"";"0";"0";"г Москва ул Минская вл,2Г";"0,0";"2,0";"2,0";"4,0";
"436,0";"11,03,2018";"Москворечье-Сабурово";"";"Столкновение";"";"0";"0";"г Москва ш Каширское 80Б";"0,0";"1,0";"2,0";"2,0";
"437,0";"11,03,2018";"Бибирево";"";"Столкновение";"Московская кольцевая автомобильная дорога (МКАД) внешняя сторона";"86";"100";"г Москва  ";"0,0";"1,0";"3,0";"3,0";
"438,0";"11,03,2018";"Вешняки";"";"Столкновение";"";"0";"0";"г Москва ул Кетчерская 1";"0,0";"1,0";"3,0";"4,0";
"439,0";"11,03,2018";"Останкинский";"";"Столкновение";"";"0";"0";"г Москва пр-кт Мира 109";"0,0";"1,0";"2,0";"2,0";
"440,0";"11,03,2018";"Лианозово";"";"Наезд на пешехода";"";"0";"0";"г Москва ул Абрамцевская 16Б";"0,0";"1,0";"1,0";"2,0";
"441,0";"11,03,2018";"Московский";"";"Столкновение";"М-3 Украина Москва - Калуга - Брянск - граница с Украиной (основное направление)";"27";"200";"  ";"0,0";"1,0";"2,0";"3,0";
"442,0";"11,03,2018";"Ивановское";"";"Наезд на пешехода";"";"0";"0";"г Москва ул Саянская 13к2";"0,0";"1,0";"1,0";"2,0";
"443,0";"11,03,2018";"Донской";"";"Столкновение";"Третье транспортное кольцо (внешняя сторона)";"10";"300";"г Москва ул Тульская М, 45А К5";"0,0";"1,0";"2,0";"3,0";
"444,0";"11,03,2018";"Хамовники";"";"Столкновение";"";"0";"0";"г Москва наб Кремлевская 1";"0,0";"1,0";"2,0";"3,0";
"445,0";"11,03,2018";"Внуково";"";"Столкновение";"";"0";"0";"п Внуково ул Рейсовая 2-я 2г";"0,0";"1,0";"2,0";"3,0";
"446,0";"11,03,2018";"Соколиная гора";"";"Наезд на стоящее ТС";"";"0";"0";"г Москва ш Энтузиастов 38";"0,0";"1,0";"3,0";"4,0";
"447,0";"11,03,2018";"Коньково";"";"Столкновение";"";"0";"0";"г Москва пр-кт Севастопольский 56 40 стр,1";"0,0";"1,0";"2,0";"2,0";
"448,0";"11,03,2018";"Мещанский";"";"Наезд на пешехода";"";"0";"0";"г Москва ул Советской Армии 12 с,1,2";"1,0";"0,0";"1,0";"2,0";
"449,0";"11,03,2018";"Митино";"";"Наезд на препятствие";"Московская кольцевая автомобильная дорога (МКАД) внешняя сторона";"69";"0";"г Москва  ";"0,0";"1,0";"1,0";"1,0";
"450,0";"11,03,2018";"Северное Медведково";"";"Столкновение";"";"0";"0";"г Москва ул Широкая 31";"0,0";"2,0";"3,0";"3,0";
"451,0";"11,03,2018";"Коньково";"";"Столкновение";"";"0";"0";"г Москва ул Профсоюзная Санаторная аллея";"1,0";"4,0";"2,0";"5,0";
"452,0";"11,03,2018";"Гольяново";"";"Наезд на препятствие";"";"0";"0";"г Москва ул Амурская 62к1";"0,0";"2,0";"1,0";"2,0";
"453,0";"10,03,2018";"Бирюлево Восточное";"";"Столкновение";"";"0";"0";"г Москва ул Бирюлёвская 38";"0,0";"1,0";"2,0";"3,0";
"454,0";"10,03,2018";"Западное Дегунино";"";"Столкновение";"Московская кольцевая автомобильная дорога (МКАД) внешняя сторона";"76";"900";"г Москва  ";"0,0";"1,0";"2,0";"2,0";
"455,0";"10,03,2018";"Хорошевский";"";"Столкновение";"";"0";"0";"г Москва ул Гризодубовой 1А";"0,0";"1,0";"2,0";"3,0";
"456,0";"10,03,2018";"Можайский";"";"Наезд на пешехода";"";"0";"0";"г Москва ш Можайское 2";"1,0";"0,0";"1,0";"2,0";
"457,0";"10,03,2018";"Северный";"";"Столкновение";"";"0";"0";"г Москва линия Северная 9-я 23 к1";"0,0";"1,0";"2,0";"3,0";
"458,0";"10,03,2018";"Замоскворечье";"";"Столкновение";"";"0";"0";"г Москва ул Валовая 11 19";"0,0";"1,0";"3,0";"3,0";
"459,0";"10,03,2018";"Силино";"";"Столкновение";"";"0";"0";"г Зеленоград пр-кт Панфиловский 1004";"0,0";"2,0";"2,0";"3,0";
"460,0";"10,03,2018";"Богородское";"";"Наезд на пешехода";"";"0";"0";"г Москва ул Краснобогатырская 14";"0,0";"1,0";"1,0";"2,0";
"461,0";"10,03,2018";"Куркино";"";"Столкновение";"";"0";"0";"г Москва ш Новокуркинское 23 15";"0,0";"2,0";"2,0";"3,0";
"462,0";"10,03,2018";"Савеловский";"";"Наезд на пешехода";"";"0";"0";"г Москва ул Бутырская 46";"0,0";"1,0";"1,0";"2,0";
"463,0";"10,03,2018";"Нагорный";"";"Наезд на препятствие";"";"0";"0";"г Москва ш Варшавское 85 К1";"0,0";"1,0";"1,0";"1,0";
"464,0";"10,03,2018";"Рязанский";"";"Столкновение";"";"0";"0";"г Москва пр-кт Рязанский 16";"0,0";"3,0";"3,0";"6,0";
"465,0";"10,03,2018";"Тимирязевский";"";"Наезд на пешехода";"";"0";"0";"г Москва проезд Дмитровский 18";"0,0";"1,0";"1,0";"2,0";
"466,0";"10,03,2018";"Перово";"";"Наезд на пешехода";"";"0";"0";"г Москва ул Плеханова 9";"0,0";"1,0";"1,0";"2,0";
"467,0";"10,03,2018";"Савеловский";"";"Столкновение";"";"0";"0";"г Москва ул Башиловская 19";"0,0";"2,0";"2,0";"3,0";
"468,0";"10,03,2018";"Пресненский";"";"Наезд на пешехода";"";"0";"0";"г Москва проезд Красногвардейский 1-й 21 стр,1";"0,0";"1,0";"1,0";"2,0";
"469,0";"09,03,2018";"Кузьминки";"";"Столкновение";"";"0";"0";"г Москва пр-кт Волгоградский 128";"0,0";"2,0";"4,0";"4,0";
"470,0";"09,03,2018";"Новогиреево";"";"Наезд на пешехода";"";"0";"0";"г Москва ул Полимерная 5";"1,0";"0,0";"1,0";"2,0";
"471,0";"09,03,2018";"Западное Дегунино";"";"Столкновение";"";"0";"0";"г Москва ул Весенняя 4";"0,0";"1,0";"2,0";"3,0";
"472,0";"09,03,2018";"Чертаново Южное";"";"Столкновение";"Московская кольцевая автомобильная дорога (МКАД) внешняя сторона";"33";"0";"г Москва км МКАД 33-й 0";"0,0";"1,0";"2,0";"3,0";
"473,0";"09,03,2018";"ГУ МВД 2 СП ДПС 2 бат,";"";"Столкновение";"А-109 Ильинское шоссе";"8";"0";"г Москва  ";"0,0";"1,0";"2,0";"3,0";
"474,0";"09,03,2018";"Преображенское";"";"Наезд на пешехода";"";"0";"0";"г Москва ул Преображенский Вал 24к2";"0,0";"1,0";"1,0";"2,0";
"475,0";"09,03,2018";"Очаково-Матвеевское";"";"Наезд на препятствие";"Московская кольцевая автомобильная дорога (МКАД) внутренняя сторона";"52";"0";"п Матвеевское  ";"0,0";"1,0";"1,0";"2,0";
"476,0";"09,03,2018";"Левобережный";"";"Наезд на пешехода";"";"0";"0";"г Москва  ";"0,0";"1,0";"1,0";"2,0";
"477,0";"09,03,2018";"Северный";"";"Столкновение";"";"0";"0";"г Москва ш Дмитровское 169 к4";"0,0";"1,0";"2,0";"2,0";
"478,0";"09,03,2018";"Капотня";"";"Столкновение";"Московская кольцевая автомобильная дорога (МКАД) внутренняя сторона";"14";"0";"г Москва км МКАД 14-й 0";"0,0";"3,0";"2,0";"5,0";
"479,0";"09,03,2018";"Южнопортовый";"";"Столкновение";"";"0";"0";"г Москва ул Машиностроения 2-я 17";"0,0";"2,0";"2,0";"4,0";
"480,0";"09,03,2018";"Филимонковское";"";"Столкновение";"М-3 Украина Москва - Калуга - Брянск - граница с Украиной (основное направление)";"29";"450";"  ";"1,0";"0,0";"2,0";"2,0";
"481,0";"09,03,2018";"Можайский";"";"Столкновение";"Московская кольцевая автомобильная дорога (МКАД) внешняя сторона";"54";"300";"г Москва  ";"1,0";"0,0";"2,0";"2,0";
"482,0";"09,03,2018";"Тверской";"";"Столкновение";"";"0";"0";"г Москва ул Садовая-Каретная 10 18";"0,0";"4,0";"2,0";"5,0";
"483,0";"09,03,2018";"Очаково-Матвеевское";"";"Столкновение";"";"0";"0";"п Матвеевское ул Очаковская Б, 37";"0,0";"3,0";"2,0";"3,0";
"484,0";"09,03,2018";"Богородское";"";"Столкновение";"";"0";"0";"г Москва б-р Маршала Рокоссовского 20 18";"0,0";"1,0";"2,0";"3,0";
"485,0";"09,03,2018";"Ново-Переделкино";"";"Столкновение";"";"0";"0";"г Москва ул Лукинская 4";"0,0";"1,0";"4,0";"5,0";
"486,0";"09,03,2018";"Дорогомилово";"";"Наезд на стоящее ТС";"";"0";"0";"г Москва пр-кт Кутузовский 30";"0,0";"1,0";"3,0";"3,0";
"487,0";"09,03,2018";"Западное Дегунино";"";"Наезд на пешехода";"";"0";"0";"г Москва ш Коровинское 16";"0,0";"1,0";"1,0";"2,0";
"488,0";"09,03,2018";"Орехово-Борисово Южное";"";"Столкновение";"";"0";"0";"г Москва ш Каширское 106А";"0,0";"3,0";"2,0";"4,0";
"489,0";"09,03,2018";"Ярославский";"";"Наезд на препятствие";"";"0";"0";"г Москва ш Ярославское 3";"0,0";"1,0";"2,0";"2,0";
"490,0";"09,03,2018";"Ховрино";"";"Наезд на пешехода";"";"0";"0";"г Москва ул Фестивальная 32";"0,0";"1,0";"1,0";"2,0";
"491,0";"09,03,2018";"Пресненский";"";"Столкновение";"";"0";"0";"г Москва ш Звенигородское 27";"0,0";"1,0";"2,0";"2,0";
"492,0";"09,03,2018";"Перово";"";"Столкновение";"";"0";"0";"г Москва ул Новогиреевская 20 34";"0,0";"2,0";"2,0";"3,0";
"493,0";"09,03,2018";"Москворечье-Сабурово";"";"Столкновение";"";"0";"0";"г Москва ш Каширское 49";"0,0";"1,0";"2,0";"3,0";
"494,0";"09,03,2018";"Чертаново Северное";"";"Наезд на пешехода";"";"0";"0";"г Москва ул Кировоградская 8 К4";"1,0";"0,0";"1,0";"2,0";
"495,0";"09,03,2018";"Дорогомилово";"";"Столкновение";"";"0";"0";"г Москва наб Бережковская 30";"0,0";"2,0";"2,0";"2,0";
"496,0";"08,03,2018";"Гольяново";"";"Наезд на пешехода";"Московская кольцевая автомобильная дорога (МКАД) внутренняя сторона";"104";"900";"г Москва  ";"1,0";"0,0";"1,0";"2,0";
"497,0";"08,03,2018";"Южное Медведково";"";"Столкновение";"";"0";"0";"г Москва проезд Дежнёва 29, к, 1";"0,0";"2,0";"2,0";"3,0";
"498,0";"08,03,2018";"Вешняки";"";"Наезд на пешехода";"";"0";"0";"г Москва аллея Маёвки Первой 2А";"0,0";"1,0";"1,0";"2,0";
"499,0";"08,03,2018";"Северное Тушино";"";"Столкновение";"Московская кольцевая автомобильная дорога (МКАД) внешняя сторона";"74";"110";"г Москва  ";"0,0";"1,0";"2,0";"3,0";
"500,0";"08,03,2018";"Нагатинский затон";"";"Столкновение";"";"0";"0";"г Москва ул Новинки 9";"0,0";"2,0";"2,0";"4,0";
"501,0";"08,03,2018";"Савеловский";"";"Столкновение";"";"0";"0";"г Москва ул Бутырская 8";"0,0";"2,0";"2,0";"2,0";
"502,0";"08,03,2018";"Орехово-Борисово Северное";"";"Наезд на пешехода";"";"0";"0";"г Москва ш Каширское 61 К3А";"0,0";"1,0";"1,0";"2,0";
"503,0";"08,03,2018";"Даниловский";"";"Столкновение";"";"0";"0";"г Москва ул Трофимова 1";"1,0";"2,0";"2,0";"5,0";
"504,0";"08,03,2018";"Измайлово";"";"Наезд на пешехода";"";"0";"0";"г Москва ул Парковая 9-я 27";"0,0";"1,0";"1,0";"2,0";
"505,0";"08,03,2018";"Марьина роща";"";"Наезд на стоящее ТС";"";"0";"0";"г Москва ул Сущёвский Вал 14 22 корп 2";"0,0";"1,0";"2,0";"3,0";
"506,0";"08,03,2018";"Чертаново Северное";"";"Столкновение";"";"0";"0";"г Москва ул Чертановская 1";"0,0";"1,0";"2,0";"3,0";
"507,0";"08,03,2018";"Савеловский";"";"Наезд на пешехода";"";"0";"0";"г Москва  ";"0,0";"1,0";"1,0";"2,0";
"508,0";"08,03,2018";"Метрогородок";"";"Наезд на пешехода";"";"0";"0";"г Москва ш Открытое 22";"0,0";"1,0";"2,0";"3,0";
"509,0";"08,03,2018";"Митино";"";"Столкновение";"";"0";"0";"г Москва ш Пятницкое 2";"0,0";"1,0";"2,0";"2,0";
"510,0";"08,03,2018";"Лосиноостровский";"";"Наезд на пешехода";"";"0";"0";"г Москва ул Стартовая 18Б";"0,0";"1,0";"1,0";"2,0";
"511,0";"08,03,2018";"Строгино";"";"Наезд на стоящее ТС";"Московская кольцевая автомобильная дорога (МКАД) внешняя сторона";"64";"150";"г Москва  ";"0,0";"1,0";"4,0";"4,0";
"512,0";"08,03,2018";"Кузьминки";"";"Наезд на препятствие";"";"0";"0";"г Москва ул Кузьминская 7";"0,0";"1,0";"1,0";"1,0";
"513,0";"08,03,2018";"Кузьминки";"";"Падение пассажира";"";"0";"0";"г Москва ул Академика Скрябина 30 к,1";"0,0";"1,0";"1,0";"2,0";
"514,0";"08,03,2018";"Орехово-Борисово Южное";"";"Столкновение";"";"0";"0";"г Москва б-р Ореховый 13";"0,0";"1,0";"2,0";"2,0";
"515,0";"08,03,2018";"Лосиноостровский";"";"Столкновение";"";"0";"0";"г Москва ул Малыгина 4";"0,0";"1,0";"2,0";"2,0";
"516,0";"08,03,2018";"Чертаново Южное";"";"Столкновение";"";"0";"0";"г Москва ш Варшавское 140";"0,0";"1,0";"3,0";"4,0";
"517,0";"08,03,2018";"Вороновское поселение";"";"Наезд на препятствие";"";"0";"0";"п ЛМС  ";"0,0";"4,0";"1,0";"4,0";
"518,0";"08,03,2018";"Чертаново Южное";"";"Столкновение";"Московская кольцевая автомобильная дорога (МКАД) внутренняя сторона";"34";"0";"г Москва  ";"0,0";"1,0";"2,0";"3,0";
"519,0";"08,03,2018";"Тропарево-Никулино";"";"Наезд на пешехода";"";"0";"0";"г Москва ул Академика Анохина 26 к,5";"0,0";"1,0";"1,0";"2,0";
"520,0";"08,03,2018";"Северное Медведково";"";"Столкновение";"Московская кольцевая автомобильная дорога (МКАД) внешняя сторона";"89";"900";"г Москва  ";"0,0";"1,0";"3,0";"2,0";
"521,0";"08,03,2018";"Чертаново Южное";"";"Наезд на пешехода";"";"0";"0";"г Москва ш Варшавское 143 К4";"0,0";"1,0";"1,0";"2,0";
"522,0";"08,03,2018";"Отрадное";"";"Наезд на пешехода";"";"0";"0";"г Москва ш Алтуфьевское 16";"0,0";"1,0";"1,0";"2,0";
"523,0";"07,03,2018";"Войковский";"";"Столкновение";"";"0";"0";"г Москва ул Клары Цеткин 27";"0,0";"1,0";"3,0";"3,0";
"524,0";"07,03,2018";"Тимирязевский";"";"Столкновение";"";"0";"0";"г Москва ш Дмитровское 59 к, 1";"0,0";"1,0";"2,0";"2,0";
"525,0";"07,03,2018";"Строгино";"";"Столкновение";"Московская кольцевая автомобильная дорога (МКАД) внешняя сторона";"64";"0";"г Москва  ";"0,0";"1,0";"2,0";"3,0";
"526,0";"07,03,2018";"Дмитровский";"";"Наезд на пешехода";"";"0";"0";"г Москва ул Софьи Ковалевской 2 корпус 1";"0,0";"1,0";"1,0";"2,0";
"527,0";"07,03,2018";"Дмитровский";"";"Наезд на пешехода";"";"0";"0";"г Москва ул Ангарская 51";"0,0";"1,0";"1,0";"2,0";
"528,0";"07,03,2018";"Бирюлево Восточное";"";"Столкновение";"";"0";"0";"г Москва ул Лебедянская 36 20";"0,0";"1,0";"2,0";"3,0";
"529,0";"07,03,2018";"Строгино";"";"Наезд на пешехода";"";"0";"0";"г Москва  ";"0,0";"1,0";"1,0";"2,0";
"530,0";"07,03,2018";"Кунцево";"";"Столкновение";"";"0";"0";"г Москва  ";"0,0";"2,0";"2,0";"3,0";
"531,0";"07,03,2018";"Котловка";"";"Наезд на пешехода";"";"0";"0";"г Москва пр-кт Севастопольский 15";"0,0";"1,0";"1,0";"2,0";
"532,0";"07,03,2018";"Южное Медведково";"";"Столкновение";"";"0";"0";"г Москва ул Полярная 17";"0,0";"1,0";"2,0";"2,0";
"533,0";"07,03,2018";"Кунцево";"";"Наезд на пешехода";"";"0";"0";"г Москва ул Академика Павлова 21к1";"0,0";"1,0";"1,0";"2,0";
"534,0";"07,03,2018";"Выхино-Жулебино";"";"Столкновение";"";"0";"0";"г Москва пр-кт Рязанский 78 1";"0,0";"2,0";"2,0";"3,0";
"535,0";"07,03,2018";"Ярославский";"";"Наезд на препятствие";"";"0";"0";"г Москва ш Ярославское 5";"0,0";"1,0";"1,0";"1,0";
"536,0";"07,03,2018";"Текстильщики";"";"Наезд на пешехода";"";"0";"0";"г Москва ул Шкулёва 2А";"0,0";"1,0";"1,0";"2,0";
"537,0";"07,03,2018";"Северное Медведково";"";"Наезд на пешехода";"";"0";"0";"г Москва ул Широкая 21";"0,0";"1,0";"1,0";"2,0";
"538,0";"07,03,2018";"Арбат";"";"Столкновение";"";"0";"0";"г Москва ул Новый Арбат 36";"0,0";"1,0";"2,0";"3,0";
"539,0";"07,03,2018";"Орехово-Борисово Северное";"";"Столкновение";"";"0";"0";"г Москва ш Каширское 86 К3";"0,0";"1,0";"2,0";"2,0";
"540,0";"07,03,2018";"Нижегородский";"";"Наезд на пешехода";"";"0";"0";"г Москва ул Новохохловская 3";"0,0";"1,0";"1,0";"2,0";
"541,0";"07,03,2018";"Ивановское";"";"Наезд на пешехода";"";"0";"0";"г Москва ул Саянская 18";"0,0";"1,0";"1,0";"2,0";
"542,0";"07,03,2018";"Сокольники";"";"Наезд на пешехода";"";"0";"0";"г Москва ул Гастелло 30";"0,0";"1,0";"1,0";"2,0";
"543,0";"07,03,2018";"Арбат";"";"Наезд на пешехода";"";"0";"0";"г Москва пер Николощеповский 1-й 5";"0,0";"1,0";"1,0";"2,0";
"544,0";"07,03,2018";"Гагаринский";"";"Падение пассажира";"";"0";"0";"г Москва пр-кт Вернадского 9";"0,0";"1,0";"1,0";"2,0";
"545,0";"06,03,2018";"Вешняки";"";"Наезд на пешехода";"";"0";"0";"г Москва ул Вешняковская 26к2";"0,0";"1,0";"1,0";"2,0";
"546,0";"06,03,2018";"Можайский";"";"Столкновение";"";"0";"0";"г Москва ш Можайское 16";"0,0";"1,0";"2,0";"3,0";
"547,0";"06,03,2018";"Митино";"";"Столкновение";"";"0";"0";"г Москва ул Барышиха 12";"0,0";"1,0";"2,0";"2,0";
"548,0";"06,03,2018";"Савёлки";"";"Наезд на пешехода";"";"0";"0";"г Зеленоград аллея Озерная 4";"0,0";"1,0";"1,0";"2,0";
"549,0";"06,03,2018";"Коптево";"";"Наезд на пешехода";"";"0";"0";"г Москва ул Академическая Б, 3";"1,0";"0,0";"3,0";"3,0";
"550,0";"06,03,2018";"Люблино";"";"Наезд на пешехода";"";"0";"0";"г Москва ул Егорьевская вл 3";"0,0";"1,0";"4,0";"3,0";
"551,0";"06,03,2018";"Бабушкинский";"";"Столкновение";"";"0";"0";"г Москва ул Енисейская 36";"0,0";"1,0";"2,0";"2,0";
"552,0";"06,03,2018";"Черемушки";"";"Наезд на пешехода";"";"0";"0";"г Москва пр-кт Нахимовский 65";"0,0";"1,0";"1,0";"2,0";
"553,0";"06,03,2018";"Печатники";"";"Столкновение";"";"0";"0";"г Москва ул Шоссейная 11 по ул, 1 Курьянов";"0,0";"2,0";"4,0";"4,0";
"554,0";"06,03,2018";"Западное Дегунино";"";"Столкновение";"";"0";"0";"г Москва проезд Ижорский 5А стр, 1";"0,0";"1,0";"2,0";"2,0";
"555,0";"06,03,2018";"Соколиная гора";"";"Наезд на пешехода";"";"0";"0";"г Москва ул Бориса Жигулёнкова 15";"0,0";"1,0";"3,0";"2,0";
"556,0";"06,03,2018";"Внуково";"";"Столкновение";"";"0";"0";"п Внуково ул Рейсовая 3-я 2";"0,0";"1,0";"2,0";"2,0";
"557,0";"06,03,2018";"Тимирязевский";"";"Столкновение";"";"0";"0";"г Москва ш Дмитровское 5";"0,0";"1,0";"2,0";"2,0";
"558,0";"06,03,2018";"Хорошево-Мневники";"";"Столкновение";"";"0";"0";"г Москва ул Маршала Тухачевского 32";"0,0";"1,0";"2,0";"2,0";
"559,0";"06,03,2018";"Строгино";"";"Наезд на пешехода";"";"0";"0";"г Москва  ";"0,0";"1,0";"1,0";"2,0";
"560,0";"06,03,2018";"Ховрино";"";"Наезд на пешехода";"";"0";"0";"г Москва ул Фестивальная 32 корп, 1";"0,0";"1,0";"1,0";"2,0";
"561,0";"06,03,2018";"Кунцево";"";"Наезд на препятствие";"Московская кольцевая автомобильная дорога (МКАД) внешняя сторона";"58";"0";"г Москва  ";"0,0";"1,0";"1,0";"1,0";
"562,0";"06,03,2018";"Северное Тушино";"";"Наезд на пешехода";"";"0";"0";"г Москва ул Туристская 13, к, 2";"0,0";"1,0";"1,0";"2,0";
"563,0";"06,03,2018";"Киевский";"";"Столкновение";"М-3 Украина Москва - Калуга - Брянск - граница с Украиной (основное направление)";"64";"500";"  ";"0,0";"1,0";"2,0";"2,0";
"564,0";"06,03,2018";"Проспект Вернадского";"";"Наезд на пешехода";"";"0";"0";"г Москва пр-кт Вернадского 37";"0,0";"1,0";"1,0";"2,0";
"565,0";"05,03,2018";"Чертаново Центральное";"";"Столкновение";"";"0";"0";"г Москва ш Варшавское 127";"0,0";"1,0";"2,0";"3,0";
"566,0";"05,03,2018";"Хамовники";"";"Наезд на пешехода";"";"0";"0";"г Москва пр-кт Комсомольский 16";"0,0";"1,0";"1,0";"2,0";
"567,0";"05,03,2018";"Кунцево";"";"Наезд на пешехода";"";"0";"0";"г Москва ул Василия Ботылёва 33";"0,0";"1,0";"1,0";"2,0";
"568,0";"05,03,2018";"Черемушки";"";"Наезд на пешехода";"";"0";"0";"г Москва ул Профсоюзная 59";"0,0";"1,0";"1,0";"2,0";
"569,0";"05,03,2018";"Крюково";"";"Столкновение";"";"0";"0";"г Зеленоград  ";"0,0";"1,0";"2,0";"3,0";
"570,0";"05,03,2018";"Западное Дегунино";"";"Столкновение";"";"0";"0";"г Москва ул Талдомская 2";"0,0";"1,0";"4,0";"4,0";
"571,0";"05,03,2018";"Крюково";"";"Столкновение";"";"0";"0";"г Зеленоград пр-кт Георгиевский 2014";"0,0";"1,0";"2,0";"2,0";
"572,0";"05,03,2018";"Южное Бутово";"";"Наезд на пешехода";"";"0";"0";"г Москва ул Маршала Савицкого 18";"0,0";"1,0";"1,0";"2,0";
"573,0";"05,03,2018";"Вешняки";"";"Столкновение";"Московская кольцевая автомобильная дорога (МКАД) внутренняя сторона";"6";"0";"г Москва  ";"0,0";"2,0";"2,0";"3,0";
"574,0";"05,03,2018";"Ясенево";"";"Столкновение";"Московская кольцевая автомобильная дорога (МКАД) внешняя сторона";"38";"0";"г Москва км МКАД 38-й 0";"0,0";"1,0";"2,0";"2,0";
"575,0";"05,03,2018";"Можайский";"";"Наезд на стоящее ТС";"Московская кольцевая автомобильная дорога (МКАД) внешняя сторона";"54";"150";"г Москва  ";"0,0";"2,0";"4,0";"4,0";
"576,0";"05,03,2018";"Зюзино";"";"Наезд на пешехода";"";"0";"0";"г Москва пр-кт Балаклавский 16";"0,0";"1,0";"1,0";"2,0";
"577,0";"05,03,2018";"Митино";"";"Столкновение";"";"0";"0";"г Москва ш Пятницкое 19";"0,0";"1,0";"2,0";"3,0";
"578,0";"05,03,2018";"Нагатино-Садовники";"";"Падение пассажира";"";"0";"0";"г Москва пр-кт Андропова 36";"0,0";"1,0";"2,0";"3,0";
"579,0";"05,03,2018";"Покровское-Стрешнево";"";"Столкновение";"";"0";"0";"г Москва ш Волоколамское 80";"0,0";"1,0";"3,0";"4,0";
"580,0";"05,03,2018";"Хамовники";"";"Наезд на пешехода";"";"0";"0";"г Москва пр-кт Комсомольский 15";"0,0";"1,0";"1,0";"2,0";
"581,0";"05,03,2018";"Бескудниковский";"";"Столкновение";"";"0";"0";"г Москва ш Коровинское 6";"0,0";"1,0";"2,0";"3,0";
"582,0";"05,03,2018";"Отрадное";"";"Столкновение";"";"0";"0";"г Москва проезд Отрадный 5";"0,0";"1,0";"2,0";"3,0";
"583,0";"05,03,2018";"Братеево";"";"Столкновение";"Московская кольцевая автомобильная дорога (МКАД) внешняя сторона";"19";"300";"г Москва  ";"0,0";"1,0";"3,0";"4,0";
"584,0";"04,03,2018";"ГУ МВД 2 СП ДПС 2 бат,";"";"Столкновение";"А-106 Рублево-Успенское шоссе";"5";"0";"г Москва  ";"0,0";"2,0";"2,0";"3,0";
"585,0";"04,03,2018";"Марьино";"";"Наезд на пешехода";"";"0";"0";"г Москва б-р Мячковский 6";"0,0";"1,0";"1,0";"2,0";
"586,0";"04,03,2018";"Басманный";"";"Наезд на пешехода";"";"0";"0";"г Москва ул Покровка 45 стр,2";"0,0";"1,0";"1,0";"2,0";
"587,0";"04,03,2018";"Первомайское поселение";"";"Столкновение";"";"0";"0";"  ";"0,0";"1,0";"2,0";"2,0";
"588,0";"04,03,2018";"Гагаринский";"";"Наезд на пешехода";"";"0";"0";"г Москва пр-кт Ленинский 70 11";"0,0";"1,0";"1,0";"2,0";
"589,0";"04,03,2018";"Куркино";"";"Столкновение";"";"0";"0";"г Москва ш Новокуркинское 14";"0,0";"1,0";"2,0";"2,0";
"590,0";"04,03,2018";"Гагаринский";"";"Столкновение";"";"0";"0";"г Москва пр-кт Ленинский 51";"0,0";"1,0";"2,0";"3,0";
"591,0";"04,03,2018";"Гольяново";"";"Наезд на стоящее ТС";"Московская кольцевая автомобильная дорога (МКАД) внешняя сторона";"99";"100";"г Москва  ";"0,0";"1,0";"3,0";"2,0";
"592,0";"04,03,2018";"Бабушкинский";"";"Наезд на препятствие";"";"0";"0";"г Москва ул Лётчика Бабушкина 30";"0,0";"1,0";"1,0";"2,0";
"593,0";"04,03,2018";"Строгино";"";"Наезд на препятствие";"";"0";"0";"г Москва пр-кт Маршала Жукова 79";"0,0";"1,0";"2,0";"1,0";
"594,0";"04,03,2018";"Сокольники";"";"Столкновение";"";"0";"0";"г Москва проезд Ростокинский 2";"0,0";"1,0";"2,0";"2,0";
"595,0";"04,03,2018";"Гольяново";"";"Столкновение";"";"0";"0";"г Москва ш Щёлковское 93А";"0,0";"1,0";"3,0";"4,0";
"596,0";"04,03,2018";"Академический";"";"Наезд на пешехода";"";"0";"0";"г Москва ул Вавилова 43";"0,0";"1,0";"1,0";"2,0";
"597,0";"04,03,2018";"Раменки";"";"Наезд на препятствие";"";"0";"0";"г Москва проезд Сетуньский 1-й 2";"0,0";"1,0";"1,0";"1,0";
"598,0";"03,03,2018";"Алексеевский";"";"Наезд на пешехода";"";"0";"0";"г Москва ул Бориса Галушкина 11";"0,0";"1,0";"1,0";"2,0";
"599,0";"03,03,2018";"Троицк";"";"Столкновение";"А-130 Москва - Малоярославец - Рославль - граница с Республикой Белоруссия (основное направление)";"40";"0";"г Троицк  ";"0,0";"5,0";"4,0";"8,0";
"600,0";"03,03,2018";"Раменки";"";"Наезд на пешехода";"";"0";"0";"г Москва пр-кт Университетский 19";"0,0";"1,0";"1,0";"2,0";
"601,0";"03,03,2018";"Даниловский";"";"Столкновение";"";"0";"0";"г Москва пр-кт Андропова 10А";"0,0";"1,0";"2,0";"3,0";
"602,0";"03,03,2018";"Измайлово";"";"Наезд на пешехода";"";"0";"0";"г Москва ул Первомайская 58";"0,0";"1,0";"1,0";"2,0";
"603,0";"03,03,2018";"Южное Тушино";"";"Столкновение";"";"0";"0";"г Москва б-р Яна Райниса 17";"0,0";"1,0";"2,0";"2,0";
"604,0";"03,03,2018";"Тверской";"";"Наезд на пешехода";"";"0";"0";"г Москва  ";"1,0";"0,0";"1,0";"2,0";
"605,0";"03,03,2018";"Щукино";"";"Столкновение";"";"0";"0";"г Москва ул Берзарина 22";"0,0";"1,0";"3,0";"3,0";
"606,0";"03,03,2018";"Пресненский";"";"Столкновение";"";"0";"0";"г Москва проезд Шмитовский 19";"1,0";"0,0";"2,0";"3,0";
"607,0";"03,03,2018";"Южное Бутово";"";"Наезд на пешехода";"";"0";"0";"г Москва ул Остафьевская 8";"0,0";"1,0";"1,0";"2,0";
"608,0";"03,03,2018";"Южное Медведково";"";"Столкновение";"";"0";"0";"г Москва ул Заповедная 4";"0,0";"1,0";"2,0";"2,0";
"609,0";"03,03,2018";"Перово";"";"Наезд на пешехода";"";"0";"0";"г Москва ул Новогиреевская 20 34";"0,0";"1,0";"1,0";"2,0";
"610,0";"03,03,2018";"Хорошевский";"";"Столкновение";"";"0";"0";"г Москва б-р Ходынский 2";"0,0";"1,0";"2,0";"2,0";
"611,0";"03,03,2018";"Марьино";"";"Столкновение";"";"0";"0";"г Москва ул Люблинская 149";"0,0";"1,0";"2,0";"3,0";
"612,0";"03,03,2018";"Пресненский";"";"Наезд на пешехода";"";"0";"0";"г Москва проезд Шмитовский 33";"0,0";"1,0";"1,0";"2,0";
"613,0";"03,03,2018";"Митино";"";"Наезд на препятствие";"";"0";"0";"г Москва ш Волоколамское 130";"0,0";"2,0";"1,0";"3,0";
"614,0";"03,03,2018";"Митино";"";"Столкновение";"";"0";"0";"г Москва ш Пятницкое 13";"0,0";"1,0";"2,0";"3,0";
"615,0";"03,03,2018";"Зябликово";"";"Наезд на стоящее ТС";"";"0";"0";"г Москва проезд Задонский 32 К2";"0,0";"1,0";"3,0";"2,0";
"616,0";"03,03,2018";"Солнцево";"";"Столкновение";"";"0";"0";"г Москва ул 50 лет Октября 19";"0,0";"1,0";"2,0";"3,0";
"617,0";"03,03,2018";"Тверской";"";"Столкновение";"";"0";"0";"г Москва ул Моховая 16";"0,0";"1,0";"2,0";"2,0";
"618,0";"03,03,2018";"Ивановское";"";"Столкновение";"";"0";"0";"г Москва ул Сталеваров 26";"0,0";"1,0";"3,0";"3,0";
"619,0";"03,03,2018";"Северное Тушино";"";"Столкновение";"";"0";"0";"г Москва ул Героев Панфиловцев 8";"0,0";"1,0";"2,0";"3,0";
"620,0";"03,03,2018";"Ясенево";"";"Столкновение";"";"0";"0";"г Москва проезд Карамзина ул, Голубинская";"0,0";"1,0";"2,0";"2,0";
"621,0";"03,03,2018";"Ярославский";"";"Наезд на стоящее ТС";"Московская кольцевая автомобильная дорога (МКАД) внешняя сторона";"93";"700";"г Москва  ";"0,0";"5,0";"2,0";"5,0";
"622,0";"03,03,2018";"Гольяново";"";"Наезд на стоящее ТС";"";"0";"0";"г Москва ш Щёлковское 100";"0,0";"1,0";"2,0";"3,0";
"623,0";"03,03,2018";"Коньково";"";"Столкновение";"";"0";"0";"г Москва ул Профсоюзная 63";"0,0";"1,0";"2,0";"2,0";
"624,0";"03,03,2018";"Орехово-Борисово Южное";"";"Столкновение";"";"0";"0";"г Москва ул Ясеневая 33 К1";"0,0";"1,0";"2,0";"2,0";
"625,0";"03,03,2018";"Черемушки";"";"Наезд на пешехода";"";"0";"0";"г Москва ул Профсоюзная 45А";"0,0";"1,0";"1,0";"2,0";
"626,0";"03,03,2018";"Даниловский";"";"Столкновение";"";"0";"0";"г Москва ул Мытная 62";"0,0";"1,0";"2,0";"3,0";
"627,0";"03,03,2018";"Хамовники";"";"Столкновение";"";"0";"0";"г Москва пр-кт Комсомольский 40";"0,0";"1,0";"2,0";"2,0";
"628,0";"02,03,2018";"Московский";"";"Столкновение";"М-3 Украина Москва - Калуга - Брянск - граница с Украиной (основное направление)";"24";"0";"  ";"0,0";"1,0";"3,0";"4,0";
"629,0";"02,03,2018";"Щукино";"";"Столкновение";"";"0";"0";"г Москва ул Маршала Бирюзова 24";"0,0";"1,0";"2,0";"2,0";
"630,0";"02,03,2018";"Марушкинское";"";"Наезд на пешехода";"";"0";"0";"д Марушкино  ";"0,0";"1,0";"1,0";"2,0";
"631,0";"02,03,2018";"Нижегородский";"";"Наезд на препятствие";"";"0";"0";"г Москва ул Фрезерная 1-я 2 1-2";"0,0";"1,0";"1,0";"2,0";
"632,0";"02,03,2018";"Мещанский";"";"Наезд на пешехода";"";"0";"0";"г Москва ул Сущёвский Вал 75стр,5";"0,0";"1,0";"1,0";"2,0";
"633,0";"02,03,2018";"Ясенево";"";"Наезд на пешехода";"";"0";"0";"г Москва б-р Литовский 48";"0,0";"1,0";"1,0";"2,0";
"634,0";"02,03,2018";"Академический";"";"Наезд на пешехода";"";"0";"0";"г Москва ул Кржижановского д, 65 к,1 по ул, Вав";"0,0";"1,0";"1,0";"2,0";
"635,0";"02,03,2018";"Выхино-Жулебино";"";"Столкновение";"Московская кольцевая автомобильная дорога (МКАД) внутренняя сторона";"10";"0";"г Москва км МКАД 10-й 0";"0,0";"1,0";"2,0";"2,0";
"636,0";"02,03,2018";"Западное Дегунино";"";"Столкновение";"";"0";"0";"г Москва ш Дмитровское 85";"0,0";"1,0";"2,0";"3,0";
"637,0";"02,03,2018";"Свиблово";"";"Наезд на пешехода";"";"0";"0";"п Свиблово ул Амундсена 11 корп 3";"0,0";"1,0";"1,0";"2,0";
"638,0";"02,03,2018";"Левобережный";"";"Наезд на пешехода";"М-10 Россия Москва - Тверь - Великий Новгород - Санкт-Петербург (основное направление)";"16";"0";"г Москва ш Ленинградское 63";"0,0";"1,0";"1,0";"2,0";
"639,0";"02,03,2018";"Теплый Стан";"";"Столкновение";"";"0";"0";"г Москва ул Профсоюзная 142 к,1 стр,1";"0,0";"3,0";"3,0";"5,0";
"640,0";"02,03,2018";"Кузьминки";"";"Столкновение";"";"0";"0";"г Москва пр-кт Волгоградский 118 7, кор,1";"0,0";"1,0";"3,0";"3,0";
"641,0";"02,03,2018";"Кунцево";"";"Столкновение";"";"0";"0";"г Москва ул Молодогвардейская 41";"0,0";"2,0";"2,0";"3,0";
"642,0";"02,03,2018";"Теплый Стан";"";"Наезд на стоящее ТС";"Московская кольцевая автомобильная дорога (МКАД) внешняя сторона";"44";"600";"г Москва  ";"1,0";"0,0";"3,0";"2,0";
"643,0";"02,03,2018";"Савёлки";"";"Столкновение";"";"0";"0";"г Зеленоград пр-кт Центральный 445";"0,0";"1,0";"2,0";"2,0";
"644,0";"02,03,2018";"Нагорный";"";"Столкновение";"";"0";"0";"г Москва ш Варшавское 66";"0,0";"1,0";"2,0";"3,0";
"645,0";"02,03,2018";"Филевский парк";"";"Наезд на пешехода";"";"0";"0";"г Москва ул Барклая 8";"0,0";"1,0";"1,0";"2,0";
"646,0";"02,03,2018";"Митино";"";"Столкновение";"Московская кольцевая автомобильная дорога (МКАД) внешняя сторона";"69";"0";"г Москва  ";"0,0";"1,0";"3,0";"4,0";
"647,0";"02,03,2018";"Куркино";"";"Столкновение";"";"0";"0";"г Москва ул Воротынская 6";"0,0";"1,0";"2,0";"2,0";
"648,0";"02,03,2018";"Хамовники";"";"Столкновение";"";"0";"0";"г Москва ул Остоженка д, 53";"0,0";"1,0";"3,0";"4,0";
"649,0";"02,03,2018";"Марьина роща";"";"Наезд на пешехода";"";"0";"0";"г Москва ул Трифоновская 11";"0,0";"1,0";"1,0";"2,0";
"650,0";"02,03,2018";"Капотня";"";"Наезд на пешехода";"Московская кольцевая автомобильная дорога (МКАД) внешняя сторона";"15";"100";"г Москва км МКАД 16-й 0";"0,0";"1,0";"2,0";"2,0";
"651,0";"02,03,2018";"Сокольники";"";"Столкновение";"";"0";"0";"г Москва проезд Ростокинский 11";"0,0";"1,0";"2,0";"2,0";
"652,0";"02,03,2018";"Отрадное";"";"Наезд на пешехода";"";"0";"0";"г Москва ул Декабристов 43";"0,0";"1,0";"1,0";"2,0";
"653,0";"02,03,2018";"Свиблово";"";"Столкновение";"";"0";"0";"п Свиблово ул Кольская 2";"0,0";"1,0";"2,0";"2,0";
"654,0";"01,03,2018";"Братеево";"";"Наезд на пешехода";"";"0";"0";"г Москва ул Борисовские Пруды 22 К1";"0,0";"1,0";"1,0";"2,0";
"655,0";"01,03,2018";"Филевский парк";"";"Наезд на пешехода";"";"0";"0";"г Москва проезд Береговой 5к,1";"0,0";"1,0";"1,0";"2,0";
"656,0";"01,03,2018";"Ярославский";"";"Столкновение";"";"0";"0";"г Москва ш Ярославское 137";"0,0";"1,0";"3,0";"3,0";
"657,0";"01,03,2018";"Марьино";"";"Наезд на пешехода";"";"0";"0";"г Москва ул Перерва 26 кор 2";"0,0";"1,0";"1,0";"2,0";
"658,0";"01,03,2018";"Нагатино-Садовники";"";"Наезд на пешехода";"";"0";"0";"г Москва проезд Коломенский 7Б";"0,0";"1,0";"1,0";"2,0";
"659,0";"01,03,2018";"Косино-Ухтомский";"";"Наезд на пешехода";"";"0";"0";"п Ухтомский ул Руднёвка 15";"0,0";"1,0";"2,0";"3,0";
"660,0";"01,03,2018";"Москворечье-Сабурово";"";"Наезд на пешехода";"";"0";"0";"г Москва  ";"0,0";"1,0";"1,0";"2,0";
"661,0";"01,03,2018";"Крюково";"";"Наезд на пешехода";"";"0";"0";"г Зеленоград ул Логвиненко 1405";"0,0";"1,0";"1,0";"2,0";
"662,0";"01,03,2018";"Теплый Стан";"";"Столкновение";"";"0";"0";"г Москва пр-кт Ленинский 137";"0,0";"1,0";"3,0";"3,0";
"663,0";"01,03,2018";"Москворечье-Сабурово";"";"Наезд на пешехода";"";"0";"0";"г Москва ш Каширское 24 К4";"0,0";"1,0";"1,0";"2,0";
"664,0";"01,03,2018";"Академический";"";"Столкновение";"";"0";"0";"г Москва пр-кт 60-летия Октября Вавилова";"0,0";"1,0";"2,0";"3,0";
"665,0";"01,03,2018";"Нагорный";"";"Столкновение";"";"0";"0";"г Москва ш Варшавское 95 К1";"0,0";"1,0";"2,0";"2,0";
"666,0";"01,03,2018";"Южное Бутово";"";"Наезд на пешехода";"";"0";"0";"г Москва ул Брусилова 1";"0,0";"1,0";"1,0";"2,0";
"667,0";"01,03,2018";"Донской";"";"Столкновение";"";"0";"0";"г Москва пр-кт Ленинский 35";"0,0";"1,0";"2,0";"3,0";
"668,0";"01,03,2018";"Силино";"";"Наезд на стоящее ТС";"";"0";"0";"г Зеленоград пр-кт Панфиловский 1";"0,0";"1,0";"2,0";"2,0";
"669,0";"01,03,2018";"Гагаринский";"";"Столкновение";"";"0";"0";"г Москва пр-кт Вернадского 9";"0,0";"1,0";"2,0";"2,0";
"670,0";"01,03,2018";"Нагатино-Садовники";"";"Наезд на пешехода";"";"0";"0";"г Москва ш Варшавское 35";"0,0";"1,0";"1,0";"2,0";
"671,0";"01,03,2018";"Северное Тушино";"";"Наезд на пешехода";"";"0";"0";"г Москва  ";"0,0";"1,0";"1,0";"2,0";
"672,0";"01,03,2018";"Щербинка";"";"Наезд на пешехода";"";"0";"0";"г Щербинка ул 40 лет Октября 8";"0,0";"1,0";"1,0";"2,0";
"673,0";"01,03,2018";"Тропарево-Никулино";"";"Наезд на пешехода";"";"0";"0";"г Москва ул Академика Анохина 6";"0,0";"1,0";"1,0";"2,0";
"674,0";"01,03,2018";"Южнопортовый";"";"Наезд на пешехода";"";"0";"0";"г Москва ул Дубровская 1-я 3";"0,0";"1,0";"1,0";"2,0";
"675,0";"01,03,2018";"Хорошевский";"";"Столкновение";"";"0";"0";"г Москва пр-кт Ленинградский 39 стр, 1";"0,0";"1,0";"2,0";"2,0";