"1,0";"30,04,2019";"Северное Бутово";"";"Столкновение";"";"0";"0";"п Бутово ул Варшавское шоссе 166";"0,0";"1,0";"3,0";"3,0";
"3,0";"30,04,2019";"Сокольники";"";"Столкновение";"";"0";"0";"г Москва ул Стромынка 4";"0,0";"1,0";"2,0";"3,0";
"4,0";"30,04,2019";"Левобережный";"";"Наезд на пешехода";"";"0";"0";"г Москва ул Беломорская 36";"0,0";"1,0";"1,0";"2,0";
"5,0";"30,04,2019";"Люблино";"";"Столкновение";"";"0";"0";"г Москва ул Армавирская 3";"0,0";"3,0";"3,0";"4,0";
"6,0";"30,04,2019";"Печатники";"";"Столкновение";"";"0";"0";"г Москва ул Южнопортовая 19а";"0,0";"1,0";"2,0";"2,0";
"7,0";"30,04,2019";"Филимонковское";"";"Наезд на препятствие";"М-3 Украина Москва - Калуга - Брянск - граница с Украиной (основное направление)";"29";"300";"  ";"0,0";"2,0";"1,0";"2,0";
"8,0";"30,04,2019";"Клёновское";"";"Столкновение";"А-130 Москва - Малоярославец - Рославль - граница с Республикой Белоруссия (основное направление)";"14";"0";"д Лукошкино  ";"0,0";"2,0";"2,0";"4,0";
"9,0";"30,04,2019";"Ховрино";"";"Столкновение";"";"0";"0";"г Москва  ";"0,0";"1,0";"2,0";"3,0";
"10,0";"30,04,2019";"Люблино";"";"Наезд на пешехода";"";"0";"0";"г Москва ул Краснодонская 27";"0,0";"1,0";"1,0";"2,0";
"11,0";"30,04,2019";"Хорошевский";"";"Столкновение";"";"0";"0";"г Москва ул Куусинена 21б";"0,0";"1,0";"2,0";"2,0";
"12,0";"30,04,2019";"Марьино";"";"Столкновение";"";"0";"0";"г Москва ул Марьинский Парк 13";"0,0";"1,0";"2,0";"3,0";
"13,0";"30,04,2019";"Хамовники";"";"Наезд на пешехода";"";"0";"0";"г Москва проезд Новодевичий 4";"0,0";"1,0";"1,0";"2,0";
"14,0";"30,04,2019";"Внуково";"";"Столкновение";"";"0";"0";"п Внуково ул Рейсовая 2-я 2 Г";"0,0";"1,0";"3,0";"4,0";
"15,0";"30,04,2019";"Строгино";"";"Столкновение";"Московская кольцевая автомобильная дорога (МКАД) внешняя сторона";"65";"810";"г Москва  ";"0,0";"1,0";"3,0";"4,0";
"16,0";"30,04,2019";"Десёновское";"";"Наезд на препятствие";"А-130 Москва - Малоярославец - Рославль - граница с Республикой Белоруссия (основное направление)";"30";"0";"  ";"1,0";"0,0";"1,0";"1,0";
"17,0";"30,04,2019";"Раменки";"";"Наезд на пешехода";"";"0";"0";"г Москва  ";"0,0";"1,0";"1,0";"2,0";
"18,0";"30,04,2019";"Щукино";"";"Наезд на пешехода";"";"0";"0";"г Москва ул Маршала Соколовского 12";"0,0";"1,0";"1,0";"2,0";
"19,0";"30,04,2019";"Черемушки";"";"Наезд на пешехода";"";"0";"0";"г Москва пр-кт Нахимовский 67";"0,0";"1,0";"1,0";"2,0";
"20,0";"30,04,2019";"Кузьминки";"";"Столкновение";"";"0";"0";"г Москва пр-кт Волгоградский 137";"0,0";"1,0";"2,0";"3,0";
"21,0";"30,04,2019";"Можайский";"";"Наезд на пешехода";"";"0";"0";"г Москва ул Толбухина 8 кор,2";"0,0";"1,0";"1,0";"2,0";
"22,0";"30,04,2019";"Измайлово";"";"Наезд на велосипедиста";"";"0";"0";"г Москва ул Парковая 9-я 58";"0,0";"1,0";"2,0";"2,0";
"23,0";"29,04,2019";"ГУ МВД 2 СП ДПС 2 бат,";"";"Наезд на пешехода";"А-106 Рублево-Успенское шоссе";"8";"0";"г Москва  ";"0,0";"1,0";"1,0";"2,0";
"24,0";"29,04,2019";"Рязанский";"";"Наезд на пешехода";"";"0";"0";"г Москва пр-кт Рязанский 30 15";"0,0";"1,0";"1,0";"2,0";
"25,0";"29,04,2019";"Марьино";"";"Наезд на пешехода";"";"0";"0";"г Москва ул Люблинская 171";"0,0";"1,0";"1,0";"2,0";
"26,0";"29,04,2019";"Якиманка";"";"Наезд на пешехода";"";"0";"0";"г Москва ул Серафимовича 5 16";"0,0";"1,0";"1,0";"2,0";
"27,0";"29,04,2019";"Крюково";"";"Наезд на велосипедиста";"";"0";"0";"г Зеленоград  ";"0,0";"1,0";"2,0";"2,0";
"28,0";"29,04,2019";"Даниловский";"";"Наезд на стоящее ТС";"Третье транспортное кольцо (внутренняя сторона)";"7";"650";"г Москва ул Автозаводская 14";"0,0";"1,0";"3,0";"3,0";
"29,0";"29,04,2019";"Троицк";"";"Столкновение";"";"0";"0";"г Троицк пр-кт Октябрьский 3";"0,0";"1,0";"2,0";"2,0";
"30,0";"29,04,2019";"Якиманка";"";"Падение пассажира";"";"0";"0";"г Москва пр-кт Ленинский 2";"0,0";"1,0";"1,0";"2,0";
"31,0";"29,04,2019";"Люблино";"";"Наезд на велосипедиста";"";"0";"0";"г Москва ул Цимлянская 2а";"0,0";"1,0";"2,0";"2,0";
"32,0";"29,04,2019";"Люблино";"";"Наезд на пешехода";"";"0";"0";"г Москва ул Верхние Поля 23к3";"0,0";"1,0";"1,0";"2,0";
"33,0";"29,04,2019";"Ярославский";"";"Столкновение";"Московская кольцевая автомобильная дорога (МКАД) внешняя сторона";"94";"0";"г Москва  ";"0,0";"1,0";"2,0";"3,0";
"34,0";"29,04,2019";"Северное Тушино";"";"Опрокидывание";"";"0";"0";"г Москва ул Планерная 16 корп, 1";"0,0";"1,0";"1,0";"1,0";
"35,0";"29,04,2019";"Рязанский";"";"Наезд на велосипедиста";"";"0";"0";"г Москва ул Маёвок 9";"0,0";"1,0";"2,0";"2,0";
"36,0";"29,04,2019";"Кунцево";"";"Наезд на велосипедиста";"";"0";"0";"г Москва ул Кунцевская 8стр,1";"0,0";"1,0";"2,0";"2,0";
"37,0";"29,04,2019";"Басманный";"";"Наезд на пешехода";"";"0";"0";"г Москва ул Покровка 50 2 с1";"0,0";"1,0";"1,0";"2,0";
"38,0";"29,04,2019";"Фили-Давыдково";"";"Падение пассажира";"";"0";"0";"г Москва б-р Славянский 1";"0,0";"1,0";"1,0";"2,0";
"39,0";"29,04,2019";"Южное Бутово";"";"Наезд на пешехода";"";"0";"0";"г Москва ул Академика Семёнова 19";"0,0";"1,0";"1,0";"2,0";
"40,0";"29,04,2019";"Отрадное";"";"Столкновение";"";"0";"0";"г Москва проезд Юрловский 19";"0,0";"1,0";"2,0";"2,0";
"41,0";"29,04,2019";"Ломоносовский";"";"Наезд на велосипедиста";"";"0";"0";"г Москва  ";"0,0";"1,0";"2,0";"2,0";
"42,0";"29,04,2019";"Печатники";"";"Столкновение";"";"0";"0";"г Москва ул Шоссейная 1 СТР 11";"0,0";"1,0";"2,0";"2,0";
"43,0";"29,04,2019";"Выхино-Жулебино";"";"Столкновение";"";"0";"0";"г Москва ул Генерала Кузнецова 12";"0,0";"1,0";"2,0";"2,0";
"44,0";"28,04,2019";"Отрадное";"";"Наезд на пешехода";"";"0";"0";"г Москва проезд Сигнальный 41А";"1,0";"0,0";"1,0";"2,0";
"45,0";"28,04,2019";"Краснопахорское поселение";"";"Наезд на препятствие";"А-130 Москва - Малоярославец - Рославль - граница с Республикой Белоруссия (основное направление)";"49";"0";"  20";"0,0";"2,0";"1,0";"2,0";
"46,0";"28,04,2019";"Перово";"";"Столкновение";"";"0";"0";"г Москва ул Владимирская 2-я 10";"0,0";"1,0";"3,0";"2,0";
"47,0";"28,04,2019";"Южное Тушино";"";"Наезд на пешехода";"";"0";"0";"г Москва б-р Яна Райниса 31";"0,0";"1,0";"1,0";"2,0";
"48,0";"28,04,2019";"Западное Дегунино";"";"Наезд на пешехода";"";"0";"0";"г Москва ул Дегунинская 16";"0,0";"1,0";"1,0";"2,0";
"49,0";"28,04,2019";"Северное Тушино";"";"Наезд на стоящее ТС";"Московская кольцевая автомобильная дорога (МКАД) внутренняя сторона";"72";"150";"г Москва  ";"0,0";"2,0";"4,0";"6,0";
"50,0";"28,04,2019";"ГУ МВД 2 СП ДПС 2 бат,";"";"Столкновение";"А-106 Рублево-Успенское шоссе";"5";"0";"г Москва  ";"0,0";"3,0";"3,0";"5,0";
"51,0";"28,04,2019";"Южное Бутово";"";"Столкновение";"";"0";"0";"г Москва ул Скобелевская 32";"0,0";"2,0";"2,0";"3,0";
"52,0";"28,04,2019";"Капотня";"";"Столкновение";"Московская кольцевая автомобильная дорога (МКАД) внутренняя сторона";"16";"0";"г Москва  ";"0,0";"1,0";"3,0";"4,0";
"53,0";"28,04,2019";"Марьино";"";"Столкновение";"";"0";"0";"г Москва ул Марьинский Парк 21";"0,0";"1,0";"2,0";"3,0";
"54,0";"28,04,2019";"Ивановское";"";"Наезд на пешехода";"";"0";"0";"г Москва  ";"0,0";"1,0";"1,0";"2,0";
"55,0";"28,04,2019";"Рязанский";"";"Наезд на препятствие";"";"0";"0";"г Москва ул Окская 28";"0,0";"1,0";"1,0";"2,0";
"56,0";"28,04,2019";"Можайский";"";"Наезд на стоящее ТС";"";"0";"0";"г Москва ш Можайское 48";"0,0";"1,0";"2,0";"3,0";
"57,0";"28,04,2019";"Северное Измайлово";"";"Наезд на пешехода";"Московская кольцевая автомобильная дорога (МКАД) внешняя сторона";"105";"0";"г Москва  ";"0,0";"1,0";"1,0";"2,0";
"58,0";"28,04,2019";"Отрадное";"";"Столкновение";"";"0";"0";"г Москва ул Мусоргского 1";"0,0";"1,0";"2,0";"2,0";
"59,0";"28,04,2019";"Таганский";"";"Опрокидывание";"";"0";"0";"г Москва пл Таганская 1";"0,0";"1,0";"2,0";"2,0";
"60,0";"27,04,2019";"Черемушки";"";"Наезд на велосипедиста";"";"0";"0";"г Москва ул Херсонская 43";"0,0";"1,0";"2,0";"2,0";
"61,0";"27,04,2019";"Новогиреево";"";"Наезд на стоящее ТС";"";"0";"0";"г Москва ул Кусковская 47";"0,0";"1,0";"2,0";"2,0";
"62,0";"27,04,2019";"Якиманка";"";"Опрокидывание";"";"0";"0";"г Москва пл Калужская 1";"0,0";"1,0";"1,0";"1,0";
"63,0";"27,04,2019";"Филимонковское";"";"Столкновение";"М-3 Украина Москва - Калуга - Брянск - граница с Украиной (основное направление)";"31";"400";"  ";"0,0";"3,0";"2,0";"4,0";
"64,0";"27,04,2019";"Южное Бутово";"";"Наезд на препятствие";"";"0";"0";"г Москва ул Скобелевская влад,1 корп,7";"0,0";"1,0";"1,0";"2,0";
"65,0";"27,04,2019";"Кузьминки";"";"Столкновение";"";"0";"0";"г Москва пр-кт Волгоградский 145к2";"0,0";"1,0";"4,0";"4,0";
"66,0";"27,04,2019";"Бирюлево Западное";"";"Столкновение";"";"0";"0";"г Москва проезд Востряковский 20 А";"0,0";"1,0";"2,0";"2,0";
"67,0";"27,04,2019";"Щербинка";"";"Наезд на пешехода";"";"0";"0";"г Щербинка ул Симферопольская 6 10";"0,0";"1,0";"1,0";"2,0";
"68,0";"27,04,2019";"Москворечье-Сабурово";"";"Столкновение";"";"0";"0";"г Москва ул Кошкина 19 К1";"0,0";"2,0";"3,0";"3,0";
"69,0";"27,04,2019";"Сосенское";"";"Столкновение";"";"0";"0";" ул Летовская 17";"0,0";"1,0";"2,0";"2,0";
"70,0";"27,04,2019";"Гагаринский";"";"Наезд на пешехода";"";"0";"0";"г Москва пр-кт Ленинский 68";"0,0";"1,0";"1,0";"2,0";
"71,0";"27,04,2019";"Южное Бутово";"";"Наезд на пешехода";"";"0";"0";"г Москва  ";"0,0";"2,0";"2,0";"3,0";
"72,0";"27,04,2019";"Хорошево-Мневники";"";"Наезд на пешехода";"";"0";"0";"г Москва пр-кт Маршала Жукова 35";"0,0";"1,0";"1,0";"2,0";
"73,0";"27,04,2019";"Чертаново Северное";"";"Опрокидывание";"";"0";"0";"г Москва пр-кт Балаклавский 9";"0,0";"1,0";"1,0";"1,0";
"74,0";"27,04,2019";"Красносельский";"";"Столкновение";"";"0";"0";"г Москва ул Каланчевская 21 40";"0,0";"1,0";"2,0";"2,0";
"75,0";"27,04,2019";"Южное Тушино";"";"Наезд на пешехода";"";"0";"0";"г Москва  ";"0,0";"1,0";"1,0";"2,0";
"76,0";"27,04,2019";"Кузьминки";"";"Столкновение";"";"0";"0";"г Москва пр-кт Волгоградский 133";"0,0";"1,0";"4,0";"4,0";
"77,0";"27,04,2019";"Можайский";"";"Столкновение";"";"0";"0";"г Москва ул Кубинка 18к1";"0,0";"1,0";"2,0";"2,0";
"78,0";"27,04,2019";"Южное Бутово";"";"Падение пассажира";"";"0";"0";"г Москва ул Южнобутовская 84к1";"0,0";"1,0";"1,0";"2,0";
"79,0";"26,04,2019";"Северное Измайлово";"";"Наезд на велосипедиста";"";"0";"0";"г Москва  ";"0,0";"1,0";"2,0";"2,0";
"80,0";"26,04,2019";"Останкинский";"";"Наезд на пешехода";"";"0";"0";"г Москва пр-кт Мира 91";"0,0";"1,0";"1,0";"2,0";
"81,0";"26,04,2019";"Южное Тушино";"";"Наезд на пешехода";"";"0";"0";"г Москва б-р Химкинский 23";"0,0";"1,0";"1,0";"2,0";
"82,0";"26,04,2019";"Черемушки";"";"Падение пассажира";"";"0";"0";"г Москва пр-кт Нахимовский 33 2";"0,0";"1,0";"1,0";"2,0";
"83,0";"26,04,2019";"Лефортово";"";"Столкновение";"";"0";"0";"г Москва ш Энтузиастов 4 стр7";"0,0";"1,0";"2,0";"2,0";
"84,0";"26,04,2019";"Ясенево";"";"Столкновение";"";"0";"0";"г Москва пр-кт Севастопольский 66";"0,0";"1,0";"2,0";"2,0";
"85,0";"26,04,2019";"Метрогородок";"";"Столкновение";"";"0";"0";"г Москва ул Пермская 2";"1,0";"5,0";"8,0";"7,0";
"86,0";"26,04,2019";"Академический";"";"Наезд на пешехода";"";"0";"0";"г Москва ул Вавилова 7";"1,0";"0,0";"1,0";"2,0";
"87,0";"26,04,2019";"Таганский";"";"Наезд на пешехода";"";"0";"0";"г Москва проезд Устьинский 2 14, стр,1";"0,0";"1,0";"1,0";"2,0";
"88,0";"26,04,2019";"Хорошевский";"";"Наезд на пешехода";"";"0";"0";"г Москва туп Магистральный 1-й 5а";"0,0";"1,0";"1,0";"2,0";
"89,0";"26,04,2019";"Южнопортовый";"";"Наезд на пешехода";"";"0";"0";"г Москва  ";"0,0";"1,0";"1,0";"2,0";
"90,0";"26,04,2019";"Преображенское";"";"Столкновение";"";"0";"0";"г Москва ул Буженинова 16 стр, 1";"0,0";"1,0";"2,0";"2,0";
"91,0";"26,04,2019";"Некрасовка";"";"Наезд на пешехода";"";"0";"0";"п Некрасовка пр-кт Защитников Москвы 8";"0,0";"1,0";"1,0";"2,0";
"92,0";"26,04,2019";"Хорошево-Мневники";"";"Наезд на пешехода";"";"0";"0";"г Москва  ";"0,0";"1,0";"1,0";"2,0";
"93,0";"26,04,2019";"Крылатское";"";"Наезд на пешехода";"";"0";"0";"г Москва ул Крылатские Холмы 33к,3";"0,0";"1,0";"1,0";"2,0";
"94,0";"26,04,2019";"Даниловский";"";"Наезд на пешехода";"";"0";"0";"г Москва ул Тульская Б, 10";"0,0";"1,0";"1,0";"2,0";
"95,0";"26,04,2019";"Новогиреево";"";"Столкновение";"";"0";"0";"г Москва пр-кт Федеративный 32 к,2";"0,0";"1,0";"2,0";"2,0";
"96,0";"26,04,2019";"Чертаново Южное";"";"Столкновение";"";"0";"0";"г Москва ш Варшавское 147 К1";"0,0";"1,0";"2,0";"3,0";
"97,0";"26,04,2019";"Ярославский";"";"Наезд на пешехода";"";"0";"0";"г Москва ул Проходчиков 4";"0,0";"1,0";"1,0";"2,0";
"98,0";"25,04,2019";"Головинский";"";"Наезд на препятствие";"";"0";"0";"г Москва  ";"0,0";"1,0";"1,0";"1,0";
"99,0";"25,04,2019";"Кунцево";"";"Столкновение";"";"0";"0";"г Москва ш Рублевское 1";"0,0";"1,0";"3,0";"3,0";
"100,0";"25,04,2019";"Хорошево-Мневники";"";"Столкновение";"";"0";"0";"г Москва пр-кт Маршала Жукова 78";"0,0";"1,0";"2,0";"2,0";
"101,0";"25,04,2019";"Головинский";"";"Столкновение";"М-10 Россия Москва - Тверь - Великий Новгород - Санкт-Петербург (основное направление)";"15";"0";"г Москва ш Ленинградское 58";"0,0";"2,0";"3,0";"5,0";
"102,0";"25,04,2019";"Даниловский";"";"Наезд на пешехода";"";"0";"0";"г Москва  ";"0,0";"1,0";"1,0";"2,0";
"103,0";"25,04,2019";"Можайский";"";"Столкновение";"";"0";"0";"г Москва ш Сколковское 31";"0,0";"1,0";"2,0";"2,0";
"104,0";"25,04,2019";"Якиманка";"";"Столкновение";"";"0";"0";"г Москва ул Крымский Вал 8";"0,0";"1,0";"2,0";"3,0";
"105,0";"25,04,2019";"Нагатино-Садовники";"";"Столкновение";"";"0";"0";"г Москва ш Варшавское 37 СТР5";"0,0";"1,0";"2,0";"2,0";
"106,0";"25,04,2019";"Пресненский";"";"Наезд на пешехода";"";"0";"0";"г Москва ул Красная Пресня 23 к,Б стр 1";"0,0";"1,0";"1,0";"2,0";
"107,0";"25,04,2019";"Хорошево-Мневники";"";"Наезд на велосипедиста";"";"0";"0";"г Москва  ";"0,0";"1,0";"2,0";"2,0";
"108,0";"25,04,2019";"Алексеевский";"";"Столкновение";"";"0";"0";"г Москва ул Бориса Галушкина 21";"0,0";"1,0";"2,0";"2,0";
"109,0";"25,04,2019";"Зябликово";"";"Столкновение";"";"0";"0";"г Москва б-р Ореховый 59 К1";"0,0";"1,0";"2,0";"2,0";
"110,0";"25,04,2019";"Ховрино";"";"Наезд на стоящее ТС";"";"0";"0";"г Москва ул Клинская 19";"0,0";"1,0";"3,0";"3,0";
"111,0";"25,04,2019";"Савеловский";"";"Столкновение";"";"0";"0";"г Москва ул Масловка Н, 16";"0,0";"1,0";"2,0";"2,0";
"112,0";"25,04,2019";"Щукино";"";"Опрокидывание";"";"0";"0";"г Москва ул Маршала Бирюзова 36";"0,0";"1,0";"1,0";"1,0";
"113,0";"25,04,2019";"Братеево";"";"Наезд на пешехода";"";"0";"0";"г Москва  ";"0,0";"1,0";"1,0";"2,0";
"114,0";"25,04,2019";"Щербинка";"";"Наезд на пешехода";"";"0";"0";"г Щербинка ул 40 лет Октября 11 2";"0,0";"1,0";"1,0";"2,0";
"115,0";"25,04,2019";"Нагорный";"";"Столкновение";"";"0";"0";"г Москва проезд Симферопольский 7";"0,0";"1,0";"2,0";"2,0";
"116,0";"25,04,2019";"Академический";"";"Наезд на пешехода";"";"0";"0";"г Москва  ";"0,0";"1,0";"1,0";"2,0";
"117,0";"25,04,2019";"Соколиная гора";"";"Наезд на велосипедиста";"";"0";"0";"г Москва  ";"0,0";"1,0";"2,0";"2,0";
"118,0";"25,04,2019";"Печатники";"";"Столкновение";"";"0";"0";"г Москва пр-кт Волгоградский 40";"0,0";"1,0";"2,0";"2,0";
"119,0";"25,04,2019";"Вешняки";"";"Наезд на велосипедиста";"Московская кольцевая автомобильная дорога (МКАД) внутренняя сторона";"5";"0";"г Москва  ";"0,0";"1,0";"3,0";"3,0";
"120,0";"25,04,2019";"Рязанский";"";"Наезд на препятствие";"";"0";"0";"г Москва пр-кт Рязанский 63";"0,0";"1,0";"1,0";"1,0";
"121,0";"25,04,2019";"Люблино";"";"Столкновение";"Московская кольцевая автомобильная дорога (МКАД) внешняя сторона";"13";"500";"г Москва  ";"0,0";"1,0";"2,0";"3,0";
"122,0";"25,04,2019";"Тверской";"";"Наезд на пешехода";"";"0";"0";"г Москва ул Новослободская 12";"0,0";"1,0";"1,0";"2,0";
"123,0";"25,04,2019";"Тропарево-Никулино";"";"Наезд на стоящее ТС";"";"0";"0";"г Москва пр-кт Ленинский 168";"0,0";"2,0";"3,0";"3,0";
"124,0";"25,04,2019";"Даниловский";"";"Столкновение";"";"0";"0";"г Москва ул Тульская Б, 2";"0,0";"1,0";"4,0";"5,0";
"125,0";"25,04,2019";"Даниловский";"";"Столкновение";"Третье транспортное кольцо (внутренняя сторона)";"8";"10";"г Москва ул Автозаводская 18";"0,0";"1,0";"2,0";"2,0";
"126,0";"25,04,2019";"Хорошево-Мневники";"";"Наезд на препятствие";"";"0";"0";"г Москва ул Мнёвники 21";"0,0";"1,0";"1,0";"1,0";
"127,0";"24,04,2019";"Северный";"";"Столкновение";"";"0";"0";"г Москва ш Дмитровское 136";"0,0";"1,0";"2,0";"2,0";
"128,0";"24,04,2019";"Перово";"";"Столкновение";"";"0";"0";"г Москва ул Плеханова 15";"0,0";"1,0";"2,0";"3,0";
"129,0";"24,04,2019";"Южное Тушино";"";"Наезд на препятствие";"";"0";"0";"г Москва ул Фабрициуса 37";"0,0";"1,0";"1,0";"1,0";
"130,0";"24,04,2019";"Царицыно";"";"Наезд на пешехода";"";"0";"0";"г Москва  ";"0,0";"1,0";"1,0";"2,0";
"131,0";"24,04,2019";"Орехово-Борисово Южное";"";"Столкновение";"Московская кольцевая автомобильная дорога (МКАД) внешняя сторона";"21";"0";"г Москва  ";"0,0";"1,0";"2,0";"3,0";
"132,0";"24,04,2019";"Аэропорт";"";"Наезд на пешехода";"";"0";"0";"г Москва аллея Петровско-Разумовская 12А";"0,0";"1,0";"1,0";"2,0";
"133,0";"24,04,2019";"Сокольники";"";"Столкновение";"";"0";"0";"г Москва проезд Ростокинский 15";"0,0";"1,0";"3,0";"4,0";
"134,0";"24,04,2019";"Беговой";"";"Столкновение";"Третье транспортное кольцо (внутренняя сторона)";"39";"100";"г Москва ул Масловка Н, 9";"0,0";"1,0";"2,0";"2,0";
"135,0";"24,04,2019";"Кунцево";"";"Столкновение";"";"0";"0";"г Москва ул Ярцевская 1а";"0,0";"1,0";"2,0";"3,0";
"136,0";"24,04,2019";"Перово";"";"Столкновение";"";"0";"0";"г Москва ш Энтузиастов 64";"0,0";"1,0";"2,0";"3,0";
"137,0";"24,04,2019";"Котловка";"";"Столкновение";"";"0";"0";"г Москва пр-кт Севастопольский 11 Е";"0,0";"2,0";"3,0";"4,0";
"138,0";"24,04,2019";"Алексеевский";"";"Столкновение";"";"0";"0";"г Москва пр-кт Мира 94";"0,0";"1,0";"2,0";"2,0";
"139,0";"24,04,2019";"Москворечье-Сабурово";"";"Столкновение";"";"0";"0";"г Москва ш Каширское 57 К1";"0,0";"3,0";"2,0";"3,0";
"140,0";"24,04,2019";"Дорогомилово";"";"Наезд на стоящее ТС";"";"0";"0";"г Москва пр-кт Кутузовский 8 км";"0,0";"1,0";"2,0";"2,0";
"141,0";"24,04,2019";"Марьино";"";"Наезд на пешехода";"";"0";"0";"г Москва ул Люблинская 175";"0,0";"1,0";"1,0";"2,0";
"142,0";"24,04,2019";"Останкинский";"";"Наезд на велосипедиста";"";"0";"0";"г Москва пр-кт Мира 109";"0,0";"1,0";"2,0";"2,0";
"143,0";"24,04,2019";"Текстильщики";"";"Столкновение";"";"0";"0";"г Москва ул Люблинская 8а";"0,0";"1,0";"3,0";"3,0";
"144,0";"24,04,2019";"Марьино";"";"Наезд на пешехода";"";"0";"0";"г Москва  ";"0,0";"1,0";"1,0";"2,0";
"145,0";"24,04,2019";"Московский";"";"Опрокидывание";"М-3 Украина Москва - Калуга - Брянск - граница с Украиной (основное направление)";"23";"800";"  ";"0,0";"1,0";"1,0";"1,0";
"146,0";"24,04,2019";"Лосиноостровский";"";"Опрокидывание";"Московская кольцевая автомобильная дорога (МКАД) внешняя сторона";"92";"0";"г Москва  ";"0,0";"1,0";"1,0";"1,0";
"147,0";"24,04,2019";"ГУ МВД 2 СП ДПС 2 бат,";"";"Столкновение";"А-106 Рублево-Успенское шоссе";"6";"0";"г Москва  ";"0,0";"1,0";"5,0";"5,0";
"148,0";"24,04,2019";"Таганский";"";"Столкновение";"";"0";"0";"г Москва ул Талалихина 8";"0,0";"1,0";"2,0";"3,0";
"149,0";"24,04,2019";"Кунцево";"";"Наезд на пешехода";"";"0";"0";"г Москва ул Академика Павлова 23";"0,0";"1,0";"1,0";"2,0";
"150,0";"24,04,2019";"Южнопортовый";"";"Столкновение";"";"0";"0";"г Москва пр-кт Волгоградский 32к11с1";"0,0";"1,0";"2,0";"2,0";
"151,0";"24,04,2019";"Северное Тушино";"";"Наезд на пешехода";"";"0";"0";"г Москва ул Туристская 29";"0,0";"1,0";"1,0";"2,0";
"152,0";"24,04,2019";"Щербинка";"";"Наезд на пешехода";"";"0";"0";"г Щербинка  ";"0,0";"1,0";"1,0";"2,0";
"153,0";"24,04,2019";"Бабушкинский";"";"Столкновение";"";"0";"0";"г Москва ул Енисейская 41";"0,0";"1,0";"3,0";"3,0";
"154,0";"24,04,2019";"Обручевский";"";"Столкновение";"";"0";"0";"г Москва ул Воронцовские Пруды 7";"0,0";"2,0";"3,0";"3,0";
"155,0";"24,04,2019";"Марьино";"";"Наезд на пешехода";"";"0";"0";"г Москва  ";"0,0";"1,0";"1,0";"2,0";
"156,0";"23,04,2019";"Нижегородский";"";"Столкновение";"";"0";"0";"г Москва ул Нижегородская 50";"0,0";"1,0";"2,0";"2,0";
"157,0";"23,04,2019";"Строгино";"";"Столкновение";"Московская кольцевая автомобильная дорога (МКАД) внешняя сторона";"63";"200";"г Москва  ";"0,0";"1,0";"2,0";"2,0";
"158,0";"23,04,2019";"Мещанский";"";"Столкновение";"";"0";"0";"г Москва ул Сретенка 17 стр, 1";"0,0";"2,0";"2,0";"3,0";
"159,0";"23,04,2019";"Ломоносовский";"";"Столкновение";"";"0";"0";"г Москва пр-кт Нахимовский 75А";"0,0";"1,0";"3,0";"3,0";
"160,0";"23,04,2019";"Коптево";"";"Столкновение";"";"0";"0";"г Москва ул Приорова 16 корп,1";"0,0";"1,0";"4,0";"3,0";
"161,0";"23,04,2019";"Северный";"";"Наезд на пешехода";"";"0";"0";"г Москва  ";"0,0";"1,0";"1,0";"2,0";
"162,0";"23,04,2019";"Черемушки";"";"Наезд на пешехода";"";"0";"0";"г Москва ул Гарибальди 21к5";"0,0";"1,0";"1,0";"2,0";
"163,0";"23,04,2019";"Мещанский";"";"Падение пассажира";"";"0";"0";"г Москва ул Дурова 22";"0,0";"1,0";"1,0";"2,0";
"164,0";"23,04,2019";"Алексеевский";"";"Столкновение";"";"0";"0";"г Москва пр-кт Мира 184";"0,0";"1,0";"2,0";"2,0";
"165,0";"23,04,2019";"Внуково";"";"Наезд на пешехода";"";"0";"0";"п Внуково  ";"0,0";"1,0";"1,0";"2,0";
"166,0";"23,04,2019";"Тверской";"";"Столкновение";"";"0";"0";"г Москва ул Тверская 3";"0,0";"1,0";"2,0";"2,0";
"167,0";"23,04,2019";"Чертаново Центральное";"";"Наезд на пешехода";"";"0";"0";"г Москва  ";"0,0";"1,0";"1,0";"2,0";
"168,0";"23,04,2019";"Нагатинский затон";"";"Наезд на пешехода";"";"0";"0";"г Москва  ";"0,0";"1,0";"1,0";"2,0";
"169,0";"23,04,2019";"Митино";"";"Столкновение";"";"0";"0";"г Москва ул Барышиха 22";"0,0";"1,0";"2,0";"2,0";
"170,0";"23,04,2019";"Дорогомилово";"";"Падение пассажира";"";"0";"0";"г Москва пр-кт Кутузовский 23";"0,0";"1,0";"1,0";"2,0";
"171,0";"23,04,2019";"Ростокино";"";"Наезд на пешехода";"";"0";"0";"г Москва ул Леонова 1-я 16 ст,9";"0,0";"1,0";"1,0";"2,0";
"172,0";"22,04,2019";"Головинский";"";"Столкновение";"";"0";"0";"г Москва наб Лихоборская 5а";"0,0";"1,0";"2,0";"2,0";
"173,0";"22,04,2019";"Некрасовка";"";"Наезд на пешехода";"";"0";"0";"п Некрасовка ул Вольская 2-я 24";"0,0";"2,0";"1,0";"3,0";
"174,0";"22,04,2019";"Новогиреево";"";"Наезд на пешехода";"";"0";"0";"г Москва ул Новогиреевская 46";"0,0";"1,0";"1,0";"2,0";
"175,0";"22,04,2019";"Тропарево-Никулино";"";"Столкновение";"Московская кольцевая автомобильная дорога (МКАД) внешняя сторона";"45";"150";"г Москва  ";"0,0";"1,0";"3,0";"4,0";
"176,0";"22,04,2019";"Марьино";"";"Наезд на пешехода";"";"0";"0";"г Москва  ";"0,0";"1,0";"1,0";"2,0";
"177,0";"22,04,2019";"Роговское поселение";"";"Опрокидывание";"А-130 Москва - Малоярославец - Рославль - граница с Республикой Белоруссия (основное направление)";"77";"150";"д Бунчиха  ";"0,0";"2,0";"1,0";"2,0";
"178,0";"22,04,2019";"Якиманка";"";"Опрокидывание";"";"0";"0";"г Москва пр-кт Ленинский 9";"0,0";"1,0";"1,0";"1,0";
"179,0";"22,04,2019";"Печатники";"";"Наезд на пешехода";"";"0";"0";"г Москва ул Южнопортовая 7, стр, 3";"0,0";"1,0";"1,0";"2,0";
"180,0";"22,04,2019";"Гольяново";"";"Столкновение";"Московская кольцевая автомобильная дорога (МКАД) внутренняя сторона";"100";"0";"г Москва  ";"0,0";"1,0";"2,0";"2,0";
"181,0";"22,04,2019";"Орехово-Борисово Южное";"";"Столкновение";"";"0";"0";"г Москва ш Каширское 106";"0,0";"1,0";"2,0";"2,0";
"182,0";"22,04,2019";"Вешняки";"";"Столкновение";"";"0";"0";"г Москва ул Вешняковская 14 к,2";"0,0";"1,0";"2,0";"2,0";
"183,0";"22,04,2019";"Ново-Переделкино";"";"Наезд на пешехода";"";"0";"0";"г Москва  ";"0,0";"2,0";"1,0";"2,0";
"184,0";"22,04,2019";"Выхино-Жулебино";"";"Столкновение";"";"0";"0";"г Москва ул Генерала Кузнецова 26к1";"0,0";"1,0";"2,0";"3,0";
"185,0";"22,04,2019";"Теплый Стан";"";"Наезд на стоящее ТС";"Московская кольцевая автомобильная дорога (МКАД) внутренняя сторона";"42";"150";"г Москва  ";"0,0";"1,0";"2,0";"2,0";
"186,0";"22,04,2019";"Проспект Вернадского";"";"Столкновение";"";"0";"0";"г Москва ул Лобачевского 82";"0,0";"1,0";"2,0";"2,0";
"187,0";"22,04,2019";"Отрадное";"";"Столкновение";"";"0";"0";"г Москва б-р Северный 2";"0,0";"1,0";"2,0";"3,0";
"188,0";"22,04,2019";"Вешняки";"";"Наезд на препятствие";"Московская кольцевая автомобильная дорога (МКАД) внутренняя сторона";"4";"0";"г Москва  ";"0,0";"1,0";"1,0";"1,0";
"189,0";"22,04,2019";"Московский";"";"Наезд на пешехода";"";"0";"0";"  ";"0,0";"1,0";"1,0";"2,0";
"190,0";"22,04,2019";"Марьина роща";"";"Столкновение";"Третье транспортное кольцо (внутренняя сторона)";"1";"0";"г Москва ул Октябрьская 59";"0,0";"2,0";"2,0";"3,0";
"191,0";"22,04,2019";"Хамовники";"";"Столкновение";"";"0";"0";"г Москва пр-кт Комсомольский 48";"0,0";"1,0";"3,0";"4,0";
"192,0";"22,04,2019";"Московский";"";"Наезд на стоящее ТС";"М-3 Украина Москва - Калуга - Брянск - граница с Украиной (основное направление)";"23";"800";"  ";"0,0";"1,0";"2,0";"3,0";
"193,0";"21,04,2019";"Киевский";"";"Наезд на пешехода";"М-3 Украина Москва - Калуга - Брянск - граница с Украиной (основное направление)";"64";"700";"  ";"0,0";"1,0";"1,0";"2,0";
"194,0";"21,04,2019";"Академический";"";"Наезд на пешехода";"";"0";"0";"г Москва пр-кт Нахимовский 50";"0,0";"1,0";"1,0";"2,0";
"195,0";"21,04,2019";"Зюзино";"";"Столкновение";"";"0";"0";"г Москва ул Болотниковская 31";"0,0";"1,0";"2,0";"2,0";
"196,0";"21,04,2019";"Печатники";"";"Столкновение";"Третье транспортное кольцо (внутренняя сторона)";"7";"0";"г Москва  ";"0,0";"1,0";"3,0";"4,0";
"197,0";"21,04,2019";"Нагатино-Садовники";"";"Столкновение";"";"0";"0";"г Москва ш Каширское 23";"0,0";"1,0";"2,0";"2,0";
"198,0";"21,04,2019";"ГУ МВД 2 СП ДПС 2 бат,";"";"Столкновение";"М-9 Балтия Москва - Волоколамск - граница с Латвийской Республикой";"18";"500";"г Москва  ";"0,0";"2,0";"2,0";"2,0";
"199,0";"21,04,2019";"Северное Бутово";"";"Наезд на пешехода";"";"0";"0";"п Бутово б-р Дмитрия Донского Грина";"0,0";"1,0";"1,0";"2,0";
"200,0";"21,04,2019";"Южное Тушино";"";"Падение пассажира";"";"0";"0";"г Москва ул Свободы 57";"0,0";"1,0";"1,0";"2,0";
"201,0";"21,04,2019";"Сокольники";"";"Наезд на препятствие";"Третье транспортное кольцо (внешняя сторона)";"29";"0";"г Москва  ";"0,0";"1,0";"1,0";"2,0";
"202,0";"21,04,2019";"Донской";"";"Наезд на пешехода";"";"0";"0";"г Москва ул Вавилова 3";"0,0";"1,0";"1,0";"2,0";
"203,0";"21,04,2019";"Московский";"";"Наезд на пешехода";"";"0";"0";"г Московский  ";"0,0";"1,0";"1,0";"2,0";
"204,0";"21,04,2019";"Люблино";"";"Столкновение";"Московская кольцевая автомобильная дорога (МКАД) внешняя сторона";"12";"0";"г Москва км МКАД 12-й 0";"0,0";"1,0";"3,0";"4,0";
"205,0";"21,04,2019";"Строгино";"";"Столкновение";"";"0";"0";"г Москва ул Твардовского 8, стр, 4";"0,0";"1,0";"2,0";"2,0";
"206,0";"21,04,2019";"Хорошевский";"";"Столкновение";"";"0";"0";"г Москва  ";"0,0";"1,0";"2,0";"2,0";
"207,0";"21,04,2019";"Левобережный";"";"Столкновение";"М-10 Россия Москва - Тверь - Великий Новгород - Санкт-Петербург (основное направление)";"16";"0";"г Москва ш Ленинградское 112";"0,0";"1,0";"2,0";"3,0";
"208,0";"21,04,2019";"Пресненский";"";"Столкновение";"";"0";"0";"г Москва ул Грузинская Б, 30";"0,0";"1,0";"2,0";"2,0";
"209,0";"21,04,2019";"Дорогомилово";"";"Столкновение";"";"0";"0";"г Москва пл Победы 2";"0,0";"1,0";"2,0";"3,0";
"210,0";"21,04,2019";"Лефортово";"";"Наезд на стоящее ТС";"";"0";"0";"г Москва  ";"0,0";"1,0";"4,0";"4,0";
"211,0";"21,04,2019";"Дорогомилово";"";"Столкновение";"Третье транспортное кольцо (внешняя сторона)";"13";"0";"г Москва пр-кт Кутузовский 32";"0,0";"1,0";"2,0";"2,0";
"212,0";"21,04,2019";"Ярославский";"";"Столкновение";"";"0";"0";"г Москва ш Ярославское 143";"0,0";"1,0";"4,0";"5,0";
"213,0";"20,04,2019";"Тропарево-Никулино";"";"Столкновение";"";"0";"0";"г Москва ул Никулинская 25";"0,0";"1,0";"2,0";"3,0";
"214,0";"20,04,2019";"Выхино-Жулебино";"";"Столкновение";"";"0";"0";"г Москва пр-кт Волгоградский 187 16к2";"0,0";"2,0";"3,0";"3,0";
"215,0";"20,04,2019";"Южное Бутово";"";"Столкновение";"";"0";"0";"г Москва ул Скобелевская 2";"0,0";"1,0";"2,0";"2,0";
"216,0";"20,04,2019";"Московский";"";"Столкновение";"М-3 Украина Москва - Калуга - Брянск - граница с Украиной (основное направление)";"21";"850";"  ";"0,0";"1,0";"3,0";"2,0";
"217,0";"20,04,2019";"Северное Тушино";"";"Наезд на велосипедиста";"";"0";"0";"г Москва ул Туристская 23";"0,0";"1,0";"2,0";"2,0";
"218,0";"20,04,2019";"Фили-Давыдково";"";"Наезд на пешехода";"";"0";"0";"г Москва ул Кременчугская 8";"0,0";"1,0";"1,0";"2,0";
"219,0";"20,04,2019";"Бутырский";"";"Падение пассажира";"";"0";"0";"г Москва  ";"0,0";"1,0";"1,0";"2,0";
"220,0";"20,04,2019";"Фили-Давыдково";"";"Наезд на велосипедиста";"";"0";"0";"г Москва пр-кт Кутузовский 71";"0,0";"1,0";"2,0";"2,0";
"221,0";"20,04,2019";"Южное Бутово";"";"Падение пассажира";"";"0";"0";"г Москва ул Южнобутовская 72";"0,0";"1,0";"1,0";"2,0";
"222,0";"20,04,2019";"Тропарево-Никулино";"";"Столкновение";"";"0";"0";"г Москва пр-кт Ленинский 146";"0,0";"1,0";"3,0";"3,0";
"223,0";"20,04,2019";"Теплый Стан";"";"Наезд на препятствие";"";"0";"0";"г Москва ул Профсоюзная 156";"0,0";"2,0";"1,0";"2,0";
"224,0";"20,04,2019";"Левобережный";"";"Наезд на пешехода";"";"0";"0";"г Москва ул Фестивальная 27";"0,0";"1,0";"1,0";"2,0";
"225,0";"20,04,2019";"Нижегородский";"";"Наезд на пешехода";"";"0";"0";"г Москва ул Новохохловская 5";"0,0";"1,0";"1,0";"2,0";
"226,0";"20,04,2019";"Кузьминки";"";"Наезд на пешехода";"";"0";"0";"г Москва  ";"0,0";"1,0";"1,0";"2,0";
"227,0";"20,04,2019";"Донской";"";"Столкновение";"";"0";"0";"г Москва ул Тульская Б, 44";"0,0";"1,0";"2,0";"3,0";
"228,0";"20,04,2019";"Пресненский";"";"Столкновение";"";"0";"0";"г Москва ул Брестская 2-я 27 стр1";"1,0";"0,0";"2,0";"2,0";
"229,0";"20,04,2019";"Троицк";"";"Столкновение";"А-130 Москва - Малоярославец - Рославль - граница с Республикой Белоруссия (основное направление)";"40";"0";"г Троицк  ";"0,0";"1,0";"3,0";"3,0";
"230,0";"20,04,2019";"Гольяново";"";"Наезд на пешехода";"";"0";"0";"г Москва  ";"0,0";"1,0";"1,0";"2,0";
"231,0";"20,04,2019";"Красносельский";"";"Наезд на пешехода";"";"0";"0";"г Москва  ";"0,0";"1,0";"1,0";"2,0";
"232,0";"20,04,2019";"Новокосино";"";"Столкновение";"";"0";"0";"г Москва ул Новокосинская 29";"0,0";"1,0";"2,0";"3,0";
"233,0";"20,04,2019";"Северное Измайлово";"";"Наезд на пешехода";"";"0";"0";"г Москва  ";"0,0";"1,0";"1,0";"2,0";
"234,0";"20,04,2019";"Кунцево";"";"Столкновение";"";"0";"0";"г Москва ул Ярцевская 14";"0,0";"1,0";"2,0";"2,0";
"235,0";"20,04,2019";"Молжаниновский";"";"Падение пассажира";"М-10 Россия Москва - Тверь - Великий Новгород - Санкт-Петербург (основное направление)";"26";"300";"г Москва ш Ленинградское 238";"0,0";"1,0";"1,0";"2,0";
"236,0";"20,04,2019";"Выхино-Жулебино";"";"Наезд на пешехода";"";"0";"0";"г Москва пр-кт Лермонтовский 2к1";"1,0";"2,0";"1,0";"3,0";
"237,0";"20,04,2019";"Раменки";"";"Столкновение";"";"0";"0";"г Москва пр-кт Мичуринский 16";"0,0";"2,0";"3,0";"5,0";
"238,0";"19,04,2019";"Орехово-Борисово Южное";"";"Столкновение";"Московская кольцевая автомобильная дорога (МКАД) внутренняя сторона";"24";"0";"г Москва  ";"0,0";"1,0";"3,0";"3,0";
"239,0";"19,04,2019";"Орехово-Борисово Южное";"";"Падение пассажира";"";"0";"0";"г Москва ул Ясеневая 14";"0,0";"1,0";"1,0";"2,0";
"240,0";"19,04,2019";"Мещанский";"";"Столкновение";"Третье транспортное кольцо (внутренняя сторона)";"29";"0";"г Москва пер Крестовский 2-й 12";"0,0";"1,0";"3,0";"4,0";
"241,0";"19,04,2019";"Раменки";"";"Столкновение";"";"0";"0";"г Москва пр-кт Вернадского 4";"0,0";"1,0";"2,0";"2,0";
"242,0";"19,04,2019";"Кунцево";"";"Столкновение";"";"0";"0";"г Москва ул Кунцевская 2";"0,0";"4,0";"2,0";"4,0";
"243,0";"19,04,2019";"Отрадное";"";"Падение пассажира";"";"0";"0";"г Москва ш Алтуфьевское 27";"0,0";"1,0";"1,0";"2,0";
"244,0";"19,04,2019";"Москворечье-Сабурово";"";"Наезд на велосипедиста";"";"0";"0";"г Москва ш Каширское 55А";"0,0";"1,0";"2,0";"2,0";
"245,0";"19,04,2019";"Донской";"";"Столкновение";"Третье транспортное кольцо (внешняя сторона)";"10";"800";"г Москва проезд Донской 5-й 19";"0,0";"1,0";"3,0";"3,0";
"246,0";"19,04,2019";"Лианозово";"";"Столкновение";"";"0";"0";"г Москва ул Абрамцевская 11 К 3";"0,0";"2,0";"2,0";"4,0";
"247,0";"19,04,2019";"Троицк";"";"Наезд на препятствие";"А-130 Москва - Малоярославец - Рославль - граница с Республикой Белоруссия (основное направление)";"38";"900";"г Троицк  ";"0,0";"1,0";"1,0";"1,0";
"248,0";"19,04,2019";"Тверской";"";"Падение пассажира";"";"0";"0";"г Москва ул Тверская 22";"0,0";"1,0";"1,0";"2,0";
"249,0";"19,04,2019";"Филевский парк";"";"Наезд на пешехода";"";"0";"0";"г Москва  ";"0,0";"1,0";"1,0";"2,0";
"250,0";"19,04,2019";"Бирюлево Восточное";"";"Наезд на стоящее ТС";"Московская кольцевая автомобильная дорога (МКАД) внутренняя сторона";"28";"900";"г Москва  ";"0,0";"1,0";"2,0";"2,0";
"251,0";"19,04,2019";"Северное Тушино";"";"Столкновение";"Московская кольцевая автомобильная дорога (МКАД) внутренняя сторона";"74";"810";"г Москва  ";"0,0";"3,0";"4,0";"7,0";
"252,0";"19,04,2019";"Бабушкинский";"";"Столкновение";"";"0";"0";"г Москва ул Енисейская 46";"0,0";"1,0";"2,0";"2,0";
"253,0";"19,04,2019";"Можайский";"";"Наезд на стоящее ТС";"Московская кольцевая автомобильная дорога (МКАД) внешняя сторона";"52";"150";"г Москва  ";"1,0";"1,0";"2,0";"3,0";
"254,0";"19,04,2019";"Ново-Переделкино";"";"Наезд на пешехода";"";"0";"0";"г Москва ул Лукинская 11";"0,0";"1,0";"1,0";"2,0";
"255,0";"19,04,2019";"Лосиноостровский";"";"Наезд на пешехода";"";"0";"0";"г Москва ул Изумрудная 4";"0,0";"2,0";"1,0";"2,0";
"256,0";"19,04,2019";"Новогиреево";"";"Падение груза";"";"0";"0";"г Москва пр-кт Свободный 37 18";"0,0";"1,0";"1,0";"2,0";
"257,0";"19,04,2019";"Братеево";"";"Наезд на пешехода";"";"0";"0";"г Москва ул Братеевская 18 К5";"0,0";"1,0";"1,0";"2,0";
"258,0";"19,04,2019";"Кузьминки";"";"Столкновение";"";"0";"0";"г Москва пр-кт Волгоградский 141к1";"0,0";"1,0";"2,0";"2,0";
"259,0";"19,04,2019";"ГУ МВД 2 СП ДПС 2 бат,";"";"Столкновение";"А-106 Рублево-Успенское шоссе";"24";"0";"г Москва  ";"0,0";"2,0";"3,0";"3,0";
"260,0";"19,04,2019";"Москворечье-Сабурово";"";"Столкновение";"";"0";"0";"г Москва ул Борисовские Пруды 1";"0,0";"1,0";"3,0";"4,0";
"261,0";"19,04,2019";"Ярославский";"";"Падение пассажира";"";"0";"0";"г Москва ш Ярославское 117";"0,0";"1,0";"1,0";"2,0";
"262,0";"19,04,2019";"Кунцево";"";"Наезд на пешехода";"";"0";"0";"г Москва ул Партизанская 35, корп, 1";"0,0";"1,0";"1,0";"2,0";
"263,0";"19,04,2019";"Преображенское";"";"Наезд на пешехода";"";"0";"0";"г Москва ул Бухвостова 2-я 6";"0,0";"1,0";"1,0";"2,0";
"264,0";"19,04,2019";"Митино";"";"Столкновение";"";"0";"0";"г Москва ул Дубравная 40";"0,0";"1,0";"2,0";"2,0";
"265,0";"18,04,2019";"Люблино";"";"Падение пассажира";"";"0";"0";"г Москва ул Люблинская 59";"0,0";"1,0";"1,0";"2,0";
"266,0";"18,04,2019";"Нагатино-Садовники";"";"Столкновение";"";"0";"0";"г Москва наб Нагатинская 10 К1";"0,0";"1,0";"2,0";"3,0";
"267,0";"18,04,2019";"Капотня";"";"Столкновение";"";"0";"0";"г Москва ул Верхние Поля вл 56";"0,0";"2,0";"2,0";"4,0";
"268,0";"18,04,2019";"Ясенево";"";"Столкновение";"";"0";"0";"г Москва ул Вильнюсская 8, кор, 2";"0,0";"1,0";"2,0";"2,0";
"269,0";"18,04,2019";"Северное Измайлово";"";"Столкновение";"";"0";"0";"г Москва ш Щёлковское 100";"0,0";"2,0";"2,0";"4,0";
"270,0";"18,04,2019";"Сокол";"";"Столкновение";"";"0";"0";"г Москва ул Песчаная 13";"0,0";"1,0";"2,0";"3,0";
"271,0";"18,04,2019";"Сосенское";"";"Наезд на пешехода";"";"0";"0";"  ";"0,0";"1,0";"1,0";"2,0";
"272,0";"18,04,2019";"Мещанский";"";"Наезд на препятствие";"";"0";"0";"г Москва ул Щепкина 61 2";"0,0";"1,0";"1,0";"1,0";
"273,0";"18,04,2019";"Люблино";"";"Столкновение";"";"0";"0";"г Москва ул Люблинская 48, стр, 1";"0,0";"1,0";"3,0";"4,0";
"274,0";"18,04,2019";"Западное Дегунино";"";"Наезд на пешехода";"";"0";"0";"г Москва  ";"0,0";"1,0";"1,0";"2,0";
"275,0";"18,04,2019";"ГУ МВД 2 СП ДПС 2 бат,";"";"Наезд на стоящее ТС";"М-9 Балтия Москва - Волоколамск - граница с Латвийской Республикой";"21";"0";"г Москва  ";"0,0";"1,0";"2,0";"2,0";
"276,0";"18,04,2019";"Лосиноостровский";"";"Наезд на пешехода";"";"0";"0";"г Москва ул Стартовая 1 к,1";"0,0";"1,0";"1,0";"2,0";
"277,0";"18,04,2019";"Солнцево";"";"Наезд на велосипедиста";"";"0";"0";"г Москва ш Боровское 6";"0,0";"1,0";"2,0";"2,0";
"278,0";"18,04,2019";"Дорогомилово";"";"Столкновение";"";"0";"0";"г Москва пр-кт Кутузовский 30";"0,0";"1,0";"2,0";"3,0";
"279,0";"18,04,2019";"Южное Тушино";"";"Наезд на стоящее ТС";"Московская кольцевая автомобильная дорога (МКАД) внутренняя сторона";"68";"650";"г Москва  ";"0,0";"1,0";"2,0";"2,0";
"280,0";"18,04,2019";"Фили-Давыдково";"";"Наезд на пешехода";"";"0";"0";"г Москва ул Кременчугская 9 стр,2";"0,0";"1,0";"1,0";"2,0";
"281,0";"18,04,2019";"Коньково";"";"Столкновение";"";"0";"0";"г Москва ул Профсоюзная 102А";"0,0";"1,0";"2,0";"3,0";
"282,0";"18,04,2019";"Донской";"";"Столкновение";"";"0";"0";"г Москва ул Вавилова 3";"0,0";"1,0";"2,0";"2,0";
"283,0";"18,04,2019";"Люблино";"";"Наезд на пешехода";"";"0";"0";"г Москва ул Краснодарская 51";"0,0";"1,0";"1,0";"2,0";
"284,0";"18,04,2019";"Нижегородский";"";"Столкновение";"Третье транспортное кольцо (внутренняя сторона)";"8";"0";"г Москва проезд Автомобильный д, 8";"0,0";"1,0";"2,0";"3,0";
"285,0";"18,04,2019";"Тверской";"";"Наезд на велосипедиста";"";"0";"0";"г Москва ул Моховая 11";"0,0";"1,0";"2,0";"2,0";
"286,0";"17,04,2019";"Очаково-Матвеевское";"";"Наезд на пешехода";"";"0";"0";"п Матвеевское ул Рябиновая 56";"0,0";"1,0";"1,0";"2,0";
"287,0";"17,04,2019";"Куркино";"";"Столкновение";"";"0";"0";"г Москва ул Соколово-Мещерская 20";"0,0";"1,0";"2,0";"2,0";
"288,0";"17,04,2019";"Басманный";"";"Столкновение";"";"0";"0";"г Москва ул Покровка 12 1";"0,0";"1,0";"2,0";"2,0";
"289,0";"17,04,2019";"Кузьминки";"";"Столкновение";"";"0";"0";"г Москва пр-кт Волгоградский 119 2";"0,0";"1,0";"2,0";"2,0";
"290,0";"17,04,2019";"Коптево";"";"Столкновение";"";"0";"0";"г Москва ул Новопетровская 3";"0,0";"1,0";"2,0";"2,0";
"291,0";"17,04,2019";"Даниловский";"";"Наезд на пешехода";"";"0";"0";"г Москва  ";"0,0";"1,0";"1,0";"2,0";
"292,0";"17,04,2019";"Перово";"";"Столкновение";"";"0";"0";"г Москва пр-кт Зелёный 10";"0,0";"2,0";"2,0";"3,0";
"293,0";"17,04,2019";"Фили-Давыдково";"";"Опрокидывание";"";"0";"0";"г Москва пр-кт Кутузовский 53";"0,0";"1,0";"1,0";"1,0";
"294,0";"17,04,2019";"Перово";"";"Столкновение";"";"0";"0";"г Москва ш Энтузиастов 76 1";"0,0";"1,0";"2,0";"2,0";
"295,0";"17,04,2019";"Лианозово";"";"Столкновение";"Московская кольцевая автомобильная дорога (МКАД) внутренняя сторона";"84";"150";"г Москва  ";"0,0";"1,0";"2,0";"2,0";
"296,0";"17,04,2019";"Арбат";"";"Столкновение";"";"0";"0";"г Москва б-р Новинский 11";"0,0";"1,0";"2,0";"3,0";
"297,0";"17,04,2019";"Лианозово";"";"Наезд на пешехода";"";"0";"0";"г Москва ш Алтуфьевское 95";"0,0";"1,0";"1,0";"2,0";
"298,0";"17,04,2019";"Можайский";"";"Наезд на пешехода";"";"0";"0";"г Москва ул Маршала Неделина 30";"0,0";"1,0";"1,0";"2,0";
"299,0";"17,04,2019";"Новофёдоровское поселение";"";"Наезд на пешехода";"М-3 Украина Москва - Калуга - Брянск - граница с Украиной (основное направление)";"57";"0";"  ";"1,0";"0,0";"1,0";"2,0";
"300,0";"17,04,2019";"Марушкинское";"";"Столкновение";"М-3 Украина Москва - Калуга - Брянск - граница с Украиной (основное направление)";"34";"250";"  ";"0,0";"1,0";"2,0";"2,0";
"301,0";"17,04,2019";"Метрогородок";"";"Наезд на пешехода";"";"0";"0";"г Москва  ";"0,0";"1,0";"1,0";"2,0";
"302,0";"17,04,2019";"Северный";"";"Столкновение";"";"0";"0";"г Москва ш Челобитьевское 1а";"0,0";"1,0";"2,0";"2,0";
"303,0";"17,04,2019";"Митино";"";"Столкновение";"";"0";"0";"г Москва ул Дубравная 40";"0,0";"1,0";"2,0";"2,0";
"304,0";"17,04,2019";"Орехово-Борисово Южное";"";"Наезд на стоящее ТС";"Московская кольцевая автомобильная дорога (МКАД) внешняя сторона";"23";"0";"г Москва  ";"0,0";"2,0";"2,0";"3,0";
"305,0";"17,04,2019";"Ярославский";"";"Столкновение";"";"0";"0";"г Москва ш Ярославское 38 с,1";"0,0";"1,0";"2,0";"2,0";
"306,0";"17,04,2019";"Текстильщики";"";"Падение пассажира";"";"0";"0";"г Москва б-р Волжский 41";"0,0";"1,0";"1,0";"2,0";
"307,0";"17,04,2019";"Бескудниковский";"";"Наезд на пешехода";"";"0";"0";"г Москва б-р Бескудниковский 38";"0,0";"1,0";"1,0";"2,0";
"308,0";"17,04,2019";"Орехово-Борисово Южное";"";"Столкновение";"";"0";"0";"г Москва ш Каширское 132 К1";"0,0";"2,0";"2,0";"3,0";
"309,0";"17,04,2019";"Бирюлево Восточное";"";"Наезд на стоящее ТС";"";"0";"0";"г Москва  ";"0,0";"1,0";"2,0";"2,0";
"310,0";"17,04,2019";"Московский";"";"Наезд на стоящее ТС";"М-3 Украина Москва - Калуга - Брянск - граница с Украиной (основное направление)";"27";"700";"  ";"1,0";"1,0";"2,0";"3,0";
"311,0";"17,04,2019";"Пресненский";"";"Столкновение";"";"0";"0";"г Москва проезд Шмитовский 30";"0,0";"1,0";"2,0";"2,0";
"312,0";"16,04,2019";"Обручевский";"";"Наезд на пешехода";"";"0";"0";"г Москва ул Гарибальди 28 к,1";"0,0";"1,0";"1,0";"2,0";
"313,0";"16,04,2019";"Печатники";"";"Столкновение";"";"0";"0";"г Москва ул Южнопортовая 32стр10";"0,0";"1,0";"2,0";"2,0";
"314,0";"16,04,2019";"Хорошево-Мневники";"";"Наезд на пешехода";"";"0";"0";"г Москва  ";"0,0";"1,0";"1,0";"2,0";
"315,0";"16,04,2019";"Первомайское поселение";"";"Наезд на пешехода";"";"0";"0";"д Рогозинино ул Луговая вл20 А стр,3";"0,0";"1,0";"1,0";"2,0";
"316,0";"16,04,2019";"Хорошевский";"";"Падение пассажира";"";"0";"0";"г Москва пр-кт Ленинградский 37";"0,0";"1,0";"1,0";"2,0";
"317,0";"16,04,2019";"Нагатино-Садовники";"";"Столкновение";"";"0";"0";"г Москва пр-кт Андропова 25А";"0,0";"1,0";"2,0";"2,0";
"318,0";"16,04,2019";"Якиманка";"";"Столкновение";"";"0";"0";"г Москва ул Житная 10";"0,0";"2,0";"3,0";"4,0";
"319,0";"16,04,2019";"Южное Бутово";"";"Столкновение";"";"0";"0";"г Москва ул Академика Семёнова 1";"0,0";"2,0";"3,0";"3,0";
"320,0";"16,04,2019";"Текстильщики";"";"Столкновение";"";"0";"0";"г Москва ул Юных Ленинцев 16";"0,0";"1,0";"2,0";"2,0";
"321,0";"16,04,2019";"Останкинский";"";"Наезд на пешехода";"";"0";"0";"г Москва ул Аргуновская 2";"1,0";"0,0";"1,0";"2,0";
"322,0";"16,04,2019";"Молжаниновский";"";"Съезд с дороги";"";"0";"0";"г Москва ш Ленинградское 288 строение 20";"0,0";"1,0";"1,0";"2,0";
"323,0";"16,04,2019";"Марьино";"";"Столкновение";"";"0";"0";"г Москва ул Нижние Поля 29";"0,0";"1,0";"2,0";"2,0";
"324,0";"16,04,2019";"Раменки";"";"Наезд на пешехода";"";"0";"0";"г Москва ул Ленинские Горы 1, кор, И";"0,0";"1,0";"2,0";"2,0";
"325,0";"16,04,2019";"Свиблово";"";"Наезд на пешехода";"";"0";"0";"п Свиблово  ";"0,0";"1,0";"1,0";"2,0";
"326,0";"16,04,2019";"Пресненский";"";"Наезд на стоящее ТС";"";"0";"0";"г Москва ул Декабрьская Б, 13";"0,0";"1,0";"2,0";"1,0";
"327,0";"16,04,2019";"Бирюлево Восточное";"";"Столкновение";"Московская кольцевая автомобильная дорога (МКАД) внутренняя сторона";"25";"0";"г Москва  ";"0,0";"1,0";"2,0";"3,0";
"328,0";"16,04,2019";"Пресненский";"";"Падение пассажира";"";"0";"0";"г Москва проезд Шмитовский 16 стр,2";"0,0";"1,0";"1,0";"2,0";
"329,0";"16,04,2019";"Южное Бутово";"";"Наезд на пешехода";"";"0";"0";"г Москва ул Изюмская 43";"0,0";"1,0";"1,0";"2,0";
"330,0";"16,04,2019";"Останкинский";"";"Столкновение";"";"0";"0";"г Москва ул Аргуновская 2";"0,0";"1,0";"2,0";"2,0";
"331,0";"16,04,2019";"Марьино";"";"Падение пассажира";"";"0";"0";"г Москва ул Белореченская 37 кр 1";"0,0";"1,0";"1,0";"2,0";
"332,0";"16,04,2019";"Савёлки";"";"Столкновение";"";"0";"0";"г Зеленоград пр-кт Центральный 365";"0,0";"1,0";"2,0";"3,0";
"333,0";"15,04,2019";"Якиманка";"";"Наезд на пешехода";"";"0";"0";"г Москва пр-кт Ленинский 11 стр1";"0,0";"1,0";"1,0";"2,0";
"334,0";"15,04,2019";"Чертаново Северное";"";"Столкновение";"";"0";"0";"г Москва ул Чертановская 1Г";"0,0";"1,0";"2,0";"2,0";
"335,0";"15,04,2019";"Савёлки";"";"Столкновение";"";"0";"0";"г Зеленоград  ";"0,0";"1,0";"2,0";"2,0";
"336,0";"15,04,2019";"Северное Медведково";"";"Наезд на пешехода";"";"0";"0";"г Москва ул Северодвинская 19";"0,0";"1,0";"1,0";"2,0";
"337,0";"15,04,2019";"Гольяново";"";"Наезд на пешехода";"";"0";"0";"г Москва ул Алтайская 20";"0,0";"1,0";"1,0";"2,0";
"338,0";"15,04,2019";"Строгино";"";"Столкновение";"Московская кольцевая автомобильная дорога (МКАД) внутренняя сторона";"63";"150";"г Москва  ";"0,0";"1,0";"2,0";"2,0";
"339,0";"15,04,2019";"Тропарево-Никулино";"";"Наезд на пешехода";"";"0";"0";"г Москва  ";"0,0";"1,0";"1,0";"2,0";
"340,0";"15,04,2019";"Северное Тушино";"";"Наезд на пешехода";"";"0";"0";"г Москва  ";"0,0";"1,0";"1,0";"2,0";
"341,0";"15,04,2019";"Марьино";"";"Наезд на велосипедиста";"";"0";"0";"г Москва ул Братиславская 16";"0,0";"1,0";"2,0";"2,0";
"342,0";"15,04,2019";"Отрадное";"";"Наезд на пешехода";"";"0";"0";"г Москва ул Римского-Корсакова 17";"0,0";"1,0";"1,0";"2,0";
"343,0";"15,04,2019";"Мещанский";"";"Падение пассажира";"";"0";"0";"г Москва пер Протопоповский 20";"0,0";"1,0";"1,0";"2,0";
"344,0";"15,04,2019";"Богородское";"";"Наезд на пешехода";"";"0";"0";"г Москва ул Ивантеевская дом 5, стр, 4";"0,0";"1,0";"1,0";"2,0";
"345,0";"15,04,2019";"Вешняки";"";"Наезд на препятствие";"";"0";"0";"г Москва ул Молдагуловой 32";"0,0";"12,0";"1,0";"13,0";
"346,0";"15,04,2019";"Хорошевский";"";"Наезд на препятствие";"";"0";"0";"г Москва туп Магистральный 2-й 4";"0,0";"1,0";"1,0";"1,0";
"347,0";"15,04,2019";"Московский";"";"Наезд на препятствие";"";"0";"0";"г Московский проезд Передельцевский 26";"1,0";"0,0";"1,0";"1,0";
"348,0";"15,04,2019";"Новогиреево";"";"Столкновение";"";"0";"0";"г Москва пр-кт Зелёный 42";"0,0";"1,0";"2,0";"3,0";
"349,0";"15,04,2019";"Бибирево";"";"Наезд на пешехода";"";"0";"0";"г Москва  ";"0,0";"1,0";"1,0";"2,0";
"350,0";"15,04,2019";"Бутырский";"";"Столкновение";"";"0";"0";"г Москва ул Добролюбова 6 стр5";"0,0";"1,0";"2,0";"2,0";
"351,0";"15,04,2019";"Хорошевский";"";"Падение пассажира";"";"0";"0";"г Москва ш Хорошёвское 1";"0,0";"1,0";"1,0";"2,0";
"352,0";"15,04,2019";"Перово";"";"Столкновение";"";"0";"0";"г Москва ул Новогиреевская 9";"0,0";"1,0";"2,0";"2,0";
"353,0";"15,04,2019";"Таганский";"";"Наезд на пешехода";"";"0";"0";"г Москва ул Таганская 1 стр1";"0,0";"1,0";"1,0";"2,0";
"354,0";"15,04,2019";"Бабушкинский";"";"Наезд на пешехода";"";"0";"0";"г Москва ул Енисейская 19 корп 1";"0,0";"1,0";"1,0";"2,0";
"355,0";"15,04,2019";"Крылатское";"";"Наезд на пешехода";"";"0";"0";"г Москва б-р Осенний 11";"0,0";"1,0";"1,0";"2,0";
"356,0";"15,04,2019";"Митино";"";"Наезд на пешехода";"";"0";"0";"г Москва  ";"0,0";"1,0";"1,0";"2,0";
"357,0";"15,04,2019";"Люблино";"";"Столкновение";"";"0";"0";"г Москва ул Люблинская 61";"0,0";"1,0";"3,0";"3,0";
"358,0";"15,04,2019";"Бутырский";"";"Падение пассажира";"";"0";"0";"г Москва проезд Огородный 6";"0,0";"1,0";"1,0";"2,0";
"359,0";"14,04,2019";"Южное Бутово";"";"Наезд на пешехода";"";"0";"0";"г Москва  ";"0,0";"1,0";"1,0";"2,0";
"360,0";"14,04,2019";"Москворечье-Сабурово";"";"Столкновение";"";"0";"0";"г Москва пр-кт Пролетарский 12 25";"0,0";"2,0";"2,0";"4,0";
"361,0";"14,04,2019";"Западное Дегунино";"";"Наезд на стоящее ТС";"Московская кольцевая автомобильная дорога (МКАД) внутренняя сторона";"78";"50";"г Москва  ";"0,0";"1,0";"2,0";"2,0";
"362,0";"14,04,2019";"Бескудниковский";"";"Столкновение";"";"0";"0";"г Москва б-р Бескудниковский 12";"0,0";"1,0";"3,0";"2,0";
"363,0";"14,04,2019";"Пресненский";"";"Столкновение";"";"0";"0";"г Москва ш Звенигородское 27 стр1";"0,0";"1,0";"3,0";"3,0";
"364,0";"14,04,2019";"Нагатино-Садовники";"";"Столкновение";"";"0";"0";"г Москва ш Каширское 22А";"0,0";"1,0";"2,0";"3,0";
"365,0";"14,04,2019";"Соколиная гора";"";"Наезд на пешехода";"";"0";"0";"г Москва ул Ткацкая 37";"0,0";"1,0";"1,0";"2,0";
"366,0";"14,04,2019";"Троицк";"";"Наезд на препятствие";"А-130 Москва - Малоярославец - Рославль - граница с Республикой Белоруссия (основное направление)";"41";"0";"г Троицк  ";"0,0";"2,0";"1,0";"2,0";
"367,0";"14,04,2019";"Царицыно";"";"Наезд на стоящее ТС";"";"0";"0";"г Москва ул Севанская 19 К1";"0,0";"1,0";"4,0";"2,0";
"368,0";"14,04,2019";"Соколиная гора";"";"Столкновение";"";"0";"0";"г Москва ул Ткацкая 43";"0,0";"1,0";"2,0";"3,0";
"369,0";"14,04,2019";"Лианозово";"";"Столкновение";"Московская кольцевая автомобильная дорога (МКАД) внутренняя сторона";"84";"150";"г Москва  ";"0,0";"1,0";"4,0";"5,0";
"370,0";"13,04,2019";"Люблино";"";"Столкновение";"";"0";"0";"г Москва ул Верхние Поля 61";"0,0";"1,0";"4,0";"4,0";
"371,0";"13,04,2019";"Теплый Стан";"";"Наезд на стоящее ТС";"Московская кольцевая автомобильная дорога (МКАД) внутренняя сторона";"41";"150";"г Москва  ";"1,0";"0,0";"3,0";"3,0";
"372,0";"13,04,2019";"Восточное Измайлово";"";"Столкновение";"";"0";"0";"г Москва б-р Измайловский 58";"0,0";"1,0";"2,0";"2,0";
"373,0";"13,04,2019";"Беговой";"";"Столкновение";"";"0";"0";"г Москва проезд Боткинский 2-й 2";"0,0";"2,0";"2,0";"4,0";
"374,0";"13,04,2019";"Северное Бутово";"";"Столкновение";"";"0";"0";"п Бутово ул Старобитцевская 19 корп, 1";"0,0";"1,0";"2,0";"3,0";
"375,0";"13,04,2019";"Тверской";"";"Наезд на стоящее ТС";"Третье транспортное кольцо (внешняя сторона)";"26";"0";"г Москва ул Сущёвский Вал 3 5А";"0,0";"1,0";"3,0";"4,0";
"376,0";"13,04,2019";"Фили-Давыдково";"";"Столкновение";"";"0";"0";"г Москва пр-кт Кутузовский 57";"0,0";"3,0";"3,0";"5,0";
"377,0";"13,04,2019";"Теплый Стан";"";"Столкновение";"";"0";"0";"г Москва ул Тёплый Стан 5";"0,0";"3,0";"2,0";"5,0";
"378,0";"13,04,2019";"Сокольники";"";"Столкновение";"";"0";"0";"г Москва ул Сокольнический Вал 46";"0,0";"3,0";"2,0";"3,0";
"379,0";"13,04,2019";"Крюково";"";"Наезд на пешехода";"";"0";"0";"г Зеленоград  ";"0,0";"1,0";"1,0";"2,0";
"380,0";"13,04,2019";"Можайский";"";"Наезд на пешехода";"";"0";"0";"г Москва ш Можайское 32";"0,0";"1,0";"1,0";"2,0";
"381,0";"13,04,2019";"Роговское поселение";"";"Столкновение";"А-130 Москва - Малоярославец - Рославль - граница с Республикой Белоруссия (основное направление)";"71";"550";"  ";"1,0";"0,0";"2,0";"2,0";
"382,0";"13,04,2019";"Раменки";"";"Столкновение";"";"0";"0";"г Москва ул Ленинские Горы д, 1";"1,0";"1,0";"2,0";"3,0";
"383,0";"13,04,2019";"Головинский";"";"Столкновение";"";"0";"0";"г Москва ул Автомоторная 2";"0,0";"1,0";"2,0";"2,0";
"384,0";"13,04,2019";"Марьино";"";"Наезд на пешехода";"";"0";"0";"г Москва ул Перерва 19";"0,0";"1,0";"1,0";"2,0";
"385,0";"13,04,2019";"Орехово-Борисово Северное";"";"Столкновение";"";"0";"0";"г Москва проезд Борисовский 26";"0,0";"2,0";"3,0";"2,0";
"386,0";"13,04,2019";"Орехово-Борисово Северное";"";"Наезд на пешехода";"";"0";"0";"г Москва ул Шипиловская 28А";"0,0";"1,0";"1,0";"2,0";
"387,0";"12,04,2019";"Беговой";"";"Наезд на пешехода";"";"0";"0";"г Москва  ";"0,0";"1,0";"1,0";"2,0";
"388,0";"12,04,2019";"Выхино-Жулебино";"";"Столкновение";"";"0";"0";"г Москва пр-кт Рязанский 76 2";"0,0";"1,0";"2,0";"3,0";
"389,0";"12,04,2019";"Беговой";"";"Наезд на пешехода";"";"0";"0";"г Москва ул Правды 24";"0,0";"1,0";"1,0";"2,0";
"390,0";"12,04,2019";"Пресненский";"";"Наезд на препятствие";"Третье транспортное кольцо (внешняя сторона)";"19";"0";"г Москва ул Тестовская 8";"0,0";"1,0";"1,0";"2,0";
"391,0";"12,04,2019";"Марушкинское";"";"Столкновение";"";"0";"0";" ул Придорожная 1";"0,0";"2,0";"2,0";"3,0";
"392,0";"12,04,2019";"Южное Тушино";"";"Столкновение";"Московская кольцевая автомобильная дорога (МКАД) внешняя сторона";"68";"150";"г Москва  ";"0,0";"1,0";"2,0";"2,0";
"393,0";"12,04,2019";"Северное Тушино";"";"Наезд на пешехода";"";"0";"0";"г Москва  ";"0,0";"1,0";"1,0";"2,0";
"394,0";"12,04,2019";"Сокольники";"";"Столкновение";"";"0";"0";"г Москва ул Гастелло 6";"0,0";"1,0";"2,0";"3,0";
"395,0";"12,04,2019";"Печатники";"";"Наезд на препятствие";"";"0";"0";"г Москва ул Шоссейная 92";"0,0";"2,0";"1,0";"2,0";
"396,0";"12,04,2019";"Люблино";"";"Столкновение";"";"0";"0";"г Москва ул Ставропольская 41";"0,0";"2,0";"2,0";"3,0";
"397,0";"12,04,2019";"Свиблово";"";"Столкновение";"";"0";"0";"п Свиблово проезд Серебрякова 2";"0,0";"1,0";"2,0";"3,0";
"398,0";"12,04,2019";"Чертаново Центральное";"";"Наезд на пешехода";"";"0";"0";"г Москва  ";"0,0";"1,0";"1,0";"2,0";
"399,0";"12,04,2019";"Алексеевский";"";"Наезд на пешехода";"";"0";"0";"г Москва ул Бориса Галушкина 19 к,1";"0,0";"1,0";"1,0";"2,0";
"400,0";"12,04,2019";"Беговой";"";"Наезд на пешехода";"";"0";"0";"г Москва проезд Боткинский 1-й 9";"0,0";"1,0";"1,0";"2,0";
"401,0";"12,04,2019";"Солнцево";"";"Столкновение";"";"0";"0";"г Москва ш Боровское 2";"0,0";"1,0";"2,0";"2,0";
"402,0";"12,04,2019";"Чертаново Южное";"";"Наезд на пешехода";"";"0";"0";"г Москва  ";"0,0";"1,0";"1,0";"3,0";
"403,0";"12,04,2019";"Академический";"";"Наезд на пешехода";"";"0";"0";"г Москва пр-кт Нахимовский 46";"0,0";"1,0";"1,0";"2,0";
"404,0";"12,04,2019";"Тимирязевский";"";"Падение пассажира";"";"0";"0";"г Москва проезд Соломенной Сторожки 3";"0,0";"1,0";"1,0";"2,0";
"405,0";"12,04,2019";"Тропарево-Никулино";"";"Столкновение";"Московская кольцевая автомобильная дорога (МКАД) внешняя сторона";"46";"200";"г Москва  ";"0,0";"1,0";"2,0";"3,0";
"406,0";"12,04,2019";"Бескудниковский";"";"Столкновение";"";"0";"0";"г Москва ш Дмитровское 64 к 6";"0,0";"1,0";"2,0";"3,0";
"407,0";"11,04,2019";"Хорошевский";"";"Наезд на препятствие";"";"0";"0";"г Москва ул Куусинена 19 к 1";"0,0";"1,0";"1,0";"2,0";
"408,0";"11,04,2019";"Коньково";"";"Падение пассажира";"";"0";"0";"г Москва ул Профсоюзная 63";"0,0";"1,0";"1,0";"2,0";
"409,0";"11,04,2019";"Ховрино";"";"Столкновение";"";"0";"0";"г Москва ул Фестивальная 14";"0,0";"1,0";"2,0";"3,0";
"410,0";"11,04,2019";"Лефортово";"";"Столкновение";"";"0";"0";"г Москва ул Солдатская 2 стр1";"0,0";"1,0";"3,0";"3,0";
"411,0";"11,04,2019";"Десёновское";"";"Наезд на пешехода";"А-130 Москва - Малоярославец - Рославль - граница с Республикой Белоруссия (основное направление)";"31";"50";"  ";"1,0";"0,0";"1,0";"2,0";
"412,0";"11,04,2019";"Нагатино-Садовники";"";"Столкновение";"";"0";"0";"г Москва ш Варшавское 45";"0,0";"1,0";"2,0";"3,0";
"413,0";"11,04,2019";"Филимонковское";"";"Наезд на пешехода";"";"0";"0";"п Филимонки  ";"0,0";"1,0";"1,0";"2,0";
"414,0";"11,04,2019";"Алексеевский";"";"Столкновение";"";"0";"0";"г Москва ул Мытищинская 3-я 5";"0,0";"1,0";"2,0";"2,0";
"415,0";"11,04,2019";"Ивановское";"";"Наезд на пешехода";"";"0";"0";"г Москва ул Молостовых 4, корп,3";"0,0";"1,0";"1,0";"2,0";
"416,0";"11,04,2019";"Аэропорт";"";"Наезд на пешехода";"";"0";"0";"г Москва ул Масловка В, 9";"0,0";"1,0";"1,0";"2,0";
"417,0";"11,04,2019";"Косино-Ухтомский";"";"Наезд на препятствие";"";"0";"0";"п Ухтомский  ";"0,0";"2,0";"1,0";"2,0";
"418,0";"11,04,2019";"Тверской";"";"Столкновение";"";"0";"0";"г Москва ул Новолесная 3 стр1";"0,0";"1,0";"2,0";"3,0";
"419,0";"11,04,2019";"Отрадное";"";"Столкновение";"";"0";"0";"г Москва б-р Северный 10";"0,0";"1,0";"2,0";"3,0";
"420,0";"11,04,2019";"Щукино";"";"Столкновение";"";"0";"0";"г Москва ул Маршала Бирюзова 32";"0,0";"1,0";"2,0";"3,0";
"421,0";"11,04,2019";"Котловка";"";"Наезд на пешехода";"";"0";"0";"г Москва  ";"0,0";"1,0";"1,0";"2,0";
"422,0";"11,04,2019";"Теплый Стан";"";"Наезд на пешехода";"Московская кольцевая автомобильная дорога (МКАД) внутренняя сторона";"41";"50";"г Москва  ";"1,0";"1,0";"2,0";"2,0";
"423,0";"11,04,2019";"Солнцево";"";"Наезд на пешехода";"";"0";"0";"г Москва ул Производственная 1 корп, 1";"0,0";"1,0";"1,0";"2,0";
"424,0";"11,04,2019";"Чертаново Северное";"";"Наезд на пешехода";"";"0";"0";"г Москва мкр Чертаново Северное 3Б";"0,0";"1,0";"1,0";"2,0";
"425,0";"11,04,2019";"Северное Тушино";"";"Падение пассажира";"";"0";"0";"г Москва ул Планерная 12";"0,0";"1,0";"1,0";"2,0";
"426,0";"11,04,2019";"Северное Медведково";"";"Наезд на пешехода";"";"0";"0";"г Москва ул Широкая 24";"0,0";"1,0";"1,0";"2,0";
"427,0";"11,04,2019";"Орехово-Борисово Северное";"";"Наезд на пешехода";"";"0";"0";"г Москва ш Каширское 61Г";"0,0";"1,0";"1,0";"2,0";
"428,0";"11,04,2019";"Соколиная гора";"";"Столкновение";"";"0";"0";"г Москва пр-кт Будённого 30";"0,0";"1,0";"2,0";"3,0";
"429,0";"11,04,2019";"Нагорный";"";"Наезд на пешехода";"";"0";"0";"г Москва пр-кт Балаклавский 2 К2";"0,0";"1,0";"1,0";"2,0";
"430,0";"11,04,2019";"Свиблово";"";"Наезд на пешехода";"";"0";"0";"п Свиблово  ";"0,0";"1,0";"1,0";"2,0";
"431,0";"11,04,2019";"Южнопортовый";"";"Наезд на пешехода";"";"0";"0";"г Москва ул Шарикоподшипниковская 24";"0,0";"1,0";"1,0";"2,0";
"432,0";"11,04,2019";"Строгино";"";"Наезд на велосипедиста";"";"0";"0";"г Москва ул Маршала Катукова 22";"0,0";"1,0";"2,0";"2,0";
"433,0";"11,04,2019";"Люблино";"";"Наезд на стоящее ТС";"Московская кольцевая автомобильная дорога (МКАД) внутренняя сторона";"12";"0";"г Москва км МКАД 12-й 0";"0,0";"1,0";"3,0";"4,0";
"434,0";"10,04,2019";"Ново-Переделкино";"";"Наезд на велосипедиста";"";"0";"0";"г Москва ш Боровское 27";"0,0";"1,0";"2,0";"2,0";
"435,0";"10,04,2019";"Проспект Вернадского";"";"Столкновение";"";"0";"0";"г Москва ул Лобачевского 92";"0,0";"1,0";"2,0";"3,0";
"436,0";"10,04,2019";"Восточное Измайлово";"";"Столкновение";"";"0";"0";"г Москва ул Первомайская Нижн, 70 ст,16";"0,0";"1,0";"2,0";"2,0";
"437,0";"10,04,2019";"Северное Медведково";"";"Наезд на пешехода";"";"0";"0";"г Москва  ";"0,0";"1,0";"1,0";"2,0";
"438,0";"10,04,2019";"Филевский парк";"";"Столкновение";"";"0";"0";"г Москва ул Минская 8";"0,0";"1,0";"2,0";"2,0";
"439,0";"10,04,2019";"Северное Измайлово";"";"Столкновение";"Московская кольцевая автомобильная дорога (МКАД) внешняя сторона";"106";"0";"г Москва  ";"0,0";"1,0";"2,0";"2,0";
"440,0";"10,04,2019";"Соколиная гора";"";"Падение пассажира";"";"0";"0";"г Москва пл Семёновская 1";"0,0";"1,0";"1,0";"2,0";
"441,0";"10,04,2019";"Южное Тушино";"";"Опрокидывание";"";"0";"0";"г Москва проезд Донелайтиса 25";"0,0";"1,0";"1,0";"1,0";
"442,0";"10,04,2019";"Щукино";"";"Наезд на препятствие";"";"0";"0";"г Москва ул Максимова 14";"0,0";"1,0";"1,0";"1,0";
"443,0";"10,04,2019";"Донской";"";"Наезд на пешехода";"";"0";"0";"г Москва ул Орджоникидзе 5";"0,0";"1,0";"1,0";"2,0";
"444,0";"10,04,2019";"Щукино";"";"Столкновение";"";"0";"0";"г Москва ул Живописная 54";"0,0";"1,0";"3,0";"3,0";
"445,0";"10,04,2019";"Кузьминки";"";"Наезд на пешехода";"";"0";"0";"г Москва ул Кузьминская 7, кор, 3";"0,0";"1,0";"1,0";"2,0";
"446,0";"10,04,2019";"Орехово-Борисово Северное";"";"Наезд на стоящее ТС";"";"0";"0";"г Москва ш Каширское 61А";"0,0";"3,0";"3,0";"4,0";
"447,0";"10,04,2019";"Хамовники";"";"Наезд на пешехода";"";"0";"0";"г Москва ул Плющиха 20 2";"0,0";"1,0";"1,0";"2,0";
"448,0";"10,04,2019";"Красносельский";"";"Наезд на пешехода";"";"0";"0";"г Москва ул Каланчевская 28";"0,0";"1,0";"1,0";"2,0";
"449,0";"10,04,2019";"Хорошево-Мневники";"";"Наезд на стоящее ТС";"";"0";"0";"г Москва пр-кт Маршала Жукова 31";"0,0";"3,0";"2,0";"5,0";
"450,0";"09,04,2019";"Вешняки";"";"Наезд на стоящее ТС";"Московская кольцевая автомобильная дорога (МКАД) внутренняя сторона";"7";"0";"г Москва  ";"0,0";"1,0";"2,0";"2,0";
"451,0";"09,04,2019";"Кузьминки";"";"Наезд на пешехода";"";"0";"0";"г Москва б-р Есенинский 8 145";"0,0";"1,0";"1,0";"2,0";
"452,0";"09,04,2019";"Рязанский";"";"Столкновение";"";"0";"0";"г Москва пр-кт Рязанский 69";"0,0";"3,0";"2,0";"5,0";
"453,0";"09,04,2019";"Митино";"";"Наезд на пешехода";"";"0";"0";"г Москва  ";"0,0";"1,0";"1,0";"2,0";
"454,0";"09,04,2019";"Пресненский";"";"Столкновение";"";"0";"0";"г Москва проезд Шмитовский 13";"0,0";"1,0";"2,0";"2,0";
"455,0";"09,04,2019";"Мещанский";"";"Столкновение";"";"0";"0";"г Москва пр-кт Мира 24";"0,0";"1,0";"2,0";"2,0";
"456,0";"09,04,2019";"Отрадное";"";"Столкновение";"";"0";"0";"г Москва аллея Берёзовая 5";"0,0";"1,0";"2,0";"2,0";
"457,0";"09,04,2019";"Выхино-Жулебино";"";"Наезд на пешехода";"";"0";"0";"г Москва  ";"0,0";"1,0";"1,0";"2,0";
"458,0";"09,04,2019";"Хамовники";"";"Наезд на пешехода";"";"0";"0";"г Москва б-р Смоленский 4";"0,0";"1,0";"1,0";"2,0";
"459,0";"09,04,2019";"Бутырский";"";"Столкновение";"";"0";"0";"г Москва ул Яблочкова 36";"0,0";"1,0";"2,0";"3,0";
"460,0";"09,04,2019";"Лианозово";"";"Столкновение";"";"0";"0";"г Москва ул Псковская 2 корп 1";"0,0";"1,0";"2,0";"2,0";
"461,0";"09,04,2019";"Косино-Ухтомский";"";"Столкновение";"";"0";"0";"п Ухтомский ш Новоухтомское 1";"0,0";"1,0";"2,0";"3,0";
"462,0";"09,04,2019";"Южнопортовый";"";"Падение пассажира";"";"0";"0";"г Москва ул Трофимова 11";"0,0";"1,0";"1,0";"2,0";
"463,0";"09,04,2019";"Северное Медведково";"";"Наезд на пешехода";"";"0";"0";"г Москва ул Широкая 31";"0,0";"1,0";"1,0";"2,0";
"464,0";"09,04,2019";"Ново-Переделкино";"";"Наезд на пешехода";"";"0";"0";"г Москва ул Шолохова 5";"0,0";"1,0";"1,0";"2,0";
"465,0";"09,04,2019";"Таганский";"";"Наезд на пешехода";"";"0";"0";"г Москва ул Андроньевская Б, 8";"0,0";"1,0";"1,0";"2,0";
"466,0";"09,04,2019";"Кузьминки";"";"Наезд на пешехода";"";"0";"0";"г Москва ул Зеленодольская 25";"0,0";"1,0";"1,0";"2,0";
"467,0";"09,04,2019";"Дмитровский";"";"Наезд на препятствие";"";"0";"0";"г Москва ул Лобненская 5А";"0,0";"1,0";"1,0";"2,0";
"468,0";"09,04,2019";"Косино-Ухтомский";"";"Столкновение";"";"0";"0";"п Ухтомский ул Руднёвка 5";"0,0";"1,0";"2,0";"2,0";
"469,0";"08,04,2019";"Марьино";"";"Столкновение";"";"0";"0";"г Москва ул Донецкая 34";"0,0";"1,0";"2,0";"3,0";
"470,0";"08,04,2019";"Перово";"";"Наезд на стоящее ТС";"";"0";"0";"г Москва ш Энтузиастов 54";"0,0";"1,0";"2,0";"2,0";
"471,0";"08,04,2019";"Мещанский";"";"Наезд на пешехода";"";"0";"0";"г Москва б-р Рождественский 17";"0,0";"1,0";"1,0";"2,0";
"472,0";"08,04,2019";"Раменки";"";"Столкновение";"";"0";"0";"г Москва пр-кт Вернадского 6";"0,0";"2,0";"2,0";"3,0";
"473,0";"08,04,2019";"Ново-Переделкино";"";"Наезд на пешехода";"";"0";"0";"г Москва ул Шолохова 6";"0,0";"1,0";"1,0";"2,0";
"474,0";"08,04,2019";"Измайлово";"";"Наезд на пешехода";"";"0";"0";"г Москва ул Первомайская 19";"0,0";"1,0";"1,0";"2,0";
"475,0";"08,04,2019";"Выхино-Жулебино";"";"Наезд на велосипедиста";"Московская кольцевая автомобильная дорога (МКАД) внутренняя сторона";"11";"0";"г Москва  ";"1,0";"0,0";"2,0";"2,0";
"476,0";"08,04,2019";"Марьина роща";"";"Столкновение";"";"0";"0";"г Москва ул Шереметьевская 9, к,1";"0,0";"1,0";"2,0";"2,0";
"477,0";"08,04,2019";"Орехово-Борисово Южное";"";"Столкновение";"Московская кольцевая автомобильная дорога (МКАД) внешняя сторона";"21";"0";"г Москва  ";"0,0";"1,0";"8,0";"5,0";
"478,0";"08,04,2019";"Текстильщики";"";"Наезд на пешехода";"";"0";"0";"г Москва ул Саратовская 14 1";"0,0";"1,0";"1,0";"2,0";
"479,0";"08,04,2019";"Можайский";"";"Наезд на пешехода";"";"0";"0";"г Москва ул Дорогобужская 14, стр,6";"0,0";"1,0";"1,0";"2,0";
"480,0";"08,04,2019";"Косино-Ухтомский";"";"Столкновение";"";"0";"0";"п Ухтомский ул Лухмановская 24";"0,0";"1,0";"2,0";"2,0";
"481,0";"08,04,2019";"Марьино";"";"Столкновение";"";"0";"0";"г Москва ул Новомарьинская 12 12к1";"0,0";"1,0";"2,0";"3,0";
"482,0";"08,04,2019";"Рязанский";"";"Столкновение";"";"0";"0";"г Москва ул Окская 17";"0,0";"1,0";"2,0";"3,0";
"483,0";"08,04,2019";"Якиманка";"";"Наезд на пешехода";"";"0";"0";"г Москва ул Крымский Вал 8";"0,0";"1,0";"1,0";"2,0";
"484,0";"08,04,2019";"Алексеевский";"";"Наезд на пешехода";"";"0";"0";"г Москва пр-кт Мира 146";"0,0";"1,0";"1,0";"2,0";
"485,0";"08,04,2019";"Коптево";"";"Падение пассажира";"";"0";"0";"г Москва ул Академическая Б, 17";"0,0";"1,0";"1,0";"2,0";
"486,0";"08,04,2019";"Московский";"";"Падение пассажира";"";"0";"0";"г Московский мкр 3-й 21";"0,0";"1,0";"1,0";"2,0";
"487,0";"08,04,2019";"Ивановское";"";"Наезд на препятствие";"";"0";"0";"г Москва  ";"0,0";"1,0";"1,0";"2,0";
"488,0";"08,04,2019";"Печатники";"";"Наезд на стоящее ТС";"";"0";"0";"г Москва пр-кт Волгоградский 47бс2";"0,0";"3,0";"2,0";"3,0";
"489,0";"08,04,2019";"Новогиреево";"";"Наезд на велосипедиста";"";"0";"0";"г Москва пр-кт Свободный 33";"0,0";"1,0";"2,0";"2,0";
"490,0";"07,04,2019";"Можайский";"";"Столкновение";"";"0";"0";"г Москва ш Можайское 24";"0,0";"1,0";"2,0";"3,0";
"491,0";"07,04,2019";"Митино";"";"Столкновение";"Московская кольцевая автомобильная дорога (МКАД) внешняя сторона";"68";"400";"г Москва  ";"0,0";"1,0";"2,0";"3,0";
"492,0";"07,04,2019";"Савеловский";"";"Столкновение";"";"0";"0";"г Москва ул Бутырская 53 к 1";"0,0";"1,0";"2,0";"2,0";
"493,0";"07,04,2019";"Коньково";"";"Столкновение";"";"0";"0";"г Москва ул Профсоюзная 102";"0,0";"1,0";"2,0";"3,0";
"494,0";"07,04,2019";"Марьино";"";"Наезд на пешехода";"";"0";"0";"г Москва проезд Батайский 17";"0,0";"1,0";"1,0";"2,0";
"495,0";"07,04,2019";"Северное Тушино";"";"Наезд на пешехода";"";"0";"0";"г Москва  ";"0,0";"1,0";"1,0";"2,0";
"496,0";"07,04,2019";"Ново-Переделкино";"";"Столкновение";"";"0";"0";"г Москва аллея Чоботовская 1-я 30";"0,0";"1,0";"2,0";"2,0";
"497,0";"07,04,2019";"Преображенское";"";"Падение пассажира";"";"0";"0";"г Москва ул Черкизовская Б, 3";"0,0";"1,0";"1,0";"2,0";
"498,0";"07,04,2019";"Дорогомилово";"";"Наезд на пешехода";"";"0";"0";"г Москва пл Киевского Вокзала 1";"0,0";"1,0";"1,0";"3,0";
"499,0";"07,04,2019";"Сокол";"";"Столкновение";"М-10 Россия Москва - Тверь - Великий Новгород - Санкт-Петербург (основное направление)";"1";"0";"г Москва пр-кт Ленинградский 78";"0,0";"2,0";"2,0";"3,0";
"500,0";"07,04,2019";"ГУ МВД 2 СП ДПС 2 бат,";"";"Столкновение";"А-106 Рублево-Успенское шоссе";"25";"0";"г Москва  ";"0,0";"1,0";"2,0";"2,0";
"501,0";"07,04,2019";"Южное Тушино";"";"Наезд на стоящее ТС";"";"0";"0";"г Москва ул Сходненская 19 13";"0,0";"1,0";"2,0";"3,0";
"502,0";"07,04,2019";"Выхино-Жулебино";"";"Столкновение";"";"0";"0";"г Москва пр-кт Рязанский 88";"0,0";"1,0";"2,0";"2,0";
"503,0";"07,04,2019";"Мещанский";"";"Наезд на пешехода";"";"0";"0";"г Москва ул Переяславская Б, 15";"0,0";"1,0";"1,0";"2,0";
"504,0";"07,04,2019";"Северное Медведково";"";"Наезд на пешехода";"";"0";"0";"г Москва  ";"0,0";"1,0";"1,0";"2,0";
"505,0";"07,04,2019";"Кузьминки";"";"Столкновение";"";"0";"0";"г Москва пр-кт Волгоградский 116 к,1";"0,0";"1,0";"2,0";"2,0";
"506,0";"07,04,2019";"Дмитровский";"";"Падение пассажира";"";"0";"0";"г Москва ул Клязьминская 19";"0,0";"1,0";"1,0";"2,0";
"507,0";"07,04,2019";"Капотня";"";"Столкновение";"";"0";"0";"г Москва ул Верхние Поля 71";"0,0";"1,0";"2,0";"3,0";
"508,0";"07,04,2019";"Чертаново Центральное";"";"Столкновение";"";"0";"0";"г Москва ул Днепропетровская 1";"0,0";"1,0";"2,0";"3,0";
"509,0";"07,04,2019";"Ясенево";"";"Опрокидывание";"Московская кольцевая автомобильная дорога (МКАД) внутренняя сторона";"37";"0";"г Москва  ";"0,0";"2,0";"1,0";"2,0";
"510,0";"07,04,2019";"Кузьминки";"";"Столкновение";"";"0";"0";"г Москва пр-кт Волгоградский 123, к 1";"0,0";"2,0";"2,0";"4,0";
"511,0";"07,04,2019";"Хорошевский";"";"Столкновение";"М-10 Россия Москва - Тверь - Великий Новгород - Санкт-Петербург (основное направление)";"26";"300";"г Москва пр-кт Ленинградский 37";"0,0";"3,0";"2,0";"5,0";
"512,0";"06,04,2019";"Орехово-Борисово Южное";"";"Столкновение";"";"0";"0";"г Москва ш Каширское 150";"0,0";"1,0";"2,0";"2,0";
"513,0";"06,04,2019";"Клёновское";"";"Наезд на пешехода";"";"0";"0";"  ";"0,0";"1,0";"1,0";"2,0";
"514,0";"06,04,2019";"Некрасовка";"";"Столкновение";"";"0";"0";"п Некрасовка ул Вольская 2-я 2";"0,0";"1,0";"2,0";"2,0";
"515,0";"06,04,2019";"Таганский";"";"Столкновение";"";"0";"0";"г Москва ул Земляной Вал 50";"0,0";"1,0";"2,0";"3,0";
"516,0";"06,04,2019";"Новокосино";"";"Столкновение";"";"0";"0";"г Москва ул Николая Старостина 7";"0,0";"1,0";"2,0";"2,0";
"517,0";"06,04,2019";"Басманный";"";"Столкновение";"";"0";"0";"г Москва ул Бакунинская 96-98";"0,0";"1,0";"2,0";"2,0";
"518,0";"06,04,2019";"Северное Бутово";"";"Столкновение";"Московская кольцевая автомобильная дорога (МКАД) внешняя сторона";"35";"0";"п Бутово  ";"0,0";"1,0";"3,0";"3,0";
"519,0";"06,04,2019";"Сосенское";"";"Столкновение";"";"0";"0";"п завода Мосрентген проезд Музыкальный 5";"0,0";"2,0";"2,0";"2,0";
"520,0";"06,04,2019";"Нижегородский";"";"Наезд на препятствие";"";"0";"0";"г Москва пр-кт Рязанский 2,СТР, 2";"0,0";"1,0";"1,0";"1,0";
"521,0";"06,04,2019";"Кунцево";"";"Столкновение";"";"0";"0";"г Москва ул Маршала Тимошенко 29";"0,0";"1,0";"2,0";"3,0";
"522,0";"06,04,2019";"Таганский";"";"Падение пассажира";"";"0";"0";"г Москва ул Таганская 31 22";"0,0";"2,0";"1,0";"3,0";
"523,0";"06,04,2019";"Тропарево-Никулино";"";"Столкновение";"Московская кольцевая автомобильная дорога (МКАД) внутренняя сторона";"46";"0";"г Москва  ";"0,0";"1,0";"2,0";"2,0";
"524,0";"06,04,2019";"Бирюлево Восточное";"";"Столкновение";"";"0";"0";"г Москва ул Радиальная 1-я 2";"0,0";"1,0";"4,0";"5,0";
"525,0";"06,04,2019";"Таганский";"";"Столкновение";"";"0";"0";"г Москва ул Николоямская 54 стр1";"0,0";"1,0";"2,0";"3,0";
"526,0";"06,04,2019";"Капотня";"";"Наезд на пешехода";"";"0";"0";"г Москва ул Капотня 1, стр, 93";"0,0";"1,0";"2,0";"3,0";
"527,0";"06,04,2019";"Ростокино";"";"Падение пассажира";"";"0";"0";"г Москва  ";"0,0";"1,0";"1,0";"2,0";
"528,0";"06,04,2019";"Отрадное";"";"Столкновение";"";"0";"0";"г Москва ул Декабристов 2 корп,1";"0,0";"1,0";"2,0";"2,0";
"529,0";"06,04,2019";"Лианозово";"";"Наезд на препятствие";"Московская кольцевая автомобильная дорога (МКАД) внешняя сторона";"84";"100";"г Москва  ";"0,0";"1,0";"1,0";"2,0";
"530,0";"06,04,2019";"Котловка";"";"Наезд на пешехода";"";"0";"0";"г Москва пр-кт Нахимовский 20, стр, 2";"0,0";"1,0";"1,0";"2,0";
"531,0";"06,04,2019";"Щукино";"";"Наезд на стоящее ТС";"";"0";"0";"г Москва ул Маршала Василевского 7";"0,0";"1,0";"2,0";"3,0";
"532,0";"06,04,2019";"Хорошевский";"";"Столкновение";"М-10 Россия Москва - Тверь - Великий Новгород - Санкт-Петербург (основное направление)";"26";"300";"г Москва пр-кт Ленинградский 39";"0,0";"1,0";"3,0";"4,0";
"533,0";"06,04,2019";"Бирюлево Восточное";"";"Наезд на препятствие";"";"0";"0";"г Москва  ";"0,0";"1,0";"1,0";"2,0";
"534,0";"06,04,2019";"Соколиная гора";"";"Столкновение";"";"0";"0";"г Москва ул Фортунатовская 25";"0,0";"1,0";"2,0";"3,0";
"535,0";"06,04,2019";"Кузьминки";"";"Наезд на пешехода";"";"0";"0";"г Москва  ";"0,0";"1,0";"1,0";"2,0";
"536,0";"05,04,2019";"Северное Тушино";"";"Столкновение";"";"0";"0";"г Москва ул Туристская 13 1";"0,0";"1,0";"2,0";"3,0";
"537,0";"05,04,2019";"Южное Бутово";"";"Наезд на велосипедиста";"";"0";"0";"г Москва ул Южнобутовская 113";"0,0";"1,0";"2,0";"2,0";
"538,0";"05,04,2019";"Московский";"";"Столкновение";"М-3 Украина Москва - Калуга - Брянск - граница с Украиной (основное направление)";"25";"900";"  ";"0,0";"1,0";"3,0";"3,0";
"539,0";"05,04,2019";"Сокольники";"";"Столкновение";"";"0";"0";"г Москва проезд Ростокинский 11 стр 1";"0,0";"1,0";"2,0";"3,0";
"540,0";"05,04,2019";"Нагорный";"";"Наезд на пешехода";"";"0";"0";"г Москва  ";"0,0";"1,0";"1,0";"2,0";
"541,0";"05,04,2019";"Коптево";"";"Наезд на пешехода";"";"0";"0";"г Москва ул Зои и Александра Космодемьянских 31 кор 1";"0,0";"1,0";"1,0";"2,0";
"542,0";"05,04,2019";"Басманный";"";"Наезд на пешехода";"";"0";"0";"г Москва ул Басманная Стар, 5 стр11";"0,0";"1,0";"1,0";"2,0";
"543,0";"05,04,2019";"ГУ МВД 2 СП ДПС 2 бат,";"";"Наезд на препятствие";"А-106 Рублево-Успенское шоссе";"18";"0";"г Москва  ";"0,0";"1,0";"1,0";"1,0";
"544,0";"05,04,2019";"Таганский";"";"Столкновение";"";"0";"0";"г Москва ул Солянка 5 2стр4";"0,0";"1,0";"2,0";"3,0";
"545,0";"05,04,2019";"Донской";"";"Столкновение";"";"0";"0";"г Москва пр-кт Ленинский 30";"0,0";"1,0";"2,0";"3,0";
"546,0";"05,04,2019";"ГУ МВД 2 СП ДПС 2 бат,";"";"Наезд на пешехода";"А-106 Рублево-Успенское шоссе";"16";"0";"г Москва  ";"0,0";"1,0";"1,0";"2,0";
"547,0";"05,04,2019";"Соколиная гора";"";"Столкновение";"";"0";"0";"г Москва пр-кт Будённого 24, кор,1";"0,0";"1,0";"2,0";"2,0";
"548,0";"05,04,2019";"Бабушкинский";"";"Столкновение";"";"0";"0";"г Москва ул Енисейская 16 21";"0,0";"2,0";"3,0";"5,0";
"549,0";"05,04,2019";"Академический";"";"Наезд на пешехода";"";"0";"0";"г Москва ул Кржижановского 16";"0,0";"1,0";"1,0";"2,0";
"550,0";"05,04,2019";"Сокольники";"";"Наезд на пешехода";"";"0";"0";"г Москва ул Сокольническая 4-я 4";"0,0";"1,0";"1,0";"2,0";
"551,0";"05,04,2019";"Фили-Давыдково";"";"Наезд на стоящее ТС";"";"0";"0";"г Москва ул Кастанаевская 63, кор,2";"0,0";"1,0";"2,0";"3,0";
"552,0";"05,04,2019";"Гагаринский";"";"Наезд на пешехода";"";"0";"0";"г Москва пр-кт Ленинский 51";"0,0";"1,0";"1,0";"2,0";
"553,0";"05,04,2019";"Марьина роща";"";"Наезд на пешехода";"";"0";"0";"г Москва ул Сущёвский Вал 49 стр1";"0,0";"1,0";"1,0";"2,0";
"554,0";"05,04,2019";"Кунцево";"";"Столкновение";"Московская кольцевая автомобильная дорога (МКАД) внутренняя сторона";"58";"50";"г Москва  ";"0,0";"1,0";"2,0";"3,0";
"555,0";"05,04,2019";"Бирюлево Восточное";"";"Столкновение";"Московская кольцевая автомобильная дорога (МКАД) внутренняя сторона";"26";"300";"г Москва  ";"1,0";"0,0";"3,0";"2,0";
"556,0";"05,04,2019";"Пресненский";"";"Наезд на пешехода";"";"0";"0";"г Москва ул Никитская Б, 3";"0,0";"1,0";"1,0";"2,0";
"557,0";"05,04,2019";"Царицыно";"";"Наезд на пешехода";"";"0";"0";"г Москва  ";"0,0";"1,0";"1,0";"2,0";
"558,0";"05,04,2019";"Якиманка";"";"Столкновение";"";"0";"0";"г Москва пр-кт Ленинский 10";"0,0";"1,0";"2,0";"2,0";
"559,0";"04,04,2019";"Люблино";"";"Падение пассажира";"";"0";"0";"г Москва ул Цимлянская 28";"0,0";"1,0";"1,0";"2,0";
"560,0";"04,04,2019";"Митино";"";"Наезд на пешехода";"";"0";"0";"г Москва пер Митинский 3-й 8";"0,0";"1,0";"1,0";"2,0";
"561,0";"04,04,2019";"Южное Бутово";"";"Столкновение";"";"0";"0";"г Москва ул Бартеневская 33";"0,0";"2,0";"2,0";"3,0";
"562,0";"04,04,2019";"Головинский";"";"Столкновение";"";"0";"0";"г Москва ул Флотская 1";"0,0";"1,0";"2,0";"3,0";
"563,0";"04,04,2019";"Марьино";"";"Наезд на пешехода";"";"0";"0";"г Москва ул Перерва 56 2";"1,0";"0,0";"1,0";"2,0";
"564,0";"04,04,2019";"Таганский";"";"Наезд на препятствие";"";"0";"0";"г Москва ул Сергия Радонежского 12";"0,0";"1,0";"1,0";"2,0";
"565,0";"04,04,2019";"Перово";"";"Наезд на препятствие";"";"0";"0";"г Москва ш Энтузиастов 2с1А";"0,0";"1,0";"1,0";"2,0";
"566,0";"04,04,2019";"Кузьминки";"";"Столкновение";"";"0";"0";"г Москва ул Зеленодольская 20 9";"0,0";"1,0";"2,0";"2,0";
"567,0";"04,04,2019";"Донской";"";"Столкновение";"";"0";"0";"г Москва пр-кт Ленинский 30";"0,0";"1,0";"2,0";"3,0";
"568,0";"04,04,2019";"Северное Тушино";"";"Наезд на пешехода";"";"0";"0";"г Москва ул Героев Панфиловцев 37";"0,0";"1,0";"1,0";"2,0";
"569,0";"04,04,2019";"Новогиреево";"";"Наезд на пешехода";"";"0";"0";"г Москва ул Владимирская 2-я 52";"0,0";"1,0";"1,0";"2,0";
"570,0";"04,04,2019";"Марьино";"";"Наезд на велосипедиста";"";"0";"0";"г Москва  ";"0,0";"1,0";"2,0";"2,0";
"571,0";"04,04,2019";"Крюково";"";"Наезд на пешехода";"";"0";"0";"г Зеленоград ул Новокрюковская 1824";"0,0";"1,0";"1,0";"2,0";
"572,0";"04,04,2019";"Сокол";"";"Наезд на пешехода";"";"0";"0";"г Москва ул Новопесчаная 14";"0,0";"1,0";"1,0";"2,0";
"573,0";"04,04,2019";"Сокольники";"";"Наезд на пешехода";"";"0";"0";"г Москва  ";"0,0";"1,0";"1,0";"2,0";
"574,0";"04,04,2019";"Басманный";"";"Наезд на стоящее ТС";"";"0";"0";"г Москва  ";"0,0";"1,0";"2,0";"1,0";
"575,0";"04,04,2019";"Капотня";"";"Наезд на препятствие";"Московская кольцевая автомобильная дорога (МКАД) внутренняя сторона";"18";"800";"г Москва  ";"0,0";"1,0";"1,0";"1,0";
"576,0";"04,04,2019";"Щукино";"";"Падение пассажира";"";"0";"0";"г Москва  ";"0,0";"1,0";"1,0";"2,0";
"577,0";"04,04,2019";"Даниловский";"";"Наезд на пешехода";"";"0";"0";"г Москва ул Мытная 46 СТР3";"0,0";"1,0";"1,0";"2,0";
"578,0";"04,04,2019";"Метрогородок";"";"Столкновение";"";"0";"0";"г Москва ул Пермская 9";"0,0";"1,0";"2,0";"3,0";
"579,0";"04,04,2019";"Чертаново Южное";"";"Наезд на пешехода";"";"0";"0";"г Москва  ";"0,0";"1,0";"1,0";"2,0";
"580,0";"04,04,2019";"Южное Медведково";"";"Наезд на пешехода";"";"0";"0";"г Москва ул Полярная 1";"0,0";"1,0";"1,0";"2,0";
"581,0";"04,04,2019";"Северное Измайлово";"";"Наезд на пешехода";"";"0";"0";"г Москва б-р Сиреневый 23";"0,0";"1,0";"1,0";"2,0";
"582,0";"04,04,2019";"Капотня";"";"Наезд на стоящее ТС";"Московская кольцевая автомобильная дорога (МКАД) внешняя сторона";"17";"0";"г Москва  ";"0,0";"1,0";"2,0";"2,0";
"583,0";"03,04,2019";"Печатники";"";"Наезд на препятствие";"";"0";"0";"г Москва ул Южнопортовая д,42, с3";"0,0";"1,0";"2,0";"2,0";
"584,0";"03,04,2019";"Можайский";"";"Столкновение";"";"0";"0";"г Москва ул Нобеля 100";"0,0";"1,0";"2,0";"3,0";
"585,0";"03,04,2019";"Фили-Давыдково";"";"Столкновение";"";"0";"0";"г Москва пр-кт Кутузовский 48";"0,0";"1,0";"2,0";"2,0";
"586,0";"03,04,2019";"Ясенево";"";"Столкновение";"";"0";"0";"г Москва проезд Карамзина 1 к 1";"0,0";"1,0";"2,0";"2,0";
"587,0";"03,04,2019";"Северное Тушино";"";"Наезд на пешехода";"";"0";"0";"г Москва  ";"0,0";"1,0";"1,0";"2,0";
"588,0";"03,04,2019";"Северное Медведково";"";"Наезд на пешехода";"";"0";"0";"г Москва проезд Студёный 4";"0,0";"1,0";"1,0";"2,0";
"589,0";"03,04,2019";"Хамовники";"";"Наезд на стоящее ТС";"";"0";"0";"г Москва пр-кт Комсомольский 48";"1,0";"2,0";"2,0";"4,0";
"590,0";"03,04,2019";"Коньково";"";"Наезд на велосипедиста";"";"0";"0";"г Москва ул Миклухо-Маклая 36А";"0,0";"1,0";"2,0";"2,0";
"591,0";"03,04,2019";"Строгино";"";"Столкновение";"";"0";"0";"г Москва ул Маршала Прошлякова 32";"0,0";"1,0";"2,0";"3,0";
"592,0";"03,04,2019";"Ясенево";"";"Наезд на пешехода";"";"0";"0";"г Москва пр-кт Новоясеневский 1 Б стр,4";"0,0";"1,0";"1,0";"2,0";
"593,0";"03,04,2019";"Внуково";"";"Наезд на лицо, не являющееся участником дорожного движения, осуществляющее производство работ";"";"0";"0";"п Внуково ул Рейсовая 1-я 1 корп, 3";"0,0";"1,0";"1,0";"2,0";
"594,0";"03,04,2019";"Южное Тушино";"";"Столкновение";"";"0";"0";"г Москва проезд Трикотажный 4";"0,0";"1,0";"3,0";"4,0";
"595,0";"03,04,2019";"Люблино";"";"Столкновение";"Московская кольцевая автомобильная дорога (МКАД) внутренняя сторона";"10";"900";"г Москва  ";"0,0";"1,0";"2,0";"3,0";
"596,0";"03,04,2019";"Сокол";"";"Столкновение";"М-10 Россия Москва - Тверь - Великий Новгород - Санкт-Петербург (основное направление)";"26";"300";"г Москва пр-кт Ленинградский 75";"0,0";"1,0";"2,0";"2,0";
"597,0";"03,04,2019";"Щукино";"";"Наезд на пешехода";"";"0";"0";"г Москва  ";"0,0";"1,0";"1,0";"2,0";
"598,0";"03,04,2019";"Хамовники";"";"Наезд на пешехода";"";"0";"0";"г Москва пр-кт Комсомольский 31 стр,2";"0,0";"1,0";"1,0";"2,0";
"599,0";"03,04,2019";"Бескудниковский";"";"Столкновение";"";"0";"0";"г Москва б-р Бескудниковский 12 стр,1";"0,0";"1,0";"2,0";"2,0";
"600,0";"03,04,2019";"Войковский";"";"Столкновение";"";"0";"0";"г Москва ул Зои и Александра Космодемьянских 26 2-1";"0,0";"1,0";"2,0";"3,0";
"601,0";"03,04,2019";"Преображенское";"";"Наезд на велосипедиста";"";"0";"0";"г Москва ул Черкизовская Б, 16 2";"0,0";"1,0";"2,0";"2,0";
"602,0";"02,04,2019";"Южное Тушино";"";"Столкновение";"";"0";"0";"г Москва ул Лодочная 15";"0,0";"1,0";"2,0";"3,0";
"603,0";"02,04,2019";"Крылатское";"";"Наезд на пешехода";"";"0";"0";"г Москва ул Крылатская 31 кор,1";"0,0";"1,0";"1,0";"2,0";
"604,0";"02,04,2019";"Аэропорт";"";"Столкновение";"М-10 Россия Москва - Тверь - Великий Новгород - Санкт-Петербург (основное направление)";"26";"300";"г Москва пр-кт Ленинградский 64";"0,0";"1,0";"2,0";"3,0";
"605,0";"02,04,2019";"Царицыно";"";"Столкновение";"";"0";"0";"г Москва пр-кт Пролетарский 18";"0,0";"1,0";"2,0";"2,0";
"606,0";"02,04,2019";"Южное Тушино";"";"Наезд на пешехода";"";"0";"0";"г Москва проезд Донелайтиса 26";"0,0";"1,0";"1,0";"2,0";
"607,0";"02,04,2019";"Донской";"";"Падение пассажира";"";"0";"0";"г Москва пр-кт Ленинский 22";"0,0";"1,0";"1,0";"2,0";
"608,0";"02,04,2019";"Пресненский";"";"Наезд на пешехода";"";"0";"0";"г Москва ул Дружинниковская 30 стр,1";"0,0";"1,0";"1,0";"2,0";
"609,0";"02,04,2019";"Зюзино";"";"Столкновение";"";"0";"0";"г Москва ул Болотниковская 21";"0,0";"1,0";"2,0";"2,0";
"610,0";"02,04,2019";"Сосенское";"";"Наезд на стоящее ТС";"А-130 Москва - Малоярославец - Рославль - граница с Республикой Белоруссия (основное направление)";"27";"0";"  ";"0,0";"1,0";"2,0";"2,0";
"611,0";"02,04,2019";"Лианозово";"";"Столкновение";"Московская кольцевая автомобильная дорога (МКАД) внутренняя сторона";"83";"0";"г Москва  ";"0,0";"1,0";"2,0";"2,0";
"612,0";"02,04,2019";"Люблино";"";"Наезд на пешехода";"";"0";"0";"г Москва  ";"0,0";"1,0";"1,0";"2,0";
"613,0";"02,04,2019";"Хорошево-Мневники";"";"Столкновение";"";"0";"0";"г Москва ул Народного Ополчения 21к1";"0,0";"1,0";"3,0";"3,0";
"614,0";"02,04,2019";"Обручевский";"";"Наезд на препятствие";"";"0";"0";"г Москва пр-кт Ленинский 92";"0,0";"1,0";"1,0";"1,0";
"615,0";"02,04,2019";"Останкинский";"";"Столкновение";"";"0";"0";"г Москва ул Академика Королева 9";"0,0";"1,0";"2,0";"2,0";
"616,0";"02,04,2019";"Мещанский";"";"Падение пассажира";"";"0";"0";"г Москва пр-кт Мира 56";"0,0";"1,0";"1,0";"2,0";
"617,0";"02,04,2019";"Раменки";"";"Наезд на велосипедиста";"";"0";"0";"г Москва ул Раменки 12";"0,0";"1,0";"2,0";"2,0";
"618,0";"02,04,2019";"Измайлово";"";"Наезд на пешехода";"";"0";"0";"г Москва ул Первомайская 32 23";"0,0";"2,0";"1,0";"2,0";
"619,0";"02,04,2019";"Хорошевский";"";"Наезд на пешехода";"";"0";"0";"г Москва проезд Хорошёвский 2-й 5";"0,0";"1,0";"1,0";"2,0";
"620,0";"02,04,2019";"Новогиреево";"";"Наезд на пешехода";"";"0";"0";"г Москва  ";"0,0";"1,0";"1,0";"2,0";
"621,0";"02,04,2019";"Митино";"";"Столкновение";"";"0";"0";"г Москва ул Дубравная 43";"0,0";"1,0";"2,0";"2,0";
"622,0";"02,04,2019";"Орехово-Борисово Южное";"";"Наезд на пешехода";"";"0";"0";"г Москва б-р Ореховый 13";"0,0";"1,0";"1,0";"2,0";
"623,0";"02,04,2019";"Кунцево";"";"Столкновение";"";"0";"0";"г Москва ул Молодогвардейская 53";"0,0";"2,0";"2,0";"2,0";
"624,0";"02,04,2019";"Можайский";"";"Столкновение";"Московская кольцевая автомобильная дорога (МКАД) внутренняя сторона";"52";"150";"г Москва  ";"0,0";"2,0";"4,0";"5,0";
"625,0";"02,04,2019";"Ломоносовский";"";"Падение пассажира";"";"0";"0";"г Москва ул Архитектора Власова 22";"0,0";"1,0";"1,0";"2,0";
"626,0";"02,04,2019";"Новогиреево";"";"Наезд на пешехода";"";"0";"0";"г Москва  ";"0,0";"1,0";"1,0";"2,0";
"627,0";"02,04,2019";"Братеево";"";"Наезд на пешехода";"";"0";"0";"г Москва ул Ключевая 4 К1";"0,0";"1,0";"1,0";"2,0";
"628,0";"02,04,2019";"Очаково-Матвеевское";"";"Наезд на пешехода";"";"0";"0";"п Матвеевское ул Веерная 1 кор,5";"0,0";"1,0";"1,0";"2,0";
"629,0";"01,04,2019";"Дорогомилово";"";"Столкновение";"Третье транспортное кольцо (внутренняя сторона)";"12";"0";"г Москва пр-кт Кутузовский 39";"0,0";"2,0";"2,0";"3,0";
"630,0";"01,04,2019";"Зюзино";"";"Наезд на пешехода";"";"0";"0";"г Москва ул Азовская 4";"0,0";"1,0";"1,0";"2,0";
"631,0";"01,04,2019";"Чертаново Северное";"";"Наезд на пешехода";"";"0";"0";"г Москва мкр Чертаново Северное 5";"0,0";"1,0";"1,0";"2,0";
"632,0";"01,04,2019";"Метрогородок";"";"Наезд на пешехода";"";"0";"0";"г Москва  ";"0,0";"2,0";"1,0";"3,0";
"633,0";"01,04,2019";"Фили-Давыдково";"";"Наезд на пешехода";"";"0";"0";"г Москва пр-кт Кутузовский 57";"0,0";"1,0";"1,0";"2,0";
"634,0";"01,04,2019";"Ивановское";"";"Наезд на пешехода";"";"0";"0";"г Москва пр-кт Федеративный 41";"0,0";"1,0";"1,0";"2,0";
"635,0";"01,04,2019";"Бирюлево Западное";"";"Наезд на стоящее ТС";"Московская кольцевая автомобильная дорога (МКАД) внутренняя сторона";"31";"0";"г Москва  ";"0,0";"1,0";"4,0";"5,0";
"636,0";"01,04,2019";"Лосиноостровский";"";"Наезд на препятствие";"";"0";"0";"г Москва проезд Анадырский 10 кор, 2";"0,0";"2,0";"1,0";"3,0";
"637,0";"01,04,2019";"Замоскворечье";"";"Столкновение";"";"0";"0";"г Москва ул Зацепский Вал 5";"0,0";"2,0";"4,0";"5,0";
"638,0";"01,04,2019";"Ивановское";"";"Столкновение";"Московская кольцевая автомобильная дорога (МКАД) внутренняя сторона";"2";"0";"г Москва км МКАД 2-й 0";"0,0";"1,0";"2,0";"3,0";
"639,0";"01,04,2019";"Раменки";"";"Столкновение";"";"0";"0";"г Москва пр-кт Мичуринский 45";"0,0";"1,0";"2,0";"3,0";
"640,0";"01,04,2019";"Обручевский";"";"Столкновение";"";"0";"0";"г Москва ул Обручева Архитектора Власова";"0,0";"3,0";"2,0";"5,0";
"641,0";"01,04,2019";"Кузьминки";"";"Наезд на пешехода";"";"0";"0";"г Москва пр-кт Волгоградский 78";"1,0";"0,0";"1,0";"2,0";
"642,0";"01,04,2019";"Выхино-Жулебино";"";"Наезд на пешехода";"";"0";"0";"г Москва ул Авиаконструктора Миля 4";"0,0";"1,0";"1,0";"2,0";
"643,0";"01,04,2019";"Метрогородок";"";"Наезд на стоящее ТС";"Московская кольцевая автомобильная дорога (МКАД) внешняя сторона";"95";"0";"г Москва  ";"0,0";"1,0";"3,0";"3,0";
"644,0";"01,04,2019";"Пресненский";"";"Падение пассажира";"";"0";"0";"г Москва ул Заморёнова 24 стр 3";"0,0";"1,0";"1,0";"2,0";
"645,0";"01,04,2019";"Коньково";"";"Наезд на стоящее ТС";"";"0";"0";"г Москва ул Обручева 30 1";"0,0";"1,0";"2,0";"2,0";
"646,0";"01,04,2019";"Кунцево";"";"Столкновение";"";"0";"0";"г Москва ул Академика Павлова 25";"0,0";"1,0";"2,0";"2,0";
"647,0";"01,04,2019";"Южное Тушино";"";"Наезд на препятствие";"";"0";"0";"г Москва проезд Строительный 7 к,3";"0,0";"1,0";"1,0";"2,0";
"648,0";"01,04,2019";"Обручевский";"";"Наезд на пешехода";"";"0";"0";"г Москва ул Островитянова 1";"0,0";"1,0";"1,0";"2,0";