"1,0";"31,01,2019";"Южное Тушино";"";"Наезд на пешехода";"";"0";"0";"г Москва  ";"0,0";"1,0";"1,0";"2,0";
"3,0";"31,01,2019";"Можайский";"";"Столкновение";"Московская кольцевая автомобильная дорога (МКАД) внешняя сторона";"53";"0";"г Москва  ";"0,0";"1,0";"2,0";"3,0";
"4,0";"31,01,2019";"Лефортово";"";"Столкновение";"";"0";"0";"г Москва ул Солдатская 10";"0,0";"1,0";"2,0";"3,0";
"5,0";"31,01,2019";"Очаково-Матвеевское";"";"Наезд на пешехода";"";"0";"0";"п Матвеевское ул Нежинская 4";"0,0";"2,0";"1,0";"3,0";
"6,0";"31,01,2019";"Выхино-Жулебино";"";"Столкновение";"Московская кольцевая автомобильная дорога (МКАД) внутренняя сторона";"8";"300";"г Москва км МКАД 9-й 0";"0,0";"1,0";"2,0";"2,0";
"7,0";"31,01,2019";"Донской";"";"Наезд на пешехода";"";"0";"0";"г Москва ул Орджоникидзе 1";"0,0";"1,0";"1,0";"2,0";
"8,0";"31,01,2019";"Орехово-Борисово Южное";"";"Наезд на стоящее ТС";"Московская кольцевая автомобильная дорога (МКАД) внутренняя сторона";"21";"0";"г Москва  ";"0,0";"3,0";"2,0";"3,0";
"9,0";"31,01,2019";"Якиманка";"";"Наезд на пешехода";"";"0";"0";"г Москва ул Ордынка Б, 28";"0,0";"1,0";"1,0";"2,0";
"10,0";"31,01,2019";"Нагатино-Садовники";"";"Наезд на пешехода";"";"0";"0";"г Москва  ";"0,0";"1,0";"1,0";"3,0";
"11,0";"31,01,2019";"Орехово-Борисово Южное";"";"Столкновение";"Московская кольцевая автомобильная дорога (МКАД) внешняя сторона";"21";"0";"г Москва  ";"0,0";"1,0";"3,0";"3,0";
"12,0";"31,01,2019";"Можайский";"";"Наезд на препятствие";"Московская кольцевая автомобильная дорога (МКАД) внешняя сторона";"54";"0";"г Москва  ";"0,0";"1,0";"3,0";"2,0";
"13,0";"31,01,2019";"Таганский";"";"Наезд на пешехода";"";"0";"0";"г Москва ул Земляной Вал 53";"0,0";"1,0";"1,0";"2,0";
"14,0";"31,01,2019";"Южнопортовый";"";"Наезд на пешехода";"";"0";"0";"г Москва ул Южнопортовая 12";"0,0";"1,0";"1,0";"2,0";
"15,0";"31,01,2019";"Дорогомилово";"";"Наезд на стоящее ТС";"Третье транспортное кольцо (внутренняя сторона)";"2";"240";"г Москва пр-кт Кутузовский 32 корп, 1 (ТТК)";"0,0";"1,0";"2,0";"2,0";
"16,0";"31,01,2019";"Роговское поселение";"";"Наезд на пешехода";"";"0";"0";"п Рогово  ";"0,0";"1,0";"1,0";"2,0";
"17,0";"31,01,2019";"Кузьминки";"";"Падение пассажира";"";"0";"0";"г Москва ул Юных Ленинцев 68";"0,0";"1,0";"1,0";"2,0";
"18,0";"31,01,2019";"Кунцево";"";"Наезд на пешехода";"";"0";"0";"г Москва ул Партизанская 35 к1";"0,0";"1,0";"1,0";"2,0";
"19,0";"31,01,2019";"Южное Тушино";"";"Наезд на пешехода";"";"0";"0";"г Москва ул Фабрициуса 24 1";"0,0";"1,0";"1,0";"2,0";
"20,0";"30,01,2019";"Покровское-Стрешнево";"";"Наезд на пешехода";"";"0";"0";"г Москва ул Свободы 11 1";"0,0";"1,0";"1,0";"2,0";
"21,0";"30,01,2019";"Северное Тушино";"";"Столкновение";"";"0";"0";"г Москва ул Туристская 13-1";"0,0";"1,0";"2,0";"3,0";
"22,0";"30,01,2019";"Филевский парк";"";"Наезд на пешехода";"";"0";"0";"г Москва ул Кастанаевская 4";"0,0";"1,0";"1,0";"2,0";
"23,0";"30,01,2019";"Восточное Измайлово";"";"Наезд на пешехода";"";"0";"0";"г Москва ул Первомайская Нижн, 46";"0,0";"1,0";"1,0";"2,0";
"24,0";"30,01,2019";"Косино-Ухтомский";"";"Столкновение";"";"0";"0";"п Ухтомский ул Святоозерская 21";"0,0";"1,0";"2,0";"3,0";
"25,0";"30,01,2019";"Северное Бутово";"";"Наезд на пешехода";"";"0";"0";"п Бутово ул Грина 20";"0,0";"1,0";"1,0";"2,0";
"26,0";"30,01,2019";"Нагорный";"";"Столкновение";"";"0";"0";"г Москва ш Варшавское 46";"0,0";"1,0";"3,0";"3,0";
"27,0";"30,01,2019";"Бабушкинский";"";"Наезд на пешехода";"";"0";"0";"г Москва ул Лётчика Бабушкина 3";"0,0";"1,0";"1,0";"2,0";
"28,0";"30,01,2019";"Останкинский";"";"Наезд на пешехода";"";"0";"0";"г Москва ул Академика Королева 12";"0,0";"1,0";"1,0";"2,0";
"29,0";"30,01,2019";"Коптево";"";"Столкновение";"";"0";"0";"г Москва ул Коптевская 85";"0,0";"1,0";"2,0";"3,0";
"30,0";"30,01,2019";"Царицыно";"";"Наезд на пешехода";"";"0";"0";"г Москва пр-кт Пролетарский 14 49";"0,0";"1,0";"1,0";"2,0";
"31,0";"30,01,2019";"Московский";"";"Столкновение";"М-3 Украина Москва - Калуга - Брянск - граница с Украиной (основное направление)";"25";"507";"  ";"1,0";"2,0";"4,0";"5,0";
"32,0";"30,01,2019";"Бибирево";"";"Наезд на пешехода";"";"0";"0";"г Москва ул Пришвина 17";"0,0";"1,0";"1,0";"2,0";
"33,0";"30,01,2019";"Вешняки";"";"Наезд на пешехода";"";"0";"0";"г Москва ул Реутовская 24";"0,0";"1,0";"1,0";"2,0";
"34,0";"30,01,2019";"Роговское поселение";"";"Столкновение";"А-130 Москва - Малоярославец - Рославль - граница с Республикой Белоруссия (основное направление)";"38";"0";"  ";"0,0";"1,0";"2,0";"2,0";
"35,0";"30,01,2019";"Таганский";"";"Столкновение";"";"0";"0";"г Москва ул Рогожский Вал 9 2";"0,0";"1,0";"2,0";"2,0";
"36,0";"30,01,2019";"Замоскворечье";"";"Наезд на пешехода";"";"0";"0";"г Москва ул Кожевническая 3";"0,0";"1,0";"1,0";"2,0";
"37,0";"30,01,2019";"Крюково";"";"Столкновение";"";"0";"0";"г Зеленоград ул Новокрюковская 1824";"0,0";"1,0";"2,0";"2,0";
"38,0";"30,01,2019";"Московский";"";"Столкновение";"М-3 Украина Москва - Калуга - Брянск - граница с Украиной (основное направление)";"26";"990";"  ";"0,0";"1,0";"2,0";"3,0";
"39,0";"30,01,2019";"Косино-Ухтомский";"";"Столкновение";"Московская кольцевая автомобильная дорога (МКАД) внешняя сторона";"6";"900";"п Ухтомский  ";"0,0";"1,0";"4,0";"4,0";
"40,0";"30,01,2019";"Лефортово";"";"Столкновение";"";"0";"0";"г Москва ул Красноказарменная 4 1";"0,0";"1,0";"2,0";"3,0";
"41,0";"29,01,2019";"Останкинский";"";"Наезд на пешехода";"";"0";"0";"г Москва  ";"0,0";"1,0";"1,0";"2,0";
"42,0";"29,01,2019";"Северное Измайлово";"";"Наезд на пешехода";"";"0";"0";"г Москва ул Парковая 3-я 54 корп, 1";"0,0";"1,0";"1,0";"2,0";
"43,0";"29,01,2019";"Северное Медведково";"";"Наезд на пешехода";"";"0";"0";"г Москва ул Широкая 16а";"0,0";"1,0";"1,0";"2,0";
"44,0";"29,01,2019";"Замоскворечье";"";"Наезд на пешехода";"";"0";"0";"г Москва ул Садовническая 25";"0,0";"1,0";"1,0";"2,0";
"45,0";"29,01,2019";"Таганский";"";"Наезд на пешехода";"";"0";"0";"г Москва пер Ковров 1";"0,0";"1,0";"1,0";"2,0";
"46,0";"29,01,2019";"Северное Тушино";"";"Столкновение";"";"0";"0";"г Москва ул Свободы 95, к, 2";"0,0";"1,0";"3,0";"4,0";
"47,0";"29,01,2019";"Северное Медведково";"";"Наезд на стоящее ТС";"Московская кольцевая автомобильная дорога (МКАД) внутренняя сторона";"90";"700";"г Москва  ";"0,0";"1,0";"4,0";"5,0";
"48,0";"29,01,2019";"Марьино";"";"Наезд на пешехода";"";"0";"0";"г Москва ул Братиславская 34 к,1";"0,0";"1,0";"1,0";"2,0";
"49,0";"29,01,2019";"Вешняки";"";"Наезд на пешехода";"";"0";"0";"г Москва ул Красный Казанец 1 корп, 1";"0,0";"1,0";"1,0";"2,0";
"50,0";"29,01,2019";"Покровское-Стрешнево";"";"Столкновение";"";"0";"0";"г Москва ул Свободы 4";"0,0";"1,0";"2,0";"2,0";
"51,0";"29,01,2019";"Выхино-Жулебино";"";"Наезд на стоящее ТС";"Московская кольцевая автомобильная дорога (МКАД) внешняя сторона";"10";"200";"г Москва  ";"0,0";"1,0";"2,0";"3,0";
"52,0";"29,01,2019";"Некрасовка";"";"Наезд на пешехода";"";"0";"0";"п Некрасовка пр-кт Защитников Москвы 1";"0,0";"1,0";"1,0";"2,0";
"53,0";"29,01,2019";"Кунцево";"";"Столкновение";"";"0";"0";"г Москва ул Ярцевская 11";"0,0";"1,0";"3,0";"3,0";
"54,0";"29,01,2019";"ГУ МВД 2 СП ДПС 2 бат,";"";"Столкновение";"А-106 Рублево-Успенское шоссе";"23";"0";"г Москва  ";"0,0";"1,0";"2,0";"2,0";
"55,0";"29,01,2019";"Теплый Стан";"";"Столкновение";"Московская кольцевая автомобильная дорога (МКАД) внутренняя сторона";"42";"150";"г Москва  ";"0,0";"1,0";"3,0";"3,0";
"56,0";"29,01,2019";"Коптево";"";"Наезд на пешехода";"";"0";"0";"г Москва ул Михалковская 52";"0,0";"1,0";"1,0";"2,0";
"57,0";"29,01,2019";"Отрадное";"";"Столкновение";"";"0";"0";"г Москва ул Декабристов 17";"0,0";"1,0";"3,0";"2,0";
"58,0";"29,01,2019";"Нижегородский";"";"Наезд на пешехода";"";"0";"0";"г Москва ул Скотопрогонная 21 23 стр6";"0,0";"1,0";"1,0";"2,0";
"59,0";"29,01,2019";"Люблино";"";"Столкновение";"";"0";"0";"г Москва ул Верхние Поля 27";"0,0";"1,0";"2,0";"3,0";
"60,0";"29,01,2019";"Лианозово";"";"Наезд на пешехода";"";"0";"0";"г Москва ул Череповецкая 20";"0,0";"1,0";"1,0";"2,0";
"61,0";"28,01,2019";"Молжаниновский";"";"Столкновение";"М-10 Россия Москва - Тверь - Великий Новгород - Санкт-Петербург (основное направление)";"700";"0";"г Москва ш Международное -";"0,0";"1,0";"2,0";"3,0";
"62,0";"28,01,2019";"Мещанский";"";"Наезд на пешехода";"";"0";"0";"г Москва пер Пушкарёв 15";"0,0";"1,0";"1,0";"2,0";
"63,0";"28,01,2019";"Левобережный";"";"Наезд на пешехода";"";"0";"0";"г Москва ул Беломорская 36, стр,2";"0,0";"1,0";"1,0";"2,0";
"64,0";"28,01,2019";"Останкинский";"";"Столкновение";"";"0";"0";"г Москва пр-кт Мира 109";"0,0";"1,0";"2,0";"3,0";
"65,0";"28,01,2019";"Бирюлево Западное";"";"Наезд на пешехода";"";"0";"0";"г Москва ул Медынская 7 К1";"0,0";"1,0";"1,0";"2,0";
"66,0";"28,01,2019";"Академический";"";"Наезд на пешехода";"";"0";"0";"г Москва ул Кржижановского 19 28";"0,0";"1,0";"1,0";"2,0";
"67,0";"28,01,2019";"Капотня";"";"Столкновение";"Московская кольцевая автомобильная дорога (МКАД) внутренняя сторона";"17";"300";"г Москва км МКАД 17-й 0";"0,0";"1,0";"2,0";"2,0";
"68,0";"28,01,2019";"Можайский";"";"Наезд на пешехода";"";"0";"0";"г Москва ул Горбунова 2";"0,0";"1,0";"1,0";"2,0";
"69,0";"28,01,2019";"Марушкинское";"";"Наезд на препятствие";"М-3 Украина Москва - Калуга - Брянск - граница с Украиной (основное направление)";"37";"0";"  ";"0,0";"4,0";"5,0";"7,0";
"70,0";"28,01,2019";"Ярославский";"";"Наезд на пешехода";"";"0";"0";"г Москва  ";"0,0";"1,0";"1,0";"2,0";
"71,0";"28,01,2019";"Северное Тушино";"";"Столкновение";"";"0";"0";"г Москва ул Свободы 61";"0,0";"1,0";"2,0";"2,0";
"72,0";"27,01,2019";"Северное Тушино";"";"Столкновение";"";"0";"0";"г Москва ул Свободы 99";"0,0";"4,0";"3,0";"5,0";
"73,0";"27,01,2019";"Кунцево";"";"Наезд на препятствие";"Московская кольцевая автомобильная дорога (МКАД) внутренняя сторона";"60";"0";"г Москва  ";"0,0";"1,0";"1,0";"2,0";
"74,0";"27,01,2019";"Ховрино";"";"Наезд на пешехода";"";"0";"0";"г Москва ул Петрозаводская 1";"0,0";"1,0";"1,0";"2,0";
"75,0";"27,01,2019";"Солнцево";"";"Столкновение";"";"0";"0";"г Москва ш Боровское владение 12";"0,0";"1,0";"2,0";"3,0";
"76,0";"27,01,2019";"Бирюлево Западное";"";"Столкновение";"Московская кольцевая автомобильная дорога (МКАД) внешняя сторона";"31";"0";"г Москва  ";"0,0";"1,0";"2,0";"3,0";
"77,0";"27,01,2019";"Ново-Переделкино";"";"Наезд на пешехода";"";"0";"0";"г Москва ш Боровское 23";"0,0";"1,0";"1,0";"2,0";
"78,0";"27,01,2019";"Капотня";"111111111";"Столкновение";"Московская кольцевая автомобильная дорога (МКАД) внешняя сторона";"15";"0";"г Москва км МКАД 15-й 0";"0,0";"1,0";"2,0";"3,0";
"79,0";"27,01,2019";"Западное Дегунино";"";"Столкновение";"Московская кольцевая автомобильная дорога (МКАД) внешняя сторона";"76";"600";"г Москва  ";"0,0";"1,0";"2,0";"2,0";
"80,0";"27,01,2019";"Гольяново";"";"Наезд на стоящее ТС";"Московская кольцевая автомобильная дорога (МКАД) внутренняя сторона";"98";"100";"г Москва  ";"0,0";"1,0";"2,0";"2,0";
"81,0";"27,01,2019";"Тропарево-Никулино";"";"Столкновение";"";"0";"0";"г Москва пр-кт Вернадского 109";"0,0";"1,0";"2,0";"3,0";
"82,0";"27,01,2019";"Ясенево";"";"Наезд на пешехода";"";"0";"0";"г Москва б-р Литовский 9 7";"0,0";"1,0";"1,0";"2,0";
"83,0";"27,01,2019";"Обручевский";"";"Столкновение";"";"0";"0";"г Москва пр-кт Ленинский 109";"0,0";"1,0";"2,0";"3,0";
"84,0";"27,01,2019";"Люблино";"";"Столкновение";"";"0";"0";"г Москва ул Совхозная 12";"0,0";"1,0";"2,0";"3,0";
"85,0";"27,01,2019";"Южное Медведково";"";"Наезд на пешехода";"";"0";"0";"г Москва  ";"0,0";"1,0";"1,0";"2,0";
"86,0";"27,01,2019";"Зюзино";"";"Столкновение";"";"0";"0";"г Москва ул Азовская 32";"0,0";"1,0";"3,0";"3,0";
"87,0";"27,01,2019";"Бескудниковский";"";"Столкновение";"";"0";"0";"г Москва ш Коровинское 6,корпус 2";"0,0";"1,0";"2,0";"3,0";
"88,0";"27,01,2019";"Савеловский";"";"Столкновение";"Третье транспортное кольцо (внешняя сторона)";"39";"100";"г Москва ул Масловка Н, 6";"0,0";"1,0";"2,0";"3,0";
"89,0";"27,01,2019";"Гольяново";"";"Столкновение";"";"0";"0";"г Москва ул Хабаровская 6";"0,0";"1,0";"2,0";"3,0";
"90,0";"27,01,2019";"Северное Тушино";"";"Столкновение";"";"0";"0";"г Москва ул Вилиса Лациса 23";"0,0";"1,0";"2,0";"2,0";
"91,0";"26,01,2019";"Нагорный";"";"Столкновение";"";"0";"0";"г Москва б-р Чонгарский 3";"0,0";"1,0";"2,0";"2,0";
"92,0";"26,01,2019";"Кузьминки";"";"Наезд на пешехода";"";"0";"0";"г Москва б-р Есенинский 11";"0,0";"1,0";"1,0";"2,0";
"93,0";"26,01,2019";"Донской";"";"Столкновение";"Третье транспортное кольцо (внутренняя сторона)";"9";"950";"г Москва ул Тульская Б, 19";"0,0";"1,0";"2,0";"3,0";
"94,0";"26,01,2019";"Строгино";"";"Наезд на пешехода";"";"0";"0";"г Москва ул Твардовского 31-1";"0,0";"1,0";"1,0";"2,0";
"95,0";"26,01,2019";"Западное Дегунино";"";"Наезд на пешехода";"";"0";"0";"г Москва ул Дегунинская 13";"0,0";"2,0";"1,0";"3,0";
"96,0";"26,01,2019";"Аэропорт";"";"Наезд на пешехода";"";"0";"0";"г Москва ул Красноармейская 8 корпус 1";"0,0";"1,0";"1,0";"2,0";
"97,0";"26,01,2019";"Печатники";"";"Наезд на препятствие";"";"0";"0";"г Москва ул Шоссейная 82";"1,0";"0,0";"1,0";"1,0";
"98,0";"26,01,2019";"Коньково";"";"Наезд на пешехода";"";"0";"0";"г Москва ул Академика Волгина 41";"0,0";"1,0";"1,0";"2,0";
"99,0";"26,01,2019";"Ярославский";"";"Столкновение";"";"0";"0";"г Москва ш Ярославское 122 к 1";"0,0";"1,0";"2,0";"2,0";
"100,0";"26,01,2019";"Бутырский";"";"Столкновение";"";"0";"0";"г Москва ул Бутырская 6";"0,0";"1,0";"2,0";"3,0";
"101,0";"26,01,2019";"Дмитровский";"";"Столкновение";"";"0";"0";"г Москва ш Коровинское 45";"0,0";"1,0";"3,0";"3,0";
"102,0";"26,01,2019";"Отрадное";"";"Наезд на пешехода";"";"0";"0";"г Москва  ";"0,0";"1,0";"1,0";"2,0";
"103,0";"26,01,2019";"Измайлово";"";"Столкновение";"";"0";"0";"г Москва б-р Сиреневый 28";"0,0";"1,0";"2,0";"3,0";
"104,0";"26,01,2019";"Гагаринский";"";"Наезд на препятствие";"";"0";"0";"г Москва пр-кт Ленинский 44";"0,0";"1,0";"1,0";"1,0";
"105,0";"26,01,2019";"Отрадное";"";"Наезд на пешехода";"";"0";"0";"г Москва проезд Сигнальный 2 по Алтуфьевскому ш";"0,0";"1,0";"1,0";"2,0";
"106,0";"26,01,2019";"Раменки";"";"Наезд на пешехода";"";"0";"0";"г Москва пр-кт Ломоносовский 25";"0,0";"1,0";"1,0";"2,0";
"107,0";"26,01,2019";"Тверской";"";"Наезд на пешехода";"";"0";"0";"г Москва ул Новослободская 20";"0,0";"1,0";"1,0";"2,0";
"108,0";"26,01,2019";"Перово";"";"Наезд на пешехода";"";"0";"0";"г Москва ул Кусковская 5";"0,0";"1,0";"1,0";"2,0";
"109,0";"26,01,2019";"Савёлки";"";"Столкновение";"";"0";"0";"г Зеленоград пр-кт Центральный 445";"0,0";"1,0";"2,0";"3,0";
"110,0";"26,01,2019";"Можайский";"";"Наезд на препятствие";"";"0";"0";"г Москва ш Можайское 4";"0,0";"1,0";"1,0";"2,0";
"111,0";"26,01,2019";"Щукино";"";"Падение пассажира";"";"0";"0";"г Москва проезд Волоколамский 1-й 7 1";"0,0";"1,0";"1,0";"2,0";
"112,0";"26,01,2019";"Некрасовка";"";"Столкновение";"";"0";"0";"п Некрасовка ул Недорубова 22";"0,0";"1,0";"2,0";"2,0";
"113,0";"25,01,2019";"Кузьминки";"";"Наезд на пешехода";"";"0";"0";"г Москва пр-кт Волгоградский 125";"0,0";"2,0";"1,0";"3,0";
"114,0";"25,01,2019";"Лефортово";"";"Столкновение";"Третье транспортное кольцо (внутренняя сторона)";"33";"700";"г Москва пл Красноказарменная 1";"0,0";"1,0";"4,0";"4,0";
"115,0";"25,01,2019";"Гагаринский";"";"Столкновение";"Третье транспортное кольцо (внутренняя сторона)";"11";"0";"г Москва пр-кт Ленинский 32";"0,0";"1,0";"2,0";"2,0";
"116,0";"25,01,2019";"Бескудниковский";"";"Наезд на пешехода";"";"0";"0";"г Москва ул Дубнинская 37 к1";"0,0";"1,0";"1,0";"2,0";
"117,0";"25,01,2019";"Клёновское";"";"Наезд на пешехода";"А-130 Москва - Малоярославец - Рославль - граница с Республикой Белоруссия (основное направление)";"15";"0";"д Киселёво  ";"1,0";"1,0";"1,0";"3,0";
"118,0";"25,01,2019";"Вешняки";"";"Столкновение";"";"0";"0";"г Москва ул Красный Казанец 7";"0,0";"2,0";"3,0";"4,0";
"119,0";"25,01,2019";"Митино";"";"Столкновение";"";"0";"0";"г Москва ул Митинская 40 к, 3";"0,0";"1,0";"2,0";"2,0";
"120,0";"25,01,2019";"Выхино-Жулебино";"";"Наезд на пешехода";"";"0";"0";"г Москва ш Новорязанское 3 км, МГО 119";"1,0";"0,0";"1,0";"2,0";
"121,0";"25,01,2019";"Черемушки";"";"Наезд на стоящее ТС";"";"0";"0";"г Москва ул Обручева 31";"1,0";"1,0";"2,0";"3,0";
"122,0";"25,01,2019";"Митино";"";"Столкновение";"";"0";"0";"г Москва ш Пятницкое 23";"0,0";"1,0";"2,0";"2,0";
"123,0";"25,01,2019";"Выхино-Жулебино";"";"Столкновение";"Московская кольцевая автомобильная дорога (МКАД) внешняя сторона";"8";"0";"г Москва  ";"0,0";"1,0";"2,0";"3,0";
"124,0";"25,01,2019";"Донской";"";"Столкновение";"Третье транспортное кольцо (внутренняя сторона)";"10";"800";"г Москва проезд Донской 5-й 23";"0,0";"1,0";"2,0";"2,0";
"125,0";"25,01,2019";"Черемушки";"";"Наезд на пешехода";"";"0";"0";"г Москва пр-кт Нахимовский 69";"0,0";"1,0";"1,0";"2,0";
"126,0";"25,01,2019";"Ховрино";"";"Наезд на пешехода";"";"0";"0";"г Москва ул Зеленоградская 43";"0,0";"1,0";"1,0";"2,0";
"127,0";"25,01,2019";"Свиблово";"";"Столкновение";"";"0";"0";"п Свиблово ул Ивовая 6";"0,0";"1,0";"2,0";"2,0";
"128,0";"25,01,2019";"Троицк";"";"Наезд на пешехода";"";"0";"0";"г Троицк ул Нагорная 10";"0,0";"1,0";"1,0";"2,0";
"129,0";"25,01,2019";"Лосиноостровский";"";"Столкновение";"";"0";"0";"г Москва ул Малыгина 1 стр 2";"0,0";"1,0";"2,0";"2,0";
"130,0";"25,01,2019";"Кузьминки";"";"Наезд на пешехода";"";"0";"0";"г Москва б-р Есенинский 4 15";"0,0";"1,0";"1,0";"2,0";
"131,0";"25,01,2019";"Нагатинский затон";"";"Столкновение";"";"0";"0";"г Москва ул Коломенская 11";"0,0";"3,0";"3,0";"4,0";
"132,0";"25,01,2019";"Войковский";"";"Наезд на пешехода";"";"0";"0";"г Москва  ";"0,0";"1,0";"1,0";"2,0";
"133,0";"25,01,2019";"Богородское";"";"Наезд на пешехода";"";"0";"0";"г Москва проезд Тюменский 5";"0,0";"1,0";"1,0";"2,0";
"134,0";"25,01,2019";"Басманный";"";"Наезд на пешехода";"";"0";"0";"г Москва ул Красносельская Нижн, 44";"1,0";"0,0";"1,0";"2,0";
"135,0";"25,01,2019";"Дмитровский";"";"Столкновение";"";"0";"0";"г Москва проезд Ижорский 7";"0,0";"2,0";"2,0";"3,0";
"136,0";"24,01,2019";"Раменки";"";"Столкновение";"";"0";"0";"г Москва ул Винницкая 4";"0,0";"3,0";"2,0";"3,0";
"137,0";"24,01,2019";"Орехово-Борисово Северное";"";"Столкновение";"";"0";"0";"г Москва проезд Шипиловский 29";"0,0";"1,0";"2,0";"2,0";
"138,0";"24,01,2019";"Орехово-Борисово Южное";"";"Наезд на пешехода";"Московская кольцевая автомобильная дорога (МКАД) внешняя сторона";"23";"0";"г Москва  ";"1,0";"0,0";"1,0";"2,0";
"139,0";"24,01,2019";"Северное Тушино";"";"Столкновение";"";"0";"0";"г Москва ул Нерис Саломеи 6 2";"0,0";"2,0";"4,0";"5,0";
"140,0";"24,01,2019";"Можайский";"";"Столкновение";"";"0";"0";"г Москва ул Верейская 31";"0,0";"1,0";"2,0";"2,0";
"141,0";"24,01,2019";"Раменки";"";"Столкновение";"";"0";"0";"г Москва пр-кт Мичуринский 8";"0,0";"4,0";"2,0";"5,0";
"142,0";"24,01,2019";"Бирюлево Восточное";"";"Наезд на пешехода";"";"0";"0";"г Москва ул Михневская 11 К1";"0,0";"1,0";"1,0";"2,0";
"143,0";"24,01,2019";"Очаково-Матвеевское";"";"Столкновение";"Московская кольцевая автомобильная дорога (МКАД) внешняя сторона";"49";"0";"п Матвеевское  ";"0,0";"1,0";"2,0";"3,0";
"144,0";"24,01,2019";"Коньково";"";"Наезд на пешехода";"";"0";"0";"г Москва ул Островитянова 31";"0,0";"1,0";"1,0";"2,0";
"145,0";"24,01,2019";"Ломоносовский";"";"Столкновение";"";"0";"0";"г Москва пр-кт Ленинский 86";"0,0";"1,0";"2,0";"2,0";
"146,0";"24,01,2019";"Первомайское поселение";"";"Столкновение";"";"0";"0";"д Клоково  ";"0,0";"1,0";"2,0";"3,0";
"147,0";"24,01,2019";"Хамовники";"";"Падение пассажира";"";"0";"0";"г Москва пл Боровицкая 1";"0,0";"1,0";"1,0";"2,0";
"148,0";"24,01,2019";"Академический";"";"Столкновение";"";"0";"0";"г Москва пр-кт Нахимовский 30 43";"0,0";"1,0";"2,0";"2,0";
"149,0";"24,01,2019";"Нагатино-Садовники";"";"Наезд на пешехода";"";"0";"0";"г Москва  ";"0,0";"1,0";"1,0";"2,0";
"150,0";"24,01,2019";"Северное Бутово";"";"Наезд на стоящее ТС";"";"0";"0";"п Бутово ул Варшавское шоссе д, 1В по ул, Грина";"0,0";"1,0";"3,0";"3,0";
"151,0";"24,01,2019";"Таганский";"";"Падение пассажира";"";"0";"0";"г Москва ул Солянка 1 2стр2";"0,0";"1,0";"1,0";"2,0";
"152,0";"24,01,2019";"Рязанский";"";"Столкновение";"";"0";"0";"г Москва ул Яснополянская 9 4";"0,0";"1,0";"2,0";"2,0";
"153,0";"24,01,2019";"Соколиная гора";"";"Столкновение";"";"0";"0";"г Москва пр-кт Будённого 39 корп, 1";"0,0";"1,0";"2,0";"3,0";
"154,0";"24,01,2019";"Краснопахорское поселение";"";"Опрокидывание";"";"0";"0";"  ";"0,0";"1,0";"1,0";"1,0";
"155,0";"24,01,2019";"Ясенево";"";"Наезд на пешехода";"";"0";"0";"г Москва ул Голубинская 15 10";"0,0";"1,0";"1,0";"2,0";
"156,0";"24,01,2019";"Новогиреево";"";"Столкновение";"";"0";"0";"г Москва пр-кт Зелёный 30";"0,0";"1,0";"2,0";"2,0";
"157,0";"24,01,2019";"Ново-Переделкино";"";"Наезд на пешехода";"";"0";"0";"г Москва ш Боровское 47";"0,0";"1,0";"1,0";"2,0";
"158,0";"24,01,2019";"Куркино";"";"Наезд на пешехода";"";"0";"0";"г Москва ш Новокуркинское 51";"0,0";"1,0";"1,0";"2,0";
"159,0";"24,01,2019";"Митино";"";"Наезд на пешехода";"";"0";"0";"г Москва ш Пятницкое 15";"0,0";"1,0";"1,0";"2,0";
"160,0";"24,01,2019";"Орехово-Борисово Южное";"";"Наезд на пешехода";"";"0";"0";"г Москва проезд Гурьевский 21 К1";"0,0";"1,0";"1,0";"2,0";
"161,0";"24,01,2019";"Щукино";"";"Падение пассажира";"";"0";"0";"г Москва ул Гамалеи 10";"0,0";"1,0";"1,0";"2,0";
"162,0";"24,01,2019";"Текстильщики";"";"Столкновение";"";"0";"0";"г Москва ул Люблинская 6";"0,0";"1,0";"3,0";"3,0";
"163,0";"24,01,2019";"Замоскворечье";"";"Наезд на пешехода";"";"0";"0";"г Москва ул Пятницкая 49";"0,0";"1,0";"1,0";"2,0";
"164,0";"23,01,2019";"Останкинский";"";"Столкновение";"";"0";"0";"г Москва ул Академика Королева 1";"0,0";"1,0";"2,0";"2,0";
"165,0";"23,01,2019";"Южнопортовый";"";"Наезд на пешехода";"";"0";"0";"г Москва ул Южнопортовая 16";"1,0";"0,0";"1,0";"2,0";
"166,0";"23,01,2019";"Хорошевский";"";"Наезд на пешехода";"";"0";"0";"г Москва проезд Берёзовой Рощи 12";"0,0";"1,0";"1,0";"2,0";
"167,0";"23,01,2019";"Нагатино-Садовники";"";"Столкновение";"";"0";"0";"г Москва наб Нагатинская 4";"0,0";"1,0";"2,0";"2,0";
"168,0";"23,01,2019";"Гольяново";"";"Наезд на пешехода";"";"0";"0";"г Москва ул Уральская 13";"0,0";"1,0";"1,0";"2,0";
"169,0";"23,01,2019";"Рязанский";"";"Наезд на пешехода";"";"0";"0";"г Москва пр-кт Рязанский 8 стр 1";"0,0";"1,0";"1,0";"2,0";
"170,0";"23,01,2019";"Люблино";"";"Наезд на пешехода";"";"0";"0";"г Москва ул Краснодарская 66к2";"0,0";"1,0";"1,0";"2,0";
"171,0";"23,01,2019";"Щукино";"";"Наезд на пешехода";"";"0";"0";"г Москва ул Маршала Конева 8 к,1";"0,0";"1,0";"1,0";"2,0";
"172,0";"23,01,2019";"Замоскворечье";"";"Наезд на пешехода";"";"0";"0";"г Москва пер Серпуховский 7стр1";"0,0";"1,0";"1,0";"2,0";
"173,0";"23,01,2019";"Войковский";"";"Наезд на пешехода";"";"0";"0";"г Москва ул Адмирала Макарова 45";"0,0";"1,0";"1,0";"2,0";
"174,0";"23,01,2019";"Дмитровский";"";"Наезд на пешехода";"";"0";"0";"г Москва ш Дмитровское 131, корп, 1";"0,0";"1,0";"1,0";"2,0";
"175,0";"23,01,2019";"Филевский парк";"";"Наезд на пешехода";"";"0";"0";"г Москва ул Минская 17";"0,0";"2,0";"1,0";"3,0";
"176,0";"23,01,2019";"Проспект Вернадского";"";"Наезд на препятствие";"";"0";"0";"г Москва ул Удальцова 49";"0,0";"1,0";"1,0";"2,0";
"177,0";"23,01,2019";"Щукино";"";"Наезд на пешехода";"";"0";"0";"г Москва ул Маршала Конева 12";"0,0";"1,0";"1,0";"2,0";
"178,0";"23,01,2019";"Гольяново";"";"Столкновение";"Московская кольцевая автомобильная дорога (МКАД) внутренняя сторона";"104";"200";"г Москва  ";"0,0";"2,0";"9,0";"6,0";
"179,0";"23,01,2019";"Проспект Вернадского";"";"Наезд на пешехода";"";"0";"0";"г Москва ул Удальцова 27";"0,0";"1,0";"1,0";"2,0";
"180,0";"23,01,2019";"Богородское";"";"Столкновение";"";"0";"0";"г Москва б-р Маршала Рокоссовского 20 18";"0,0";"2,0";"2,0";"4,0";
"181,0";"23,01,2019";"Донской";"";"Наезд на пешехода";"";"0";"0";"г Москва ул Тульская Б, 54";"0,0";"2,0";"1,0";"4,0";
"182,0";"23,01,2019";"Ховрино";"";"Столкновение";"";"0";"0";"г Москва ул Фестивальная 67";"0,0";"1,0";"2,0";"3,0";
"183,0";"23,01,2019";"Ивановское";"";"Наезд на пешехода";"";"0";"0";"г Москва ул Челябинская 10, корпус 1";"0,0";"1,0";"1,0";"2,0";
"184,0";"23,01,2019";"Рязанский";"";"Наезд на пешехода";"";"0";"0";"г Москва ул Академика Скрябина 8";"0,0";"2,0";"1,0";"3,0";
"185,0";"23,01,2019";"Чертаново Северное";"";"Наезд на пешехода";"";"0";"0";"г Москва проезд Сумской 12 К3";"0,0";"1,0";"1,0";"2,0";
"186,0";"23,01,2019";"Киевский";"";"Наезд на пешехода";"";"0";"0";"д Шеломово ул Центральная 240";"0,0";"1,0";"1,0";"2,0";
"187,0";"22,01,2019";"Щукино";"";"Столкновение";"";"0";"0";"г Москва ул Авиационная 79 1";"0,0";"1,0";"2,0";"3,0";
"188,0";"22,01,2019";"Братеево";"";"Наезд на пешехода";"";"0";"0";"г Москва ул Ключевая 10 К1";"0,0";"1,0";"1,0";"2,0";
"189,0";"22,01,2019";"Очаково-Матвеевское";"";"Наезд на пешехода";"";"0";"0";"п Матвеевское ул Веерная 30 корп, 6";"0,0";"1,0";"1,0";"2,0";
"190,0";"22,01,2019";"Ярославский";"";"Наезд на пешехода";"";"0";"0";"г Москва ш Ярославское 1";"0,0";"1,0";"1,0";"2,0";
"191,0";"22,01,2019";"Мещанский";"";"Столкновение";"Третье транспортное кольцо (внутренняя сторона)";"25";"0";"г Москва ул Сущёвский Вал 62";"0,0";"3,0";"2,0";"5,0";
"192,0";"22,01,2019";"Перово";"";"Столкновение";"";"0";"0";"г Москва ул Владимирская 2-я 18";"0,0";"1,0";"2,0";"2,0";
"193,0";"22,01,2019";"Лефортово";"";"Наезд на пешехода";"";"0";"0";"г Москва ул Авиамоторная 30";"0,0";"1,0";"1,0";"2,0";
"194,0";"22,01,2019";"Нагатино-Садовники";"";"Наезд на пешехода";"";"0";"0";"г Москва наб Нагатинская 14 К1";"0,0";"1,0";"1,0";"2,0";
"195,0";"22,01,2019";"Сокол";"";"Наезд на пешехода";"";"0";"0";"г Москва ул Песчаная 2-я 8";"0,0";"1,0";"1,0";"2,0";
"196,0";"22,01,2019";"Чертаново Центральное";"";"Столкновение";"";"0";"0";"г Москва  ";"0,0";"1,0";"2,0";"2,0";
"197,0";"22,01,2019";"Западное Дегунино";"";"Столкновение";"";"0";"0";"г Москва ш Коровинское 1А";"0,0";"2,0";"2,0";"3,0";
"198,0";"22,01,2019";"Внуково";"";"Наезд на пешехода";"";"0";"0";"п Внуково ул Рейсовая 2-я 2а";"0,0";"1,0";"1,0";"2,0";
"199,0";"22,01,2019";"Свиблово";"";"Наезд на пешехода";"";"0";"0";"п Свиблово проезд Серебрякова 2";"0,0";"2,0";"1,0";"3,0";
"200,0";"22,01,2019";"Московский";"";"Наезд на пешехода";"";"0";"0";"г Московский ул Атласова 7";"0,0";"1,0";"1,0";"2,0";
"201,0";"22,01,2019";"Коптево";"";"Наезд на пешехода";"";"0";"0";"г Москва ул Михалковская 13";"0,0";"1,0";"1,0";"2,0";
"202,0";"22,01,2019";"Отрадное";"";"Наезд на пешехода";"";"0";"0";"г Москва ул Римского-Корсакова 12";"0,0";"1,0";"1,0";"2,0";
"203,0";"22,01,2019";"Алексеевский";"";"Наезд на препятствие";"";"0";"0";"г Москва пр-кт Мира 106";"0,0";"1,0";"1,0";"1,0";
"204,0";"22,01,2019";"Коптево";"";"Наезд на пешехода";"";"0";"0";"г Москва ул Генерала Рычагова 1 16";"0,0";"1,0";"1,0";"2,0";
"205,0";"22,01,2019";"Хорошевский";"";"Наезд на пешехода";"";"0";"0";"г Москва ул Викторенко 4, корпус 1";"0,0";"1,0";"1,0";"2,0";
"206,0";"22,01,2019";"Ясенево";"";"Наезд на пешехода";"";"0";"0";"г Москва пр-кт Новоясеневский 2 стр ,1";"0,0";"1,0";"1,0";"2,0";
"207,0";"22,01,2019";"Тверской";"";"Наезд на пешехода";"";"0";"0";"г Москва ул Грузинская Б, 69";"0,0";"1,0";"1,0";"2,0";
"208,0";"22,01,2019";"Братеево";"";"Наезд на пешехода";"";"0";"0";"г Москва ул Алма-Атинская 6 К1";"0,0";"1,0";"1,0";"2,0";
"209,0";"22,01,2019";"Нагатинский затон";"";"Столкновение";"";"0";"0";"г Москва пр-кт Андропова 21";"0,0";"1,0";"2,0";"3,0";
"210,0";"22,01,2019";"Измайлово";"";"Наезд на пешехода";"";"0";"0";"г Москва ул Первомайская 73, стр,4";"0,0";"1,0";"1,0";"2,0";
"211,0";"22,01,2019";"Вешняки";"";"Столкновение";"";"0";"0";"г Москва ул Вешняковская 1";"0,0";"1,0";"2,0";"2,0";
"212,0";"21,01,2019";"Пресненский";"";"Столкновение";"";"0";"0";"г Москва ул Пресненский Вал 18 21";"0,0";"1,0";"2,0";"3,0";
"213,0";"21,01,2019";"Марьина роща";"";"Столкновение";"Третье транспортное кольцо (внешняя сторона)";"1";"0";"г Москва ул Сущёвский Вал 73";"0,0";"1,0";"2,0";"3,0";
"214,0";"21,01,2019";"Можайский";"";"Наезд на пешехода";"";"0";"0";"г Москва ул Красных Зорь 4а";"0,0";"1,0";"1,0";"2,0";
"215,0";"21,01,2019";"Мещанский";"";"Наезд на пешехода";"";"0";"0";"г Москва ул Переяславская Б, 11";"0,0";"1,0";"1,0";"2,0";
"216,0";"21,01,2019";"Тропарево-Никулино";"";"Столкновение";"";"0";"0";"г Москва пр-кт Вернадского 78";"0,0";"3,0";"2,0";"3,0";
"217,0";"21,01,2019";"Гольяново";"";"Наезд на пешехода";"";"0";"0";"г Москва ш Щёлковское 77а";"0,0";"1,0";"1,0";"2,0";
"218,0";"21,01,2019";"Марушкинское";"";"Наезд на стоящее ТС";"М-3 Украина Москва - Калуга - Брянск - граница с Украиной (основное направление)";"31";"900";"  ";"0,0";"1,0";"3,0";"3,0";
"219,0";"21,01,2019";"Северное Тушино";"";"Наезд на пешехода";"";"0";"0";"г Москва  ";"0,0";"1,0";"1,0";"2,0";
"220,0";"21,01,2019";"Вешняки";"";"Наезд на пешехода";"";"0";"0";"г Москва ул Красный Казанец 1";"0,0";"1,0";"1,0";"2,0";
"221,0";"21,01,2019";"Солнцево";"";"Столкновение";"";"0";"0";"г Москва ш Боровское 6 корп, 4";"0,0";"1,0";"3,0";"3,0";
"222,0";"21,01,2019";"Перово";"";"Столкновение";"";"0";"0";"г Москва ул Владимирская 3-я 26";"0,0";"1,0";"2,0";"3,0";
"223,0";"21,01,2019";"Зюзино";"";"Столкновение";"";"0";"0";"г Москва б-р Симферопольский 24, корп, 2";"0,0";"1,0";"2,0";"2,0";
"224,0";"21,01,2019";"Новогиреево";"";"Столкновение";"";"0";"0";"г Москва ул Кусковская 22";"0,0";"1,0";"2,0";"2,0";
"225,0";"21,01,2019";"Южное Тушино";"";"Наезд на пешехода";"";"0";"0";"г Москва ул Василия Петушкова 1";"0,0";"1,0";"1,0";"2,0";
"226,0";"21,01,2019";"Дорогомилово";"";"Наезд на пешехода";"";"0";"0";"г Москва  ";"0,0";"1,0";"1,0";"2,0";
"227,0";"21,01,2019";"Марушкинское";"";"Наезд на пешехода";"";"0";"0";" ул Озёрная 21";"1,0";"0,0";"1,0";"2,0";
"228,0";"21,01,2019";"Орехово-Борисово Северное";"";"Столкновение";"";"0";"0";"г Москва ш Каширское 61 К2";"0,0";"1,0";"3,0";"3,0";
"229,0";"21,01,2019";"Соколиная гора";"";"Наезд на пешехода";"";"0";"0";"г Москва  ";"0,0";"1,0";"1,0";"2,0";
"230,0";"20,01,2019";"Теплый Стан";"";"Столкновение";"Московская кольцевая автомобильная дорога (МКАД) внешняя сторона";"41";"0";"г Москва  ";"0,0";"3,0";"2,0";"4,0";
"231,0";"20,01,2019";"Покровское-Стрешнево";"";"Столкновение";"";"0";"0";"г Москва ш Волоколамское 112";"0,0";"1,0";"2,0";"3,0";
"232,0";"20,01,2019";"Отрадное";"";"Столкновение";"";"0";"0";"г Москва ш Алтуфьевское 24 к 1";"0,0";"1,0";"2,0";"3,0";
"233,0";"20,01,2019";"Фили-Давыдково";"";"Наезд на пешехода";"";"0";"0";"г Москва ул Артамонова 12к1";"0,0";"1,0";"1,0";"2,0";
"234,0";"20,01,2019";"Чертаново Северное";"";"Столкновение";"";"0";"0";"г Москва ул Чертановская 9 СТР1";"0,0";"2,0";"3,0";"4,0";
"235,0";"20,01,2019";"Москворечье-Сабурово";"";"Наезд на пешехода";"";"0";"0";"г Москва ул Кантемировская 29 К1";"0,0";"1,0";"1,0";"2,0";
"236,0";"20,01,2019";"Орехово-Борисово Южное";"";"Столкновение";"Московская кольцевая автомобильная дорога (МКАД) внутренняя сторона";"20";"200";"г Москва  ";"1,0";"0,0";"2,0";"3,0";
"237,0";"20,01,2019";"Перово";"";"Падение пассажира";"";"0";"0";"г Москва пр-кт Зелёный 19";"0,0";"1,0";"2,0";"3,0";
"238,0";"20,01,2019";"Раменки";"";"Столкновение";"";"0";"0";"г Москва пр-кт Вернадского 4";"0,0";"1,0";"2,0";"2,0";
"239,0";"20,01,2019";"Хорошево-Мневники";"";"Наезд на пешехода";"";"0";"0";"г Москва проезд Силикатный 1-й 14";"0,0";"1,0";"1,0";"2,0";
"240,0";"20,01,2019";"Соколиная гора";"";"Наезд на пешехода";"";"0";"0";"г Москва ул Щербаковская 20";"0,0";"1,0";"1,0";"2,0";
"241,0";"20,01,2019";"Гольяново";"";"Столкновение";"";"0";"0";"г Москва ш Щёлковское 25";"0,0";"1,0";"3,0";"3,0";
"242,0";"20,01,2019";"Выхино-Жулебино";"";"Наезд на препятствие";"Московская кольцевая автомобильная дорога (МКАД) внутренняя сторона";"7";"900";"г Москва  ";"0,0";"2,0";"2,0";"3,0";
"243,0";"20,01,2019";"Сокол";"";"Столкновение";"";"0";"0";"г Москва ул Новопесчаная 14";"0,0";"1,0";"2,0";"2,0";
"244,0";"20,01,2019";"Печатники";"";"Столкновение";"";"0";"0";"г Москва ул Шоссейная 18";"0,0";"2,0";"3,0";"3,0";
"245,0";"20,01,2019";"Щукино";"";"Наезд на пешехода";"";"0";"0";"г Москва ул Народного Ополчения 44";"0,0";"1,0";"1,0";"2,0";
"246,0";"20,01,2019";"Ростокино";"";"Столкновение";"";"0";"0";"г Москва пр-кт Мира 185";"0,0";"1,0";"3,0";"4,0";
"247,0";"20,01,2019";"Метрогородок";"";"Наезд на препятствие";"Московская кольцевая автомобильная дорога (МКАД) внешняя сторона";"96";"600";"г Москва  ";"0,0";"1,0";"1,0";"1,0";
"248,0";"20,01,2019";"Сосенское";"";"Столкновение";"";"0";"0";"п Газопровод  ";"0,0";"1,0";"2,0";"3,0";
"249,0";"20,01,2019";"Гольяново";"";"Столкновение";"Московская кольцевая автомобильная дорога (МКАД) внутренняя сторона";"104";"50";"г Москва  ";"0,0";"2,0";"3,0";"4,0";
"250,0";"20,01,2019";"Строгино";"";"Столкновение";"Московская кольцевая автомобильная дорога (МКАД) внешняя сторона";"62";"0";"г Москва  ";"0,0";"1,0";"2,0";"2,0";
"251,0";"20,01,2019";"Текстильщики";"";"Наезд на пешехода";"";"0";"0";"г Москва ул Юных Ленинцев 10 15корп,1";"0,0";"1,0";"1,0";"2,0";
"252,0";"20,01,2019";"Рязанский";"";"Падение пассажира";"";"0";"0";"г Москва пр-кт Рязанский 54";"0,0";"1,0";"1,0";"2,0";
"253,0";"20,01,2019";"Коптево";"";"Наезд на пешехода";"";"0";"0";"г Москва ул Михалковская вл,9";"0,0";"1,0";"1,0";"2,0";
"254,0";"19,01,2019";"Выхино-Жулебино";"";"Наезд на пешехода";"";"0";"0";"г Москва ул Хлобыстова 1";"0,0";"1,0";"1,0";"2,0";
"255,0";"19,01,2019";"Печатники";"";"Наезд на препятствие";"";"0";"0";"г Москва пр-кт Волгоградский 41с2";"0,0";"1,0";"1,0";"1,0";
"256,0";"19,01,2019";"Сосенское";"";"Столкновение";"А-130 Москва - Малоярославец - Рославль - граница с Республикой Белоруссия (основное направление)";"21";"0";"  ";"0,0";"1,0";"2,0";"3,0";
"257,0";"19,01,2019";"Войковский";"";"Наезд на препятствие";"М-10 Россия Москва - Тверь - Великий Новгород - Санкт-Петербург (основное направление)";"700";"0";"г Москва ш Ленинградское 44";"0,0";"1,0";"1,0";"1,0";
"258,0";"19,01,2019";"Капотня";"";"Наезд на пешехода";"";"0";"0";"г Москва ул Верхние Поля 56";"0,0";"1,0";"1,0";"2,0";
"259,0";"19,01,2019";"Северное Бутово";"";"Наезд на пешехода";"";"0";"0";"п Бутово ул Грина 5";"0,0";"1,0";"1,0";"2,0";
"260,0";"19,01,2019";"Бибирево";"";"Наезд на пешехода";"";"0";"0";"г Москва ул Пришвина 22";"0,0";"1,0";"1,0";"2,0";
"261,0";"19,01,2019";"Бибирево";"";"Наезд на стоящее ТС";"Московская кольцевая автомобильная дорога (МКАД) внешняя сторона";"84";"900";"г Москва  ";"0,0";"1,0";"2,0";"3,0";
"262,0";"19,01,2019";"Тимирязевский";"";"Столкновение";"";"0";"0";"г Москва ул Тимирязевская 1";"0,0";"1,0";"2,0";"3,0";
"263,0";"19,01,2019";"Ясенево";"";"Наезд на пешехода";"";"0";"0";"г Москва проезд Соловьиный 2";"0,0";"1,0";"1,0";"2,0";
"264,0";"19,01,2019";"Орехово-Борисово Южное";"";"Наезд на стоящее ТС";"Московская кольцевая автомобильная дорога (МКАД) внутренняя сторона";"23";"0";"г Москва  ";"0,0";"2,0";"2,0";"3,0";
"265,0";"19,01,2019";"Северное Бутово";"";"Наезд на пешехода";"Московская кольцевая автомобильная дорога (МКАД) внешняя сторона";"34";"700";"п Бутово  ";"0,0";"1,0";"1,0";"2,0";
"266,0";"19,01,2019";"Южное Бутово";"";"Столкновение";"";"0";"0";"г Москва д Захарьинские Дворики 3";"0,0";"1,0";"2,0";"3,0";
"267,0";"19,01,2019";"Южное Тушино";"";"Наезд на препятствие";"Московская кольцевая автомобильная дорога (МКАД) внутренняя сторона";"69";"150";"г Москва  ";"0,0";"1,0";"1,0";"1,0";
"268,0";"19,01,2019";"Северное Бутово";"";"Наезд на стоящее ТС";"Московская кольцевая автомобильная дорога (МКАД) внешняя сторона";"35";"0";"п Бутово  ";"0,0";"1,0";"2,0";"2,0";
"269,0";"19,01,2019";"Марьина роща";"";"Наезд на пешехода";"";"0";"0";"г Москва проезд Марьиной Рощи 17-й 2";"0,0";"1,0";"1,0";"2,0";
"270,0";"19,01,2019";"Хорошево-Мневники";"";"Столкновение";"";"0";"0";"г Москва пр-кт Маршала Жукова 74";"0,0";"1,0";"2,0";"3,0";
"271,0";"19,01,2019";"Ясенево";"";"Наезд на пешехода";"";"0";"0";"г Москва ул Тарусская 10";"0,0";"1,0";"1,0";"2,0";
"272,0";"19,01,2019";"Можайский";"";"Наезд на препятствие";"";"0";"0";"г Москва ш Можайское 21";"0,0";"2,0";"1,0";"2,0";
"273,0";"19,01,2019";"Братеево";"";"Столкновение";"Московская кольцевая автомобильная дорога (МКАД) внутренняя сторона";"19";"0";"г Москва  ";"0,0";"2,0";"2,0";"3,0";
"274,0";"19,01,2019";"Бирюлево Восточное";"";"Столкновение";"Московская кольцевая автомобильная дорога (МКАД) внутренняя сторона";"28";"0";"г Москва  ";"0,0";"1,0";"2,0";"2,0";
"275,0";"19,01,2019";"Тверской";"";"Падение пассажира";"";"0";"0";"г Москва ул Охотный Ряд 5";"0,0";"1,0";"1,0";"2,0";
"276,0";"19,01,2019";"Митино";"";"Столкновение";"";"0";"0";"г Москва ул Митинская 40";"0,0";"1,0";"2,0";"3,0";
"277,0";"19,01,2019";"Южное Тушино";"";"Столкновение";"";"0";"0";"г Москва ул Свободы 34";"1,0";"1,0";"2,0";"3,0";
"278,0";"19,01,2019";"Бирюлево Восточное";"";"Наезд на препятствие";"Московская кольцевая автомобильная дорога (МКАД) внешняя сторона";"24";"0";"г Москва  ";"0,0";"1,0";"1,0";"2,0";
"279,0";"19,01,2019";"Филевский парк";"";"Столкновение";"";"0";"0";"г Москва ул Барклая 12";"0,0";"1,0";"2,0";"2,0";
"280,0";"19,01,2019";"Северное Бутово";"";"Наезд на стоящее ТС";"";"0";"0";"п Бутово ул Варшавское шоссе 167";"0,0";"1,0";"2,0";"2,0";
"281,0";"19,01,2019";"Марьина роща";"";"Столкновение";"Третье транспортное кольцо (внутренняя сторона)";"1";"0";"г Москва ул Сущёвский Вал 26";"0,0";"1,0";"2,0";"2,0";
"282,0";"19,01,2019";"Гольяново";"";"Столкновение";"Московская кольцевая автомобильная дорога (МКАД) внутренняя сторона";"102";"0";"г Москва  ";"0,0";"1,0";"3,0";"4,0";
"283,0";"19,01,2019";"Бирюлево Западное";"";"Наезд на стоящее ТС";"";"0";"0";"г Москва ул Подольских Курсантов 17 К2";"0,0";"1,0";"4,0";"4,0";
"284,0";"19,01,2019";"Марфино";"";"Столкновение";"";"0";"0";"г Москва ул Ботаническая 5";"0,0";"1,0";"2,0";"3,0";
"285,0";"18,01,2019";"Таганский";"";"Наезд на пешехода";"";"0";"0";"г Москва ул Чесменская 7";"0,0";"1,0";"1,0";"2,0";
"286,0";"18,01,2019";"Покровское-Стрешнево";"";"Наезд на пешехода";"";"0";"0";"г Москва проезд Стратонавтов 7";"0,0";"1,0";"1,0";"2,0";
"287,0";"18,01,2019";"Марьино";"";"Наезд на пешехода";"";"0";"0";"г Москва ул Люблинская 163";"0,0";"1,0";"1,0";"2,0";
"288,0";"18,01,2019";"Марьино";"";"Наезд на пешехода";"";"0";"0";"г Москва ул Люблинская 118";"1,0";"0,0";"1,0";"2,0";
"289,0";"18,01,2019";"Москворечье-Сабурово";"";"Столкновение";"";"0";"0";"г Москва ш Каширское 53 К1";"0,0";"1,0";"2,0";"2,0";
"290,0";"18,01,2019";"Кунцево";"";"Столкновение";"";"0";"0";"г Москва ул Кунцевская 13 6";"0,0";"1,0";"2,0";"2,0";
"291,0";"18,01,2019";"Коньково";"";"Наезд на пешехода";"";"0";"0";"г Москва ул Профсоюзная 88 20";"0,0";"1,0";"1,0";"2,0";
"292,0";"18,01,2019";"Рязановское";"";"Столкновение";"";"0";"0";"д Старосырово  ";"0,0";"1,0";"2,0";"2,0";
"293,0";"18,01,2019";"Рязанский";"";"Столкновение";"";"0";"0";"г Москва пр-кт Рязанский 57 2";"0,0";"1,0";"3,0";"3,0";
"294,0";"18,01,2019";"Восточное Измайлово";"";"Наезд на пешехода";"";"0";"0";"г Москва б-р Измайловский 67, корпус 1,";"0,0";"1,0";"1,0";"2,0";
"295,0";"18,01,2019";"Южное Бутово";"";"Наезд на пешехода";"";"0";"0";"г Москва ул Венёвская 23";"0,0";"1,0";"1,0";"2,0";
"296,0";"18,01,2019";"Косино-Ухтомский";"";"Наезд на пешехода";"";"0";"0";"п Ухтомский проезд Красковский 1-й 1";"0,0";"1,0";"1,0";"2,0";
"297,0";"18,01,2019";"Строгино";"";"Падение пассажира";"";"0";"0";"г Москва ул Маршала Катукова 17 1";"0,0";"1,0";"1,0";"2,0";
"298,0";"18,01,2019";"Печатники";"";"Наезд на пешехода";"";"0";"0";"г Москва пр-кт Волгоградский 40";"0,0";"1,0";"1,0";"2,0";
"299,0";"18,01,2019";"Старое Крюково";"";"Наезд на пешехода";"";"0";"0";"г Зеленоград аллея Озерная 5с2";"0,0";"1,0";"1,0";"2,0";
"300,0";"18,01,2019";"Хорошево-Мневники";"";"Наезд на пешехода";"";"0";"0";"г Москва ул Паршина 4";"0,0";"1,0";"1,0";"2,0";
"301,0";"18,01,2019";"Бирюлево Восточное";"";"Наезд на пешехода";"";"0";"0";"г Москва ул Бирюлёвская 53 1";"0,0";"1,0";"1,0";"2,0";
"302,0";"18,01,2019";"Савеловский";"";"Наезд на пешехода";"Третье транспортное кольцо (внешняя сторона)";"39";"100";"г Москва ул Вятская 1";"0,0";"1,0";"1,0";"2,0";
"303,0";"18,01,2019";"Головинский";"";"Наезд на пешехода";"";"0";"0";"г Москва б-р Кронштадтский 19 корпус 1";"0,0";"1,0";"1,0";"2,0";
"304,0";"18,01,2019";"Головинский";"";"Столкновение";"";"0";"0";"г Москва ул Флотская владение 42";"0,0";"1,0";"2,0";"2,0";
"305,0";"18,01,2019";"Тропарево-Никулино";"";"Столкновение";"Московская кольцевая автомобильная дорога (МКАД) внутренняя сторона";"46";"0";"г Москва  ";"0,0";"1,0";"3,0";"3,0";
"306,0";"18,01,2019";"Старое Крюково";"";"Наезд на пешехода";"";"0";"0";"г Зеленоград  ";"1,0";"0,0";"1,0";"2,0";
"307,0";"18,01,2019";"Марушкинское";"";"Столкновение";"";"0";"0";"  ";"0,0";"1,0";"3,0";"3,0";
"308,0";"18,01,2019";"Марьина роща";"";"Наезд на пешехода";"";"0";"0";"г Москва проезд Марьиной Рощи 17-й 4";"1,0";"0,0";"1,0";"2,0";
"309,0";"18,01,2019";"Митино";"";"Столкновение";"";"0";"0";"г Москва ш Волоколамское 146";"0,0";"1,0";"2,0";"2,0";
"310,0";"17,01,2019";"Зябликово";"";"Столкновение";"";"0";"0";"г Москва ул Мусы Джалиля 4 К6";"0,0";"1,0";"2,0";"3,0";
"311,0";"17,01,2019";"Выхино-Жулебино";"";"Наезд на пешехода";"";"0";"0";"г Москва пр-кт Волгоградский 189";"0,0";"1,0";"1,0";"2,0";
"312,0";"17,01,2019";"Ярославский";"";"Столкновение";"";"0";"0";"г Москва  ";"0,0";"1,0";"3,0";"3,0";
"313,0";"17,01,2019";"Южное Тушино";"";"Наезд на пешехода";"";"0";"0";"г Москва ул Сходненская 17";"0,0";"1,0";"1,0";"2,0";
"314,0";"17,01,2019";"Выхино-Жулебино";"";"Наезд на пешехода";"";"0";"0";"г Москва ул Ташкентская 19";"0,0";"1,0";"1,0";"2,0";
"315,0";"17,01,2019";"Даниловский";"";"Столкновение";"";"0";"0";"г Москва наб Дербеневская 1 2";"0,0";"2,0";"2,0";"3,0";
"316,0";"17,01,2019";"Ломоносовский";"";"Наезд на пешехода";"";"0";"0";"г Москва пр-кт Ленинский 78";"0,0";"1,0";"1,0";"2,0";
"317,0";"17,01,2019";"Крюково";"";"Наезд на пешехода";"";"0";"0";"г Зеленоград  ";"0,0";"1,0";"1,0";"2,0";
"318,0";"17,01,2019";"Южное Бутово";"";"Наезд на препятствие";"";"0";"0";"г Москва ш Симферопольское 9";"0,0";"1,0";"1,0";"1,0";
"319,0";"17,01,2019";"Северное Бутово";"";"Столкновение";"";"0";"0";"п Бутово б-р Дмитрия Донского Ратная";"0,0";"2,0";"2,0";"3,0";
"320,0";"17,01,2019";"Обручевский";"";"Наезд на пешехода";"";"0";"0";"г Москва ул Саморы Машела 5";"0,0";"2,0";"1,0";"2,0";
"321,0";"17,01,2019";"Южное Бутово";"";"Столкновение";"";"0";"0";"г Москва ул Маршала Савицкого 12";"0,0";"2,0";"2,0";"2,0";
"322,0";"17,01,2019";"Богородское";"";"Столкновение";"";"0";"0";"г Москва ш Белокаменное Лосиностровская";"0,0";"1,0";"2,0";"2,0";
"323,0";"17,01,2019";"Солнцево";"";"Наезд на пешехода";"";"0";"0";"г Москва ул Богданова 8";"0,0";"1,0";"1,0";"2,0";
"324,0";"17,01,2019";"Выхино-Жулебино";"";"Наезд на пешехода";"";"0";"0";"г Москва проезд Ферганский 10Г";"0,0";"3,0";"1,0";"4,0";
"325,0";"17,01,2019";"Куркино";"";"Наезд на пешехода";"";"0";"0";"г Москва ул Соколово-Мещерская 28";"0,0";"1,0";"1,0";"2,0";
"326,0";"17,01,2019";"Люблино";"";"Падение пассажира";"";"0";"0";"г Москва ул Люблинская 88";"0,0";"1,0";"1,0";"2,0";
"327,0";"17,01,2019";"Хамовники";"";"Наезд на пешехода";"";"0";"0";"г Москва ул Зубовская 5 36";"0,0";"1,0";"1,0";"2,0";
"328,0";"17,01,2019";"Печатники";"";"Наезд на пешехода";"";"0";"0";"г Москва ул Южнопортовая 6";"0,0";"1,0";"1,0";"2,0";
"329,0";"17,01,2019";"Беговой";"";"Столкновение";"Третье транспортное кольцо (внешняя сторона)";"39";"100";"г Москва ул Беговая 23";"0,0";"2,0";"4,0";"4,0";
"330,0";"17,01,2019";"Южнопортовый";"";"Наезд на препятствие";"";"0";"0";"г Москва ул Южнопортовая 6";"0,0";"1,0";"1,0";"1,0";
"331,0";"17,01,2019";"Обручевский";"";"Столкновение";"";"0";"0";"г Москва ул Профсоюзная 64, корп, 2";"0,0";"1,0";"2,0";"3,0";
"332,0";"16,01,2019";"Зябликово";"";"Столкновение";"";"0";"0";"г Москва ул Мусы Джалиля 5 К6";"0,0";"1,0";"2,0";"2,0";
"333,0";"16,01,2019";"Марьино";"";"Столкновение";"";"0";"0";"г Москва ул Перерва 50";"0,0";"2,0";"2,0";"3,0";
"334,0";"16,01,2019";"Митино";"";"Наезд на пешехода";"";"0";"0";"г Москва ул Барышиха 38";"0,0";"1,0";"1,0";"2,0";
"335,0";"16,01,2019";"Алексеевский";"";"Столкновение";"";"0";"0";"г Москва ул Бориса Галушкина 21";"0,0";"2,0";"3,0";"4,0";
"336,0";"16,01,2019";"Люблино";"";"Столкновение";"";"0";"0";"г Москва ул Верхние Поля 36 кор 1";"0,0";"1,0";"2,0";"3,0";
"337,0";"16,01,2019";"Южнопортовый";"";"Наезд на пешехода";"";"0";"0";"г Москва ул Южнопортовая 14 32";"0,0";"1,0";"1,0";"2,0";
"338,0";"16,01,2019";"Хамовники";"";"Наезд на пешехода";"";"0";"0";"г Москва б-р Гоголевский 4";"0,0";"1,0";"1,0";"2,0";
"339,0";"16,01,2019";"Сокол";"";"Наезд на препятствие";"";"0";"0";"г Москва ш Волоколамское 13";"0,0";"5,0";"1,0";"5,0";
"340,0";"16,01,2019";"Марьино";"";"Столкновение";"";"0";"0";"г Москва б-р Мячковский 12 12к1";"0,0";"1,0";"2,0";"2,0";
"341,0";"16,01,2019";"Выхино-Жулебино";"";"Столкновение";"";"0";"0";"г Москва ул Хлобыстова 6";"0,0";"1,0";"2,0";"3,0";
"342,0";"16,01,2019";"Очаково-Матвеевское";"";"Столкновение";"";"0";"0";"п Матвеевское ул Рябиновая 59";"0,0";"1,0";"2,0";"3,0";
"343,0";"16,01,2019";"Марьино";"";"Наезд на пешехода";"";"0";"0";"г Москва б-р Мячковский 6";"0,0";"1,0";"1,0";"2,0";
"344,0";"16,01,2019";"Войковский";"";"Наезд на стоящее ТС";"";"0";"0";"г Москва ул Адмирала Макарова 45";"0,0";"1,0";"2,0";"2,0";
"345,0";"16,01,2019";"Выхино-Жулебино";"";"Столкновение";"";"0";"0";"г Москва б-р Самаркандский 28";"0,0";"1,0";"2,0";"2,0";
"346,0";"16,01,2019";"Лосиноостровский";"";"Наезд на пешехода";"";"0";"0";"г Москва ул Малыгина 22 корп,1";"1,0";"0,0";"1,0";"2,0";
"347,0";"16,01,2019";"Люблино";"";"Наезд на пешехода";"";"0";"0";"г Москва ул Краснодарская 66 к 2";"0,0";"1,0";"1,0";"2,0";
"348,0";"16,01,2019";"Красносельский";"";"Наезд на пешехода";"";"0";"0";"г Москва ул Русаковская 1";"0,0";"1,0";"1,0";"2,0";
"349,0";"16,01,2019";"Савеловский";"";"Столкновение";"";"0";"0";"г Москва ул Масловка В, 22";"0,0";"1,0";"2,0";"2,0";
"350,0";"16,01,2019";"Проспект Вернадского";"";"Столкновение";"";"0";"0";"г Москва ул Удальцова 3а";"0,0";"1,0";"2,0";"2,0";
"351,0";"16,01,2019";"Рязанский";"";"Столкновение";"";"0";"0";"г Москва ул Михайлова 47 10 к 1";"0,0";"2,0";"2,0";"3,0";
"352,0";"16,01,2019";"Чертаново Центральное";"";"Наезд на препятствие";"";"0";"0";"г Москва ул Красного Маяка 16Б";"0,0";"2,0";"1,0";"2,0";
"353,0";"16,01,2019";"ГУ МВД 2 СП ДПС 2 бат,";"";"Столкновение";"А-109 Ильинское шоссе";"12";"0";"г Москва  ";"0,0";"1,0";"3,0";"3,0";
"354,0";"16,01,2019";"Богородское";"";"Столкновение";"";"0";"0";"г Москва б-р Маршала Рокоссовского 22 23";"0,0";"1,0";"2,0";"2,0";
"355,0";"16,01,2019";"Орехово-Борисово Южное";"";"Наезд на стоящее ТС";"Московская кольцевая автомобильная дорога (МКАД) внешняя сторона";"20";"400";"г Москва  ";"1,0";"0,0";"4,0";"4,0";
"356,0";"16,01,2019";"Гольяново";"";"Наезд на пешехода";"";"0";"0";"г Москва ул Уральская 12";"0,0";"1,0";"1,0";"2,0";
"357,0";"16,01,2019";"Южное Тушино";"";"Наезд на пешехода";"";"0";"0";"г Москва ул Сходненская 23";"0,0";"1,0";"1,0";"2,0";
"358,0";"16,01,2019";"Басманный";"";"Столкновение";"";"0";"0";"г Москва ул Земляной Вал 1 4";"0,0";"1,0";"3,0";"3,0";
"359,0";"16,01,2019";"Южное Бутово";"";"Наезд на пешехода";"";"0";"0";"г Москва ул Мелитопольская 2-я 10";"0,0";"1,0";"1,0";"2,0";
"360,0";"16,01,2019";"Капотня";"";"Наезд на пешехода";"";"0";"0";"г Москва ул Верхние Поля 22";"0,0";"1,0";"1,0";"2,0";
"361,0";"16,01,2019";"Обручевский";"";"Столкновение";"";"0";"0";"г Москва ул Обручева 3";"0,0";"1,0";"2,0";"3,0";
"362,0";"16,01,2019";"Вешняки";"";"Наезд на пешехода";"";"0";"0";"г Москва ул Вешняковская 41 корп, 1";"0,0";"1,0";"1,0";"2,0";
"363,0";"16,01,2019";"Щербинка";"";"Наезд на пешехода";"";"0";"0";"г Щербинка ул Пушкинская 1 2";"0,0";"1,0";"1,0";"2,0";
"364,0";"16,01,2019";"Текстильщики";"";"Столкновение";"";"0";"0";"г Москва б-р Волжский 38";"0,0";"1,0";"3,0";"4,0";
"365,0";"16,01,2019";"Чертаново Северное";"";"Столкновение";"";"0";"0";"г Москва ш Варшавское 99 СТР А";"0,0";"1,0";"2,0";"3,0";
"366,0";"15,01,2019";"Нагатинский затон";"";"Столкновение";"";"0";"0";"г Москва пр-кт Андропова 19";"0,0";"1,0";"2,0";"3,0";
"367,0";"15,01,2019";"Соколиная гора";"";"Столкновение";"";"0";"0";"г Москва проезд Окружной 34А стр 16 свх";"0,0";"2,0";"3,0";"3,0";
"368,0";"15,01,2019";"Тимирязевский";"";"Столкновение";"";"0";"0";"г Москва ул Академическая Б, 63";"0,0";"2,0";"2,0";"3,0";
"369,0";"15,01,2019";"Таганский";"";"Наезд на пешехода";"";"0";"0";"г Москва  ";"0,0";"1,0";"1,0";"2,0";
"370,0";"15,01,2019";"Тропарево-Никулино";"";"Наезд на пешехода";"";"0";"0";"г Москва ул Покрышкина 8, кор,3";"0,0";"1,0";"1,0";"2,0";
"371,0";"15,01,2019";"Теплый Стан";"";"Наезд на препятствие";"Московская кольцевая автомобильная дорога (МКАД) внешняя сторона";"41";"0";"г Москва  ";"1,0";"0,0";"1,0";"1,0";
"372,0";"15,01,2019";"Соколиная гора";"";"Наезд на пешехода";"";"0";"0";"г Москва  ";"0,0";"1,0";"1,0";"2,0";
"373,0";"15,01,2019";"Зябликово";"";"Наезд на пешехода";"";"0";"0";"г Москва ул Шипиловская 62А";"0,0";"3,0";"1,0";"4,0";
"374,0";"15,01,2019";"Пресненский";"";"Наезд на пешехода";"";"0";"0";"г Москва пер Кондратьевский Б, 14 стр1";"0,0";"1,0";"1,0";"2,0";
"375,0";"15,01,2019";"Северное Измайлово";"";"Наезд на пешехода";"";"0";"0";"г Москва б-р Сиреневый 23";"0,0";"1,0";"1,0";"2,0";
"376,0";"15,01,2019";"Донской";"";"Столкновение";"";"0";"0";"г Москва ш Загородное 3 К1";"0,0";"1,0";"2,0";"2,0";
"377,0";"15,01,2019";"Академический";"";"Наезд на пешехода";"";"0";"0";"г Москва ул Гримау 1 8, корп, 3";"1,0";"0,0";"1,0";"2,0";
"378,0";"15,01,2019";"Измайлово";"";"Наезд на пешехода";"";"0";"0";"г Москва б-р Измайловский 55";"0,0";"1,0";"1,0";"2,0";
"379,0";"15,01,2019";"Сокольники";"";"Наезд на препятствие";"";"0";"0";"г Москва ул Оленья Б, 8А";"0,0";"1,0";"1,0";"1,0";
"380,0";"15,01,2019";"Бибирево";"";"Наезд на пешехода";"";"0";"0";"г Москва ул Конёнкова 3";"0,0";"1,0";"1,0";"2,0";
"381,0";"15,01,2019";"Даниловский";"";"Наезд на пешехода";"";"0";"0";"г Москва ул Серпуховский Вал 14";"1,0";"0,0";"1,0";"2,0";
"382,0";"15,01,2019";"Южное Бутово";"";"Наезд на пешехода";"";"0";"0";"г Москва проезд Чечёрский 25";"0,0";"1,0";"1,0";"2,0";
"383,0";"15,01,2019";"Головинский";"";"Наезд на пешехода";"";"0";"0";"г Москва б-р Кронштадтский 7-Б, стр, 6";"0,0";"1,0";"1,0";"2,0";
"384,0";"15,01,2019";"Ярославский";"";"Столкновение";"Московская кольцевая автомобильная дорога (МКАД) внутренняя сторона";"93";"700";"г Москва  ";"0,0";"1,0";"2,0";"3,0";
"385,0";"15,01,2019";"Южнопортовый";"";"Столкновение";"";"0";"0";"г Москва ул Южнопортовая 6 28";"0,0";"2,0";"2,0";"3,0";
"386,0";"14,01,2019";"Коптево";"";"Наезд на препятствие";"";"0";"0";"г Москва проезд Черепановых 58";"0,0";"1,0";"1,0";"1,0";
"387,0";"14,01,2019";"Печатники";"";"Столкновение";"";"0";"0";"г Москва пр-кт Волгоградский 49";"0,0";"1,0";"2,0";"3,0";
"388,0";"14,01,2019";"Преображенское";"";"Наезд на пешехода";"";"0";"0";"г Москва ш Открытое 4";"0,0";"1,0";"1,0";"2,0";
"389,0";"14,01,2019";"Даниловский";"";"Столкновение";"";"0";"0";"г Москва пер Холодильный 2";"0,0";"1,0";"2,0";"3,0";
"390,0";"14,01,2019";"Ломоносовский";"";"Столкновение";"";"0";"0";"г Москва ул Академика Пилюгина 4";"0,0";"1,0";"2,0";"3,0";
"391,0";"14,01,2019";"Люблино";"";"Столкновение";"";"0";"0";"г Москва ул Верхние Поля 37";"0,0";"1,0";"2,0";"2,0";
"392,0";"14,01,2019";"Савёлки";"";"Столкновение";"";"0";"0";"г Зеленоград пр-кт Московский 606";"0,0";"1,0";"3,0";"4,0";
"393,0";"14,01,2019";"Хорошево-Мневники";"";"Наезд на пешехода";"";"0";"0";"г Москва пр-кт Маршала Жукова 9";"0,0";"1,0";"1,0";"2,0";
"394,0";"14,01,2019";"Войковский";"";"Падение пассажира";"";"0";"0";"г Москва  ";"0,0";"1,0";"1,0";"2,0";
"395,0";"14,01,2019";"Марьино";"";"Наезд на пешехода";"";"0";"0";"г Москва б-р Новочеркасский 26";"0,0";"1,0";"1,0";"2,0";
"396,0";"14,01,2019";"Пресненский";"";"Столкновение";"Третье транспортное кольцо (внешняя сторона)";"19";"0";"г Москва ул Подвойского 5 19СТР1";"0,0";"1,0";"2,0";"3,0";
"397,0";"14,01,2019";"Богородское";"";"Наезд на пешехода";"";"0";"0";"г Москва ул Краснобогатырская 72";"0,0";"1,0";"1,0";"2,0";
"398,0";"14,01,2019";"Коптево";"";"Наезд на пешехода";"";"0";"0";"г Москва ул Генерала Рычагова 16 1";"0,0";"1,0";"1,0";"2,0";
"399,0";"14,01,2019";"Сосенское";"";"Наезд на препятствие";"";"0";"0";"  ";"0,0";"1,0";"1,0";"1,0";
"400,0";"14,01,2019";"Ярославский";"";"Наезд на препятствие";"";"0";"0";"г Москва ш Ярославское 143";"0,0";"1,0";"1,0";"1,0";
"401,0";"14,01,2019";"Марушкинское";"";"Столкновение";"М-3 Украина Москва - Калуга - Брянск - граница с Украиной (основное направление)";"32";"400";"  ";"0,0";"1,0";"3,0";"2,0";
"402,0";"14,01,2019";"Аэропорт";"";"Наезд на пешехода";"";"0";"0";"г Москва проезд Шебашёвский 8-2";"0,0";"1,0";"1,0";"2,0";
"403,0";"14,01,2019";"Лефортово";"";"Наезд на пешехода";"";"0";"0";"г Москва ул Синичкина 2-я 24а";"0,0";"2,0";"1,0";"3,0";
"404,0";"14,01,2019";"Коньково";"";"Столкновение";"";"0";"0";"г Москва ул Профсоюзная ул,Миклухо Маклая";"0,0";"1,0";"2,0";"3,0";
"405,0";"14,01,2019";"Филевский парк";"";"Наезд на пешехода";"";"0";"0";"г Москва ул Филёвская Б, 31";"0,0";"1,0";"1,0";"2,0";
"406,0";"14,01,2019";"Перово";"";"Столкновение";"";"0";"0";"г Москва ул Владимирская 2-я 13";"0,0";"2,0";"2,0";"3,0";
"407,0";"14,01,2019";"Северное Измайлово";"";"Столкновение";"";"0";"0";"г Москва ул Парковая 9-я 66";"0,0";"1,0";"2,0";"2,0";
"408,0";"14,01,2019";"Куркино";"";"Наезд на пешехода";"";"0";"0";"г Москва ш Куркинское 82";"0,0";"1,0";"1,0";"2,0";
"409,0";"14,01,2019";"Текстильщики";"";"Столкновение";"";"0";"0";"г Москва ул Юных Ленинцев 33";"0,0";"1,0";"3,0";"3,0";
"410,0";"13,01,2019";"Алексеевский";"";"Столкновение";"";"0";"0";"г Москва пр-кт Мира 176";"0,0";"2,0";"2,0";"4,0";
"411,0";"13,01,2019";"Солнцево";"";"Столкновение";"";"0";"0";"г Москва пр-кт Солнцевский 17 1";"0,0";"2,0";"3,0";"5,0";
"412,0";"13,01,2019";"Тропарево-Никулино";"";"Столкновение";"";"0";"0";"г Москва пр-кт Вернадского 101";"0,0";"1,0";"2,0";"3,0";
"413,0";"13,01,2019";"Таганский";"";"Наезд на пешехода";"";"0";"0";"г Москва пл Андроньевская 5 9";"0,0";"1,0";"1,0";"2,0";
"414,0";"13,01,2019";"Выхино-Жулебино";"";"Наезд на препятствие";"Московская кольцевая автомобильная дорога (МКАД) внешняя сторона";"8";"300";"г Москва км МКАД 9-й 0";"0,0";"1,0";"1,0";"2,0";
"415,0";"13,01,2019";"Алексеевский";"";"Столкновение";"";"0";"0";"г Москва ул Бориса Галушкина 3 корп 1";"0,0";"2,0";"2,0";"4,0";
"416,0";"13,01,2019";"Митино";"";"Столкновение";"";"0";"0";"г Москва ул Генерала Белобородова 21";"0,0";"2,0";"2,0";"4,0";
"417,0";"13,01,2019";"Теплый Стан";"";"Падение пассажира";"";"0";"0";"г Москва пр-кт Ленинский 127, дублер";"0,0";"1,0";"1,0";"2,0";
"418,0";"13,01,2019";"Бирюлево Восточное";"";"Наезд на препятствие";"";"0";"0";"г Москва ул Липецкая 2 К8";"0,0";"1,0";"1,0";"1,0";
"419,0";"13,01,2019";"Савеловский";"";"Наезд на стоящее ТС";"";"0";"0";"г Москва ул Бутырская 6";"0,0";"1,0";"2,0";"2,0";
"420,0";"13,01,2019";"Хорошево-Мневники";"";"Столкновение";"";"0";"0";"г Москва пр-кт Маршала Жукова 64";"0,0";"1,0";"2,0";"2,0";
"421,0";"13,01,2019";"Пресненский";"";"Наезд на стоящее ТС";"";"0";"0";"г Москва наб Пресненская 8";"0,0";"1,0";"5,0";"1,0";
"422,0";"13,01,2019";"Северное Бутово";"";"Столкновение";"";"0";"0";"п Бутово ул Грина 18";"0,0";"1,0";"3,0";"3,0";
"423,0";"13,01,2019";"Ново-Переделкино";"";"Столкновение";"";"0";"0";"г Москва ул Шолохова 15";"0,0";"1,0";"2,0";"2,0";
"424,0";"13,01,2019";"Чертаново Северное";"";"Столкновение";"";"0";"0";"г Москва ш Варшавское 125";"0,0";"2,0";"2,0";"3,0";
"425,0";"13,01,2019";"Очаково-Матвеевское";"";"Наезд на стоящее ТС";"";"0";"0";"п Матвеевское ул Матвеевская 38";"0,0";"6,0";"2,0";"7,0";
"426,0";"13,01,2019";"Преображенское";"";"Наезд на препятствие";"";"0";"0";"г Москва ул Черкизовская Б, 21стр1";"0,0";"1,0";"1,0";"1,0";
"427,0";"13,01,2019";"Братеево";"";"Столкновение";"";"0";"0";"г Москва ш Бесединское 38";"0,0";"1,0";"2,0";"3,0";
"428,0";"13,01,2019";"Московский";"";"Наезд на стоящее ТС";"М-3 Украина Москва - Калуга - Брянск - граница с Украиной (основное направление)";"22";"142";"  ";"0,0";"1,0";"2,0";"2,0";
"429,0";"13,01,2019";"Северное Медведково";"";"Наезд на пешехода";"Московская кольцевая автомобильная дорога (МКАД) внешняя сторона";"90";"400";"г Москва  ";"0,0";"1,0";"1,0";"2,0";
"430,0";"13,01,2019";"ГУ МВД 2 СП ДПС 2 бат,";"";"Опрокидывание";"А-106 Рублево-Успенское шоссе";"24";"0";"г Москва  ";"0,0";"1,0";"2,0";"2,0";
"431,0";"12,01,2019";"Кузьминки";"";"Наезд на пешехода";"";"0";"0";"г Москва кв-л Волжский Бульвар 113 А кор 2";"1,0";"0,0";"1,0";"2,0";
"432,0";"12,01,2019";"Сокол";"";"Наезд на препятствие";"";"0";"0";"г Москва ул Алабяна 12, корп,3";"0,0";"1,0";"1,0";"2,0";
"433,0";"12,01,2019";"Бирюлево Восточное";"";"Наезд на препятствие";"Московская кольцевая автомобильная дорога (МКАД) внешняя сторона";"29";"0";"г Москва  ";"0,0";"1,0";"13,0";"13,0";
"434,0";"12,01,2019";"Текстильщики";"";"Столкновение";"";"0";"0";"г Москва б-р Волжский 38";"0,0";"1,0";"2,0";"3,0";
"435,0";"12,01,2019";"Гольяново";"";"Наезд на пешехода";"";"0";"0";"г Москва ул Уссурийская 14 к,2";"0,0";"2,0";"1,0";"3,0";
"436,0";"12,01,2019";"Некрасовка";"";"Столкновение";"";"0";"0";"п Некрасовка ул Вольская 2-я 26";"0,0";"1,0";"2,0";"2,0";
"437,0";"12,01,2019";"Савеловский";"";"Наезд на пешехода";"";"0";"0";"г Москва ул Хуторская 2-я 18, корп,1";"0,0";"1,0";"1,0";"2,0";
"438,0";"12,01,2019";"Савёлки";"";"Столкновение";"";"0";"0";"г Зеленоград пр-кт Московский 501";"0,0";"1,0";"2,0";"3,0";
"439,0";"12,01,2019";"Марьина роща";"";"Столкновение";"";"0";"0";"г Москва проезд Марьиной Рощи 17-й 1";"0,0";"1,0";"2,0";"2,0";
"440,0";"12,01,2019";"Косино-Ухтомский";"";"Столкновение";"";"0";"0";"п Ухтомский ул Каскадная 10";"0,0";"1,0";"3,0";"4,0";
"441,0";"12,01,2019";"Отрадное";"";"Наезд на пешехода";"";"0";"0";"г Москва ул Каргопольская 6-1";"0,0";"1,0";"1,0";"2,0";
"442,0";"12,01,2019";"Тимирязевский";"";"Наезд на пешехода";"";"0";"0";"г Москва ул Костякова 15";"0,0";"1,0";"1,0";"2,0";
"443,0";"12,01,2019";"Филимонковское";"";"Наезд на препятствие";"М-3 Украина Москва - Калуга - Брянск - граница с Украиной (основное направление)";"29";"850";"  ";"0,0";"1,0";"2,0";"3,0";
"444,0";"12,01,2019";"Орехово-Борисово Северное";"";"Наезд на пешехода";"";"0";"0";"г Москва ул Генерала Белова 16";"0,0";"2,0";"1,0";"3,0";
"445,0";"12,01,2019";"Покровское-Стрешнево";"";"Столкновение";"";"0";"0";"г Москва ш Волоколамское 96";"0,0";"1,0";"2,0";"3,0";
"446,0";"12,01,2019";"Тимирязевский";"";"Падение пассажира";"";"0";"0";"г Москва ул Дубки 13";"0,0";"1,0";"1,0";"2,0";
"447,0";"12,01,2019";"Кузьминки";"";"Наезд на пешехода";"";"0";"0";"г Москва кв-л Волжский Бульвар 114 А 3";"0,0";"1,0";"1,0";"2,0";
"448,0";"12,01,2019";"Новофёдоровское поселение";"";"Столкновение";"М-3 Украина Москва - Калуга - Брянск - граница с Украиной (основное направление)";"57";"0";"  ";"0,0";"1,0";"3,0";"2,0";
"449,0";"12,01,2019";"Хорошево-Мневники";"";"Столкновение";"";"0";"0";"г Москва наб Карамышевская 28";"0,0";"1,0";"2,0";"2,0";
"450,0";"12,01,2019";"Войковский";"";"Наезд на препятствие";"М-10 Россия Москва - Тверь - Великий Новгород - Санкт-Петербург (основное направление)";"13";"0";"г Москва ш Ленинградское 39";"0,0";"1,0";"1,0";"1,0";
"451,0";"12,01,2019";"Ростокино";"";"Наезд на пешехода";"";"0";"0";"г Москва ул Вильгельма Пика 14";"0,0";"1,0";"1,0";"2,0";
"452,0";"12,01,2019";"Левобережный";"";"Наезд на пешехода";"";"0";"0";"г Москва ул Лавочкина 7А стр 1";"0,0";"1,0";"1,0";"2,0";
"453,0";"12,01,2019";"Царицыно";"";"Столкновение";"";"0";"0";"г Москва ул Луганская 4 К1";"0,0";"1,0";"2,0";"2,0";
"454,0";"12,01,2019";"Марьина роща";"";"Наезд на препятствие";"";"0";"0";"г Москва ул Шереметьевская 17 корп,1";"0,0";"2,0";"1,0";"3,0";
"455,0";"11,01,2019";"Останкинский";"";"Наезд на препятствие";"";"0";"0";"г Москва пр-кт Мира 119, стр,79";"0,0";"1,0";"1,0";"1,0";
"456,0";"11,01,2019";"Даниловский";"";"Наезд на пешехода";"";"0";"0";"г Москва наб Крутицкая 5";"0,0";"1,0";"1,0";"2,0";
"457,0";"11,01,2019";"Перово";"";"Наезд на пешехода";"";"0";"0";"г Москва ул Кусковская 5";"0,0";"1,0";"1,0";"2,0";
"458,0";"11,01,2019";"Орехово-Борисово Северное";"";"Падение пассажира";"";"0";"0";"г Москва ул Маршала Захарова 9";"0,0";"1,0";"1,0";"2,0";
"459,0";"11,01,2019";"Отрадное";"";"Столкновение";"";"0";"0";"г Москва проезд Отрадный 2";"0,0";"1,0";"2,0";"2,0";
"460,0";"11,01,2019";"Южное Медведково";"";"Столкновение";"";"0";"0";"г Москва проезд Ясный 26 к1";"0,0";"1,0";"2,0";"2,0";
"461,0";"11,01,2019";"Московский";"";"Наезд на пешехода";"М-3 Украина Москва - Калуга - Брянск - граница с Украиной (основное направление)";"28";"0";"  ";"1,0";"1,0";"2,0";"3,0";
"462,0";"11,01,2019";"Мещанский";"";"Столкновение";"";"0";"0";"г Москва пр-кт Мира 64";"0,0";"1,0";"2,0";"2,0";
"463,0";"11,01,2019";"Марьино";"";"Столкновение";"";"0";"0";"г Москва ул Поречная 9";"0,0";"1,0";"3,0";"3,0";
"464,0";"11,01,2019";"Фили-Давыдково";"";"Наезд на пешехода";"";"0";"0";"г Москва ул Герасима Курина 42";"0,0";"1,0";"1,0";"2,0";
"465,0";"11,01,2019";"Москворечье-Сабурово";"";"Столкновение";"";"0";"0";"г Москва ш Каширское 55А";"0,0";"1,0";"2,0";"3,0";
"466,0";"11,01,2019";"Савеловский";"";"Наезд на пешехода";"";"0";"0";"г Москва проезд Петровско-Разумовский 20";"0,0";"1,0";"1,0";"2,0";
"467,0";"11,01,2019";"Северное Тушино";"";"Наезд на пешехода";"";"0";"0";"г Москва б-р Яна Райниса 41";"0,0";"1,0";"1,0";"2,0";
"468,0";"11,01,2019";"Метрогородок";"";"Наезд на препятствие";"Московская кольцевая автомобильная дорога (МКАД) внешняя сторона";"96";"0";"г Москва  ";"0,0";"1,0";"2,0";"2,0";
"469,0";"11,01,2019";"Измайлово";"";"Падение пассажира";"";"0";"0";"г Москва  ";"0,0";"1,0";"1,0";"2,0";
"470,0";"11,01,2019";"Ясенево";"";"Наезд на препятствие";"Московская кольцевая автомобильная дорога (МКАД) внешняя сторона";"40";"150";"г Москва  ";"0,0";"3,0";"2,0";"5,0";
"471,0";"11,01,2019";"Кунцево";"";"Столкновение";"";"0";"0";"г Москва ш Рублевское 2 км";"0,0";"1,0";"2,0";"3,0";
"472,0";"11,01,2019";"Новогиреево";"";"Наезд на пешехода";"";"0";"0";"г Москва пр-кт Федеративный 23 12";"0,0";"1,0";"1,0";"2,0";
"473,0";"11,01,2019";"Бабушкинский";"";"Наезд на пешехода";"";"0";"0";"г Москва проезд Староватутинский 14";"0,0";"1,0";"1,0";"2,0";
"474,0";"11,01,2019";"Свиблово";"";"Наезд на препятствие";"";"0";"0";"п Свиблово ул Вильгельма Пика 14";"0,0";"1,0";"1,0";"2,0";
"475,0";"10,01,2019";"Гольяново";"";"Столкновение";"Московская кольцевая автомобильная дорога (МКАД) внешняя сторона";"104";"100";"г Москва  ";"0,0";"1,0";"6,0";"6,0";
"476,0";"10,01,2019";"Можайский";"";"Наезд на препятствие";"";"0";"0";"г Москва ул Нобеля 1";"2,0";"0,0";"1,0";"2,0";
"477,0";"10,01,2019";"Орехово-Борисово Южное";"";"Столкновение";"Московская кольцевая автомобильная дорога (МКАД) внешняя сторона";"24";"0";"г Москва  ";"0,0";"1,0";"2,0";"3,0";
"478,0";"10,01,2019";"Зюзино";"";"Наезд на пешехода";"";"0";"0";"г Москва пр-кт Нахимовский 9 корп, 1";"0,0";"1,0";"1,0";"2,0";
"479,0";"10,01,2019";"Силино";"";"Наезд на пешехода";"";"0";"0";"г Зеленоград пр-кт Панфиловский 15";"1,0";"0,0";"1,0";"2,0";
"480,0";"10,01,2019";"Останкинский";"";"Столкновение";"";"0";"0";"г Москва пр-кт Мира 81";"0,0";"1,0";"3,0";"4,0";
"481,0";"10,01,2019";"Якиманка";"";"Столкновение";"";"0";"0";"г Москва пр-кт Ленинский 1";"0,0";"1,0";"2,0";"2,0";
"482,0";"10,01,2019";"Вешняки";"";"Наезд на пешехода";"";"0";"0";"г Москва ул Вешняковская 12";"0,0";"1,0";"1,0";"2,0";
"483,0";"10,01,2019";"Северное Бутово";"";"Наезд на препятствие";"";"0";"0";"п Бутово ул Грина 1, стр, 1, корп, 7";"0,0";"1,0";"1,0";"1,0";
"484,0";"10,01,2019";"Царицыно";"";"Наезд на пешехода";"";"0";"0";"г Москва  ";"0,0";"1,0";"1,0";"2,0";
"485,0";"10,01,2019";"Люблино";"";"Столкновение";"";"0";"0";"г Москва ул Люблинская 127 1";"0,0";"1,0";"2,0";"3,0";
"486,0";"09,01,2019";"Гольяново";"";"Столкновение";"Московская кольцевая автомобильная дорога (МКАД) внутренняя сторона";"102";"400";"г Москва  ";"0,0";"1,0";"3,0";"3,0";
"487,0";"09,01,2019";"Рязанский";"";"Наезд на пешехода";"";"0";"0";"г Москва ул Академика Скрябина 12 27";"1,0";"0,0";"1,0";"2,0";
"488,0";"09,01,2019";"Крюково";"";"Наезд на пешехода";"";"0";"0";"г Зеленоград ул Логвиненко 1405";"0,0";"1,0";"1,0";"2,0";
"489,0";"09,01,2019";"Выхино-Жулебино";"";"Наезд на пешехода";"";"0";"0";"г Москва ул Генерала Кузнецова 26 к1";"0,0";"1,0";"1,0";"2,0";
"490,0";"09,01,2019";"Ясенево";"";"Наезд на пешехода";"";"0";"0";"г Москва ул Голубинская 19";"0,0";"1,0";"1,0";"2,0";
"491,0";"09,01,2019";"Отрадное";"";"Наезд на пешехода";"";"0";"0";"г Москва ул Хачатуряна 20";"1,0";"0,0";"1,0";"2,0";
"492,0";"09,01,2019";"Крылатское";"";"Наезд на пешехода";"";"0";"0";"г Москва ш Рублевское 44 корп, 1";"0,0";"1,0";"1,0";"2,0";
"493,0";"09,01,2019";"Фили-Давыдково";"";"Столкновение";"";"0";"0";"г Москва пр-кт Кутузовский 88";"0,0";"1,0";"2,0";"3,0";
"494,0";"09,01,2019";"Бирюлево Восточное";"";"Наезд на пешехода";"";"0";"0";"г Москва ул Лебедянская 10";"0,0";"1,0";"1,0";"2,0";
"495,0";"09,01,2019";"Текстильщики";"";"Наезд на пешехода";"";"0";"0";"г Москва ул Люблинская 6 стр 2";"1,0";"0,0";"1,0";"2,0";
"496,0";"09,01,2019";"Арбат";"";"Столкновение";"";"0";"0";"г Москва ул Знаменка 13";"0,0";"1,0";"2,0";"2,0";
"497,0";"09,01,2019";"Очаково-Матвеевское";"";"Столкновение";"";"0";"0";"п Матвеевское ул Озёрная 45а";"0,0";"4,0";"2,0";"5,0";
"498,0";"09,01,2019";"Щукино";"";"Столкновение";"";"0";"0";"г Москва ул Народного Ополчения 35 стр, 2";"0,0";"2,0";"2,0";"4,0";
"499,0";"09,01,2019";"Северное Медведково";"";"Столкновение";"";"0";"0";"г Москва проезд Полярный 31";"0,0";"1,0";"3,0";"2,0";
"500,0";"09,01,2019";"Марушкинское";"";"Наезд на лицо, не являющееся участником дорожного движения, осуществляющее какую-либо другую деятельность";"М-3 Украина Москва - Калуга - Брянск - граница с Украиной (основное направление)";"37";"100";"  ";"0,0";"3,0";"2,0";"3,0";
"501,0";"09,01,2019";"Тверской";"";"Столкновение";"Третье транспортное кольцо (внешняя сторона)";"23";"0";"г Москва ул Сущёвский Вал 3 5А";"0,0";"1,0";"3,0";"4,0";
"502,0";"09,01,2019";"Бутырский";"";"Наезд на пешехода";"";"0";"0";"г Москва ул Новодмитровская 2 КОРП 1";"0,0";"1,0";"1,0";"2,0";
"503,0";"09,01,2019";"Северное Медведково";"";"Столкновение";"";"0";"0";"г Москва ул Осташковская 28";"0,0";"1,0";"3,0";"3,0";
"504,0";"09,01,2019";"Замоскворечье";"";"Наезд на пешехода";"";"0";"0";"г Москва наб Космодамианская 52";"0,0";"1,0";"1,0";"2,0";
"505,0";"09,01,2019";"Восточное Дегунино";"";"Столкновение";"";"0";"0";"г Москва проезд Керамический 11";"0,0";"3,0";"3,0";"5,0";
"506,0";"09,01,2019";"Перово";"";"Столкновение";"";"0";"0";"г Москва ул Перовская 54 54";"0,0";"1,0";"2,0";"3,0";
"507,0";"09,01,2019";"ГУ МВД 2 СП ДПС 2 бат,";"";"Столкновение";"А-109 Ильинское шоссе";"3";"0";"г Москва  ";"0,0";"1,0";"2,0";"2,0";
"508,0";"09,01,2019";"Северное Медведково";"";"Столкновение";"Московская кольцевая автомобильная дорога (МКАД) внешняя сторона";"89";"750";"г Москва  ";"0,0";"1,0";"2,0";"3,0";
"509,0";"08,01,2019";"Бирюлево Западное";"";"Столкновение";"Московская кольцевая автомобильная дорога (МКАД) внешняя сторона";"30";"0";"г Москва  ";"0,0";"1,0";"2,0";"2,0";
"510,0";"08,01,2019";"Можайский";"";"Столкновение";"Московская кольцевая автомобильная дорога (МКАД) внутренняя сторона";"53";"0";"г Москва  ";"0,0";"1,0";"2,0";"2,0";
"511,0";"08,01,2019";"Отрадное";"";"Падение пассажира";"";"0";"0";"г Москва ул Декабристов 11";"0,0";"1,0";"1,0";"2,0";
"512,0";"08,01,2019";"Северный";"";"Столкновение";"";"0";"0";"г Москва ш Дмитровское 122г стр 1 корп 1";"0,0";"1,0";"2,0";"3,0";
"513,0";"08,01,2019";"Бирюлево Восточное";"";"Наезд на пешехода";"";"0";"0";"г Москва  ";"0,0";"1,0";"1,0";"2,0";
"514,0";"08,01,2019";"Ясенево";"";"Наезд на препятствие";"Московская кольцевая автомобильная дорога (МКАД) внешняя сторона";"40";"150";"г Москва  ";"0,0";"2,0";"1,0";"2,0";
"515,0";"08,01,2019";"Марьина роща";"";"Столкновение";"";"0";"0";"г Москва ул Новосущёвская 18";"0,0";"1,0";"3,0";"4,0";
"516,0";"08,01,2019";"Москворечье-Сабурово";"";"Столкновение";"";"0";"0";"г Москва ш Каширское ВЛД 57Б";"0,0";"1,0";"2,0";"3,0";
"517,0";"08,01,2019";"Красносельский";"";"Столкновение";"Третье транспортное кольцо (внешняя сторона)";"30";"0";"г Москва ул Гаврикова 1 7";"0,0";"2,0";"2,0";"2,0";
"518,0";"08,01,2019";"Теплый Стан";"";"Столкновение";"Московская кольцевая автомобильная дорога (МКАД) внутренняя сторона";"42";"0";"г Москва  ";"0,0";"1,0";"2,0";"3,0";
"519,0";"08,01,2019";"Ивановское";"";"Столкновение";"";"0";"0";"г Москва ш Энтузиастов 88";"0,0";"1,0";"3,0";"3,0";
"520,0";"08,01,2019";"Строгино";"";"Столкновение";"Московская кольцевая автомобильная дорога (МКАД) внешняя сторона";"63";"0";"г Москва  ";"0,0";"1,0";"2,0";"3,0";
"521,0";"08,01,2019";"Южное Тушино";"";"Столкновение";"";"0";"0";"г Москва проезд Светлогорский 1";"0,0";"1,0";"2,0";"2,0";
"522,0";"07,01,2019";"ГУ МВД 2 СП ДПС 2 бат,";"";"Наезд на препятствие";"А-106 Рублево-Успенское шоссе";"29";"0";"г Москва  ";"0,0";"1,0";"1,0";"1,0";
"523,0";"07,01,2019";"Дорогомилово";"";"Столкновение";"";"0";"0";"г Москва наб Бережковская 14 А";"0,0";"1,0";"2,0";"2,0";
"524,0";"07,01,2019";"Таганский";"";"Наезд на препятствие";"";"0";"0";"г Москва наб Гончарная 3 стр 1";"0,0";"2,0";"1,0";"2,0";
"525,0";"07,01,2019";"Нагатино-Садовники";"";"Столкновение";"";"0";"0";"г Москва проезд Коломенский 4";"0,0";"1,0";"3,0";"4,0";
"526,0";"07,01,2019";"Молжаниновский";"";"Столкновение";"М-10 Россия Москва - Тверь - Великий Новгород - Санкт-Петербург (основное направление)";"700";"0";"г Москва ш Ленинградское 23км";"0,0";"1,0";"5,0";"5,0";
"527,0";"07,01,2019";"Бирюлево Восточное";"";"Наезд на стоящее ТС";"Московская кольцевая автомобильная дорога (МКАД) внутренняя сторона";"24";"800";"г Москва  ";"0,0";"1,0";"2,0";"2,0";
"528,0";"07,01,2019";"Чертаново Центральное";"";"Столкновение";"";"0";"0";"г Москва ул Днепропетровская 1";"0,0";"1,0";"2,0";"3,0";
"529,0";"07,01,2019";"Новогиреево";"";"Столкновение";"";"0";"0";"г Москва ул Перовская 66";"0,0";"1,0";"2,0";"3,0";
"530,0";"07,01,2019";"Западное Дегунино";"";"Наезд на стоящее ТС";"";"0";"0";"г Москва ул Ижорская 6";"0,0";"1,0";"2,0";"2,0";
"531,0";"07,01,2019";"Ховрино";"";"Наезд на пешехода";"";"0";"0";"г Москва проезд Библиотечный 2-А";"0,0";"1,0";"1,0";"2,0";
"532,0";"07,01,2019";"Раменки";"";"Столкновение";"";"0";"0";"г Москва пр-кт Мичуринский 3";"0,0";"1,0";"2,0";"2,0";
"533,0";"06,01,2019";"Южное Бутово";"";"Столкновение";"";"0";"0";"г Москва ул Академика Семёнова 15";"1,0";"2,0";"2,0";"4,0";
"534,0";"06,01,2019";"Филевский парк";"";"Наезд на пешехода";"";"0";"0";"г Москва ул Барклая 10";"0,0";"1,0";"1,0";"2,0";
"535,0";"06,01,2019";"Нагатино-Садовники";"";"Столкновение";"";"0";"0";"г Москва ш Варшавское 37";"0,0";"1,0";"2,0";"2,0";
"536,0";"06,01,2019";"Лефортово";"";"Наезд на пешехода";"";"0";"0";"г Москва ул Красноказарменная 3";"0,0";"1,0";"1,0";"2,0";
"537,0";"06,01,2019";"Зюзино";"";"Столкновение";"";"0";"0";"г Москва ул Болотниковская 43";"0,0";"1,0";"2,0";"3,0";
"538,0";"06,01,2019";"Можайский";"";"Столкновение";"";"0";"0";"г Москва ул Маршала Неделина 28";"0,0";"1,0";"2,0";"2,0";
"539,0";"06,01,2019";"Якиманка";"";"Наезд на препятствие";"";"0";"0";"г Москва ул Житная 6";"0,0";"2,0";"1,0";"2,0";
"540,0";"06,01,2019";"Тропарево-Никулино";"";"Столкновение";"Московская кольцевая автомобильная дорога (МКАД) внутренняя сторона";"47";"0";"г Москва  ";"0,0";"1,0";"2,0";"3,0";
"541,0";"06,01,2019";"Богородское";"";"Столкновение";"";"0";"0";"г Москва ул Просторная 15, корпус 1";"0,0";"1,0";"2,0";"3,0";
"542,0";"06,01,2019";"Басманный";"";"Наезд на пешехода";"";"0";"0";"г Москва ул Бакунинская 43-55";"0,0";"1,0";"1,0";"3,0";
"543,0";"05,01,2019";"Северное Медведково";"";"Наезд на пешехода";"";"0";"0";"г Москва ул Осташковская 14 С,7";"0,0";"1,0";"2,0";"3,0";
"544,0";"05,01,2019";"Пресненский";"";"Столкновение";"";"0";"0";"г Москва проезд Шмитовский 6";"0,0";"1,0";"2,0";"3,0";
"545,0";"05,01,2019";"Московский";"";"Столкновение";"М-3 Украина Москва - Калуга - Брянск - граница с Украиной (основное направление)";"23";"900";"  ";"0,0";"1,0";"2,0";"2,0";
"546,0";"05,01,2019";"Крюково";"";"Столкновение";"";"0";"0";"г Зеленоград ул Середниковская 19";"0,0";"1,0";"2,0";"2,0";
"547,0";"05,01,2019";"Филевский парк";"";"Столкновение";"";"0";"0";"г Москва ул Филёвская Б, 35";"0,0";"1,0";"2,0";"2,0";
"548,0";"05,01,2019";"Отрадное";"";"Наезд на препятствие";"";"0";"0";"г Москва проезд Сигнальный 7А";"0,0";"2,0";"1,0";"2,0";
"549,0";"05,01,2019";"Молжаниновский";"";"Столкновение";"М-10 Россия Москва - Тверь - Великий Новгород - Санкт-Петербург (основное направление)";"26";"300";"г Москва ш Международное 2км";"0,0";"1,0";"2,0";"3,0";
"550,0";"05,01,2019";"Митино";"";"Столкновение";"";"0";"0";"г Москва ш Волоколамское 139 2";"0,0";"1,0";"2,0";"3,0";
"551,0";"05,01,2019";"Митино";"";"Наезд на препятствие";"";"0";"0";"г Москва пер Митинский 1-й 25";"0,0";"1,0";"1,0";"2,0";
"552,0";"05,01,2019";"Южное Бутово";"";"Наезд на препятствие";"";"0";"0";"г Москва ш Варшавское 172с,1";"0,0";"1,0";"1,0";"1,0";
"553,0";"05,01,2019";"Рязанский";"";"Столкновение";"";"0";"0";"г Москва пр-кт Рязанский 57";"0,0";"1,0";"2,0";"3,0";
"554,0";"05,01,2019";"Савеловский";"";"Наезд на пешехода";"";"0";"0";"г Москва  ";"0,0";"1,0";"1,0";"2,0";
"555,0";"05,01,2019";"Северное Медведково";"";"Наезд на пешехода";"";"0";"0";"г Москва ул Широкая 13 к,1";"0,0";"2,0";"1,0";"3,0";
"556,0";"05,01,2019";"Рязанский";"";"Столкновение";"";"0";"0";"г Москва пр-кт Рязанский 41 2";"0,0";"1,0";"2,0";"3,0";
"557,0";"04,01,2019";"Нагатинский затон";"";"Столкновение";"";"0";"0";"г Москва пр-кт Андропова 15";"0,0";"1,0";"2,0";"3,0";
"558,0";"04,01,2019";"Можайский";"";"Столкновение";"Московская кольцевая автомобильная дорога (МКАД) внутренняя сторона";"53";"600";"г Москва  ";"0,0";"2,0";"2,0";"4,0";
"559,0";"04,01,2019";"Вешняки";"";"Столкновение";"";"0";"0";"г Москва ул Косинская 13";"0,0";"1,0";"2,0";"3,0";
"560,0";"04,01,2019";"Замоскворечье";"";"Наезд на пешехода";"";"0";"0";"г Москва ул Ордынка Б, 69";"0,0";"1,0";"1,0";"2,0";
"561,0";"04,01,2019";"Выхино-Жулебино";"";"Столкновение";"";"0";"0";"г Москва ул Привольная 54";"0,0";"1,0";"2,0";"2,0";
"562,0";"04,01,2019";"Ясенево";"";"Наезд на препятствие";"Московская кольцевая автомобильная дорога (МКАД) внутренняя сторона";"41";"0";"г Москва  ";"0,0";"1,0";"2,0";"2,0";
"563,0";"04,01,2019";"Даниловский";"";"Столкновение";"";"0";"0";"г Москва наб Дербеневская 19 СТР 1";"0,0";"1,0";"2,0";"2,0";
"564,0";"04,01,2019";"Строгино";"";"Наезд на препятствие";"Московская кольцевая автомобильная дорога (МКАД) внутренняя сторона";"65";"0";"г Москва  ";"0,0";"1,0";"1,0";"2,0";
"565,0";"04,01,2019";"Фили-Давыдково";"";"Столкновение";"";"0";"0";"г Москва ш Рублевское 1";"0,0";"1,0";"2,0";"3,0";
"566,0";"04,01,2019";"Гольяново";"";"Наезд на пешехода";"";"0";"0";"г Москва ш Щёлковское 85 к,1";"0,0";"1,0";"1,0";"2,0";
"567,0";"04,01,2019";"Сокольники";"";"Столкновение";"";"0";"0";"г Москва просек Поперечный 17 стр, 46";"0,0";"1,0";"2,0";"3,0";
"568,0";"04,01,2019";"Капотня";"";"Столкновение";"Московская кольцевая автомобильная дорога (МКАД) внутренняя сторона";"17";"800";"г Москва км МКАД 18-й 0";"1,0";"0,0";"2,0";"2,0";
"569,0";"04,01,2019";"Нагорный";"";"Столкновение";"";"0";"0";"г Москва ш Варшавское 37";"0,0";"1,0";"2,0";"2,0";
"570,0";"04,01,2019";"Марушкинское";"";"Столкновение";"М-3 Украина Москва - Калуга - Брянск - граница с Украиной (основное направление)";"32";"350";"  ";"0,0";"1,0";"2,0";"3,0";
"571,0";"04,01,2019";"Южнопортовый";"";"Столкновение";"";"0";"0";"г Москва пр-кт Волгоградский 32, кор, 45";"0,0";"2,0";"4,0";"4,0";
"572,0";"04,01,2019";"Орехово-Борисово Северное";"";"Столкновение";"";"0";"0";"г Москва ш Каширское 61 К2";"0,0";"1,0";"2,0";"3,0";
"573,0";"04,01,2019";"Текстильщики";"";"Столкновение";"";"0";"0";"г Москва ул Саратовская 18 10";"0,0";"1,0";"2,0";"3,0";
"574,0";"04,01,2019";"Хорошево-Мневники";"";"Столкновение";"";"0";"0";"г Москва ул Мнёвники 7";"0,0";"2,0";"2,0";"3,0";
"575,0";"04,01,2019";"Очаково-Матвеевское";"";"Столкновение";"";"0";"0";"п Матвеевское ул Лобачевского 116";"0,0";"2,0";"2,0";"3,0";
"576,0";"04,01,2019";"Кузьминки";"";"Столкновение";"";"0";"0";"г Москва пр-кт Волгоградский 149";"0,0";"1,0";"2,0";"3,0";
"577,0";"04,01,2019";"Богородское";"";"Столкновение";"";"0";"0";"г Москва б-р Маршала Рокоссовского дом 35 стр 1";"0,0";"1,0";"2,0";"3,0";
"578,0";"04,01,2019";"Тверской";"";"Столкновение";"";"0";"0";"г Москва наб Кремлевская 1";"1,0";"0,0";"2,0";"2,0";
"579,0";"03,01,2019";"Строгино";"";"Столкновение";"";"0";"0";"г Москва ул Кулакова 12";"0,0";"1,0";"2,0";"3,0";
"580,0";"03,01,2019";"Щаповское поселение";"";"Наезд на пешехода";"";"0";"0";"  ";"0,0";"1,0";"1,0";"2,0";
"581,0";"03,01,2019";"Покровское-Стрешнево";"";"Столкновение";"";"0";"0";"г Москва ул Свободы 6 3";"0,0";"1,0";"2,0";"3,0";
"582,0";"03,01,2019";"Черемушки";"";"Столкновение";"";"0";"0";"г Москва пр-кт Севастопольский Нахимовский пр";"0,0";"1,0";"2,0";"2,0";
"583,0";"03,01,2019";"Таганский";"";"Наезд на пешехода";"";"0";"0";"г Москва ул Марксистская 38";"1,0";"0,0";"1,0";"2,0";
"584,0";"03,01,2019";"Дорогомилово";"";"Столкновение";"";"0";"0";"г Москва наб Тараса Шевченко 3";"0,0";"1,0";"2,0";"2,0";
"585,0";"03,01,2019";"Перово";"";"Столкновение";"";"0";"0";"г Москва ул Плеханова 3, корпус 4";"0,0";"1,0";"2,0";"2,0";
"586,0";"03,01,2019";"Новогиреево";"";"Наезд на пешехода";"";"0";"0";"г Москва пр-кт Свободный 8";"1,0";"0,0";"1,0";"2,0";
"587,0";"03,01,2019";"Чертаново Центральное";"";"Столкновение";"";"0";"0";"г Москва ул Днепропетровская 12А";"0,0";"1,0";"2,0";"2,0";
"588,0";"03,01,2019";"Останкинский";"";"Падение пассажира";"";"0";"0";"г Москва пр-кт Мира 111";"0,0";"1,0";"1,0";"2,0";
"589,0";"03,01,2019";"Коньково";"";"Наезд на пешехода";"";"0";"0";"г Москва  ";"0,0";"1,0";"1,0";"2,0";
"590,0";"03,01,2019";"Богородское";"";"Наезд на пешехода";"";"0";"0";"г Москва ул Краснобогатырская 72";"0,0";"1,0";"1,0";"2,0";
"591,0";"02,01,2019";"Сокольники";"";"Столкновение";"";"0";"0";"г Москва ул Сокольнический Вал 6, корпус 1";"0,0";"1,0";"2,0";"3,0";
"592,0";"02,01,2019";"Бирюлево Западное";"";"Столкновение";"Московская кольцевая автомобильная дорога (МКАД) внешняя сторона";"29";"0";"г Москва  ";"0,0";"1,0";"3,0";"4,0";
"593,0";"02,01,2019";"Ново-Переделкино";"";"Столкновение";"";"0";"0";"г Москва аллея Чоботовская 1-я 26 Б";"0,0";"3,0";"2,0";"5,0";
"594,0";"02,01,2019";"Ярославский";"";"Наезд на препятствие";"Московская кольцевая автомобильная дорога (МКАД) внешняя сторона";"94";"0";"г Москва  ";"0,0";"1,0";"1,0";"1,0";
"595,0";"02,01,2019";"Ивановское";"";"Столкновение";"";"0";"0";"г Москва пр-кт Свободный 1А";"0,0";"1,0";"3,0";"4,0";
"596,0";"02,01,2019";"Северное Тушино";"";"Наезд на пешехода";"";"0";"0";"г Москва б-р Яна Райниса 16 1";"0,0";"1,0";"1,0";"2,0";
"597,0";"02,01,2019";"Тверской";"";"Столкновение";"";"0";"0";"г Москва ул Петровка 38";"0,0";"1,0";"2,0";"2,0";
"598,0";"02,01,2019";"Чертаново Южное";"";"Столкновение";"Московская кольцевая автомобильная дорога (МКАД) внутренняя сторона";"33";"0";"г Москва  ";"0,0";"5,0";"2,0";"6,0";
"599,0";"02,01,2019";"Хамовники";"";"Наезд на препятствие";"";"0";"0";"г Москва ул Хамовнический Вал 32";"1,0";"1,0";"1,0";"2,0";
"600,0";"02,01,2019";"Рязанский";"";"Наезд на пешехода";"";"0";"0";"г Москва пр-кт Рязанский 53 к,2";"0,0";"1,0";"1,0";"2,0";
"601,0";"02,01,2019";"Лосиноостровский";"";"Наезд на препятствие";"Московская кольцевая автомобильная дорога (МКАД) внешняя сторона";"91";"700";"г Москва  ";"0,0";"2,0";"1,0";"3,0";
"602,0";"02,01,2019";"Отрадное";"";"Наезд на препятствие";"";"0";"0";"г Москва ул Хачатуряна 13";"0,0";"1,0";"1,0";"1,0";
"603,0";"02,01,2019";"Очаково-Матвеевское";"";"Столкновение";"";"0";"0";"п Матвеевское ул Матвеевская 42, к,1";"0,0";"1,0";"4,0";"5,0";
"604,0";"02,01,2019";"Люблино";"";"Столкновение";"";"0";"0";"г Москва ул Люблинская 111 с,3";"0,0";"1,0";"2,0";"2,0";
"605,0";"02,01,2019";"Строгино";"";"Наезд на пешехода";"";"0";"0";"г Москва б-р Строгинский 12";"0,0";"1,0";"1,0";"2,0";
"606,0";"02,01,2019";"Академический";"";"Столкновение";"";"0";"0";"г Москва пр-кт 60-летия Октября 8";"0,0";"1,0";"2,0";"3,0";
"607,0";"02,01,2019";"Орехово-Борисово Южное";"";"Столкновение";"";"0";"0";"г Москва ул Ясеневая 43 38";"0,0";"2,0";"2,0";"3,0";
"608,0";"02,01,2019";"Донской";"";"Столкновение";"";"0";"0";"г Москва ш Варшавское 17";"0,0";"1,0";"2,0";"3,0";
"609,0";"02,01,2019";"Теплый Стан";"";"Столкновение";"";"0";"0";"г Москва ул Профсоюзная 146, корп, 1";"0,0";"1,0";"3,0";"3,0";
"610,0";"02,01,2019";"Орехово-Борисово Северное";"";"Столкновение";"";"0";"0";"г Москва б-р Ореховый 13";"0,0";"10,0";"2,0";"12,0";
"611,0";"02,01,2019";"Марьино";"";"Наезд на пешехода";"";"0";"0";"г Москва ул Перерва 31б";"0,0";"1,0";"1,0";"2,0";
"612,0";"02,01,2019";"Сосенское";"";"Наезд на пешехода";"";"0";"0";"  ";"0,0";"1,0";"1,0";"2,0";
"613,0";"02,01,2019";"Соколиная гора";"";"Наезд на пешехода";"";"0";"0";"г Москва пр-кт Будённого 24 КОРП1";"0,0";"1,0";"1,0";"2,0";
"614,0";"02,01,2019";"Южное Медведково";"";"Наезд на пешехода";"";"0";"0";"г Москва проезд Дежнёва 7";"0,0";"1,0";"1,0";"2,0";
"615,0";"02,01,2019";"Ясенево";"";"Столкновение";"";"0";"0";"г Москва пр-кт Новоясеневский 1";"0,0";"1,0";"3,0";"4,0";
"616,0";"02,01,2019";"Измайлово";"";"Столкновение";"";"0";"0";"г Москва б-р Измайловский 47";"0,0";"1,0";"2,0";"3,0";
"617,0";"02,01,2019";"Новокосино";"";"Столкновение";"";"0";"0";"г Москва ш Носовихинское 28А";"0,0";"1,0";"2,0";"3,0";
"618,0";"02,01,2019";"Отрадное";"";"Столкновение";"";"0";"0";"г Москва ул Декабристов 45А стр,2";"0,0";"1,0";"2,0";"2,0";
"619,0";"01,01,2019";"Марьино";"";"Столкновение";"";"0";"0";"г Москва ул Люблинская 155с1";"0,0";"1,0";"2,0";"3,0";
"620,0";"01,01,2019";"Царицыно";"";"Столкновение";"";"0";"0";"г Москва пр-кт Пролетарский 33 К1";"0,0";"1,0";"2,0";"3,0";
"621,0";"01,01,2019";"Якиманка";"";"Наезд на пешехода";"";"0";"0";"г Москва наб Кадашёвская 32 2 стр1";"0,0";"1,0";"1,0";"2,0";
"622,0";"01,01,2019";"Южное Бутово";"";"Наезд на пешехода";"";"0";"0";"г Москва ул Адмирала Лазарева 16";"0,0";"2,0";"1,0";"3,0";
"623,0";"01,01,2019";"Крылатское";"";"Наезд на пешехода";"";"0";"0";"г Москва ш Рублевское 68";"0,0";"1,0";"1,0";"2,0";
"624,0";"01,01,2019";"Марьино";"";"Столкновение";"";"0";"0";"г Москва ул Нижние Поля 31ас1";"0,0";"1,0";"2,0";"3,0";
"625,0";"01,01,2019";"Ясенево";"";"Наезд на препятствие";"";"0";"0";"г Москва ул Профсоюзная 131 Г";"0,0";"1,0";"1,0";"2,0";
"626,0";"01,01,2019";"Донской";"";"Наезд на пешехода";"";"0";"0";"г Москва проезд Донской 2-й 10 К2";"0,0";"1,0";"1,0";"2,0";
"627,0";"01,01,2019";"Марьино";"";"Столкновение";"";"0";"0";"г Москва ул Братиславская 12";"0,0";"1,0";"2,0";"3,0";
"628,0";"01,01,2019";"Перово";"";"Столкновение";"";"0";"0";"г Москва ул Владимирская 3-я 22 22";"0,0";"1,0";"2,0";"2,0";
"629,0";"01,01,2019";"Капотня";"111111111";"Столкновение";"Московская кольцевая автомобильная дорога (МКАД) внешняя сторона";"14";"0";"г Москва км МКАД 14-й 0";"0,0";"3,0";"3,0";"6,0";
"630,0";"01,01,2019";"Северное Измайлово";"";"Наезд на пешехода";"";"0";"0";"г Москва ул Парковая 9-я 60";"0,0";"2,0";"1,0";"3,0";
"631,0";"01,01,2019";"Фили-Давыдково";"";"Наезд на пешехода";"";"0";"0";"г Москва ул Минская 18-1";"0,0";"1,0";"1,0";"2,0";
"632,0";"01,01,2019";"Дмитровский";"";"Наезд на препятствие";"Московская кольцевая автомобильная дорога (МКАД) внешняя сторона";"80";"0";"г Москва  ";"0,0";"2,0";"1,0";"3,0";
"633,0";"01,01,2019";"Люблино";"";"Столкновение";"";"0";"0";"г Москва ул Краснодарская 48";"0,0";"1,0";"2,0";"3,0";
"634,0";"01,01,2019";"Ясенево";"";"Столкновение";"Московская кольцевая автомобильная дорога (МКАД) внешняя сторона";"38";"100";"г Москва км МКАД 39-й 0";"0,0";"1,0";"2,0";"2,0";
"635,0";"01,01,2019";"Роговское поселение";"";"Столкновение";"А-130 Москва - Малоярославец - Рославль - граница с Республикой Белоруссия (основное направление)";"73";"0";"  ";"1,0";"3,0";"3,0";"5,0";
"636,0";"01,01,2019";"Савёлки";"";"Столкновение";"";"0";"0";"г Зеленоград пр-кт Центральный 302Б";"0,0";"1,0";"2,0";"3,0";
"637,0";"01,01,2019";"Ново-Переделкино";"";"Наезд на пешехода";"";"0";"0";"г Москва ул Скульптора Мухиной 7";"0,0";"1,0";"1,0";"2,0";
"638,0";"01,01,2019";"Орехово-Борисово Южное";"";"Наезд на препятствие";"";"0";"0";"г Москва ш Каширское 63 К2";"0,0";"1,0";"1,0";"1,0";
"639,0";"01,01,2019";"Гольяново";"";"Наезд на пешехода";"Московская кольцевая автомобильная дорога (МКАД) внешняя сторона";"102";"300";"г Москва  ";"0,0";"1,0";"1,0";"2,0";
"640,0";"01,01,2019";"Теплый Стан";"";"Наезд на пешехода";"";"0";"0";"г Москва ул Островитянова 4, корп, 1";"0,0";"1,0";"1,0";"2,0";
"641,0";"01,01,2019";"Замоскворечье";"";"Наезд на препятствие";"";"0";"0";"г Москва ул Серпуховская Б, 16 15";"0,0";"2,0";"1,0";"2,0";
"642,0";"01,01,2019";"Южное Бутово";"";"Столкновение";"";"0";"0";"г Москва ул Скобелевская 19";"0,0";"1,0";"2,0";"3,0";