"1,0";"31,05,2019";"Сосенское";"";"Наезд на препятствие";"";"0";"0";"  ";"0,0";"1,0";"1,0";"2,0";
"3,0";"31,05,2019";"Головинский";"";"Наезд на пешехода";"";"0";"0";"г Москва ул Смольная 21";"0,0";"1,0";"1,0";"2,0";
"4,0";"31,05,2019";"Кунцево";"";"Падение пассажира";"";"0";"0";"г Москва ул Молодогвардейская 30";"0,0";"1,0";"1,0";"2,0";
"5,0";"31,05,2019";"Обручевский";"";"Падение пассажира";"";"0";"0";"г Москва ул Профсоюзная 64";"0,0";"1,0";"1,0";"2,0";
"6,0";"31,05,2019";"Печатники";"";"Столкновение";"";"0";"0";"г Москва ул Кухмистерова 18";"0,0";"1,0";"3,0";"2,0";
"7,0";"31,05,2019";"Строгино";"";"Наезд на препятствие";"Московская кольцевая автомобильная дорога (МКАД) внутренняя сторона";"66";"200";"г Москва  ";"0,0";"1,0";"1,0";"2,0";
"8,0";"31,05,2019";"Лианозово";"";"Столкновение";"";"0";"0";"г Москва ш Алтуфьевское 83";"0,0";"1,0";"3,0";"3,0";
"9,0";"31,05,2019";"Западное Дегунино";"";"Столкновение";"Московская кольцевая автомобильная дорога (МКАД) внутренняя сторона";"78";"0";"г Москва  ";"0,0";"2,0";"2,0";"3,0";
"10,0";"31,05,2019";"Нагатино-Садовники";"";"Столкновение";"";"0";"0";"г Москва ш Варшавское 32";"0,0";"1,0";"4,0";"4,0";
"11,0";"31,05,2019";"Останкинский";"";"Столкновение";"";"0";"0";"г Москва ул Сельскохозяйственная ВЛ, 29";"0,0";"1,0";"2,0";"3,0";
"12,0";"31,05,2019";"Тверской";"";"Столкновение";"";"0";"0";"г Москва ул Новослободская 71";"0,0";"1,0";"2,0";"3,0";
"13,0";"31,05,2019";"Московский";"";"Наезд на стоящее ТС";"";"0";"0";"  ";"0,0";"1,0";"2,0";"2,0";
"14,0";"31,05,2019";"Люблино";"";"Столкновение";"";"0";"0";"г Москва ул Краснодонская 2 к1";"0,0";"1,0";"2,0";"3,0";
"15,0";"31,05,2019";"Зябликово";"";"Наезд на пешехода";"";"0";"0";"г Москва  ";"0,0";"1,0";"1,0";"2,0";
"16,0";"31,05,2019";"Ярославский";"";"Столкновение";"Московская кольцевая автомобильная дорога (МКАД) внутренняя сторона";"95";"0";"г Москва  ";"0,0";"1,0";"2,0";"2,0";
"17,0";"31,05,2019";"Десёновское";"";"Наезд на препятствие";"А-130 Москва - Малоярославец - Рославль - граница с Республикой Белоруссия (основное направление)";"36";"0";"д Ватутинки  ";"0,0";"1,0";"1,0";"1,0";
"18,0";"31,05,2019";"Гольяново";"";"Наезд на пешехода";"";"0";"0";"г Москва  ";"0,0";"1,0";"1,0";"2,0";
"19,0";"31,05,2019";"Донской";"";"Наезд на пешехода";"";"0";"0";"г Москва  ";"0,0";"1,0";"1,0";"2,0";
"20,0";"31,05,2019";"ГУ МВД 2 СП ДПС 2 бат,";"";"Наезд на стоящее ТС";"М-9 Балтия Москва - Волоколамск - граница с Латвийской Республикой";"20";"0";"г Москва  ";"1,0";"2,0";"3,0";"4,0";
"21,0";"30,05,2019";"ГУ МВД 2 СП ДПС 2 бат,";"";"Столкновение";"М-9 Балтия Москва - Волоколамск - граница с Латвийской Республикой";"20";"0";"г Москва  ";"0,0";"1,0";"2,0";"2,0";
"22,0";"30,05,2019";"Чертаново Южное";"";"Столкновение";"Московская кольцевая автомобильная дорога (МКАД) внешняя сторона";"33";"0";"г Москва  ";"0,0";"2,0";"3,0";"3,0";
"23,0";"30,05,2019";"Щукино";"";"Наезд на пешехода";"";"0";"0";"г Москва ул Авиационная 66";"1,0";"0,0";"1,0";"2,0";
"24,0";"30,05,2019";"Пресненский";"";"Наезд на велосипедиста";"";"0";"0";"г Москва ул Никитская Б, 10";"0,0";"1,0";"2,0";"2,0";
"25,0";"30,05,2019";"Арбат";"";"Столкновение";"";"0";"0";"г Москва пл Смоленская 6";"0,0";"1,0";"2,0";"2,0";
"26,0";"30,05,2019";"Теплый Стан";"";"Столкновение";"";"0";"0";"г Москва пр-кт Ленинский 137";"0,0";"1,0";"2,0";"3,0";
"27,0";"30,05,2019";"Очаково-Матвеевское";"";"Столкновение";"";"0";"0";"п Матвеевское ул Озёрная 37А";"0,0";"1,0";"2,0";"3,0";
"28,0";"30,05,2019";"Люблино";"";"Наезд на стоящее ТС";"Московская кольцевая автомобильная дорога (МКАД) внешняя сторона";"14";"0";"г Москва  ";"0,0";"1,0";"3,0";"3,0";
"29,0";"30,05,2019";"Южное Бутово";"";"Наезд на пешехода";"";"0";"0";"г Москва ул Горчакова 7";"0,0";"1,0";"1,0";"2,0";
"30,0";"30,05,2019";"Северное Бутово";"";"Наезд на пешехода";"";"0";"0";"п Бутово ул Старокачаловская 5";"0,0";"1,0";"1,0";"2,0";
"31,0";"30,05,2019";"Хамовники";"";"Наезд на стоящее ТС";"Третье транспортное кольцо (внешняя сторона)";"0";"0";"г Москва ул Лужники 4";"0,0";"1,0";"3,0";"2,0";
"32,0";"30,05,2019";"Северное Медведково";"";"Наезд на пешехода";"";"0";"0";"г Москва ул Широкая 27";"0,0";"1,0";"1,0";"2,0";
"33,0";"30,05,2019";"Черемушки";"";"Наезд на пешехода";"";"0";"0";"г Москва ул Зюзинская 8";"0,0";"1,0";"1,0";"2,0";
"34,0";"30,05,2019";"Восточное Дегунино";"";"Падение пассажира";"";"0";"0";"г Москва ул Дубнинская 50А";"0,0";"1,0";"1,0";"2,0";
"35,0";"30,05,2019";"Можайский";"";"Столкновение";"";"0";"0";"г Москва ул Горбунова д12 с3";"0,0";"1,0";"2,0";"2,0";
"36,0";"30,05,2019";"Сокольники";"";"Столкновение";"";"0";"0";"г Москва проезд Ростокинский 13";"0,0";"1,0";"4,0";"4,0";
"37,0";"30,05,2019";"Войковский";"";"Наезд на пешехода";"";"0";"0";"г Москва ул Адмирала Макарова 17, корпус 1";"0,0";"1,0";"1,0";"2,0";
"38,0";"30,05,2019";"Люблино";"";"Столкновение";"";"0";"0";"г Москва ул Верхние Поля 46 строение 12";"0,0";"1,0";"4,0";"5,0";
"39,0";"30,05,2019";"Чертаново Северное";"";"Наезд на велосипедиста";"";"0";"0";"г Москва ул Чертановская 2";"0,0";"1,0";"2,0";"2,0";
"40,0";"30,05,2019";"Солнцево";"";"Наезд на препятствие";"";"0";"0";"г Москва ул Родниковая 7 стр 3";"0,0";"1,0";"1,0";"2,0";
"41,0";"30,05,2019";"Гольяново";"";"Столкновение";"";"0";"0";"г Москва ш Щёлковское 79";"0,0";"1,0";"2,0";"3,0";
"42,0";"30,05,2019";"Тимирязевский";"";"Столкновение";"";"0";"0";"г Москва ш Дмитровское 37 К,1";"0,0";"1,0";"4,0";"4,0";
"43,0";"29,05,2019";"Обручевский";"";"Наезд на пешехода";"";"0";"0";"г Москва ул Профсоюзная 60 к,1, двроовый про";"0,0";"1,0";"2,0";"2,0";
"44,0";"29,05,2019";"Северный";"";"Столкновение";"Московская кольцевая автомобильная дорога (МКАД) внешняя сторона";"82";"150";"г Москва  ";"0,0";"3,0";"3,0";"5,0";
"45,0";"29,05,2019";"Южнопортовый";"";"Наезд на велосипедиста";"";"0";"0";"г Москва ул Сайкина 11 2";"0,0";"1,0";"2,0";"2,0";
"46,0";"29,05,2019";"Московский";"";"Столкновение";"";"0";"0";"г Московский мкр 1-й 43";"0,0";"1,0";"2,0";"2,0";
"47,0";"29,05,2019";"Покровское-Стрешнево";"";"Столкновение";"";"0";"0";"г Москва ш Волоколамское 92";"0,0";"1,0";"2,0";"3,0";
"48,0";"29,05,2019";"Таганский";"";"Наезд на велосипедиста";"";"0";"0";"г Москва ул Яузская 6";"0,0";"1,0";"2,0";"2,0";
"49,0";"29,05,2019";"Внуковское";"";"Столкновение";"";"0";"0";" ул Боровская 1";"0,0";"1,0";"2,0";"2,0";
"50,0";"29,05,2019";"Южное Тушино";"";"Столкновение";"";"0";"0";"г Москва б-р Яна Райниса 49";"0,0";"1,0";"2,0";"2,0";
"51,0";"29,05,2019";"Северный";"";"Столкновение";"";"0";"0";"г Москва ш Дмитровское 165Б";"0,0";"1,0";"2,0";"2,0";
"52,0";"29,05,2019";"Крюково";"";"Столкновение";"";"0";"0";"г Зеленоград пр-кт Георгиевский 1620";"0,0";"1,0";"2,0";"2,0";
"53,0";"29,05,2019";"Хорошевский";"";"Наезд на пешехода";"";"0";"0";"г Москва ул Полины Осипенко 14 к 1";"0,0";"1,0";"1,0";"2,0";
"54,0";"29,05,2019";"Строгино";"";"Опрокидывание";"Московская кольцевая автомобильная дорога (МКАД) внутренняя сторона";"65";"150";"г Москва  ";"1,0";"1,0";"1,0";"2,0";
"55,0";"29,05,2019";"Щукино";"";"Столкновение";"";"0";"0";"г Москва ул Щукинская 2";"0,0";"1,0";"2,0";"3,0";
"56,0";"29,05,2019";"Марьино";"";"Наезд на велосипедиста";"";"0";"0";"г Москва  ";"0,0";"1,0";"2,0";"2,0";
"57,0";"29,05,2019";"Сокол";"";"Наезд на пешехода";"";"0";"0";"г Москва  ";"0,0";"1,0";"1,0";"2,0";
"58,0";"29,05,2019";"Соколиная гора";"";"Наезд на пешехода";"";"0";"0";"г Москва  ";"0,0";"1,0";"1,0";"2,0";
"59,0";"29,05,2019";"Хамовники";"";"Наезд на пешехода";"";"0";"0";"г Москва пер Оболенский 9 кор 1";"0,0";"1,0";"1,0";"2,0";
"60,0";"29,05,2019";"Хамовники";"";"Наезд на пешехода";"";"0";"0";"г Москва ул Пироговская М, 8";"0,0";"1,0";"1,0";"2,0";
"61,0";"29,05,2019";"Тропарево-Никулино";"";"Наезд на стоящее ТС";"";"0";"0";"г Москва пр-кт Вернадского 101";"0,0";"1,0";"2,0";"3,0";
"62,0";"29,05,2019";"Москворечье-Сабурово";"";"Столкновение";"";"0";"0";"г Москва ул Борисовские Пруды 17 К2";"0,0";"1,0";"2,0";"2,0";
"63,0";"29,05,2019";"Некрасовка";"";"Наезд на пешехода";"";"0";"0";"п Некрасовка  ";"0,0";"1,0";"1,0";"2,0";
"64,0";"29,05,2019";"Чертаново Северное";"";"Наезд на пешехода";"";"0";"0";"г Москва ул Чертановская 4";"0,0";"1,0";"1,0";"2,0";
"65,0";"29,05,2019";"Тверской";"";"Столкновение";"";"0";"0";"г Москва ул Бутырский Вал 68";"0,0";"1,0";"2,0";"3,0";
"66,0";"29,05,2019";"Кунцево";"";"Столкновение";"";"0";"0";"г Москва ул Молодогвардейская 52 стр, 5";"0,0";"1,0";"3,0";"3,0";
"67,0";"29,05,2019";"Люблино";"";"Столкновение";"";"0";"0";"г Москва ул Краснодонская 49 17";"0,0";"2,0";"2,0";"3,0";
"68,0";"29,05,2019";"Строгино";"";"Наезд на пешехода";"";"0";"0";"г Москва ул Маршала Катукова 12";"0,0";"1,0";"1,0";"2,0";
"69,0";"29,05,2019";"Сокольники";"";"Наезд на пешехода";"";"0";"0";"г Москва  ";"0,0";"1,0";"1,0";"2,0";
"70,0";"29,05,2019";"Косино-Ухтомский";"";"Столкновение";"Московская кольцевая автомобильная дорога (МКАД) внешняя сторона";"6";"900";"п Ухтомский  ";"0,0";"1,0";"3,0";"3,0";
"71,0";"29,05,2019";"Пресненский";"";"Столкновение";"";"0";"0";"г Москва ул 1905 года 14";"0,0";"1,0";"2,0";"3,0";
"72,0";"29,05,2019";"Выхино-Жулебино";"";"Наезд на велосипедиста";"";"0";"0";"г Москва  ";"0,0";"1,0";"2,0";"2,0";
"73,0";"29,05,2019";"Преображенское";"";"Наезд на препятствие";"";"0";"0";"г Москва ул Черкизовская Б, 125";"0,0";"1,0";"2,0";"2,0";
"74,0";"29,05,2019";"Кунцево";"";"Наезд на пешехода";"";"0";"0";"г Москва ул Академика Павлова 13";"0,0";"1,0";"1,0";"2,0";
"75,0";"29,05,2019";"Очаково-Матвеевское";"";"Наезд на пешехода";"";"0";"0";"п Матвеевское ул Веерная 3 корп, 6";"0,0";"1,0";"1,0";"2,0";
"76,0";"29,05,2019";"Головинский";"";"Столкновение";"";"0";"0";"г Москва ул Смольная 2";"0,0";"1,0";"2,0";"2,0";
"77,0";"29,05,2019";"Измайлово";"";"Наезд на пешехода";"";"0";"0";"г Москва б-р Сиреневый 28";"0,0";"1,0";"1,0";"2,0";
"78,0";"28,05,2019";"Северное Медведково";"";"Столкновение";"";"0";"0";"г Москва ул Северодвинская вл 20 корп, А";"0,0";"1,0";"2,0";"2,0";
"79,0";"28,05,2019";"Нагорный";"";"Опрокидывание";"";"0";"0";"г Москва ш Варшавское 87";"0,0";"1,0";"1,0";"1,0";
"80,0";"28,05,2019";"Косино-Ухтомский";"";"Столкновение";"";"0";"0";"п Ухтомский  ";"0,0";"2,0";"2,0";"3,0";
"81,0";"28,05,2019";"Даниловский";"";"Столкновение";"Третье транспортное кольцо (внутренняя сторона)";"8";"100";"г Москва ул Автозаводская 18";"0,0";"1,0";"2,0";"2,0";
"82,0";"28,05,2019";"Рязановское";"";"Столкновение";"";"0";"0";"д Армазово  ";"0,0";"1,0";"2,0";"2,0";
"83,0";"28,05,2019";"Гагаринский";"";"Столкновение";"";"0";"0";"г Москва ул Косыгина 19";"0,0";"1,0";"2,0";"2,0";
"84,0";"28,05,2019";"Котловка";"";"Столкновение";"";"0";"0";"г Москва пр-кт Севастопольский 15, корп, 1";"0,0";"1,0";"2,0";"3,0";
"85,0";"28,05,2019";"Орехово-Борисово Северное";"";"Столкновение";"";"0";"0";"г Москва ул Маршала Захарова 22";"0,0";"1,0";"2,0";"2,0";
"86,0";"28,05,2019";"Выхино-Жулебино";"";"Наезд на велосипедиста";"";"0";"0";"г Москва ул Привольная 9 кор, 2";"0,0";"1,0";"2,0";"2,0";
"87,0";"28,05,2019";"Марфино";"";"Столкновение";"";"0";"0";"г Москва ул Ботаническая 41 К 7";"0,0";"2,0";"2,0";"4,0";
"88,0";"28,05,2019";"Южное Тушино";"";"Наезд на велосипедиста";"";"0";"0";"г Москва б-р Яна Райниса 43";"0,0";"1,0";"2,0";"2,0";
"89,0";"28,05,2019";"Хорошево-Мневники";"";"Опрокидывание";"";"0";"0";"г Москва пр-кт Маршала Жукова 39 к, 1";"0,0";"1,0";"1,0";"1,0";
"90,0";"28,05,2019";"Гольяново";"";"Столкновение";"";"0";"0";"г Москва ш Щёлковское 1б стр 1";"0,0";"1,0";"3,0";"3,0";
"91,0";"28,05,2019";"Люблино";"";"Столкновение";"";"0";"0";"г Москва ул Верхние Поля 49 кор, 1";"0,0";"1,0";"2,0";"2,0";
"92,0";"28,05,2019";"Даниловский";"";"Наезд на велосипедиста";"";"0";"0";"г Москва ш Подольское 8";"0,0";"1,0";"2,0";"2,0";
"93,0";"28,05,2019";"Пресненский";"";"Наезд на пешехода";"";"0";"0";"г Москва ул Дружинниковская 30А";"0,0";"1,0";"1,0";"2,0";
"94,0";"28,05,2019";"Хамовники";"";"Наезд на пешехода";"";"0";"0";"г Москва пр-кт Комсомольский 21";"0,0";"1,0";"1,0";"2,0";
"95,0";"28,05,2019";"Куркино";"";"Наезд на пешехода";"";"0";"0";"г Москва ш Куркинское 17";"0,0";"1,0";"1,0";"2,0";
"96,0";"28,05,2019";"Лианозово";"";"Наезд на пешехода";"";"0";"0";"г Москва ул Илимская 2";"0,0";"1,0";"1,0";"2,0";
"97,0";"28,05,2019";"Марфино";"";"Столкновение";"";"0";"0";"г Москва ул Ботаническая 25";"0,0";"1,0";"2,0";"3,0";
"98,0";"28,05,2019";"Марьино";"";"Столкновение";"";"0";"0";"г Москва ул Люблинская 151";"0,0";"1,0";"2,0";"3,0";
"99,0";"28,05,2019";"Щукино";"";"Столкновение";"";"0";"0";"г Москва ул Берзарина 16";"0,0";"1,0";"2,0";"2,0";
"100,0";"28,05,2019";"Филевский парк";"";"Наезд на пешехода";"";"0";"0";"г Москва проезд Багратионовский 1";"0,0";"1,0";"1,0";"2,0";
"101,0";"28,05,2019";"Ивановское";"";"Наезд на пешехода";"";"0";"0";"г Москва ул Челябинская 14";"0,0";"1,0";"1,0";"2,0";
"102,0";"28,05,2019";"Печатники";"";"Наезд на пешехода";"";"0";"0";"г Москва ул Шоссейная 98";"0,0";"1,0";"1,0";"2,0";
"103,0";"28,05,2019";"Нижегородский";"";"Наезд на стоящее ТС";"Третье транспортное кольцо (внутренняя сторона)";"0";"0";"г Москва проезд Автомобильный 8 стр, 40";"0,0";"1,0";"2,0";"2,0";
"104,0";"28,05,2019";"Тропарево-Никулино";"";"Наезд на велосипедиста";"";"0";"0";"г Москва пр-кт Вернадского 84 стр,3";"0,0";"1,0";"2,0";"2,0";
"105,0";"28,05,2019";"Донской";"";"Столкновение";"";"0";"0";"г Москва ш Варшавское 2";"0,0";"1,0";"7,0";"5,0";
"106,0";"27,05,2019";"Печатники";"";"Столкновение";"";"0";"0";"г Москва ул Шоссейная 1 а";"0,0";"1,0";"2,0";"2,0";
"107,0";"27,05,2019";"Нижегородский";"";"Наезд на пешехода";"";"0";"0";"г Москва ул Чистопольская 2, корп, 1";"0,0";"1,0";"1,0";"3,0";
"108,0";"27,05,2019";"Филимонковское";"";"Столкновение";"М-3 Украина Москва - Калуга - Брянск - граница с Украиной (основное направление)";"32";"0";"  ";"0,0";"1,0";"4,0";"4,0";
"109,0";"27,05,2019";"Десёновское";"";"Отбрасывание предмета";"";"0";"0";"  ";"0,0";"1,0";"1,0";"2,0";
"110,0";"27,05,2019";"Южное Бутово";"";"Столкновение";"";"0";"0";"г Москва проезд Чечёрский 23";"0,0";"1,0";"2,0";"2,0";
"111,0";"27,05,2019";"Солнцево";"";"Столкновение";"";"0";"0";"г Москва ул Главмосстроя 5";"0,0";"1,0";"3,0";"2,0";
"112,0";"27,05,2019";"Косино-Ухтомский";"";"Столкновение";"";"0";"0";"п Ухтомский ш Косинское ул, Недорубова";"0,0";"3,0";"2,0";"3,0";
"113,0";"27,05,2019";"Внуковское";"";"Опрокидывание";"";"0";"0";" ул Анны Ахматовой 13";"0,0";"1,0";"2,0";"1,0";
"114,0";"27,05,2019";"Замоскворечье";"";"Столкновение";"";"0";"0";"г Москва наб Космодамианская 24 стр 1";"0,0";"1,0";"2,0";"2,0";
"115,0";"27,05,2019";"Академический";"";"Наезд на пешехода";"";"0";"0";"г Москва ул Кржижановского 5 к,1";"0,0";"1,0";"1,0";"2,0";
"116,0";"27,05,2019";"Текстильщики";"";"Наезд на пешехода";"";"0";"0";"г Москва пр-кт Волгоградский 79 стр 1";"0,0";"1,0";"2,0";"2,0";
"117,0";"27,05,2019";"Проспект Вернадского";"";"Наезд на пешехода";"";"0";"0";"г Москва ул Лобачевского 97";"0,0";"1,0";"1,0";"2,0";
"118,0";"27,05,2019";"Сосенское";"";"Столкновение";"";"0";"0";" ул Александры Монаховой 10";"0,0";"1,0";"2,0";"2,0";
"119,0";"27,05,2019";"Ивановское";"";"Наезд на пешехода";"";"0";"0";"г Москва  ";"0,0";"1,0";"1,0";"2,0";
"120,0";"27,05,2019";"Ясенево";"";"Наезд на пешехода";"";"0";"0";"г Москва  ";"0,0";"1,0";"1,0";"2,0";
"121,0";"27,05,2019";"Дорогомилово";"";"Наезд на пешехода";"";"0";"0";"г Москва пер Брянский 2-й 2";"0,0";"1,0";"1,0";"2,0";
"122,0";"27,05,2019";"Крылатское";"";"Падение пассажира";"";"0";"0";"г Москва б-р Осенний 4";"0,0";"1,0";"1,0";"2,0";
"123,0";"27,05,2019";"Восточное Дегунино";"";"Столкновение";"";"0";"0";"г Москва ул Дубнинская 79Б";"0,0";"1,0";"2,0";"2,0";
"124,0";"27,05,2019";"Метрогородок";"";"Наезд на пешехода";"";"0";"0";"г Москва  ";"0,0";"1,0";"1,0";"2,0";
"125,0";"27,05,2019";"Котловка";"";"Падение пассажира";"";"0";"0";"г Москва пр-кт Севастопольский 51";"0,0";"1,0";"1,0";"2,0";
"126,0";"27,05,2019";"Мещанский";"";"Наезд на пешехода";"";"0";"0";"г Москва ул Сретенка 34 1 стр,1";"0,0";"1,0";"1,0";"2,0";
"127,0";"26,05,2019";"Новогиреево";"";"Наезд на пешехода";"";"0";"0";"г Москва ул Кусковская 37 60";"0,0";"1,0";"1,0";"2,0";
"128,0";"26,05,2019";"Тверской";"";"Столкновение";"";"0";"0";"г Москва ул Моховая 15 1";"0,0";"1,0";"2,0";"3,0";
"129,0";"26,05,2019";"Чертаново Центральное";"";"Наезд на пешехода";"";"0";"0";"г Москва ул Чертановская 21 К1";"0,0";"1,0";"1,0";"2,0";
"130,0";"26,05,2019";"Марьино";"";"Наезд на велосипедиста";"";"0";"0";"г Москва ул Люблинская 153";"0,0";"1,0";"2,0";"2,0";
"131,0";"26,05,2019";"Южное Тушино";"";"Наезд на пешехода";"";"0";"0";"г Москва  ";"0,0";"1,0";"2,0";"2,0";
"132,0";"26,05,2019";"Марьина роща";"";"Наезд на препятствие";"";"0";"0";"г Москва ул Достоевского 2";"1,0";"5,0";"1,0";"6,0";
"133,0";"26,05,2019";"ГУ МВД 2 СП ДПС 2 бат,";"";"Наезд на велосипедиста";"А-109 Ильинское шоссе";"3";"0";"г Москва  ";"0,0";"1,0";"2,0";"2,0";
"134,0";"26,05,2019";"Западное Дегунино";"";"Падение пассажира";"";"0";"0";"г Москва ул Ангарская 17";"0,0";"1,0";"1,0";"2,0";
"135,0";"26,05,2019";"Арбат";"";"Столкновение";"";"0";"0";"г Москва ул Воздвиженка 1";"0,0";"1,0";"2,0";"2,0";
"136,0";"26,05,2019";"Десёновское";"";"Столкновение";"А-130 Москва - Малоярославец - Рославль - граница с Республикой Белоруссия (основное направление)";"33";"0";"  ";"0,0";"1,0";"2,0";"2,0";
"137,0";"26,05,2019";"Выхино-Жулебино";"";"Столкновение";"Московская кольцевая автомобильная дорога (МКАД) внутренняя сторона";"10";"0";"г Москва  ";"0,0";"1,0";"2,0";"3,0";
"138,0";"26,05,2019";"Вешняки";"";"Наезд на препятствие";"Московская кольцевая автомобильная дорога (МКАД) внутренняя сторона";"4";"0";"г Москва  ";"0,0";"1,0";"1,0";"1,0";
"139,0";"26,05,2019";"Московский";"";"Столкновение";"М-3 Украина Москва - Калуга - Брянск - граница с Украиной (основное направление)";"27";"0";"  ";"0,0";"3,0";"3,0";"6,0";
"140,0";"26,05,2019";"Марьино";"";"Наезд на препятствие";"";"0";"0";"г Москва ул Братиславская 13 корпус 1";"0,0";"1,0";"1,0";"1,0";
"141,0";"26,05,2019";"Тропарево-Никулино";"";"Столкновение";"";"0";"0";"г Москва пр-кт Вернадского 127";"0,0";"1,0";"2,0";"3,0";
"142,0";"26,05,2019";"Орехово-Борисово Южное";"";"Наезд на стоящее ТС";"Московская кольцевая автомобильная дорога (МКАД) внешняя сторона";"21";"0";"г Москва  ";"0,0";"1,0";"3,0";"3,0";
"143,0";"26,05,2019";"Левобережный";"";"Наезд на пешехода";"";"0";"0";"г Москва  ";"0,0";"1,0";"1,0";"2,0";
"144,0";"26,05,2019";"Выхино-Жулебино";"";"Столкновение";"";"0";"0";"г Москва  ";"0,0";"1,0";"3,0";"3,0";
"145,0";"26,05,2019";"Митино";"";"Наезд на велосипедиста";"";"0";"0";"г Москва ш Пятницкое 47";"0,0";"1,0";"2,0";"2,0";
"146,0";"26,05,2019";"Чертаново Центральное";"";"Столкновение";"";"0";"0";"г Москва ул Подольских Курсантов ВЛ 7А";"0,0";"1,0";"2,0";"2,0";
"147,0";"26,05,2019";"Клёновское";"";"Наезд на велосипедиста";"";"0";"0";"д Чернецкое  ";"0,0";"1,0";"2,0";"2,0";
"148,0";"26,05,2019";"Раменки";"";"Наезд на лицо, не являющееся участником дорожного движения, осуществляющее несение службы";"";"0";"0";"г Москва ул Мосфильмовская 43 40";"0,0";"1,0";"1,0";"2,0";
"149,0";"26,05,2019";"Обручевский";"";"Наезд на пешехода";"";"0";"0";"г Москва  ";"0,0";"1,0";"1,0";"2,0";
"150,0";"26,05,2019";"Тверской";"";"Столкновение";"";"0";"0";"г Москва ул Моховая 8";"0,0";"1,0";"2,0";"2,0";
"151,0";"26,05,2019";"Гольяново";"";"Наезд на препятствие";"";"0";"0";"г Москва ш Щёлковское 1, стр,5";"0,0";"1,0";"1,0";"1,0";
"152,0";"26,05,2019";"Мещанский";"";"Столкновение";"";"0";"0";"г Москва пл Сухаревская М, 3";"0,0";"1,0";"2,0";"2,0";
"153,0";"25,05,2019";"Коньково";"";"Столкновение";"";"0";"0";"г Москва ул Профсоюзная 116 к,1";"0,0";"1,0";"2,0";"2,0";
"154,0";"25,05,2019";"Капотня";"";"Наезд на пешехода";"";"0";"0";"г Москва кв-л Капотня 2-й 1";"0,0";"1,0";"1,0";"2,0";
"155,0";"25,05,2019";"Хорошево-Мневники";"";"Столкновение";"";"0";"0";"г Москва пр-кт Маршала Жукова 59";"0,0";"1,0";"4,0";"4,0";
"156,0";"25,05,2019";"Теплый Стан";"";"Наезд на велосипедиста";"";"0";"0";"г Москва ул Тёплый Стан 14 2 двор дома";"0,0";"1,0";"2,0";"2,0";
"157,0";"25,05,2019";"Печатники";"";"Столкновение";"Третье транспортное кольцо (внутренняя сторона)";"4";"0";"г Москва  ";"0,0";"1,0";"2,0";"3,0";
"158,0";"25,05,2019";"Кунцево";"";"Столкновение";"";"0";"0";"г Москва ул Молодогвардейская 15";"0,0";"2,0";"2,0";"2,0";
"159,0";"25,05,2019";"Южное Тушино";"";"Столкновение";"";"0";"0";"г Москва ул Лодочная 4";"0,0";"1,0";"2,0";"3,0";
"160,0";"25,05,2019";"Ново-Переделкино";"";"Наезд на пешехода";"";"0";"0";"г Москва ул Шолохова 18";"0,0";"1,0";"1,0";"2,0";
"161,0";"25,05,2019";"Крюково";"";"Столкновение";"";"0";"0";"г Зеленоград ул Каменка 1513";"0,0";"1,0";"2,0";"3,0";
"162,0";"25,05,2019";"Кузьминки";"";"Столкновение";"";"0";"0";"г Москва  ";"0,0";"2,0";"2,0";"3,0";
"163,0";"25,05,2019";"Пресненский";"";"Наезд на пешехода";"";"0";"0";"г Москва наб Пресненская 8";"0,0";"1,0";"1,0";"2,0";
"164,0";"25,05,2019";"Бескудниковский";"";"Падение пассажира";"";"0";"0";"г Москва ш Коровинское 2 38";"0,0";"1,0";"1,0";"2,0";
"165,0";"25,05,2019";"Коньково";"";"Столкновение";"";"0";"0";"г Москва ул Островитянова 27, корп, 2";"0,0";"1,0";"3,0";"3,0";
"166,0";"25,05,2019";"Северное Медведково";"";"Наезд на пешехода";"";"0";"0";"г Москва ул Широкая 24";"0,0";"1,0";"1,0";"2,0";
"167,0";"25,05,2019";"Савеловский";"";"Наезд на стоящее ТС";"";"0";"0";"г Москва ул Бутырская 53-1";"0,0";"1,0";"2,0";"2,0";
"168,0";"25,05,2019";"Капотня";"";"Столкновение";"";"0";"0";"г Москва ул Верхние Поля 53 кор, 2";"0,0";"1,0";"2,0";"3,0";
"169,0";"25,05,2019";"Замоскворечье";"";"Столкновение";"";"0";"0";"г Москва ул Валовая 26";"0,0";"1,0";"3,0";"3,0";
"170,0";"25,05,2019";"Строгино";"";"Столкновение";"Московская кольцевая автомобильная дорога (МКАД) внутренняя сторона";"62";"200";"г Москва  ";"0,0";"5,0";"5,0";"7,0";
"171,0";"25,05,2019";"Орехово-Борисово Северное";"";"Столкновение";"";"0";"0";"г Москва б-р Ореховый 11 К1";"0,0";"1,0";"3,0";"3,0";
"172,0";"25,05,2019";"Кунцево";"";"Наезд на пешехода";"";"0";"0";"г Москва  ";"0,0";"1,0";"1,0";"2,0";
"173,0";"25,05,2019";"Преображенское";"";"Наезд на велосипедиста";"";"0";"0";"г Москва ул Черкизовская Б, 125";"0,0";"1,0";"2,0";"2,0";
"174,0";"25,05,2019";"Лианозово";"";"Наезд на стоящее ТС";"Московская кольцевая автомобильная дорога (МКАД) внутренняя сторона";"82";"150";"г Москва  ";"0,0";"1,0";"2,0";"2,0";
"175,0";"25,05,2019";"Беговой";"";"Наезд на пешехода";"";"0";"0";"г Москва проезд Бумажный 2 2";"0,0";"1,0";"1,0";"2,0";
"176,0";"25,05,2019";"Южное Бутово";"";"Наезд на пешехода";"";"0";"0";"г Москва б-р Адмирала Ушакова 7";"0,0";"1,0";"1,0";"2,0";
"177,0";"25,05,2019";"Гольяново";"";"Наезд на стоящее ТС";"Московская кольцевая автомобильная дорога (МКАД) внешняя сторона";"101";"0";"г Москва  ";"0,0";"2,0";"2,0";"2,0";
"178,0";"25,05,2019";"Сосенское";"";"Наезд на велосипедиста";"";"0";"0";"п завода Мосрентген  ";"0,0";"1,0";"2,0";"2,0";
"179,0";"25,05,2019";"Филевский парк";"";"Наезд на пешехода";"";"0";"0";"г Москва ул Барклая 8";"0,0";"2,0";"1,0";"3,0";
"180,0";"24,05,2019";"Покровское-Стрешнево";"";"Столкновение";"";"0";"0";"г Москва ул Свободы 16";"0,0";"1,0";"2,0";"3,0";
"181,0";"24,05,2019";"Кузьминки";"";"Столкновение";"";"0";"0";"г Москва ул Юных Ленинцев 100";"0,0";"1,0";"2,0";"2,0";
"182,0";"24,05,2019";"Южнопортовый";"";"Наезд на пешехода";"";"0";"0";"г Москва пр-кт Волгоградский 32 стр, 1";"0,0";"1,0";"2,0";"2,0";
"183,0";"24,05,2019";"ГУ МВД 2 СП ДПС 2 бат,";"";"Столкновение";"М-9 Балтия Москва - Волоколамск - граница с Латвийской Республикой";"21";"0";"г Москва  ";"0,0";"1,0";"2,0";"3,0";
"184,0";"24,05,2019";"Щукино";"";"Наезд на пешехода";"";"0";"0";"г Москва  ";"0,0";"1,0";"1,0";"2,0";
"185,0";"24,05,2019";"Молжаниновский";"";"Столкновение";"М-10 Россия Москва - Тверь - Великий Новгород - Санкт-Петербург (основное направление)";"12";"0";"г Москва ш Ленинградское 26";"0,0";"1,0";"2,0";"2,0";
"186,0";"24,05,2019";"Десёновское";"";"Наезд на пешехода";"";"0";"0";"  ";"0,0";"1,0";"1,0";"2,0";
"187,0";"24,05,2019";"Теплый Стан";"";"Столкновение";"";"0";"0";"г Москва ул Профсоюзная 142";"0,0";"1,0";"2,0";"2,0";
"188,0";"24,05,2019";"Даниловский";"";"Наезд на пешехода";"";"0";"0";"г Москва ул Автозаводская Арх, Щусева д,1";"0,0";"1,0";"1,0";"2,0";
"189,0";"24,05,2019";"Донской";"";"Столкновение";"";"0";"0";"г Москва проезд Канатчиковский 5 СТР2";"0,0";"1,0";"2,0";"2,0";
"190,0";"24,05,2019";"Можайский";"";"Столкновение";"";"0";"0";"г Москва ул Вяземская 11";"0,0";"1,0";"2,0";"2,0";
"191,0";"24,05,2019";"Проспект Вернадского";"";"Наезд на препятствие";"";"0";"0";"г Москва ул Удальцова 23";"0,0";"1,0";"1,0";"2,0";
"192,0";"24,05,2019";"Хамовники";"";"Падение пассажира";"";"0";"0";"г Москва б-р Смоленский 2";"0,0";"1,0";"1,0";"2,0";
"193,0";"24,05,2019";"Северное Измайлово";"";"Наезд на пешехода";"";"0";"0";"г Москва ул Парковая 13-я 78";"0,0";"1,0";"1,0";"2,0";
"194,0";"24,05,2019";"Останкинский";"";"Наезд на велосипедиста";"";"0";"0";"г Москва аллея Берёзовая 12, стр,6";"0,0";"1,0";"2,0";"2,0";
"195,0";"24,05,2019";"Гольяново";"";"Столкновение";"";"0";"0";"г Москва ш Щёлковское 3";"0,0";"2,0";"2,0";"4,0";
"196,0";"24,05,2019";"Братеево";"";"Наезд на велосипедиста";"";"0";"0";"г Москва ул Борисовские Пруды 12 К1";"0,0";"1,0";"2,0";"2,0";
"197,0";"24,05,2019";"Алексеевский";"";"Наезд на пешехода";"";"0";"0";"г Москва ул Кибальчича 2 К 1";"0,0";"1,0";"1,0";"2,0";
"198,0";"24,05,2019";"Южное Тушино";"";"Столкновение";"";"0";"0";"г Москва ул Свободы 57";"0,0";"1,0";"2,0";"2,0";
"199,0";"24,05,2019";"Беговой";"";"Столкновение";"Третье транспортное кольцо (внешняя сторона)";"38";"0";"г Москва пр-кт Ленинградский 29 к1";"0,0";"1,0";"2,0";"3,0";
"200,0";"24,05,2019";"Коньково";"";"Опрокидывание";"";"0";"0";"г Москва ул Академика Волгина 8А";"0,0";"1,0";"1,0";"1,0";
"201,0";"24,05,2019";"Северное Медведково";"";"Падение пассажира";"";"0";"0";"г Москва ул Осташковская 24а";"0,0";"1,0";"1,0";"2,0";
"202,0";"24,05,2019";"Свиблово";"";"Наезд на пешехода";"";"0";"0";"п Свиблово  ";"0,0";"1,0";"1,0";"2,0";
"203,0";"24,05,2019";"Молжаниновский";"";"Столкновение";"М-10 Россия Москва - Тверь - Великий Новгород - Санкт-Петербург (основное направление)";"26";"300";"г Москва ш Международное 1 км";"0,0";"1,0";"4,0";"5,0";
"204,0";"24,05,2019";"Ивановское";"";"Столкновение";"";"0";"0";"г Москва пр-кт Свободный 19";"0,0";"1,0";"3,0";"3,0";
"205,0";"24,05,2019";"Марьино";"";"Наезд на стоящее ТС";"";"0";"0";"г Москва ул Перерва 43 кор, 1";"0,0";"1,0";"4,0";"2,0";
"206,0";"24,05,2019";"Войковский";"";"Наезд на препятствие";"М-10 Россия Москва - Тверь - Великий Новгород - Санкт-Петербург (основное направление)";"12";"0";"г Москва ш Ленинградское 7";"0,0";"1,0";"1,0";"1,0";
"207,0";"24,05,2019";"Орехово-Борисово Южное";"";"Столкновение";"";"0";"0";"г Москва ш Каширское 144 К1";"0,0";"1,0";"4,0";"5,0";
"208,0";"24,05,2019";"Сокольники";"";"Наезд на пешехода";"";"0";"0";"г Москва ул Стромынка 7";"0,0";"1,0";"1,0";"2,0";
"209,0";"23,05,2019";"Измайлово";"";"Наезд на препятствие";"";"0";"0";"г Москва ул Первомайская 59";"0,0";"1,0";"1,0";"2,0";
"210,0";"23,05,2019";"Беговой";"";"Падение пассажира";"М-10 Россия Москва - Тверь - Великий Новгород - Санкт-Петербург (основное направление)";"7";"0";"г Москва пр-кт Ленинградский 32";"0,0";"1,0";"1,0";"2,0";
"211,0";"23,05,2019";"Ясенево";"";"Столкновение";"";"0";"0";"г Москва ул Ясногорская 5";"0,0";"1,0";"2,0";"3,0";
"212,0";"23,05,2019";"Левобережный";"";"Наезд на пешехода";"";"0";"0";"г Москва  ";"0,0";"1,0";"1,0";"2,0";
"213,0";"23,05,2019";"Очаково-Матвеевское";"";"Наезд на пешехода";"";"0";"0";"п Матвеевское ул Матвеевская 20к3";"0,0";"1,0";"1,0";"2,0";
"214,0";"23,05,2019";"Дорогомилово";"";"Столкновение";"";"0";"0";"г Москва пр-кт Кутузовский 24";"0,0";"1,0";"3,0";"3,0";
"215,0";"23,05,2019";"Даниловский";"";"Наезд на препятствие";"";"0";"0";"г Москва проезд Жуков 19";"0,0";"1,0";"1,0";"2,0";
"216,0";"23,05,2019";"Дмитровский";"";"Наезд на пешехода";"";"0";"0";"г Москва  ";"0,0";"1,0";"1,0";"2,0";
"217,0";"23,05,2019";"Выхино-Жулебино";"";"Столкновение";"Московская кольцевая автомобильная дорога (МКАД) внутренняя сторона";"10";"0";"г Москва  ";"0,0";"1,0";"2,0";"3,0";
"218,0";"23,05,2019";"Сокольники";"";"Столкновение";"";"0";"0";"г Москва ул Жебрунова 6";"0,0";"1,0";"2,0";"2,0";
"219,0";"23,05,2019";"Крюково";"";"Наезд на велосипедиста";"";"0";"0";"г Зеленоград ул 2-я Пятилетка 1824";"0,0";"1,0";"2,0";"2,0";
"220,0";"23,05,2019";"Южное Бутово";"";"Наезд на велосипедиста";"";"0";"0";"г Москва  ";"0,0";"1,0";"2,0";"2,0";
"221,0";"23,05,2019";"Орехово-Борисово Северное";"";"Наезд на пешехода";"";"0";"0";"г Москва проезд Борисовский 20";"0,0";"1,0";"1,0";"2,0";
"222,0";"23,05,2019";"Кунцево";"";"Столкновение";"";"0";"0";"г Москва ул Боженко 14";"0,0";"1,0";"2,0";"2,0";
"223,0";"23,05,2019";"Проспект Вернадского";"";"Наезд на пешехода";"";"0";"0";"г Москва ул Минская 2к корп1";"0,0";"1,0";"1,0";"2,0";
"224,0";"23,05,2019";"Вешняки";"";"Столкновение";"";"0";"0";"г Москва ул Вешняковская 35";"0,0";"1,0";"2,0";"3,0";
"225,0";"23,05,2019";"Внуково";"";"Наезд на пешехода";"";"0";"0";"п Внуково ул Центральная 20";"0,0";"1,0";"1,0";"2,0";
"226,0";"23,05,2019";"Москворечье-Сабурово";"";"Столкновение";"";"0";"0";"г Москва ш Каширское 24 СТР3";"0,0";"2,0";"2,0";"3,0";
"227,0";"23,05,2019";"Нижегородский";"";"Наезд на стоящее ТС";"Третье транспортное кольцо (внутренняя сторона)";"3";"0";"г Москва  ";"1,0";"2,0";"2,0";"3,0";
"228,0";"23,05,2019";"Измайлово";"";"Наезд на препятствие";"";"0";"0";"г Москва ул Вернисажная СВХ МГО №2(32)";"0,0";"2,0";"1,0";"2,0";
"229,0";"23,05,2019";"Ховрино";"";"Столкновение";"";"0";"0";"г Москва ул Фестивальная 77";"0,0";"1,0";"2,0";"3,0";
"230,0";"23,05,2019";"Раменки";"";"Столкновение";"";"0";"0";"г Москва пр-кт Вернадского 6";"0,0";"1,0";"2,0";"3,0";
"231,0";"23,05,2019";"Рязанский";"";"Столкновение";"";"0";"0";"г Москва пр-кт Рязанский 39 СТР,2";"0,0";"1,0";"3,0";"3,0";
"232,0";"23,05,2019";"Новокосино";"";"Наезд на велосипедиста";"";"0";"0";"г Москва ул Суздальская 30 2";"0,0";"1,0";"2,0";"2,0";
"233,0";"23,05,2019";"Сокол";"";"Наезд на пешехода";"";"0";"0";"г Москва ш Волоколамское 9";"0,0";"1,0";"1,0";"2,0";
"234,0";"23,05,2019";"Печатники";"";"Столкновение";"";"0";"0";"г Москва пр-кт Волгоградский 40";"0,0";"3,0";"3,0";"5,0";
"235,0";"23,05,2019";"Тропарево-Никулино";"";"Столкновение";"Московская кольцевая автомобильная дорога (МКАД) внутренняя сторона";"46";"400";"г Москва  ";"0,0";"1,0";"2,0";"2,0";
"236,0";"23,05,2019";"Ховрино";"";"Столкновение";"";"0";"0";"г Москва ул Петрозаводская 30";"0,0";"1,0";"2,0";"3,0";
"237,0";"23,05,2019";"Орехово-Борисово Северное";"";"Столкновение";"";"0";"0";"г Москва проезд Шипиловский 27";"0,0";"1,0";"2,0";"3,0";
"238,0";"23,05,2019";"Хамовники";"";"Наезд на велосипедиста";"";"0";"0";"г Москва пер Гагаринский 6";"0,0";"1,0";"2,0";"2,0";
"239,0";"23,05,2019";"Ясенево";"";"Наезд на пешехода";"";"0";"0";"г Москва  ";"0,0";"1,0";"1,0";"2,0";
"240,0";"23,05,2019";"Крылатское";"";"Наезд на стоящее ТС";"";"0";"0";"г Москва ул Крылатская 17";"0,0";"3,0";"2,0";"4,0";
"241,0";"22,05,2019";"Коптево";"";"Падение пассажира";"";"0";"0";"г Москва ул Академическая Б, 6 корпус 1";"0,0";"1,0";"1,0";"2,0";
"242,0";"22,05,2019";"Краснопахорское поселение";"";"Наезд на препятствие";"А-130 Москва - Малоярославец - Рославль - граница с Республикой Белоруссия (основное направление)";"47";"0";"  ";"0,0";"1,0";"1,0";"2,0";
"243,0";"22,05,2019";"Строгино";"";"Столкновение";"";"0";"0";"г Москва ул Таллинская 2";"0,0";"1,0";"2,0";"2,0";
"244,0";"22,05,2019";"Митино";"";"Наезд на стоящее ТС";"";"0";"0";"г Москва ш Пятницкое 47";"0,0";"1,0";"2,0";"2,0";
"245,0";"22,05,2019";"Тимирязевский";"";"Столкновение";"";"0";"0";"г Москва ш Дмитровское 1";"0,0";"1,0";"4,0";"4,0";
"246,0";"22,05,2019";"Кузьминки";"";"Наезд на пешехода";"";"0";"0";"г Москва ул Юных Ленинцев 100";"0,0";"1,0";"1,0";"2,0";
"247,0";"22,05,2019";"Проспект Вернадского";"";"Наезд на пешехода";"";"0";"0";"г Москва ул Лобачевского 76";"0,0";"1,0";"1,0";"2,0";
"248,0";"22,05,2019";"Ивановское";"";"Столкновение";"Московская кольцевая автомобильная дорога (МКАД) внешняя сторона";"1";"0";"г Москва  ";"0,0";"1,0";"2,0";"2,0";
"249,0";"22,05,2019";"Левобережный";"";"Столкновение";"";"0";"0";"г Москва ул Беломорская 36А";"0,0";"1,0";"2,0";"3,0";
"250,0";"22,05,2019";"Красносельский";"";"Столкновение";"";"0";"0";"г Москва ул Новорязанская 10";"0,0";"1,0";"2,0";"2,0";
"251,0";"22,05,2019";"Вороновское поселение";"";"Столкновение";"";"0";"0";"д Богоявление  ";"0,0";"2,0";"5,0";"4,0";
"252,0";"22,05,2019";"Рязанский";"";"Столкновение";"";"0";"0";"г Москва пр-кт Рязанский 22";"0,0";"3,0";"2,0";"4,0";
"253,0";"22,05,2019";"Печатники";"";"Наезд на пешехода";"";"0";"0";"г Москва  ";"0,0";"1,0";"2,0";"2,0";
"254,0";"22,05,2019";"Восточное Измайлово";"";"Наезд на пешехода";"";"0";"0";"г Москва ул Первомайская Нижн, 68 7";"0,0";"1,0";"1,0";"2,0";
"255,0";"22,05,2019";"Даниловский";"";"Столкновение";"";"0";"0";"г Москва ш Подольское 8 К4";"0,0";"1,0";"2,0";"2,0";
"256,0";"22,05,2019";"Люблино";"";"Столкновение";"";"0";"0";"г Москва б-р Тихорецкий 12к1";"0,0";"2,0";"3,0";"4,0";
"257,0";"22,05,2019";"Академический";"";"Наезд на пешехода";"";"0";"0";"г Москва ул Винокурова 10 корп, 1";"0,0";"1,0";"1,0";"2,0";
"258,0";"22,05,2019";"Ивановское";"";"Столкновение";"Московская кольцевая автомобильная дорога (МКАД) внешняя сторона";"3";"0";"г Москва  ";"0,0";"1,0";"3,0";"2,0";
"259,0";"22,05,2019";"Тропарево-Никулино";"";"Столкновение";"";"0";"0";"г Москва пр-кт Вернадского 84";"0,0";"1,0";"3,0";"3,0";
"260,0";"21,05,2019";"Хорошево-Мневники";"";"Столкновение";"";"0";"0";"г Москва ул Живописная 21";"0,0";"1,0";"2,0";"2,0";
"261,0";"21,05,2019";"Ясенево";"";"Столкновение";"Московская кольцевая автомобильная дорога (МКАД) внутренняя сторона";"41";"150";"г Москва  ";"0,0";"2,0";"2,0";"4,0";
"262,0";"21,05,2019";"Ясенево";"";"Наезд на животное";"";"0";"0";"г Москва пр-кт Новоясеневский 16, корп, 1";"0,0";"1,0";"1,0";"1,0";
"263,0";"21,05,2019";"Теплый Стан";"";"Столкновение";"Московская кольцевая автомобильная дорога (МКАД) внутренняя сторона";"44";"900";"г Москва  ";"0,0";"1,0";"3,0";"3,0";
"264,0";"21,05,2019";"Северный";"";"Столкновение";"";"0";"0";"г Москва ш Дмитровское 182Б";"1,0";"0,0";"3,0";"3,0";
"265,0";"21,05,2019";"Савёлки";"";"Столкновение";"";"0";"0";"г Зеленоград аллея Сосновая 1";"0,0";"1,0";"2,0";"2,0";
"266,0";"21,05,2019";"Басманный";"";"Наезд на пешехода";"";"0";"0";"г Москва б-р Покровский 14 5";"0,0";"1,0";"1,0";"2,0";
"267,0";"21,05,2019";"Братеево";"";"Столкновение";"";"0";"0";"г Москва ул Алма-Атинская 8 К1";"0,0";"1,0";"2,0";"2,0";
"268,0";"21,05,2019";"Проспект Вернадского";"";"Наезд на велосипедиста";"";"0";"0";"г Москва пр-кт Вернадского 51 стр, 2";"0,0";"1,0";"2,0";"2,0";
"269,0";"21,05,2019";"Марушкинское";"";"Столкновение";"М-3 Украина Москва - Калуга - Брянск - граница с Украиной (основное направление)";"37";"0";"  ";"0,0";"2,0";"3,0";"4,0";
"270,0";"21,05,2019";"Орехово-Борисово Южное";"";"Падение пассажира";"";"0";"0";"г Москва ул Воронежская 52 К1";"0,0";"2,0";"1,0";"3,0";
"271,0";"21,05,2019";"Басманный";"";"Наезд на пешехода";"";"0";"0";"г Москва ул Бакунинская 23-41";"0,0";"1,0";"1,0";"2,0";
"272,0";"21,05,2019";"Крюково";"";"Столкновение";"";"0";"0";"г Зеленоград пер Кутузова 48";"0,0";"1,0";"2,0";"2,0";
"273,0";"21,05,2019";"Таганский";"";"Наезд на пешехода";"";"0";"0";"г Москва б-р Энтузиастов 2";"0,0";"1,0";"1,0";"2,0";
"274,0";"21,05,2019";"Проспект Вернадского";"";"Столкновение";"";"0";"0";"г Москва пр-кт Вернадского 76 а";"0,0";"2,0";"2,0";"3,0";
"275,0";"21,05,2019";"Бибирево";"";"Столкновение";"";"0";"0";"г Москва ш Алтуфьевское 100";"0,0";"3,0";"2,0";"3,0";
"276,0";"21,05,2019";"Нагатино-Садовники";"";"Столкновение";"";"0";"0";"г Москва ш Каширское 4 К1";"0,0";"1,0";"2,0";"3,0";
"277,0";"21,05,2019";"Северное Измайлово";"";"Наезд на пешехода";"";"0";"0";"г Москва ш Щёлковское 38 66";"1,0";"0,0";"1,0";"2,0";
"278,0";"21,05,2019";"Щукино";"";"Столкновение";"";"0";"0";"г Москва  ";"0,0";"1,0";"3,0";"3,0";
"279,0";"21,05,2019";"Останкинский";"";"Наезд на пешехода";"";"0";"0";"г Москва проезд Ольминского 3А, стр3";"0,0";"1,0";"1,0";"2,0";
"280,0";"21,05,2019";"Коптево";"";"Столкновение";"";"0";"0";"г Москва б-р Коптевский 11";"0,0";"1,0";"2,0";"2,0";
"281,0";"21,05,2019";"Тропарево-Никулино";"";"Столкновение";"";"0";"0";"г Москва пр-кт Ленинский 146";"0,0";"1,0";"3,0";"4,0";
"282,0";"20,05,2019";"Строгино";"";"Опрокидывание";"Московская кольцевая автомобильная дорога (МКАД) внутренняя сторона";"63";"100";"г Москва  ";"0,0";"1,0";"1,0";"1,0";
"283,0";"20,05,2019";"Хорошевский";"";"Наезд на пешехода";"";"0";"0";"г Москва  ";"0,0";"1,0";"1,0";"2,0";
"284,0";"20,05,2019";"Гагаринский";"";"Столкновение";"Третье транспортное кольцо (внешняя сторона)";"10";"0";"г Москва  ";"0,0";"1,0";"2,0";"3,0";
"285,0";"20,05,2019";"Таганский";"";"Наезд на велосипедиста";"";"0";"0";"г Москва проезд Саринский 6";"0,0";"1,0";"2,0";"2,0";
"286,0";"20,05,2019";"Таганский";"";"Наезд на пешехода";"";"0";"0";"г Москва ул Воронцовская 44";"0,0";"1,0";"1,0";"2,0";
"287,0";"20,05,2019";"Выхино-Жулебино";"";"Наезд на пешехода";"";"0";"0";"г Москва  ";"0,0";"1,0";"1,0";"2,0";
"288,0";"20,05,2019";"Чертаново Центральное";"";"Столкновение";"";"0";"0";"г Москва ул Подольских Курсантов 5Б";"0,0";"1,0";"3,0";"4,0";
"289,0";"20,05,2019";"Зябликово";"";"Столкновение";"";"0";"0";"г Москва ш Бесединское ВЛ15";"0,0";"1,0";"2,0";"2,0";
"290,0";"20,05,2019";"Троицк";"";"Столкновение";"А-130 Москва - Малоярославец - Рославль - граница с Республикой Белоруссия (основное направление)";"42";"0";"г Троицк  ";"0,0";"3,0";"2,0";"3,0";
"291,0";"20,05,2019";"Бирюлево Западное";"";"Столкновение";"Московская кольцевая автомобильная дорога (МКАД) внутренняя сторона";"31";"0";"г Москва  ";"0,0";"1,0";"2,0";"2,0";
"292,0";"20,05,2019";"Хамовники";"";"Наезд на пешехода";"";"0";"0";"г Москва проезд Новодевичий 2";"0,0";"1,0";"1,0";"2,0";
"293,0";"20,05,2019";"Косино-Ухтомский";"";"Наезд на препятствие";"Московская кольцевая автомобильная дорога (МКАД) внешняя сторона";"6";"0";"п Ухтомский  ";"0,0";"1,0";"2,0";"2,0";
"294,0";"20,05,2019";"Отрадное";"";"Столкновение";"";"0";"0";"г Москва ш Алтуфьевское 18 СТР 1";"0,0";"2,0";"2,0";"2,0";
"295,0";"20,05,2019";"Ясенево";"";"Наезд на пешехода";"";"0";"0";"г Москва б-р Литовский 48";"0,0";"1,0";"1,0";"2,0";
"296,0";"20,05,2019";"Дорогомилово";"";"Столкновение";"";"0";"0";"г Москва пр-кт Кутузовский 12";"0,0";"2,0";"3,0";"4,0";
"297,0";"20,05,2019";"Нагорный";"";"Наезд на велосипедиста";"";"0";"0";"г Москва ш Варшавское 24 А";"0,0";"1,0";"2,0";"2,0";
"298,0";"20,05,2019";"Рязанский";"";"Наезд на велосипедиста";"";"0";"0";"г Москва ул Михайлова 5";"0,0";"1,0";"2,0";"2,0";
"299,0";"20,05,2019";"ГУ МВД 2 СП ДПС 2 бат,";"";"Наезд на препятствие";"А-109 Ильинское шоссе";"6";"0";"г Москва  ";"0,0";"1,0";"1,0";"2,0";
"300,0";"20,05,2019";"Щукино";"";"Столкновение";"";"0";"0";"г Москва ул Академика Курчатова 17";"0,0";"1,0";"2,0";"3,0";
"301,0";"20,05,2019";"Крюково";"";"Столкновение";"";"0";"0";"г Зеленоград ул Андреевка 1606";"0,0";"1,0";"3,0";"3,0";
"302,0";"20,05,2019";"Московский";"";"Наезд на пешехода";"";"0";"0";"  ";"0,0";"1,0";"1,0";"2,0";
"303,0";"20,05,2019";"Капотня";"";"Наезд на стоящее ТС";"Московская кольцевая автомобильная дорога (МКАД) внутренняя сторона";"15";"0";"г Москва  ";"0,0";"1,0";"2,0";"2,0";
"304,0";"20,05,2019";"Орехово-Борисово Северное";"";"Столкновение";"";"0";"0";"г Москва проезд Борисовский 1";"0,0";"1,0";"3,0";"3,0";
"305,0";"20,05,2019";"Лефортово";"";"Столкновение";"";"0";"0";"г Москва ул Авиамоторная 33";"0,0";"1,0";"2,0";"2,0";
"306,0";"20,05,2019";"Бирюлево Восточное";"";"Наезд на пешехода";"М-4 Дон Москва - Воронеж - Ростов-на-Дону - Краснодар – Новороссийск (основное направление)";"21";"200";"г Москва  ";"1,0";"0,0";"2,0";"2,0";
"307,0";"20,05,2019";"Рязанский";"";"Столкновение";"";"0";"0";"г Москва ул Михайлова 1";"0,0";"1,0";"2,0";"2,0";
"308,0";"20,05,2019";"Левобережный";"";"Наезд на пешехода";"";"0";"0";"г Москва ул Смольная 35";"0,0";"1,0";"1,0";"2,0";
"309,0";"20,05,2019";"Люблино";"";"Наезд на пешехода";"";"0";"0";"г Москва  ";"0,0";"1,0";"1,0";"2,0";
"310,0";"20,05,2019";"Московский";"";"Столкновение";"М-3 Украина Москва - Калуга - Брянск - граница с Украиной (основное направление)";"24";"0";"  ";"0,0";"2,0";"4,0";"5,0";
"311,0";"19,05,2019";"Теплый Стан";"";"Столкновение";"Московская кольцевая автомобильная дорога (МКАД) внешняя сторона";"42";"150";"г Москва  ";"0,0";"2,0";"2,0";"3,0";
"312,0";"19,05,2019";"Косино-Ухтомский";"";"Столкновение";"";"0";"0";"п Ухтомский ул Салтыковская Косинское шоссе";"0,0";"5,0";"3,0";"8,0";
"313,0";"19,05,2019";"Орехово-Борисово Южное";"";"Наезд на пешехода";"";"0";"0";"г Москва ул Ясеневая 30";"0,0";"1,0";"1,0";"2,0";
"314,0";"19,05,2019";"Хорошево-Мневники";"";"Наезд на велосипедиста";"";"0";"0";"г Москва наб Новикова-Прибоя 1";"0,0";"1,0";"2,0";"2,0";
"315,0";"19,05,2019";"Северное Медведково";"";"Столкновение";"Московская кольцевая автомобильная дорога (МКАД) внутренняя сторона";"90";"0";"г Москва  ";"0,0";"2,0";"3,0";"3,0";
"316,0";"19,05,2019";"Выхино-Жулебино";"";"Наезд на пешехода";"";"0";"0";"г Москва б-р Самаркандский 17 к,3";"0,0";"1,0";"1,0";"2,0";
"317,0";"19,05,2019";"Строгино";"";"Столкновение";"Московская кольцевая автомобильная дорога (МКАД) внутренняя сторона";"64";"970";"г Москва  ";"0,0";"1,0";"2,0";"2,0";
"318,0";"19,05,2019";"Савеловский";"";"Столкновение";"Третье транспортное кольцо (внешняя сторона)";"39";"100";"г Москва ул Масловка Н, 14";"0,0";"1,0";"2,0";"2,0";
"319,0";"19,05,2019";"Западное Дегунино";"";"Столкновение";"Московская кольцевая автомобильная дорога (МКАД) внутренняя сторона";"78";"0";"г Москва  ";"0,0";"1,0";"2,0";"3,0";
"320,0";"19,05,2019";"Вешняки";"";"Столкновение";"Московская кольцевая автомобильная дорога (МКАД) внутренняя сторона";"7";"0";"г Москва  ";"0,0";"1,0";"2,0";"2,0";
"321,0";"19,05,2019";"Орехово-Борисово Северное";"";"Столкновение";"";"0";"0";"г Москва проезд Борисовский 1 К1";"0,0";"1,0";"3,0";"3,0";
"322,0";"19,05,2019";"Марьино";"";"Наезд на пешехода";"";"0";"0";"г Москва  ";"0,0";"1,0";"1,0";"2,0";
"323,0";"19,05,2019";"Отрадное";"";"Столкновение";"";"0";"0";"г Москва проезд Нововладыкинский 12";"1,0";"0,0";"2,0";"2,0";
"324,0";"19,05,2019";"Хорошевский";"";"Столкновение";"";"0";"0";"г Москва пр-кт Ленинградский 45";"0,0";"1,0";"3,0";"3,0";
"325,0";"19,05,2019";"Орехово-Борисово Южное";"";"Наезд на велосипедиста";"";"0";"0";"г Москва ш Каширское 63 К1";"0,0";"1,0";"2,0";"2,0";
"326,0";"19,05,2019";"Северное Измайлово";"";"Наезд на пешехода";"";"0";"0";"г Москва  ";"0,0";"1,0";"1,0";"2,0";
"327,0";"19,05,2019";"Беговой";"";"Столкновение";"";"0";"0";"г Москва пр-кт Ленинградский 33";"0,0";"1,0";"2,0";"2,0";
"328,0";"19,05,2019";"Северный";"";"Столкновение";"";"0";"0";"г Москва ш Дмитровское 163Д";"0,0";"1,0";"2,0";"2,0";
"329,0";"19,05,2019";"Очаково-Матвеевское";"";"Столкновение";"";"0";"0";"п Матвеевское ул Очаковская Б, 47";"1,0";"0,0";"2,0";"2,0";
"330,0";"19,05,2019";"Бирюлево Восточное";"";"Наезд на препятствие";"";"0";"0";"г Москва ул Липецкая 36 20";"0,0";"3,0";"2,0";"3,0";
"331,0";"19,05,2019";"Лосиноостровский";"";"Столкновение";"";"0";"0";"г Москва ул Лётчика Бабушкина 32, корп, 1";"0,0";"1,0";"2,0";"2,0";
"332,0";"18,05,2019";"Раменки";"";"Столкновение";"Третье транспортное кольцо (внешняя сторона)";"0";"0";"г Москва ш Воробьёвское 2, стр,А";"0,0";"1,0";"2,0";"2,0";
"333,0";"18,05,2019";"Марушкинское";"";"Наезд на пешехода";"";"0";"0";"д Марушкино  ";"0,0";"1,0";"1,0";"2,0";
"334,0";"18,05,2019";"Таганский";"";"Столкновение";"";"0";"0";"г Москва наб Котельническая 1 15";"0,0";"1,0";"2,0";"2,0";
"335,0";"18,05,2019";"Ростокино";"";"Столкновение";"";"0";"0";"г Москва пр-кт Мира 188";"0,0";"1,0";"4,0";"5,0";
"336,0";"18,05,2019";"Тропарево-Никулино";"";"Столкновение";"Московская кольцевая автомобильная дорога (МКАД) внешняя сторона";"46";"200";"г Москва  ";"0,0";"1,0";"2,0";"3,0";
"337,0";"18,05,2019";"Троицк";"";"Столкновение";"А-130 Москва - Малоярославец - Рославль - граница с Республикой Белоруссия (основное направление)";"38";"0";"г Троицк  ";"0,0";"2,0";"2,0";"4,0";
"338,0";"18,05,2019";"Северное Медведково";"";"Столкновение";"";"0";"0";"г Москва ул Широкая 24";"0,0";"1,0";"2,0";"2,0";
"339,0";"18,05,2019";"Рязановское";"";"Наезд на пешехода";"";"0";"0";"д Молодцы  ";"0,0";"1,0";"1,0";"2,0";
"340,0";"18,05,2019";"Чертаново Северное";"";"Наезд на пешехода";"";"0";"0";"г Москва  ";"0,0";"1,0";"1,0";"2,0";
"341,0";"18,05,2019";"Даниловский";"";"Столкновение";"";"0";"0";"г Москва наб Дербеневская 11А";"0,0";"1,0";"2,0";"2,0";
"342,0";"18,05,2019";"Алтуфьевский";"";"Столкновение";"";"0";"0";"г Москва ш Алтуфьевское 77б";"0,0";"4,0";"4,0";"7,0";
"343,0";"18,05,2019";"Лефортово";"";"Столкновение";"";"0";"0";"г Москва  ";"0,0";"2,0";"3,0";"5,0";
"344,0";"18,05,2019";"Гольяново";"";"Наезд на пешехода";"";"0";"0";"г Москва проезд Черницынский 12 14";"0,0";"1,0";"1,0";"2,0";
"345,0";"18,05,2019";"Косино-Ухтомский";"";"Столкновение";"";"0";"0";"п Ухтомский ул Поселковая 31";"0,0";"1,0";"3,0";"4,0";
"346,0";"18,05,2019";"Таганский";"";"Наезд на стоящее ТС";"";"0";"0";"г Москва пр-кт Волгоградский 3";"0,0";"2,0";"2,0";"3,0";
"347,0";"18,05,2019";"Щукино";"";"Столкновение";"";"0";"0";"г Москва ул Народного Ополчения 54";"0,0";"1,0";"3,0";"3,0";
"348,0";"18,05,2019";"Кунцево";"";"Столкновение";"";"0";"0";"г Москва ул Молдавская 2Б";"0,0";"1,0";"2,0";"3,0";
"349,0";"18,05,2019";"Чертаново Северное";"";"Столкновение";"";"0";"0";"г Москва ул Чертановская 1Г";"0,0";"1,0";"2,0";"2,0";
"350,0";"18,05,2019";"Можайский";"";"Наезд на пешехода";"";"0";"0";"г Москва ул Беловежская 1";"0,0";"1,0";"1,0";"2,0";
"351,0";"18,05,2019";"ГУ МВД 2 СП ДПС 2 бат,";"";"Столкновение";"М-9 Балтия Москва - Волоколамск - граница с Латвийской Республикой";"21";"0";"г Москва  ";"1,0";"0,0";"3,0";"3,0";
"352,0";"18,05,2019";"Вешняки";"";"Столкновение";"";"0";"0";"г Москва ул Вешняковская 28 21к1";"0,0";"2,0";"3,0";"3,0";
"353,0";"18,05,2019";"Клёновское";"";"Наезд на препятствие";"";"0";"0";"д Киселёво  ";"0,0";"2,0";"1,0";"2,0";
"354,0";"18,05,2019";"Ивановское";"";"Столкновение";"Московская кольцевая автомобильная дорога (МКАД) внешняя сторона";"108";"0";"г Москва  ";"0,0";"1,0";"2,0";"2,0";
"355,0";"18,05,2019";"Печатники";"";"Столкновение";"";"0";"0";"г Москва пр-кт Волгоградский 47б";"0,0";"1,0";"5,0";"5,0";
"356,0";"18,05,2019";"Некрасовка";"";"Наезд на пешехода";"";"0";"0";"п Некрасовка ул Рождественская 21к2";"0,0";"1,0";"1,0";"2,0";
"357,0";"18,05,2019";"Даниловский";"";"Столкновение";"";"0";"0";"г Москва ш Подольское 1 СТР1";"0,0";"1,0";"2,0";"3,0";
"358,0";"18,05,2019";"Ярославский";"";"Наезд на препятствие";"";"0";"0";"г Москва ш Ярославское 22, корп, 2";"0,0";"1,0";"1,0";"2,0";
"359,0";"18,05,2019";"Чертаново Центральное";"";"Столкновение";"";"0";"0";"г Москва ш Варшавское 134";"0,0";"2,0";"3,0";"4,0";
"360,0";"18,05,2019";"Молжаниновский";"";"Столкновение";"";"0";"0";"г Москва ш Ленинградское 214";"0,0";"1,0";"2,0";"3,0";
"361,0";"18,05,2019";"ГУ МВД 2 СП ДПС 2 бат,";"";"Столкновение";"М-9 Балтия Москва - Волоколамск - граница с Латвийской Республикой";"18";"0";"г Москва  ";"0,0";"1,0";"3,0";"3,0";
"362,0";"18,05,2019";"Лефортово";"";"Столкновение";"Третье транспортное кольцо (внутренняя сторона)";"34";"800";"г Москва ш Энтузиастов 5с2";"0,0";"1,0";"2,0";"2,0";
"363,0";"18,05,2019";"Соколиная гора";"";"Столкновение";"";"0";"0";"г Москва пр-кт Будённого 16с1";"0,0";"1,0";"2,0";"3,0";
"364,0";"18,05,2019";"Басманный";"";"Наезд на пешехода";"";"0";"0";"г Москва  ";"0,0";"1,0";"1,0";"2,0";
"365,0";"18,05,2019";"Бирюлево Восточное";"";"Столкновение";"";"0";"0";"г Москва ул Липецкая 14";"0,0";"2,0";"2,0";"4,0";
"366,0";"18,05,2019";"Солнцево";"";"Наезд на пешехода";"";"0";"0";"г Москва ш Боровское 13А, стр,1";"0,0";"3,0";"1,0";"3,0";
"367,0";"17,05,2019";"Северное Измайлово";"";"Наезд на пешехода";"";"0";"0";"г Москва б-р Сиреневый 69 к1";"0,0";"1,0";"1,0";"2,0";
"368,0";"17,05,2019";"Перово";"";"Падение пассажира";"";"0";"0";"г Москва пр-кт Федеративный 9";"0,0";"1,0";"1,0";"2,0";
"369,0";"17,05,2019";"Котловка";"";"Наезд на пешехода";"";"0";"0";"г Москва ул Винокурова 17 к,4 , 1 подъезд";"0,0";"1,0";"1,0";"2,0";
"370,0";"17,05,2019";"Северное Медведково";"";"Столкновение";"";"0";"0";"г Москва ул Осташковская 26";"0,0";"1,0";"4,0";"4,0";
"371,0";"17,05,2019";"Кунцево";"";"Опрокидывание";"Московская кольцевая автомобильная дорога (МКАД) внешняя сторона";"56";"150";"г Москва  ";"0,0";"1,0";"1,0";"1,0";
"372,0";"17,05,2019";"Таганский";"";"Столкновение";"";"0";"0";"г Москва ул Динамовская 9 стр 1";"0,0";"2,0";"3,0";"5,0";
"373,0";"17,05,2019";"Капотня";"";"Наезд на препятствие";"Московская кольцевая автомобильная дорога (МКАД) внешняя сторона";"15";"900";"г Москва  ";"0,0";"1,0";"1,0";"1,0";
"374,0";"17,05,2019";"Таганский";"";"Наезд на пешехода";"";"0";"0";"г Москва наб Берниковская 2";"0,0";"1,0";"1,0";"2,0";
"375,0";"17,05,2019";"Люблино";"";"Столкновение";"";"0";"0";"г Москва ул Верхние Поля 43";"0,0";"1,0";"2,0";"2,0";
"376,0";"17,05,2019";"Ясенево";"";"Наезд на пешехода";"";"0";"0";"г Москва  ";"0,0";"1,0";"1,0";"2,0";
"377,0";"17,05,2019";"Москворечье-Сабурово";"";"Наезд на пешехода";"";"0";"0";"г Москва ул Кантемировская 29 К2";"0,0";"1,0";"1,0";"2,0";
"378,0";"17,05,2019";"Текстильщики";"";"Столкновение";"";"0";"0";"г Москва ул Окская 2 15 кр 3";"0,0";"1,0";"2,0";"3,0";
"379,0";"17,05,2019";"Бирюлево Восточное";"";"Наезд на пешехода";"";"0";"0";"г Москва  ";"0,0";"1,0";"1,0";"2,0";
"380,0";"17,05,2019";"Метрогородок";"";"Наезд на пешехода";"";"0";"0";"г Москва ш Открытое 19 корп, 5";"0,0";"1,0";"1,0";"2,0";
"381,0";"17,05,2019";"Покровское-Стрешнево";"";"Наезд на стоящее ТС";"";"0";"0";"г Москва ш Волоколамское 83";"0,0";"1,0";"2,0";"3,0";
"382,0";"17,05,2019";"Рязанский";"";"Столкновение";"";"0";"0";"г Москва ул Окская 17";"0,0";"2,0";"2,0";"3,0";
"383,0";"17,05,2019";"Южное Тушино";"";"Наезд на пешехода";"";"0";"0";"г Москва  ";"0,0";"1,0";"1,0";"2,0";
"384,0";"17,05,2019";"Бибирево";"";"Падение пассажира";"";"0";"0";"г Москва ул Лескова 22";"0,0";"2,0";"1,0";"3,0";
"385,0";"17,05,2019";"Новокосино";"";"Наезд на велосипедиста";"";"0";"0";"г Москва ш Носовихинское 1";"0,0";"1,0";"2,0";"2,0";
"386,0";"17,05,2019";"Северное Медведково";"";"Падение пассажира";"";"0";"0";"г Москва ул Грекова 3Г";"0,0";"1,0";"1,0";"2,0";
"387,0";"17,05,2019";"Коньково";"";"Столкновение";"";"0";"0";"г Москва ул Академика Волгина 8А";"0,0";"1,0";"2,0";"2,0";
"388,0";"17,05,2019";"Строгино";"";"Столкновение";"";"0";"0";"г Москва ул Маршала Прошлякова 14";"0,0";"1,0";"2,0";"2,0";
"389,0";"17,05,2019";"Выхино-Жулебино";"";"Падение пассажира";"";"0";"0";"г Москва проезд Ферганский 7 кор 1";"0,0";"1,0";"1,0";"2,0";
"390,0";"17,05,2019";"Тимирязевский";"";"Столкновение";"";"0";"0";"г Москва ш Дмитровское 15 к 1";"0,0";"2,0";"3,0";"5,0";
"391,0";"17,05,2019";"Покровское-Стрешнево";"";"Столкновение";"";"0";"0";"г Москва ул Свободы 5 5";"0,0";"1,0";"2,0";"2,0";
"392,0";"17,05,2019";"Щукино";"";"Наезд на велосипедиста";"";"0";"0";"г Москва ул Новощукинская 11";"0,0";"1,0";"2,0";"2,0";
"393,0";"17,05,2019";"Молжаниновский";"";"Наезд на пешехода";"";"0";"0";"г Москва  ";"0,0";"1,0";"1,0";"2,0";
"394,0";"16,05,2019";"Войковский";"";"Столкновение";"";"0";"0";"г Москва ш Головинское 10А";"0,0";"1,0";"3,0";"3,0";
"395,0";"16,05,2019";"Строгино";"";"Столкновение";"";"0";"0";"г Москва ш Строгинское стр, 1";"0,0";"1,0";"2,0";"3,0";
"396,0";"16,05,2019";"Тверской";"";"Падение пассажира";"";"0";"0";"г Москва ул Варварка 6";"0,0";"1,0";"1,0";"2,0";
"397,0";"16,05,2019";"Можайский";"";"Наезд на пешехода";"";"0";"0";"г Москва ул Беловежская 10";"0,0";"1,0";"1,0";"2,0";
"398,0";"16,05,2019";"Ново-Переделкино";"";"Столкновение";"";"0";"0";"г Москва ул Новоорловская 3Б";"0,0";"1,0";"2,0";"2,0";
"399,0";"16,05,2019";"Сокол";"";"Наезд на пешехода";"";"0";"0";"г Москва ул Новопесчаная 6-1";"0,0";"1,0";"1,0";"2,0";
"400,0";"16,05,2019";"Бибирево";"";"Столкновение";"";"0";"0";"г Москва ш Алтуфьевское 88";"0,0";"1,0";"2,0";"3,0";
"401,0";"16,05,2019";"Южное Тушино";"";"Наезд на препятствие";"";"0";"0";"г Москва ул Лодочная 5";"0,0";"1,0";"1,0";"1,0";
"402,0";"16,05,2019";"Кунцево";"";"Опрокидывание";"";"0";"0";"г Москва ул Ярцевская 27 кор,2";"0,0";"1,0";"1,0";"1,0";
"403,0";"16,05,2019";"Царицыно";"";"Столкновение";"";"0";"0";"г Москва ул Промышленная 3";"0,0";"1,0";"2,0";"3,0";
"404,0";"16,05,2019";"Нагатино-Садовники";"";"Столкновение";"";"0";"0";"г Москва ш Каширское 3 К1";"0,0";"2,0";"2,0";"4,0";
"405,0";"16,05,2019";"Молжаниновский";"";"Опрокидывание";"М-10 Россия Москва - Тверь - Великий Новгород - Санкт-Петербург (основное направление)";"26";"300";"г Москва ш Ленинградское 26км";"0,0";"1,0";"1,0";"1,0";
"406,0";"16,05,2019";"Филевский парк";"";"Наезд на пешехода";"";"0";"0";"г Москва ул Олеко Дундича 5";"0,0";"1,0";"1,0";"2,0";
"407,0";"16,05,2019";"Пресненский";"";"Столкновение";"Третье транспортное кольцо (внешняя сторона)";"1";"0";"г Москва ул Брянский Пост МГО 0567";"0,0";"1,0";"2,0";"2,0";
"408,0";"16,05,2019";"Тверской";"";"Столкновение";"";"0";"0";"г Москва ул Моховая 11";"0,0";"1,0";"2,0";"3,0";
"409,0";"16,05,2019";"Фили-Давыдково";"";"Падение пассажира";"";"0";"0";"г Москва пр-кт Кутузовский 9 км";"0,0";"1,0";"1,0";"2,0";
"410,0";"16,05,2019";"Войковский";"";"Наезд на пешехода";"";"0";"0";"г Москва проезд Старопетровский 12, корп,1";"0,0";"1,0";"1,0";"2,0";
"411,0";"16,05,2019";"Измайлово";"";"Столкновение";"";"0";"0";"г Москва пер Измайловского Зверинца 1-й 8";"0,0";"1,0";"3,0";"3,0";
"412,0";"16,05,2019";"Бирюлево Западное";"";"Падение пассажира";"";"0";"0";"г Москва ул Булатниковская 1 К1";"0,0";"1,0";"1,0";"2,0";
"413,0";"16,05,2019";"Пресненский";"";"Опрокидывание";"";"0";"0";"г Москва ш Звенигородское 27 стр,7";"0,0";"1,0";"2,0";"2,0";
"414,0";"16,05,2019";"Зябликово";"";"Столкновение";"";"0";"0";"г Москва ул Мусы Джалиля 28 К1";"0,0";"3,0";"2,0";"4,0";
"415,0";"16,05,2019";"Щукино";"";"Наезд на стоящее ТС";"";"0";"0";"г Москва ул Маршала Василевского 13";"0,0";"1,0";"2,0";"2,0";
"416,0";"16,05,2019";"Очаково-Матвеевское";"";"Столкновение";"";"0";"0";"п Матвеевское ул Лобачевского 41";"0,0";"1,0";"2,0";"2,0";
"417,0";"16,05,2019";"Орехово-Борисово Южное";"";"Столкновение";"Московская кольцевая автомобильная дорога (МКАД) внутренняя сторона";"21";"0";"г Москва  ";"0,0";"1,0";"3,0";"4,0";
"418,0";"16,05,2019";"Московский";"";"Наезд на пешехода";"";"0";"0";"г Московский  ";"0,0";"1,0";"1,0";"2,0";
"419,0";"16,05,2019";"Басманный";"";"Столкновение";"";"0";"0";"г Москва пл Спартаковская 10";"0,0";"1,0";"2,0";"2,0";
"420,0";"16,05,2019";"Головинский";"";"Наезд на пешехода";"";"0";"0";"г Москва б-р Кронштадтский 7б с2";"0,0";"1,0";"1,0";"2,0";
"421,0";"16,05,2019";"Южное Тушино";"";"Столкновение";"";"0";"0";"г Москва проезд Походный 7";"0,0";"1,0";"2,0";"2,0";
"422,0";"16,05,2019";"Братеево";"";"Столкновение";"Московская кольцевая автомобильная дорога (МКАД) внутренняя сторона";"19";"0";"г Москва  ";"0,0";"1,0";"3,0";"4,0";
"423,0";"16,05,2019";"Бутырский";"";"Столкновение";"";"0";"0";"г Москва ул Яблочкова 1";"0,0";"1,0";"2,0";"3,0";
"424,0";"16,05,2019";"Ярославский";"";"Столкновение";"";"0";"0";"г Москва ш Ярославское 143";"0,0";"1,0";"2,0";"2,0";
"425,0";"16,05,2019";"Чертаново Северное";"";"Столкновение";"";"0";"0";"г Москва ул Чертановская 1Г";"0,0";"1,0";"2,0";"2,0";
"426,0";"16,05,2019";"Чертаново Центральное";"";"Столкновение";"";"0";"0";"г Москва ул Красного Маяка 4 К1";"0,0";"1,0";"2,0";"3,0";
"427,0";"16,05,2019";"Северное Тушино";"";"Столкновение";"Московская кольцевая автомобильная дорога (МКАД) внешняя сторона";"71";"50";"г Москва  ";"0,0";"1,0";"2,0";"2,0";
"428,0";"16,05,2019";"Ломоносовский";"";"Столкновение";"";"0";"0";"г Москва пр-кт Ленинский 83";"0,0";"1,0";"2,0";"2,0";
"429,0";"16,05,2019";"Чертаново Центральное";"";"Наезд на пешехода";"";"0";"0";"г Москва ул Кировоградская 15 2 К1";"0,0";"1,0";"1,0";"2,0";
"430,0";"16,05,2019";"Сокольники";"";"Наезд на пешехода";"";"0";"0";"г Москва  ";"0,0";"1,0";"1,0";"2,0";
"431,0";"16,05,2019";"Матушкино";"";"Наезд на стоящее ТС";"";"0";"0";"г Зеленоград  ";"0,0";"1,0";"2,0";"3,0";
"432,0";"15,05,2019";"Нагатино-Садовники";"";"Столкновение";"";"0";"0";"г Москва проезд Нагатинский 1-й 14 СТР2";"0,0";"1,0";"2,0";"2,0";
"433,0";"15,05,2019";"Гольяново";"";"Столкновение";"Московская кольцевая автомобильная дорога (МКАД) внутренняя сторона";"101";"0";"г Москва  ";"0,0";"1,0";"3,0";"4,0";
"434,0";"15,05,2019";"ГУ МВД 2 СП ДПС 2 бат,";"";"Наезд на стоящее ТС";"М-9 Балтия Москва - Волоколамск - граница с Латвийской Республикой";"19";"0";"г Москва  ";"0,0";"1,0";"3,0";"3,0";
"435,0";"15,05,2019";"Кузьминки";"";"Столкновение";"";"0";"0";"г Москва пр-кт Волгоградский 91";"0,0";"1,0";"2,0";"2,0";
"436,0";"15,05,2019";"Метрогородок";"";"Столкновение";"Московская кольцевая автомобильная дорога (МКАД) внешняя сторона";"96";"0";"г Москва  ";"0,0";"1,0";"2,0";"3,0";
"437,0";"15,05,2019";"Бирюлево Восточное";"";"Наезд на стоящее ТС";"Московская кольцевая автомобильная дорога (МКАД) внутренняя сторона";"25";"0";"г Москва  ";"0,0";"1,0";"2,0";"2,0";
"438,0";"15,05,2019";"Ивановское";"";"Наезд на препятствие";"";"0";"0";"г Москва ш Энтузиастов МГО №21";"0,0";"1,0";"1,0";"1,0";
"439,0";"15,05,2019";"Орехово-Борисово Южное";"";"Наезд на пешехода";"";"0";"0";"г Москва  ";"0,0";"1,0";"1,0";"3,0";
"440,0";"15,05,2019";"Тропарево-Никулино";"";"Столкновение";"";"0";"0";"г Москва ул Покрышкина 11";"0,0";"1,0";"3,0";"4,0";
"441,0";"15,05,2019";"Крюково";"";"Наезд на пешехода";"";"0";"0";"г Зеленоград ул 2-я Пятилетка 4";"0,0";"1,0";"1,0";"2,0";
"442,0";"15,05,2019";"Савеловский";"";"Наезд на пешехода";"";"0";"0";"г Москва ул Вятская 16";"0,0";"1,0";"1,0";"2,0";
"443,0";"15,05,2019";"Фили-Давыдково";"";"Столкновение";"";"0";"0";"г Москва пр-кт Кутузовский 8 км";"0,0";"1,0";"2,0";"3,0";
"444,0";"15,05,2019";"Савёлки";"";"Наезд на пешехода";"";"0";"0";"г Зеленоград аллея Яблоневая 317";"0,0";"1,0";"1,0";"2,0";
"445,0";"15,05,2019";"Преображенское";"";"Наезд на стоящее ТС";"";"0";"0";"г Москва ул Преображенская 5 7";"0,0";"1,0";"2,0";"3,0";
"446,0";"15,05,2019";"Бабушкинский";"";"Наезд на пешехода";"";"0";"0";"г Москва ул Менжинского 29";"0,0";"1,0";"1,0";"2,0";
"447,0";"15,05,2019";"Хорошево-Мневники";"";"Наезд на велосипедиста";"";"0";"0";"г Москва пр-кт Маршала Жукова 55";"0,0";"1,0";"2,0";"2,0";
"448,0";"15,05,2019";"Котловка";"";"Наезд на пешехода";"";"0";"0";"г Москва пр-кт Севастопольский 24";"0,0";"1,0";"1,0";"2,0";
"449,0";"15,05,2019";"Новогиреево";"";"Наезд на пешехода";"";"0";"0";"г Москва ул Кусковская 16";"0,0";"1,0";"1,0";"2,0";
"450,0";"15,05,2019";"Очаково-Матвеевское";"";"Столкновение";"";"0";"0";"п Матвеевское ул Озёрная 35";"0,0";"1,0";"2,0";"2,0";
"451,0";"15,05,2019";"Западное Дегунино";"";"Столкновение";"";"0";"0";"г Москва ул Базовская 8А";"0,0";"1,0";"2,0";"3,0";
"452,0";"15,05,2019";"Раменки";"";"Наезд на пешехода";"";"0";"0";"г Москва пр-кт Мичуринский 20";"0,0";"1,0";"1,0";"2,0";
"453,0";"15,05,2019";"Ясенево";"";"Столкновение";"";"0";"0";"г Москва ул Айвазовского 5";"0,0";"1,0";"2,0";"3,0";
"454,0";"15,05,2019";"Войковский";"";"Наезд на пешехода";"";"0";"0";"г Москва ш Ленинградское 25";"0,0";"1,0";"1,0";"2,0";
"455,0";"15,05,2019";"Ивановское";"";"Падение пассажира";"";"0";"0";"г Москва ул Молостовых 7а";"0,0";"1,0";"1,0";"2,0";
"456,0";"15,05,2019";"Люблино";"";"Столкновение";"";"0";"0";"г Москва ул Краснодарская 66 кор, 2";"0,0";"1,0";"2,0";"3,0";
"457,0";"15,05,2019";"Коньково";"";"Столкновение";"";"0";"0";"г Москва ул Бутлерова 24";"0,0";"1,0";"2,0";"2,0";
"458,0";"15,05,2019";"Перово";"";"Наезд на пешехода";"";"0";"0";"г Москва ул Металлургов 48";"0,0";"1,0";"1,0";"2,0";
"459,0";"15,05,2019";"Нагатино-Садовники";"";"Столкновение";"";"0";"0";"г Москва пр-кт Андропова 36";"0,0";"1,0";"2,0";"2,0";
"460,0";"15,05,2019";"Раменки";"";"Наезд на пешехода";"";"0";"0";"г Москва ул Ленинские Горы 1 стр 52";"0,0";"1,0";"1,0";"2,0";
"461,0";"15,05,2019";"Тропарево-Никулино";"";"Наезд на пешехода";"";"0";"0";"г Москва ул Никулинская 5к1";"0,0";"1,0";"1,0";"2,0";
"462,0";"15,05,2019";"Котловка";"";"Наезд на пешехода";"";"0";"0";"г Москва ул Черёмушкинская Б, 2";"0,0";"1,0";"1,0";"2,0";
"463,0";"15,05,2019";"Братеево";"";"Наезд на пешехода";"";"0";"0";"г Москва  ";"0,0";"1,0";"2,0";"3,0";
"464,0";"15,05,2019";"Чертаново Южное";"";"Наезд на пешехода";"";"0";"0";"г Москва ул Кировоградская 25 К1";"0,0";"1,0";"1,0";"2,0";
"465,0";"15,05,2019";"Западное Дегунино";"";"Столкновение";"";"0";"0";"г Москва ул Ангарская 16";"0,0";"1,0";"2,0";"2,0";
"466,0";"14,05,2019";"Нагатино-Садовники";"";"Столкновение";"";"0";"0";"г Москва пр-кт Андропова 30";"0,0";"1,0";"3,0";"3,0";
"467,0";"14,05,2019";"Выхино-Жулебино";"";"Падение пассажира";"";"0";"0";"г Москва ул Ташкентская 15 22";"0,0";"1,0";"1,0";"2,0";
"468,0";"14,05,2019";"Тверской";"";"Столкновение";"";"0";"0";"г Москва ул Краснопролетарская 2 4";"0,0";"1,0";"2,0";"2,0";
"469,0";"14,05,2019";"Ясенево";"";"Столкновение";"";"0";"0";"г Москва ул Голубинская пр, Карамзина";"0,0";"1,0";"2,0";"3,0";
"470,0";"14,05,2019";"Косино-Ухтомский";"";"Опрокидывание";"";"0";"0";"п Ухтомский  ";"0,0";"1,0";"1,0";"1,0";
"471,0";"14,05,2019";"Можайский";"";"Столкновение";"";"0";"0";"г Москва ш Можайское 10";"0,0";"1,0";"3,0";"3,0";
"472,0";"14,05,2019";"Беговой";"";"Наезд на пешехода";"";"0";"0";"г Москва пр-кт Ленинградский 30";"0,0";"1,0";"1,0";"2,0";
"473,0";"14,05,2019";"Савеловский";"";"Столкновение";"";"0";"0";"г Москва ул Масловка Н, 19 стр,4";"0,0";"1,0";"2,0";"3,0";
"474,0";"14,05,2019";"Мещанский";"";"Столкновение";"";"0";"0";"г Москва пр-кт Олимпийский 24";"0,0";"1,0";"2,0";"2,0";
"475,0";"14,05,2019";"Ломоносовский";"";"Наезд на пешехода";"";"0";"0";"г Москва  ";"0,0";"1,0";"1,0";"2,0";
"476,0";"14,05,2019";"Люблино";"";"Столкновение";"";"0";"0";"г Москва ул Ставропольская 74";"0,0";"1,0";"2,0";"2,0";
"477,0";"14,05,2019";"Люблино";"";"Столкновение";"";"0";"0";"г Москва ул Краснодарская 38 20";"0,0";"1,0";"2,0";"3,0";
"478,0";"14,05,2019";"Лосиноостровский";"";"Наезд на велосипедиста";"";"0";"0";"г Москва проезд Янтарный 17";"0,0";"1,0";"2,0";"2,0";
"479,0";"14,05,2019";"Западное Дегунино";"";"Столкновение";"";"0";"0";"г Москва ш Коровинское 19";"0,0";"1,0";"2,0";"2,0";
"480,0";"14,05,2019";"Северное Тушино";"";"Столкновение";"Московская кольцевая автомобильная дорога (МКАД) внешняя сторона";"74";"200";"г Москва  ";"0,0";"1,0";"2,0";"3,0";
"481,0";"14,05,2019";"Кунцево";"";"Столкновение";"Московская кольцевая автомобильная дорога (МКАД) внутренняя сторона";"59";"461";"г Москва  ";"0,0";"1,0";"4,0";"4,0";
"482,0";"14,05,2019";"Таганский";"";"Столкновение";"";"0";"0";"г Москва проезд Саринский 2";"0,0";"1,0";"2,0";"2,0";
"483,0";"14,05,2019";"Войковский";"";"Наезд на пешехода";"";"0";"0";"г Москва  ";"0,0";"1,0";"1,0";"2,0";
"484,0";"14,05,2019";"Южное Бутово";"";"Столкновение";"";"0";"0";"г Москва ул Бартеневская 55А";"0,0";"2,0";"3,0";"4,0";
"485,0";"14,05,2019";"Очаково-Матвеевское";"";"Наезд на стоящее ТС";"";"0";"0";"п Матвеевское ул Озёрная 2, кор,1";"0,0";"1,0";"3,0";"3,0";
"486,0";"14,05,2019";"Отрадное";"";"Наезд на пешехода";"";"0";"0";"г Москва ул Декабристов 20 корп 1";"0,0";"2,0";"1,0";"3,0";
"487,0";"14,05,2019";"Чертаново Южное";"";"Столкновение";"Московская кольцевая автомобильная дорога (МКАД) внутренняя сторона";"33";"0";"г Москва  ";"0,0";"1,0";"3,0";"4,0";
"488,0";"14,05,2019";"Сосенское";"";"Наезд на пешехода";"";"0";"0";"п завода Мосрентген  ";"0,0";"1,0";"1,0";"2,0";
"489,0";"14,05,2019";"Отрадное";"";"Столкновение";"";"0";"0";"г Москва проезд Сигнальный 16 ст,4";"0,0";"2,0";"2,0";"2,0";
"490,0";"14,05,2019";"Люблино";"";"Наезд на пешехода";"";"0";"0";"г Москва ул Люблинская 84";"0,0";"1,0";"1,0";"2,0";
"491,0";"14,05,2019";"Тимирязевский";"";"Столкновение";"";"0";"0";"г Москва ш Дмитровское 1 корпус 1";"0,0";"1,0";"5,0";"6,0";
"492,0";"14,05,2019";"Дмитровский";"";"Столкновение";"";"0";"0";"г Москва ул Ижорская 13, строение 2";"0,0";"1,0";"2,0";"2,0";
"493,0";"14,05,2019";"Братеево";"";"Столкновение";"";"0";"0";"г Москва ул Братеевская 10 К1";"0,0";"1,0";"2,0";"2,0";
"494,0";"14,05,2019";"Кунцево";"";"Столкновение";"";"0";"0";"г Москва ул Молодогвардейская 58";"0,0";"1,0";"2,0";"2,0";
"495,0";"14,05,2019";"Марьино";"";"Наезд на пешехода";"";"0";"0";"г Москва ул Люблинская 94";"0,0";"1,0";"1,0";"2,0";
"496,0";"14,05,2019";"Куркино";"";"Столкновение";"";"0";"0";"г Москва ш Новокуркинское 14";"0,0";"1,0";"3,0";"3,0";
"497,0";"14,05,2019";"Лефортово";"";"Наезд на препятствие";"";"0";"0";"г Москва ш Энтузиастов 13";"2,0";"0,0";"1,0";"2,0";
"498,0";"13,05,2019";"Сокольники";"";"Наезд на стоящее ТС";"";"0";"0";"г Москва ул Стромынка 18";"0,0";"1,0";"2,0";"3,0";
"499,0";"13,05,2019";"Орехово-Борисово Южное";"";"Столкновение";"Московская кольцевая автомобильная дорога (МКАД) внешняя сторона";"22";"0";"г Москва  ";"0,0";"1,0";"2,0";"3,0";
"500,0";"13,05,2019";"Таганский";"";"Столкновение";"";"0";"0";"г Москва ул Рогожский Вал 3";"0,0";"1,0";"2,0";"2,0";
"501,0";"13,05,2019";"Марфино";"";"Столкновение";"";"0";"0";"г Москва ул Гостиничная 9Б";"0,0";"1,0";"2,0";"3,0";
"502,0";"13,05,2019";"Академический";"";"Наезд на велосипедиста";"";"0";"0";"г Москва  ";"0,0";"1,0";"2,0";"2,0";
"503,0";"13,05,2019";"Раменки";"";"Наезд на велосипедиста";"";"0";"0";"г Москва пр-кт Вернадского 5";"0,0";"1,0";"2,0";"2,0";
"504,0";"13,05,2019";"Бибирево";"";"Наезд на стоящее ТС";"";"0";"0";"г Москва ул Белозерская 17А";"0,0";"1,0";"3,0";"3,0";
"505,0";"13,05,2019";"Очаково-Матвеевское";"";"Столкновение";"";"0";"0";"п Матвеевское ул Озёрная 2 корп, 2";"0,0";"2,0";"2,0";"2,0";
"506,0";"13,05,2019";"Беговой";"";"Столкновение";"Третье транспортное кольцо (внешняя сторона)";"39";"1";"г Москва ул Масловка Н, 3";"0,0";"1,0";"3,0";"3,0";
"507,0";"13,05,2019";"Крюково";"";"Столкновение";"";"0";"0";"г Зеленоград ул Радио 2301";"0,0";"1,0";"2,0";"2,0";
"508,0";"13,05,2019";"Косино-Ухтомский";"";"Наезд на пешехода";"";"0";"0";"п Ухтомский ул Косинская Б, 16 корп, 1";"0,0";"1,0";"1,0";"2,0";
"509,0";"13,05,2019";"Метрогородок";"";"Наезд на пешехода";"";"0";"0";"г Москва  ";"0,0";"1,0";"1,0";"2,0";
"510,0";"13,05,2019";"Новогиреево";"";"Наезд на препятствие";"";"0";"0";"г Москва ул Кусковская 47";"0,0";"1,0";"1,0";"1,0";
"511,0";"13,05,2019";"Зюзино";"";"Наезд на велосипедиста";"";"0";"0";"г Москва ул Азовская 24 к,2";"0,0";"1,0";"2,0";"2,0";
"512,0";"13,05,2019";"Мещанский";"";"Наезд на пешехода";"";"0";"0";"г Москва б-р Рождественский 17";"0,0";"1,0";"1,0";"2,0";
"513,0";"13,05,2019";"Нагатинский затон";"";"Столкновение";"";"0";"0";"г Москва наб Нагатинская 34";"0,0";"2,0";"2,0";"4,0";
"514,0";"13,05,2019";"Солнцево";"";"Наезд на пешехода";"";"0";"0";"г Москва ул Авиаторов 16";"0,0";"1,0";"1,0";"2,0";
"515,0";"13,05,2019";"Новогиреево";"";"Столкновение";"";"0";"0";"г Москва ул Перовская 68";"0,0";"1,0";"2,0";"2,0";
"516,0";"13,05,2019";"Южнопортовый";"";"Наезд на пешехода";"";"0";"0";"г Москва  ";"0,0";"1,0";"1,0";"2,0";
"517,0";"13,05,2019";"Вешняки";"";"Столкновение";"";"0";"0";"г Москва ул Красный Казанец 7";"0,0";"1,0";"2,0";"2,0";
"518,0";"13,05,2019";"Строгино";"";"Столкновение";"";"0";"0";"г Москва пр-кт Маршала Жукова 90";"0,0";"1,0";"2,0";"2,0";
"519,0";"13,05,2019";"Вешняки";"";"Наезд на пешехода";"";"0";"0";"г Москва ул Вешняковская 43";"0,0";"1,0";"1,0";"2,0";
"520,0";"13,05,2019";"Теплый Стан";"";"Наезд на пешехода";"";"0";"0";"г Москва  ";"0,0";"1,0";"1,0";"2,0";
"521,0";"13,05,2019";"Крюково";"";"Падение пассажира";"";"0";"0";"г Зеленоград пл Привокзальная 1";"0,0";"1,0";"1,0";"2,0";
"522,0";"12,05,2019";"Вешняки";"";"Наезд на пешехода";"";"0";"0";"г Москва ул Кетчерская 10";"0,0";"1,0";"1,0";"2,0";
"523,0";"12,05,2019";"Нижегородский";"";"Столкновение";"";"0";"0";"г Москва ул Нижегородская 50";"0,0";"1,0";"2,0";"3,0";
"524,0";"12,05,2019";"Тропарево-Никулино";"";"Наезд на пешехода";"";"0";"0";"г Москва пр-кт Вернадского 105 к,3";"0,0";"1,0";"1,0";"2,0";
"525,0";"12,05,2019";"Марьино";"";"Наезд на пешехода";"";"0";"0";"г Москва  ";"0,0";"1,0";"1,0";"2,0";
"526,0";"12,05,2019";"Братеево";"";"Наезд на пешехода";"";"0";"0";"г Москва  ";"0,0";"1,0";"1,0";"2,0";
"527,0";"12,05,2019";"Левобережный";"";"Столкновение";"";"0";"0";"г Москва ул Беломорская 26 ст,1";"0,0";"1,0";"2,0";"3,0";
"528,0";"12,05,2019";"Братеево";"";"Столкновение";"Московская кольцевая автомобильная дорога (МКАД) внешняя сторона";"19";"0";"г Москва  ";"0,0";"1,0";"2,0";"3,0";
"529,0";"12,05,2019";"Академический";"";"Наезд на препятствие";"";"0";"0";"г Москва ул Шверника 11";"0,0";"1,0";"1,0";"2,0";
"530,0";"12,05,2019";"Ломоносовский";"";"Наезд на пешехода";"";"0";"0";"г Москва пр-кт Вернадского 21 корпус 1";"1,0";"0,0";"1,0";"2,0";
"531,0";"12,05,2019";"Донской";"";"Столкновение";"Третье транспортное кольцо (внутренняя сторона)";"9";"950";"г Москва ул Тульская Б, 19";"0,0";"1,0";"2,0";"2,0";
"532,0";"12,05,2019";"Капотня";"";"Столкновение";"";"0";"0";"г Москва ул Капотня вл 7";"1,0";"2,0";"3,0";"3,0";
"533,0";"12,05,2019";"Тропарево-Никулино";"";"Наезд на пешехода";"";"0";"0";"г Москва ул 26-ти Бакинских Комиссаров 11";"0,0";"1,0";"1,0";"2,0";
"534,0";"12,05,2019";"Обручевский";"";"Наезд на пешехода";"";"0";"0";"г Москва  ";"0,0";"1,0";"1,0";"2,0";
"535,0";"12,05,2019";"Выхино-Жулебино";"";"Падение пассажира";"";"0";"0";"г Москва пер Ташкентский 7, кор, 1";"0,0";"1,0";"1,0";"2,0";
"536,0";"12,05,2019";"Строгино";"";"Опрокидывание";"Московская кольцевая автомобильная дорога (МКАД) внешняя сторона";"62";"150";"г Москва  ";"0,0";"2,0";"1,0";"2,0";
"537,0";"12,05,2019";"Очаково-Матвеевское";"";"Наезд на стоящее ТС";"Московская кольцевая автомобильная дорога (МКАД) внутренняя сторона";"49";"300";"п Матвеевское  ";"0,0";"1,0";"2,0";"3,0";
"538,0";"11,05,2019";"Бутырский";"";"Наезд на пешехода";"";"0";"0";"г Москва ул Яблочкова 1";"0,0";"1,0";"1,0";"2,0";
"539,0";"11,05,2019";"Бабушкинский";"";"Наезд на велосипедиста";"";"0";"0";"г Москва ул Лётчика Бабушкина 33, корп, 1";"0,0";"1,0";"2,0";"2,0";
"540,0";"11,05,2019";"Беговой";"";"Столкновение";"М-10 Россия Москва - Тверь - Великий Новгород - Санкт-Петербург (основное направление)";"5";"0";"г Москва пр-кт Ленинградский 11";"0,0";"2,0";"3,0";"4,0";
"541,0";"11,05,2019";"Донской";"";"Наезд на препятствие";"";"0";"0";"г Москва ш Варшавское 6";"0,0";"2,0";"1,0";"3,0";
"542,0";"11,05,2019";"Перово";"";"Столкновение";"";"0";"0";"г Москва ш Энтузиастов 46";"0,0";"2,0";"2,0";"3,0";
"543,0";"11,05,2019";"Западное Дегунино";"";"Столкновение";"";"0";"0";"г Москва ул Путейская 25";"0,0";"1,0";"2,0";"2,0";
"544,0";"11,05,2019";"Силино";"";"Падение пассажира";"";"0";"0";"г Зеленоград ул Конструктора Гуськова 1ас1";"0,0";"1,0";"1,0";"2,0";
"545,0";"11,05,2019";"Хамовники";"";"Столкновение";"";"0";"0";"г Москва пр-кт Комсомольский 49";"0,0";"1,0";"3,0";"3,0";
"546,0";"11,05,2019";"Алексеевский";"";"Наезд на пешехода";"";"0";"0";"г Москва ул Бориса Галушкина 11";"0,0";"1,0";"1,0";"2,0";
"547,0";"11,05,2019";"Сосенское";"";"Наезд на препятствие";"";"0";"0";"  ";"0,0";"1,0";"1,0";"2,0";
"548,0";"11,05,2019";"Краснопахорское поселение";"";"Наезд на пешехода";"А-130 Москва - Малоярославец - Рославль - граница с Республикой Белоруссия (основное направление)";"42";"0";"  ";"1,0";"0,0";"1,0";"2,0";
"549,0";"11,05,2019";"Люблино";"";"Столкновение";"";"0";"0";"г Москва ул Люблинская 50";"1,0";"0,0";"2,0";"2,0";
"550,0";"11,05,2019";"Роговское поселение";"";"Столкновение";"";"0";"0";"п Рогово ул Юбилейная 2";"0,0";"1,0";"2,0";"2,0";
"551,0";"11,05,2019";"Новокосино";"";"Столкновение";"";"0";"0";"г Москва ул Новокосинская 29";"0,0";"1,0";"2,0";"2,0";
"552,0";"11,05,2019";"Хорошево-Мневники";"";"Столкновение";"";"0";"0";"г Москва ул Мнёвники 5 к, 4";"0,0";"1,0";"2,0";"2,0";
"553,0";"11,05,2019";"Ново-Переделкино";"";"Столкновение";"";"0";"0";"г Москва ш Боровское 20";"0,0";"2,0";"2,0";"4,0";
"554,0";"11,05,2019";"Ясенево";"";"Столкновение";"";"0";"0";"г Москва ул Голубинская 16";"0,0";"1,0";"3,0";"4,0";
"555,0";"11,05,2019";"Южнопортовый";"";"Наезд на пешехода";"";"0";"0";"г Москва ул Южнопортовая 18";"0,0";"1,0";"1,0";"2,0";
"556,0";"11,05,2019";"Кунцево";"";"Столкновение";"";"0";"0";"г Москва ул Ивана Франко 16";"0,0";"1,0";"3,0";"4,0";
"557,0";"11,05,2019";"Аэропорт";"";"Наезд на пешехода";"";"0";"0";"г Москва ул Планетная улица 2";"0,0";"1,0";"1,0";"2,0";
"558,0";"11,05,2019";"Орехово-Борисово Северное";"";"Падение пассажира";"";"0";"0";"г Москва ул Генерала Белова 33 19";"0,0";"1,0";"2,0";"3,0";
"559,0";"10,05,2019";"Люблино";"";"Наезд на препятствие";"";"0";"0";"г Москва ул Люблинская 133б";"0,0";"2,0";"1,0";"3,0";
"560,0";"10,05,2019";"Дорогомилово";"";"Столкновение";"";"0";"0";"г Москва ул Дорогомиловская Б, 6";"0,0";"1,0";"2,0";"3,0";
"561,0";"10,05,2019";"Дорогомилово";"";"Наезд на пешехода";"";"0";"0";"г Москва ул Генерала Ермолова 6";"0,0";"1,0";"1,0";"2,0";
"562,0";"10,05,2019";"Южное Бутово";"";"Столкновение";"";"0";"0";"г Москва ул Южнобутовская 91";"0,0";"3,0";"3,0";"4,0";
"563,0";"10,05,2019";"Тропарево-Никулино";"";"Наезд на пешехода";"";"0";"0";"г Москва ул Покрышкина 1 стр,1";"0,0";"1,0";"1,0";"2,0";
"564,0";"10,05,2019";"Щаповское поселение";"";"Опрокидывание";"";"0";"0";"п Курилово  ";"1,0";"0,0";"1,0";"1,0";
"565,0";"10,05,2019";"Северное Тушино";"";"Наезд на пешехода";"Московская кольцевая автомобильная дорога (МКАД) внутренняя сторона";"70";"200";"г Москва  ";"0,0";"1,0";"1,0";"2,0";
"566,0";"10,05,2019";"Даниловский";"";"Столкновение";"";"0";"0";"г Москва ул Автозаводская 11";"0,0";"1,0";"2,0";"2,0";
"567,0";"10,05,2019";"Щаповское поселение";"";"Столкновение";"";"0";"0";"  ";"1,0";"0,0";"3,0";"3,0";
"568,0";"10,05,2019";"Тверской";"";"Наезд на пешехода";"";"0";"0";"г Москва пл Театральная 2";"0,0";"1,0";"1,0";"2,0";
"569,0";"10,05,2019";"Южнопортовый";"";"Наезд на пешехода";"";"0";"0";"г Москва ул Трофимова 15";"0,0";"2,0";"1,0";"3,0";
"570,0";"09,05,2019";"Чертаново Центральное";"";"Столкновение";"";"0";"0";"г Москва ул Кировоградская 11";"0,0";"1,0";"2,0";"3,0";
"571,0";"09,05,2019";"Беговой";"";"Столкновение";"";"0";"0";"г Москва пр-кт Ленинградский 33";"0,0";"1,0";"3,0";"4,0";
"572,0";"09,05,2019";"Таганский";"";"Опрокидывание";"";"0";"0";"г Москва ул Земляной Вал 71";"0,0";"1,0";"1,0";"1,0";
"573,0";"09,05,2019";"Нагатино-Садовники";"";"Столкновение";"";"0";"0";"г Москва ш Каширское 4 К1";"0,0";"1,0";"3,0";"4,0";
"574,0";"09,05,2019";"Кузьминки";"";"Наезд на пешехода";"";"0";"0";"г Москва ул Юных Ленинцев 55";"0,0";"1,0";"2,0";"2,0";
"575,0";"09,05,2019";"Дорогомилово";"";"Наезд на пешехода";"";"0";"0";"г Москва пл Победы 2";"1,0";"0,0";"1,0";"2,0";
"576,0";"09,05,2019";"Южное Тушино";"";"Опрокидывание";"";"0";"0";"г Москва проезд Светлогорский 1";"0,0";"1,0";"1,0";"1,0";
"577,0";"09,05,2019";"Лосиноостровский";"";"Столкновение";"";"0";"0";"г Москва ул Коминтерна 34 6";"0,0";"7,0";"2,0";"7,0";
"578,0";"09,05,2019";"Южное Тушино";"";"Наезд на пешехода";"";"0";"0";"г Москва ул Фабрициуса 29";"0,0";"1,0";"1,0";"2,0";
"579,0";"09,05,2019";"Зюзино";"";"Столкновение";"";"0";"0";"г Москва пр-кт Балаклавский 11";"0,0";"1,0";"4,0";"5,0";
"580,0";"09,05,2019";"Гольяново";"";"Наезд на пешехода";"";"0";"0";"г Москва  ";"0,0";"1,0";"1,0";"2,0";
"581,0";"09,05,2019";"Хорошево-Мневники";"";"Столкновение";"";"0";"0";"г Москва проезд Силикатный 2-й 34";"0,0";"1,0";"2,0";"2,0";
"582,0";"09,05,2019";"Троицк";"";"Наезд на пешехода";"";"0";"0";"г Троицк ул Центральная 30";"0,0";"1,0";"1,0";"2,0";
"583,0";"08,05,2019";"Таганский";"";"Наезд на пешехода";"";"0";"0";"г Москва ул Воронцовская 44";"0,0";"1,0";"1,0";"2,0";
"584,0";"08,05,2019";"Даниловский";"";"Столкновение";"";"0";"0";"г Москва ул Люсиновская 64 К1";"0,0";"3,0";"2,0";"3,0";
"585,0";"08,05,2019";"Орехово-Борисово Южное";"";"Наезд на пешехода";"";"0";"0";"г Москва  ";"0,0";"1,0";"1,0";"2,0";
"586,0";"08,05,2019";"Чертаново Южное";"";"Наезд на стоящее ТС";"";"0";"0";"г Москва ш Варшавское 141 СТР34";"0,0";"2,0";"2,0";"4,0";
"587,0";"08,05,2019";"Солнцево";"";"Наезд на велосипедиста";"";"0";"0";"г Москва ш Боровское 2";"0,0";"1,0";"2,0";"2,0";
"588,0";"08,05,2019";"Кузьминки";"";"Столкновение";"";"0";"0";"г Москва пр-кт Волгоградский 147 5";"0,0";"1,0";"2,0";"2,0";
"589,0";"08,05,2019";"Текстильщики";"";"Столкновение";"";"0";"0";"г Москва б-р Волжский 51А";"0,0";"1,0";"3,0";"4,0";
"590,0";"08,05,2019";"Рязанский";"";"Наезд на пешехода";"";"0";"0";"г Москва ул Зеленодольская 14, к 1";"0,0";"1,0";"1,0";"2,0";
"591,0";"08,05,2019";"Южное Тушино";"";"Столкновение";"";"0";"0";"г Москва ул Сходненская 37";"0,0";"1,0";"2,0";"2,0";
"592,0";"08,05,2019";"Чертаново Южное";"";"Столкновение";"Московская кольцевая автомобильная дорога (МКАД) внутренняя сторона";"32";"0";"г Москва  ";"0,0";"2,0";"3,0";"5,0";
"593,0";"08,05,2019";"Сокол";"";"Падение пассажира";"";"0";"0";"г Москва ул Алабяна 13-1";"0,0";"1,0";"1,0";"2,0";
"594,0";"08,05,2019";"Хорошевский";"";"Наезд на пешехода";"";"0";"0";"г Москва ул Магистральная 4-я 5 стр 1";"0,0";"1,0";"1,0";"2,0";
"595,0";"08,05,2019";"Северное Тушино";"";"Столкновение";"Московская кольцевая автомобильная дорога (МКАД) внутренняя сторона";"73";"50";"г Москва  ";"2,0";"0,0";"3,0";"3,0";
"596,0";"08,05,2019";"Соколиная гора";"";"Наезд на пешехода";"";"0";"0";"г Москва ул Золотая 2г ст,1";"0,0";"1,0";"1,0";"2,0";
"597,0";"08,05,2019";"Замоскворечье";"";"Столкновение";"";"0";"0";"г Москва ул Валовая 28";"0,0";"1,0";"5,0";"5,0";
"598,0";"08,05,2019";"Хамовники";"";"Наезд на пешехода";"";"0";"0";"г Москва ул Пречистенка 9 9";"0,0";"1,0";"1,0";"2,0";
"599,0";"08,05,2019";"Головинский";"";"Столкновение";"";"0";"0";"г Москва б-р Кронштадтский 13 2";"0,0";"1,0";"2,0";"2,0";
"600,0";"08,05,2019";"Братеево";"";"Наезд на пешехода";"";"0";"0";"г Москва ул Борисовские Пруды 26 К2";"0,0";"1,0";"1,0";"2,0";
"601,0";"08,05,2019";"Южное Тушино";"";"Наезд на пешехода";"";"0";"0";"г Москва б-р Яна Райниса 37";"1,0";"0,0";"1,0";"2,0";
"602,0";"08,05,2019";"Москворечье-Сабурово";"";"Столкновение";"";"0";"0";"г Москва ш Каширское 34А";"0,0";"1,0";"2,0";"2,0";
"603,0";"08,05,2019";"Фили-Давыдково";"";"Наезд на пешехода";"";"0";"0";"г Москва ул Кременчугская 9";"0,0";"1,0";"1,0";"2,0";
"604,0";"08,05,2019";"Очаково-Матвеевское";"";"Столкновение";"";"0";"0";"п Матвеевское ул Нежинская 5а";"0,0";"1,0";"3,0";"3,0";
"605,0";"08,05,2019";"Рязанский";"";"Наезд на пешехода";"";"0";"0";"г Москва ул Паперника 9";"0,0";"1,0";"1,0";"2,0";
"606,0";"08,05,2019";"Ломоносовский";"";"Столкновение";"";"0";"0";"г Москва ул Архитектора Власова 17";"0,0";"1,0";"2,0";"2,0";
"607,0";"08,05,2019";"Крюково";"";"Наезд на стоящее ТС";"";"0";"0";"г Зеленоград пр-кт Панфиловский 1";"0,0";"1,0";"2,0";"2,0";
"608,0";"08,05,2019";"Отрадное";"";"Наезд на велосипедиста";"";"0";"0";"г Москва  ";"0,0";"1,0";"2,0";"2,0";
"609,0";"08,05,2019";"Нижегородский";"";"Столкновение";"";"0";"0";"г Москва проезд Автомобильный 8, стр, 15";"0,0";"2,0";"3,0";"4,0";
"610,0";"08,05,2019";"Ивановское";"";"Падение пассажира";"";"0";"0";"г Москва ул Молостовых 4 корп, 4";"0,0";"1,0";"1,0";"2,0";
"611,0";"08,05,2019";"Клёновское";"";"Опрокидывание";"";"0";"0";"  ";"1,0";"0,0";"1,0";"1,0";
"612,0";"08,05,2019";"Солнцево";"";"Наезд на пешехода";"";"0";"0";"г Москва ул Волынская 10";"0,0";"1,0";"1,0";"2,0";
"613,0";"07,05,2019";"Хорошево-Мневники";"";"Наезд на пешехода";"";"0";"0";"г Москва ул Маршала Тухачевского 49";"0,0";"1,0";"1,0";"2,0";
"614,0";"07,05,2019";"Краснопахорское поселение";"";"Столкновение";"А-130 Москва - Малоярославец - Рославль - граница с Республикой Белоруссия (основное направление)";"43";"0";"  ";"1,0";"1,0";"5,0";"5,0";
"615,0";"07,05,2019";"Ясенево";"";"Столкновение";"Московская кольцевая автомобильная дорога (МКАД) внешняя сторона";"37";"800";"г Москва  ";"0,0";"1,0";"2,0";"3,0";
"616,0";"07,05,2019";"Марьино";"";"Столкновение";"";"0";"0";"г Москва ул Поречная 21";"0,0";"1,0";"2,0";"2,0";
"617,0";"07,05,2019";"Раменки";"";"Столкновение";"";"0";"0";"г Москва пр-кт Университетский 13";"0,0";"1,0";"4,0";"4,0";
"618,0";"07,05,2019";"Раменки";"";"Наезд на пешехода";"";"0";"0";"г Москва пр-кт Мичуринский 36";"0,0";"1,0";"1,0";"2,0";
"619,0";"07,05,2019";"Зюзино";"";"Столкновение";"";"0";"0";"г Москва б-р Симферопольский 24, корп, 2";"0,0";"1,0";"2,0";"2,0";
"620,0";"07,05,2019";"Теплый Стан";"";"Наезд на пешехода";"";"0";"0";"г Москва ул Тёплый Стан 11К 1";"0,0";"1,0";"1,0";"2,0";
"621,0";"07,05,2019";"Люблино";"";"Наезд на пешехода";"";"0";"0";"г Москва ул Люблинская 48";"0,0";"2,0";"1,0";"3,0";
"622,0";"07,05,2019";"Арбат";"";"Наезд на пешехода";"";"0";"0";"г Москва ул Новый Арбат 31";"0,0";"1,0";"1,0";"2,0";
"623,0";"07,05,2019";"Московский";"";"Столкновение";"";"0";"0";"г Московский ул Атласова 32а";"0,0";"2,0";"2,0";"3,0";
"624,0";"07,05,2019";"Якиманка";"";"Столкновение";"";"0";"0";"г Москва пл Калужская 1";"0,0";"1,0";"2,0";"2,0";
"625,0";"07,05,2019";"Дорогомилово";"";"Наезд на пешехода";"";"0";"0";"г Москва ш Можайское 14";"0,0";"1,0";"1,0";"2,0";
"626,0";"07,05,2019";"Гагаринский";"";"Столкновение";"";"0";"0";"г Москва пр-кт Ленинский 45";"0,0";"1,0";"2,0";"3,0";
"627,0";"07,05,2019";"Марьино";"";"Столкновение";"";"0";"0";"г Москва ул Марьинский Парк 9";"0,0";"1,0";"2,0";"2,0";
"628,0";"07,05,2019";"Теплый Стан";"";"Столкновение";"";"0";"0";"г Москва ул Профсоюзная 145";"0,0";"1,0";"3,0";"3,0";
"629,0";"07,05,2019";"Южное Тушино";"";"Столкновение";"";"0";"0";"г Москва б-р Химкинский 23";"0,0";"1,0";"2,0";"2,0";
"630,0";"07,05,2019";"Останкинский";"";"Столкновение";"";"0";"0";"г Москва ул Аргуновская 2";"0,0";"1,0";"2,0";"2,0";
"631,0";"07,05,2019";"Савеловский";"";"Столкновение";"";"0";"0";"г Москва ул Вятская 41 стр,А";"0,0";"1,0";"2,0";"2,0";
"632,0";"07,05,2019";"Теплый Стан";"";"Столкновение";"";"0";"0";"г Москва ул Островитянова 2";"0,0";"1,0";"2,0";"2,0";
"633,0";"07,05,2019";"Новогиреево";"";"Наезд на велосипедиста";"";"0";"0";"г Москва пр-кт Свободный 12-23";"0,0";"1,0";"2,0";"2,0";
"634,0";"07,05,2019";"Дорогомилово";"";"Столкновение";"";"0";"0";"г Москва пр-кт Кутузовский 29";"0,0";"1,0";"2,0";"2,0";
"635,0";"07,05,2019";"Внуково";"";"Наезд на пешехода";"";"0";"0";"п Внуково ул Рейсовая 2-я 2Г";"0,0";"1,0";"1,0";"2,0";
"636,0";"07,05,2019";"Дмитровский";"";"Наезд на пешехода";"";"0";"0";"г Москва ш Дмитровское 157, стр,24";"0,0";"1,0";"1,0";"2,0";
"637,0";"07,05,2019";"Лосиноостровский";"";"Столкновение";"Московская кольцевая автомобильная дорога (МКАД) внешняя сторона";"91";"0";"г Москва км МКАД 91-й 0";"0,0";"1,0";"2,0";"3,0";
"638,0";"07,05,2019";"Очаково-Матвеевское";"";"Наезд на стоящее ТС";"Московская кольцевая автомобильная дорога (МКАД) внешняя сторона";"52";"520";"п Матвеевское  ";"0,0";"1,0";"2,0";"2,0";
"639,0";"07,05,2019";"Ясенево";"";"Столкновение";"";"0";"0";"г Москва ул Профсоюзная 129А";"0,0";"1,0";"3,0";"4,0";
"640,0";"06,05,2019";"Марьино";"";"Падение пассажира";"";"0";"0";"г Москва ул Донецкая 8";"0,0";"1,0";"1,0";"2,0";
"641,0";"06,05,2019";"Теплый Стан";"";"Столкновение";"Московская кольцевая автомобильная дорога (МКАД) внешняя сторона";"41";"200";"г Москва  ";"0,0";"1,0";"3,0";"3,0";
"642,0";"06,05,2019";"Бутырский";"";"Столкновение";"";"0";"0";"г Москва проезд Огородный 4";"0,0";"1,0";"2,0";"2,0";
"643,0";"06,05,2019";"Ховрино";"";"Наезд на пешехода";"";"0";"0";"г Москва ул Фестивальная 8";"0,0";"1,0";"1,0";"2,0";
"644,0";"06,05,2019";"Красносельский";"";"Столкновение";"Третье транспортное кольцо (внешняя сторона)";"30";"0";"г Москва ул Русаковская 2";"0,0";"1,0";"2,0";"3,0";
"645,0";"06,05,2019";"Бирюлево Восточное";"";"Наезд на пешехода";"";"0";"0";"г Москва ул Радиальная 6-я 10";"1,0";"0,0";"1,0";"2,0";
"646,0";"06,05,2019";"Левобережный";"";"Столкновение";"";"0";"0";"г Москва ш Ленинградское 67";"0,0";"1,0";"2,0";"2,0";
"647,0";"06,05,2019";"Дорогомилово";"";"Столкновение";"";"0";"0";"г Москва пр-кт Кутузовский 43";"0,0";"1,0";"2,0";"2,0";
"648,0";"06,05,2019";"Нагатино-Садовники";"";"Столкновение";"";"0";"0";"г Москва ш Варшавское 45";"1,0";"0,0";"4,0";"4,0";
"649,0";"06,05,2019";"Раменки";"";"Столкновение";"";"0";"0";"г Москва ул Мосфильмовская 88, кор,4";"0,0";"2,0";"3,0";"4,0";
"650,0";"06,05,2019";"Левобережный";"";"Столкновение";"Московская кольцевая автомобильная дорога (МКАД) внешняя сторона";"75";"150";"г Москва  ";"0,0";"1,0";"2,0";"3,0";
"651,0";"06,05,2019";"Нижегородский";"";"Столкновение";"";"0";"0";"г Москва пр-кт Рязанский 2";"0,0";"1,0";"3,0";"3,0";
"652,0";"06,05,2019";"Беговой";"";"Наезд на стоящее ТС";"Третье транспортное кольцо (внутренняя сторона)";"39";"100";"г Москва ул Масловка Н, 5";"0,0";"1,0";"2,0";"2,0";
"653,0";"06,05,2019";"Якиманка";"";"Столкновение";"";"0";"0";"г Москва пр-кт Ленинский 6";"0,0";"1,0";"5,0";"5,0";
"654,0";"06,05,2019";"Вешняки";"";"Наезд на пешехода";"";"0";"0";"г Москва ул Вешняковская 43";"0,0";"1,0";"1,0";"2,0";
"655,0";"06,05,2019";"Капотня";"";"Наезд на стоящее ТС";"Московская кольцевая автомобильная дорога (МКАД) внешняя сторона";"16";"0";"г Москва  ";"0,0";"2,0";"4,0";"4,0";
"656,0";"06,05,2019";"Пресненский";"";"Столкновение";"";"0";"0";"г Москва пер Мерзляковский 18 стр,1";"0,0";"5,0";"3,0";"6,0";
"657,0";"06,05,2019";"Новокосино";"";"Наезд на пешехода";"";"0";"0";"г Москва ул Суздальская 20А";"0,0";"1,0";"1,0";"2,0";
"658,0";"06,05,2019";"Тверской";"";"Столкновение";"";"0";"0";"г Москва ул Моховая 10, стр, 1";"0,0";"1,0";"3,0";"3,0";
"659,0";"06,05,2019";"Лефортово";"";"Наезд на пешехода";"";"0";"0";"г Москва  ";"0,0";"1,0";"1,0";"2,0";
"660,0";"06,05,2019";"Бутырский";"";"Наезд на пешехода";"";"0";"0";"г Москва ул Фонвизина 10";"0,0";"1,0";"1,0";"2,0";
"661,0";"06,05,2019";"Хорошевский";"";"Столкновение";"";"0";"0";"г Москва ш Хорошёвское 1";"0,0";"1,0";"2,0";"2,0";
"662,0";"06,05,2019";"Косино-Ухтомский";"";"Падение пассажира";"";"0";"0";"п Ухтомский ул Каскадная мго";"0,0";"1,0";"1,0";"2,0";
"663,0";"06,05,2019";"Пресненский";"";"Столкновение";"Третье транспортное кольцо (внешняя сторона)";"17";"0";"г Москва наб Пресненская 10";"0,0";"1,0";"2,0";"3,0";
"664,0";"06,05,2019";"Нагатинский затон";"";"Наезд на пешехода";"";"0";"0";"г Москва пр-кт Андропова 11 К2";"0,0";"1,0";"1,0";"2,0";
"665,0";"05,05,2019";"Мещанский";"";"Наезд на пешехода";"";"0";"0";"г Москва ул Дурова 2 стр,1";"0,0";"1,0";"1,0";"2,0";
"666,0";"05,05,2019";"Тверской";"";"Столкновение";"";"0";"0";"г Москва ул Новослободская 57 65";"0,0";"1,0";"2,0";"2,0";
"667,0";"05,05,2019";"Вешняки";"";"Наезд на стоящее ТС";"";"0";"0";"г Москва ул Красный Казанец 1 корп, 1";"0,0";"1,0";"2,0";"2,0";
"668,0";"05,05,2019";"Северное Измайлово";"";"Наезд на пешехода";"";"0";"0";"г Москва  ";"0,0";"1,0";"1,0";"2,0";
"669,0";"05,05,2019";"Бабушкинский";"";"Столкновение";"";"0";"0";"г Москва ул Енисейская 1с1";"0,0";"1,0";"2,0";"3,0";
"670,0";"05,05,2019";"Ярославский";"";"Наезд на пешехода";"";"0";"0";"г Москва ш Ярославское 121Б";"1,0";"0,0";"1,0";"2,0";
"671,0";"05,05,2019";"Текстильщики";"";"Наезд на стоящее ТС";"";"0";"0";"г Москва б-р Волжский 51А";"0,0";"1,0";"2,0";"1,0";
"672,0";"05,05,2019";"Сокольники";"";"Наезд на пешехода";"";"0";"0";"г Москва проезд Ростокинский 3";"0,0";"1,0";"1,0";"2,0";
"673,0";"05,05,2019";"Покровское-Стрешнево";"";"Столкновение";"";"0";"0";"г Москва ул Свободы 2";"0,0";"1,0";"2,0";"2,0";
"674,0";"05,05,2019";"Чертаново Южное";"";"Столкновение";"";"0";"0";"г Москва ул Чертановская 55";"0,0";"1,0";"2,0";"3,0";
"675,0";"05,05,2019";"Измайлово";"";"Наезд на пешехода";"";"0";"0";"г Москва  ";"0,0";"1,0";"1,0";"2,0";
"676,0";"05,05,2019";"Орехово-Борисово Северное";"";"Столкновение";"";"0";"0";"г Москва ул Генерала Белова 14 СТР26";"0,0";"2,0";"2,0";"3,0";
"677,0";"05,05,2019";"Матушкино";"";"Столкновение";"";"0";"0";"г Зеленоград пр-кт Панфиловский 5";"0,0";"1,0";"2,0";"2,0";
"678,0";"05,05,2019";"Ясенево";"";"Столкновение";"";"0";"0";"г Москва  ";"0,0";"1,0";"3,0";"2,0";
"679,0";"05,05,2019";"Гагаринский";"";"Наезд на пешехода";"";"0";"0";"г Москва пр-кт Ленинский 45";"0,0";"1,0";"1,0";"2,0";
"680,0";"05,05,2019";"Выхино-Жулебино";"";"Столкновение";"";"0";"0";"г Москва  ";"0,0";"1,0";"2,0";"2,0";
"681,0";"05,05,2019";"Люблино";"";"Столкновение";"Московская кольцевая автомобильная дорога (МКАД) внешняя сторона";"13";"0";"г Москва  ";"0,0";"1,0";"2,0";"3,0";
"682,0";"05,05,2019";"Сокол";"";"Наезд на пешехода";"";"0";"0";"г Москва  ";"0,0";"1,0";"1,0";"2,0";
"683,0";"05,05,2019";"Черемушки";"";"Наезд на пешехода";"";"0";"0";"г Москва ул Херсонская 36 к,1";"0,0";"1,0";"1,0";"2,0";
"684,0";"04,05,2019";"Обручевский";"";"Столкновение";"";"0";"0";"г Москва пр-кт Ленинский 109";"0,0";"1,0";"2,0";"2,0";
"685,0";"04,05,2019";"ГУ МВД 2 СП ДПС 2 бат,";"";"Столкновение";"А-106 Рублево-Успенское шоссе";"17";"0";"г Москва  ";"0,0";"1,0";"2,0";"2,0";
"686,0";"04,05,2019";"Гагаринский";"";"Наезд на стоящее ТС";"";"0";"0";"г Москва пр-кт Ленинский 60";"0,0";"1,0";"4,0";"5,0";
"687,0";"04,05,2019";"Очаково-Матвеевское";"";"Столкновение";"Московская кольцевая автомобильная дорога (МКАД) внутренняя сторона";"48";"50";"п Матвеевское  ";"0,0";"1,0";"2,0";"3,0";
"688,0";"04,05,2019";"Воскресенское";"";"Столкновение";"";"0";"0";" снт Восход-Воскресенское 23";"0,0";"1,0";"2,0";"3,0";
"689,0";"04,05,2019";"Северное Тушино";"";"Наезд на пешехода";"";"0";"0";"г Москва ул Героев Панфиловцев 22";"0,0";"1,0";"1,0";"2,0";
"690,0";"04,05,2019";"Хорошево-Мневники";"";"Падение пассажира";"";"0";"0";"г Москва пр-кт Маршала Жукова 4";"0,0";"1,0";"1,0";"2,0";
"691,0";"04,05,2019";"Алексеевский";"";"Столкновение";"";"0";"0";"г Москва ул Космонавтов 14";"0,0";"1,0";"3,0";"4,0";
"692,0";"04,05,2019";"Северное Медведково";"";"Столкновение";"";"0";"0";"г Москва проезд Шокальского 69";"0,0";"1,0";"2,0";"3,0";
"693,0";"04,05,2019";"Восточное Дегунино";"";"Наезд на стоящее ТС";"";"0";"0";"г Москва  ";"0,0";"1,0";"2,0";"1,0";
"694,0";"04,05,2019";"Чертаново Южное";"";"Столкновение";"Московская кольцевая автомобильная дорога (МКАД) внутренняя сторона";"32";"0";"г Москва  ";"0,0";"1,0";"2,0";"2,0";
"695,0";"04,05,2019";"Савёлки";"";"Опрокидывание";"";"0";"0";"г Зеленоград аллея Яблоневая 302 Б";"0,0";"1,0";"2,0";"2,0";
"696,0";"04,05,2019";"Печатники";"";"Наезд на стоящее ТС";"";"0";"0";"г Москва пр-кт Волгоградский 26, стр, 3";"0,0";"1,0";"2,0";"2,0";
"697,0";"04,05,2019";"Чертаново Центральное";"";"Наезд на препятствие";"";"0";"0";"г Москва ул Красного Маяка 24";"0,0";"1,0";"1,0";"1,0";
"698,0";"04,05,2019";"Гольяново";"";"Наезд на пешехода";"";"0";"0";"г Москва ш Щёлковское 23";"0,0";"1,0";"1,0";"2,0";
"699,0";"04,05,2019";"Пресненский";"";"Наезд на велосипедиста";"";"0";"0";"г Москва б-р Новинский 31";"0,0";"1,0";"2,0";"2,0";
"700,0";"04,05,2019";"ГУ МВД 2 СП ДПС 2 бат,";"";"Столкновение";"А-106 Рублево-Успенское шоссе";"8";"0";"г Москва  ";"0,0";"1,0";"2,0";"2,0";
"701,0";"04,05,2019";"Выхино-Жулебино";"";"Наезд на препятствие";"";"0";"0";"г Москва ул Ташкентская 28, стр, 1";"0,0";"1,0";"1,0";"1,0";
"702,0";"04,05,2019";"Бирюлево Восточное";"";"Наезд на пешехода";"";"0";"0";"г Москва ул Липецкая ВЛД 27";"1,0";"0,0";"1,0";"2,0";
"703,0";"04,05,2019";"Митино";"";"Наезд на пешехода";"";"0";"0";"г Москва ул Митинская 30";"0,0";"1,0";"1,0";"2,0";
"704,0";"04,05,2019";"Зябликово";"";"Столкновение";"";"0";"0";"г Москва ул Мусы Джалиля 34 К1";"0,0";"1,0";"2,0";"3,0";
"705,0";"04,05,2019";"Московский";"";"Столкновение";"М-3 Украина Москва - Калуга - Брянск - граница с Украиной (основное направление)";"18";"850";"  ";"0,0";"1,0";"2,0";"3,0";
"706,0";"04,05,2019";"Выхино-Жулебино";"";"Наезд на стоящее ТС";"Московская кольцевая автомобильная дорога (МКАД) внешняя сторона";"9";"0";"г Москва  ";"0,0";"1,0";"2,0";"2,0";
"707,0";"03,05,2019";"Сокольники";"";"Столкновение";"";"0";"0";"г Москва ул Жебрунова 4";"0,0";"1,0";"2,0";"2,0";
"708,0";"03,05,2019";"Новофёдоровское поселение";"";"Столкновение";"";"0";"0";" ул Центральная 122";"0,0";"1,0";"2,0";"2,0";
"709,0";"03,05,2019";"Лианозово";"";"Столкновение";"";"0";"0";"г Москва ул Череповецкая 5 14";"0,0";"1,0";"2,0";"2,0";
"710,0";"03,05,2019";"Кунцево";"";"Столкновение";"Московская кольцевая автомобильная дорога (МКАД) внешняя сторона";"59";"450";"г Москва  ";"0,0";"1,0";"3,0";"3,0";
"711,0";"03,05,2019";"Сокол";"";"Столкновение";"";"0";"0";"г Москва ул Новопесчаная 21";"0,0";"1,0";"2,0";"2,0";
"712,0";"03,05,2019";"Аэропорт";"";"Столкновение";"";"0";"0";"г Москва ул Планетная улица 29";"0,0";"1,0";"2,0";"3,0";
"713,0";"03,05,2019";"Хорошевский";"";"Опрокидывание";"М-10 Россия Москва - Тверь - Великий Новгород - Санкт-Петербург (основное направление)";"7";"0";"г Москва пр-кт Ленинградский 37";"0,0";"1,0";"2,0";"2,0";
"714,0";"03,05,2019";"Донской";"";"Наезд на пешехода";"";"0";"0";"г Москва  ";"0,0";"1,0";"1,0";"2,0";
"715,0";"03,05,2019";"Академический";"";"Наезд на препятствие";"";"0";"0";"г Москва пр-кт Нахимовский 46";"0,0";"1,0";"1,0";"1,0";
"716,0";"03,05,2019";"Донской";"";"Наезд на стоящее ТС";"";"0";"0";"г Москва пр-кт Ленинский 29";"0,0";"1,0";"2,0";"1,0";
"717,0";"03,05,2019";"Кунцево";"";"Столкновение";"Московская кольцевая автомобильная дорога (МКАД) внутренняя сторона";"56";"200";"г Москва  ";"0,0";"2,0";"2,0";"3,0";
"718,0";"03,05,2019";"Головинский";"";"Наезд на пешехода";"";"0";"0";"г Москва  ";"0,0";"1,0";"1,0";"2,0";
"719,0";"03,05,2019";"Сосенское";"";"Наезд на препятствие";"А-130 Москва - Малоярославец - Рославль - граница с Республикой Белоруссия (основное направление)";"22";"0";"  ";"0,0";"1,0";"1,0";"2,0";
"720,0";"03,05,2019";"Бескудниковский";"";"Наезд на пешехода";"";"0";"0";"г Москва ул 800-летия Москвы 4, корп,1";"0,0";"1,0";"1,0";"2,0";
"721,0";"03,05,2019";"Люблино";"";"Наезд на пешехода";"";"0";"0";"г Москва ул Верхние Поля 37 кор,1";"0,0";"1,0";"1,0";"2,0";
"722,0";"03,05,2019";"Хорошево-Мневники";"";"Опрокидывание";"";"0";"0";"г Москва ул Народного Ополчения 14";"0,0";"1,0";"1,0";"1,0";
"723,0";"03,05,2019";"Восточное Измайлово";"";"Наезд на пешехода";"";"0";"0";"г Москва ул Парковая 16-я 6";"0,0";"1,0";"1,0";"2,0";
"724,0";"03,05,2019";"Хорошевский";"";"Столкновение";"";"0";"0";"г Москва ул Магистральная 5-я 4";"0,0";"1,0";"2,0";"3,0";
"725,0";"03,05,2019";"Филевский парк";"";"Наезд на пешехода";"";"0";"0";"г Москва ул Барклая 7к1";"0,0";"2,0";"1,0";"3,0";
"726,0";"03,05,2019";"Лианозово";"";"Наезд на пешехода";"Московская кольцевая автомобильная дорога (МКАД) внутренняя сторона";"84";"150";"г Москва  ";"1,0";"0,0";"1,0";"2,0";
"727,0";"02,05,2019";"Капотня";"";"Столкновение";"";"0";"0";"г Москва  ";"0,0";"1,0";"2,0";"3,0";
"728,0";"02,05,2019";"Ясенево";"";"Столкновение";"";"0";"0";"г Москва пр-кт Новоясеневский 12";"0,0";"1,0";"2,0";"2,0";
"729,0";"02,05,2019";"Новогиреево";"";"Наезд на препятствие";"";"0";"0";"г Москва ул Металлургов 62к1";"0,0";"1,0";"1,0";"1,0";
"730,0";"02,05,2019";"Строгино";"";"Наезд на стоящее ТС";"Московская кольцевая автомобильная дорога (МКАД) внешняя сторона";"62";"150";"г Москва  ";"0,0";"1,0";"3,0";"3,0";
"731,0";"02,05,2019";"Нагатинский затон";"";"Падение пассажира";"";"0";"0";"г Москва пр-кт Андропова 25А";"0,0";"1,0";"2,0";"3,0";
"732,0";"02,05,2019";"Лианозово";"";"Столкновение";"";"0";"0";"г Москва ул Шмидта 24, стр,1";"0,0";"1,0";"2,0";"3,0";
"733,0";"02,05,2019";"Первомайское поселение";"";"Наезд на препятствие";"";"0";"0";"д Уварово ул Ирбис 23";"0,0";"1,0";"1,0";"1,0";
"734,0";"02,05,2019";"ГУ МВД 2 СП ДПС 2 бат,";"";"Наезд на препятствие";"А-109 Ильинское шоссе";"9";"0";"г Москва  ";"0,0";"1,0";"1,0";"2,0";
"735,0";"02,05,2019";"Донской";"";"Столкновение";"";"0";"0";"г Москва пр-кт Ленинский 37";"0,0";"2,0";"2,0";"4,0";
"736,0";"02,05,2019";"Ново-Переделкино";"";"Столкновение";"";"0";"0";"г Москва ш Боровское 47";"0,0";"1,0";"2,0";"2,0";
"737,0";"02,05,2019";"Бирюлево Восточное";"";"Наезд на препятствие";"Московская кольцевая автомобильная дорога (МКАД) внутренняя сторона";"25";"700";"г Москва  ";"0,0";"2,0";"1,0";"3,0";
"738,0";"01,05,2019";"ГУ МВД 2 СП ДПС 2 бат,";"";"Наезд на пешехода";"";"0";"0";"г Москва ш Ленинградское 23";"0,0";"1,0";"1,0";"2,0";
"739,0";"01,05,2019";"Савёлки";"";"Наезд на препятствие";"";"0";"0";"г Зеленоград аллея Сосновая 705";"0,0";"1,0";"1,0";"1,0";
"740,0";"01,05,2019";"Выхино-Жулебино";"";"Столкновение";"";"0";"0";"г Москва пр-кт Волгоградский 185к2";"0,0";"1,0";"2,0";"2,0";
"741,0";"01,05,2019";"Останкинский";"";"Столкновение";"";"0";"0";"г Москва пр-кт Мира 123";"0,0";"1,0";"2,0";"2,0";
"742,0";"01,05,2019";"Выхино-Жулебино";"";"Наезд на пешехода";"";"0";"0";"г Москва  ";"1,0";"0,0";"1,0";"2,0";
"743,0";"01,05,2019";"Рязановское";"";"Наезд на пешехода";"";"0";"0";"с Остафьево ул Троицкая 49,стр,4";"0,0";"1,0";"1,0";"2,0";
"744,0";"01,05,2019";"Измайлово";"";"Столкновение";"";"0";"0";"г Москва б-р Измайловский 47 36";"0,0";"1,0";"2,0";"2,0";
"745,0";"01,05,2019";"Басманный";"";"Наезд на стоящее ТС";"Третье транспортное кольцо (внутренняя сторона)";"31";"0";"г Москва пл Лефортовская тоннель№1";"0,0";"1,0";"2,0";"2,0";
"746,0";"01,05,2019";"Проспект Вернадского";"";"Наезд на стоящее ТС";"";"0";"0";"г Москва пр-кт Вернадского 53";"0,0";"1,0";"3,0";"3,0";
"747,0";"01,05,2019";"Марьина роща";"";"Наезд на пешехода";"";"0";"0";"г Москва ул Шереметьевская 37 к, 2";"0,0";"1,0";"1,0";"2,0";
"748,0";"01,05,2019";"Орехово-Борисово Северное";"";"Наезд на пешехода";"";"0";"0";"г Москва  ";"0,0";"1,0";"1,0";"2,0";
"749,0";"01,05,2019";"Гольяново";"";"Наезд на пешехода";"";"0";"0";"г Москва ул Байкальская 16 корп, 2";"0,0";"1,0";"1,0";"2,0";
"750,0";"01,05,2019";"Кунцево";"";"Столкновение";"Московская кольцевая автомобильная дорога (МКАД) внутренняя сторона";"57";"50";"г Москва  ";"0,0";"1,0";"3,0";"3,0";
"751,0";"01,05,2019";"Филимонковское";"";"Наезд на стоящее ТС";"М-3 Украина Москва - Калуга - Брянск - граница с Украиной (основное направление)";"29";"300";"  ";"0,0";"2,0";"2,0";"3,0";