"1,0";"31,08,2018";"Пушкинский";"";"Наезд на пешехода";"";"0";"0";"г Пушкин ул Жуковско-Волынская Железнодорожная";"0,0";"1,0";"1,0";"2,0";
"3,0";"31,08,2018";"Калининский";"";"Столкновение";"";"0";"0";"г Санкт-Петербург пр-кт Кондратьевский 53";"0,0";"2,0";"2,0";"3,0";
"4,0";"31,08,2018";"Адмиралтейский";"";"Столкновение";"";"0";"0";"г Санкт-Петербург пр-кт Загородный 74";"0,0";"1,0";"3,0";"3,0";
"5,0";"31,08,2018";"Приморский";"";"Столкновение";"";"0";"0";"г Санкт-Петербург ул Оптиков 34 корп, 1";"0,0";"1,0";"2,0";"2,0";
"6,0";"31,08,2018";"Василеостровский";"";"Столкновение";"";"0";"0";"г Санкт-Петербург наб Морская 31 корп, 1";"0,0";"1,0";"3,0";"3,0";
"7,0";"31,08,2018";"Приморский";"";"Столкновение";"";"0";"0";"г Санкт-Петербург ул 3-я Конная Лахта 45";"0,0";"2,0";"2,0";"2,0";
"8,0";"31,08,2018";"Красносельский";"";"Столкновение";"";"0";"0";"г Санкт-Петербург ш Петергофское пр, М,Жукова";"0,0";"1,0";"2,0";"2,0";
"9,0";"31,08,2018";"Колпинский";"";"Съезд с дороги";"";"0";"0";"п Петро-Славянка ул Софийская 190м от выезда с ЛД";"0,0";"1,0";"1,0";"1,0";
"10,0";"31,08,2018";"Петроградский";"";"Наезд на пешехода";"";"0";"0";"г Санкт-Петербург наб Реки Карповки 13";"0,0";"1,0";"1,0";"2,0";
"11,0";"31,08,2018";"Фрунзенский";"";"Столкновение";"";"0";"0";"г Санкт-Петербург ул Будапештская 97 лит А";"0,0";"1,0";"2,0";"2,0";
"12,0";"31,08,2018";"Калининский";"";"Иной вид ДТП";"";"0";"0";"г Санкт-Петербург пр-кт Гражданский 92";"0,0";"1,0";"1,0";"2,0";
"13,0";"31,08,2018";"Кировский";"";"Наезд на пешехода";"";"0";"0";"г Санкт-Петербург  ";"0,0";"1,0";"1,0";"2,0";
"14,0";"31,08,2018";"Московский";"";"Столкновение";"";"0";"0";"п Шушары пр-кт Витебский 9";"0,0";"1,0";"2,0";"2,0";
"15,0";"31,08,2018";"Приморский";"";"Наезд на велосипедиста";"";"0";"0";"г Санкт-Петербург пр-кт Королёва Долгоозерная";"0,0";"1,0";"2,0";"2,0";
"16,0";"31,08,2018";"Кировский";"";"Столкновение";"";"0";"0";"г Санкт-Петербург пр-кт Стачек Ул,Зенитчиков";"0,0";"1,0";"3,0";"3,0";
"17,0";"31,08,2018";"Невский";"";"Наезд на пешехода";"";"0";"0";"г Санкт-Петербург  ";"0,0";"1,0";"1,0";"2,0";
"18,0";"31,08,2018";"Московский";"";"Наезд на препятствие";"";"0";"0";"г Санкт-Петербург ш Пулковское 35к1";"0,0";"1,0";"1,0";"1,0";
"19,0";"31,08,2018";"Адмиралтейский";"";"Падение пассажира";"";"0";"0";"г Санкт-Петербург ул Декабристов 40";"0,0";"1,0";"1,0";"2,0";
"20,0";"31,08,2018";"Адмиралтейский";"";"Наезд на пешехода";"";"0";"0";"г Санкт-Петербург пл Сенатская 1";"0,0";"1,0";"1,0";"2,0";
"21,0";"31,08,2018";"Колпинский";"";"Падение пассажира";"";"0";"0";"г Колпино пр-кт Ленина 72";"0,0";"1,0";"1,0";"2,0";
"22,0";"31,08,2018";"Калининский";"";"Столкновение";"";"0";"0";"г Санкт-Петербург пр-кт Просвещения 72";"0,0";"2,0";"6,0";"5,0";
"23,0";"31,08,2018";"Калининский";"";"Столкновение";"";"0";"0";"г Санкт-Петербург пр-кт Гражданский Просвещения пр,";"0,0";"1,0";"2,0";"3,0";
"24,0";"31,08,2018";"Кировский";"";"Столкновение";"";"0";"0";"г Санкт-Петербург ул Маршала Говорова 18";"0,0";"1,0";"2,0";"2,0";
"25,0";"30,08,2018";"Невский";"";"Столкновение";"";"0";"0";"г Санкт-Петербург пр-кт Обуховской Обороны 209";"0,0";"2,0";"2,0";"3,0";
"26,0";"30,08,2018";"Центральный";"";"Столкновение";"";"0";"0";"г Санкт-Петербург ул 8-я Советская суворовский пр";"0,0";"1,0";"2,0";"3,0";
"27,0";"30,08,2018";"Красногвардейский";"";"Столкновение";"";"0";"0";"г Санкт-Петербург пр-кт Энергетиков 10";"0,0";"1,0";"2,0";"2,0";
"28,0";"30,08,2018";"Приморский";"";"Наезд на велосипедиста";"";"0";"0";"г Санкт-Петербург ш Ланское ул, Новосибирская";"0,0";"1,0";"2,0";"2,0";
"29,0";"30,08,2018";"Красногвардейский";"";"Наезд на пешехода";"";"0";"0";"г Санкт-Петербург  ";"0,0";"1,0";"1,0";"2,0";
"30,0";"30,08,2018";"Фрунзенский";"";"Наезд на пешехода";"";"0";"0";"г Санкт-Петербург  ";"0,0";"1,0";"1,0";"2,0";
"31,0";"30,08,2018";"Василеостровский";"";"Наезд на пешехода";"";"0";"0";"г Санкт-Петербург линия 9-я В,О, 42";"0,0";"1,0";"1,0";"2,0";
"32,0";"30,08,2018";"Фрунзенский";"";"Падение пассажира";"";"0";"0";"г Санкт-Петербург ул Софийская 55";"0,0";"1,0";"1,0";"2,0";
"33,0";"30,08,2018";"Колпинский";"";"Столкновение";"";"0";"0";"г Колпино ш Колпинское 94м от дор,на ДСК-5";"0,0";"1,0";"2,0";"2,0";
"34,0";"30,08,2018";"Кировский";"";"Столкновение";"";"0";"0";"г Санкт-Петербург пр-кт Стачек Ленинский пр";"0,0";"4,0";"2,0";"6,0";
"35,0";"30,08,2018";"Московский";"";"Наезд на пешехода";"";"0";"0";"г Санкт-Петербург ул Орджоникидзе 27";"0,0";"1,0";"1,0";"2,0";
"36,0";"30,08,2018";"Центральный";"";"Наезд на пешехода";"";"0";"0";"г Санкт-Петербург пр-кт Литейный 58";"0,0";"1,0";"1,0";"2,0";
"37,0";"30,08,2018";"Центральный";"";"Наезд на пешехода";"";"0";"0";"г Санкт-Петербург ул Кирочная 60";"0,0";"1,0";"1,0";"2,0";
"38,0";"30,08,2018";"Приморский";"";"Наезд на велосипедиста";"";"0";"0";"г Санкт-Петербург пр-кт Коломяжский Богатырский пр,";"0,0";"1,0";"2,0";"2,0";
"39,0";"30,08,2018";"Красногвардейский";"";"Столкновение";"";"0";"0";"г Санкт-Петербург пр-кт Наставников 22";"0,0";"2,0";"2,0";"3,0";
"40,0";"29,08,2018";"Центральный";"";"Столкновение";"";"0";"0";"г Санкт-Петербург пр-кт Невский фонтанки";"0,0";"1,0";"2,0";"2,0";
"41,0";"29,08,2018";"Красногвардейский";"";"Наезд на стоящее ТС";"";"0";"0";"г Санкт-Петербург пр-кт Малоохтинский 96 2";"0,0";"2,0";"6,0";"7,0";
"42,0";"29,08,2018";"Кировский";"";"Столкновение";"";"0";"0";"г Санкт-Петербург пр-кт Народного Ополчения 45";"0,0";"2,0";"2,0";"2,0";
"43,0";"29,08,2018";"Кировский";"";"Наезд на препятствие";"";"0";"0";"г Санкт-Петербург пр-кт Дачный 37";"0,0";"1,0";"1,0";"1,0";
"44,0";"29,08,2018";"Курортный";"";"Столкновение";"";"0";"0";"г Сестрорецк ш Приморское 359";"0,0";"2,0";"2,0";"3,0";
"45,0";"29,08,2018";"Кировский";"";"Столкновение";"";"0";"0";"г Санкт-Петербург пр-кт Стачек 13";"0,0";"1,0";"2,0";"2,0";
"46,0";"29,08,2018";"Красносельский";"";"Наезд на препятствие";"";"0";"0";"г Санкт-Петербург ш Петергофское дорога на п, Ленино";"0,0";"1,0";"1,0";"1,0";
"47,0";"29,08,2018";"Невский";"";"Столкновение";"";"0";"0";"г Санкт-Петербург пр-кт Большевиков 22";"0,0";"1,0";"2,0";"3,0";
"48,0";"29,08,2018";"Петродворцовый";"";"Наезд на пешехода";"";"0";"0";"г Ломоносов ул Победы 6";"0,0";"1,0";"1,0";"2,0";
"49,0";"29,08,2018";"Приморский";"";"Падение пассажира";"";"0";"0";"г Санкт-Петербург ул Савушкина 131";"0,0";"1,0";"1,0";"2,0";
"50,0";"29,08,2018";"Петроградский";"";"Наезд на пешехода";"";"0";"0";"г Санкт-Петербург пр-кт Малый П,С, 24 12";"0,0";"1,0";"1,0";"2,0";
"51,0";"29,08,2018";"Фрунзенский";"";"Наезд на пешехода";"";"0";"0";"г Санкт-Петербург ул Бухарестская 67-1 четная сторона";"0,0";"2,0";"1,0";"3,0";
"52,0";"29,08,2018";"Курортный";"";"Столкновение";"";"0";"0";"г Сестрорецк пр-кт Красных Командиров 21";"0,0";"1,0";"2,0";"3,0";
"53,0";"29,08,2018";"Центральный";"";"Наезд на пешехода";"";"0";"0";"г Санкт-Петербург ул Черняховского 36";"0,0";"1,0";"1,0";"2,0";
"54,0";"29,08,2018";"Калининский";"";"Столкновение";"";"0";"0";"г Санкт-Петербург пр-кт Пискарёвский Полюстровский пр,";"0,0";"1,0";"4,0";"5,0";
"55,0";"29,08,2018";"Фрунзенский";"";"Падение пассажира";"";"0";"0";"г Санкт-Петербург ул Ярослава Гашека 5";"0,0";"1,0";"1,0";"2,0";
"56,0";"29,08,2018";"Красногвардейский";"";"Наезд на пешехода";"";"0";"0";"г Санкт-Петербург пр-кт Ириновский 33 49";"0,0";"1,0";"1,0";"2,0";
"57,0";"29,08,2018";"Василеостровский";"";"Наезд на стоящее ТС";"Западный скоростной диаметр";"19";"500";"г Санкт-Петербург  ";"1,0";"0,0";"2,0";"2,0";
"58,0";"29,08,2018";"Фрунзенский";"";"Наезд на стоящее ТС";"";"0";"0";"г Санкт-Петербург ул Софийская 52";"0,0";"1,0";"3,0";"3,0";
"59,0";"29,08,2018";"Невский";"";"Столкновение";"";"0";"0";"г Санкт-Петербург ул Тельмана 41";"0,0";"1,0";"2,0";"2,0";
"60,0";"29,08,2018";"Кировский";"";"Столкновение";"";"0";"0";"г Санкт-Петербург пр-кт Ленинский 114";"0,0";"1,0";"2,0";"3,0";
"61,0";"29,08,2018";"Невский";"";"Столкновение";"";"0";"0";"г Санкт-Петербург пр-кт Большевиков 2";"0,0";"2,0";"2,0";"4,0";
"62,0";"29,08,2018";"Василеостровский";"";"Падение пассажира";"";"0";"0";"г Санкт-Петербург наб Университетская 3";"0,0";"1,0";"1,0";"2,0";
"63,0";"29,08,2018";"Фрунзенский";"";"Наезд на пешехода";"";"0";"0";"г Санкт-Петербург ул Будапештская 94";"0,0";"1,0";"1,0";"2,0";
"64,0";"29,08,2018";"Кировский";"";"Наезд на велосипедиста";"";"0";"0";"г Санкт-Петербург  ";"0,0";"1,0";"2,0";"2,0";
"65,0";"29,08,2018";"Калининский";"";"Наезд на пешехода";"";"0";"0";"г Санкт-Петербург ул Ушинского 41";"0,0";"1,0";"1,0";"2,0";
"66,0";"29,08,2018";"Калининский";"";"Наезд на препятствие";"";"0";"0";"г Санкт-Петербург пр-кт Пискарёвский 20";"0,0";"1,0";"1,0";"1,0";
"67,0";"29,08,2018";"Красногвардейский";"";"Наезд на пешехода";"";"0";"0";"г Санкт-Петербург  ";"0,0";"1,0";"1,0";"2,0";
"68,0";"29,08,2018";"Колпинский";"";"Столкновение";"";"0";"0";"г Колпино ш Вознесенское 876 м до дома 49к2";"0,0";"1,0";"2,0";"4,0";
"69,0";"29,08,2018";"Московский";"";"Столкновение";"";"0";"0";"п Шушары пр-кт Витебский 90";"0,0";"1,0";"2,0";"3,0";
"70,0";"28,08,2018";"Красносельский";"";"Наезд на пешехода";"";"0";"0";"г Санкт-Петербург пр-кт Ленинский 72 к,1";"0,0";"1,0";"1,0";"2,0";
"71,0";"28,08,2018";"Московский";"";"Столкновение";"";"0";"0";"г Санкт-Петербург ш Пулковское 42 корп 5";"0,0";"1,0";"4,0";"5,0";
"72,0";"28,08,2018";"Курортный";"";"Наезд на велосипедиста";"";"0";"0";"г Санкт-Петербург  ";"0,0";"1,0";"2,0";"2,0";
"73,0";"28,08,2018";"Приморский";"";"Столкновение";"";"0";"0";"г Санкт-Петербург наб Ушаковская 9к1";"0,0";"1,0";"2,0";"3,0";
"74,0";"28,08,2018";"Петроградский";"";"Наезд на пешехода";"";"0";"0";"г Санкт-Петербург пр-кт Кронверкский 21";"0,0";"1,0";"1,0";"2,0";
"75,0";"28,08,2018";"Выборгский";"";"Наезд на пешехода";"";"0";"0";"г Санкт-Петербург пр-кт Художников 34 12";"0,0";"1,0";"1,0";"2,0";
"76,0";"28,08,2018";"Фрунзенский";"";"Столкновение";"";"0";"0";"г Санкт-Петербург ул Димитрова 18";"0,0";"2,0";"2,0";"3,0";
"77,0";"28,08,2018";"Пушкинский";"";"Наезд на пешехода";"";"0";"0";"п Шушары ул Ростовская (Славянка) 14-16";"0,0";"1,0";"1,0";"2,0";
"78,0";"28,08,2018";"Красногвардейский";"";"Наезд на пешехода";"";"0";"0";"г Санкт-Петербург пр-кт Энергетиков 9";"0,0";"1,0";"1,0";"2,0";
"79,0";"28,08,2018";"Адмиралтейский";"";"Столкновение";"";"0";"0";"г Санкт-Петербург пр-кт Московский 28";"0,0";"1,0";"2,0";"2,0";
"80,0";"28,08,2018";"Калининский";"";"Наезд на пешехода";"";"0";"0";"г Санкт-Петербург пр-кт Науки 4 кор 1";"0,0";"1,0";"1,0";"2,0";
"81,0";"28,08,2018";"Приморский";"";"Столкновение";"";"0";"0";"г Санкт-Петербург пр-кт Приморский 72";"0,0";"1,0";"2,0";"3,0";
"82,0";"28,08,2018";"Московский";"";"Столкновение";"";"0";"0";"г Санкт-Петербург ш Пулковское 32а";"0,0";"1,0";"2,0";"2,0";
"83,0";"28,08,2018";"Выборгский";"";"Падение пассажира";"";"0";"0";"г Санкт-Петербург ул Карбышева пл,Мужества";"0,0";"1,0";"1,0";"2,0";
"84,0";"28,08,2018";"Пушкинский";"";"Наезд на пешехода";"";"0";"0";"г Пушкин ул Генерала Хазова 14";"0,0";"1,0";"1,0";"2,0";
"85,0";"28,08,2018";"Петроградский";"";"Наезд на пешехода";"";"0";"0";"г Санкт-Петербург наб Аптекарская 2";"0,0";"1,0";"1,0";"2,0";
"86,0";"28,08,2018";"Фрунзенский";"";"Наезд на пешехода";"";"0";"0";"г Санкт-Петербург ул Будапештская 15";"0,0";"1,0";"1,0";"2,0";
"87,0";"28,08,2018";"Красносельский";"";"Столкновение";"";"0";"0";"г Санкт-Петербург пр-кт Ленинский 81 к,1";"0,0";"4,0";"2,0";"4,0";
"88,0";"28,08,2018";"Адмиралтейский";"";"Столкновение";"";"0";"0";"г Санкт-Петербург  ";"0,0";"1,0";"2,0";"3,0";
"89,0";"27,08,2018";"Красногвардейский";"";"Падение пассажира";"";"0";"0";"г Санкт-Петербург ул Бестужевская 81";"0,0";"1,0";"1,0";"2,0";
"90,0";"27,08,2018";"Петроградский";"";"Столкновение";"";"0";"0";"г Санкт-Петербург пр-кт Каменноостровский 38";"0,0";"1,0";"2,0";"2,0";
"91,0";"27,08,2018";"Невский";"";"Наезд на препятствие";"";"0";"0";"г Санкт-Петербург ул Зольная д 6 Складской";"0,0";"3,0";"3,0";"5,0";
"92,0";"27,08,2018";"Кировский";"";"Столкновение";"";"0";"0";"г Санкт-Петербург пр-кт Стачек 107";"0,0";"7,0";"2,0";"9,0";
"93,0";"27,08,2018";"Невский";"";"Столкновение";"";"0";"0";"г Санкт-Петербург пр-кт Дальневосточный 43";"0,0";"1,0";"2,0";"2,0";
"94,0";"27,08,2018";"Центральный";"";"Наезд на пешехода";"";"0";"0";"г Санкт-Петербург  ";"0,0";"1,0";"1,0";"2,0";
"95,0";"27,08,2018";"Красносельский";"";"Столкновение";"";"0";"0";"г Санкт-Петербург ул Партизана Германа 6";"0,0";"1,0";"2,0";"3,0";
"96,0";"27,08,2018";"Выборгский";"";"Падение пассажира";"";"0";"0";"г Санкт-Петербург пр-кт 2-й Муринский 43";"0,0";"1,0";"1,0";"2,0";
"97,0";"27,08,2018";"Калининский";"";"Наезд на пешехода";"";"0";"0";"г Санкт-Петербург пр-кт Просвещения 53";"0,0";"1,0";"1,0";"2,0";
"98,0";"27,08,2018";"Кировский";"";"Столкновение";"";"0";"0";"г Санкт-Петербург пр-кт Стачек 81 по ул,М,Пехоты";"0,0";"1,0";"3,0";"2,0";
"99,0";"27,08,2018";"Приморский";"";"Наезд на препятствие";"";"0";"0";"г Санкт-Петербург наб Выборгская 63 А";"0,0";"1,0";"1,0";"2,0";
"100,0";"27,08,2018";"Красносельский";"";"Наезд на пешехода";"";"0";"0";"г Санкт-Петербург ул Маршала Захарова 18к,1";"0,0";"1,0";"1,0";"2,0";
"101,0";"27,08,2018";"Пушкинский";"";"Наезд на стоящее ТС";"";"0";"0";"п Шушары ул Софийская 113";"0,0";"2,0";"2,0";"3,0";
"102,0";"27,08,2018";"Московский";"";"Столкновение";"";"0";"0";"г Санкт-Петербург пр-кт Дунайский 28";"0,0";"1,0";"3,0";"4,0";
"103,0";"27,08,2018";"Невский";"";"Наезд на велосипедиста";"";"0";"0";"г Санкт-Петербург пр-кт Обуховской Обороны 13";"0,0";"1,0";"2,0";"2,0";
"104,0";"27,08,2018";"Выборгский";"";"Наезд на пешехода";"";"0";"0";"г Санкт-Петербург  ";"0,0";"1,0";"1,0";"2,0";
"105,0";"27,08,2018";"Невский";"";"Столкновение";"";"0";"0";"г Санкт-Петербург пр-кт Шлиссельбургский 22";"0,0";"1,0";"2,0";"2,0";
"106,0";"26,08,2018";"Приморский";"";"Столкновение";"";"0";"0";"г Санкт-Петербург ул Поклонногорская Афонская";"0,0";"3,0";"2,0";"4,0";
"107,0";"26,08,2018";"Кировский";"";"Наезд на велосипедиста";"";"0";"0";"г Санкт-Петербург ул Маршала Говорова 37 л,А";"0,0";"1,0";"2,0";"2,0";
"108,0";"26,08,2018";"Красносельский";"";"Столкновение";"";"0";"0";"г Санкт-Петербург ул Пограничника Гарькавого 44-1";"0,0";"1,0";"2,0";"2,0";
"109,0";"26,08,2018";"Центральный";"";"Столкновение";"";"0";"0";"г Санкт-Петербург ул Некрасова 40";"0,0";"1,0";"4,0";"4,0";
"110,0";"26,08,2018";"Красносельский";"";"Наезд на препятствие";"";"0";"0";"г Санкт-Петербург пр-кт Народного Ополчения 60";"0,0";"1,0";"1,0";"2,0";
"111,0";"26,08,2018";"Выборгский";"";"Наезд на препятствие";"";"0";"0";"г Санкт-Петербург  ";"0,0";"1,0";"1,0";"1,0";
"112,0";"26,08,2018";"Калининский";"";"Столкновение";"";"0";"0";"г Санкт-Петербург ул Академика Лебедева 1 (Литейный мост)";"0,0";"1,0";"4,0";"4,0";
"113,0";"26,08,2018";"Красносельский";"";"Столкновение";"";"0";"0";"г Санкт-Петербург ул Маршала Казакова ул, Доблести";"0,0";"1,0";"2,0";"3,0";
"114,0";"26,08,2018";"Приморский";"";"Наезд на пешехода";"";"0";"0";"г Санкт-Петербург пр-кт Коломяжский Богатырский";"0,0";"1,0";"1,0";"2,0";
"115,0";"26,08,2018";"Приморский";"";"Падение пассажира";"";"0";"0";"г Санкт-Петербург дор Торфяная 8 кор 3";"0,0";"1,0";"1,0";"2,0";
"116,0";"26,08,2018";"Адмиралтейский";"";"Наезд на велосипедиста";"";"0";"0";"г Санкт-Петербург наб Обводного канала 144";"0,0";"1,0";"2,0";"2,0";
"117,0";"26,08,2018";"Приморский";"";"Столкновение";"";"0";"0";"г Санкт-Петербург ул Яхтенная Богатырский";"0,0";"4,0";"2,0";"5,0";
"118,0";"26,08,2018";"Красногвардейский";"";"Столкновение";"";"0";"0";"г Санкт-Петербург ул Передовиков 1 6";"0,0";"1,0";"3,0";"3,0";
"119,0";"26,08,2018";"Центральный";"";"Столкновение";"";"0";"0";"г Санкт-Петербург пр-кт Литейный 1";"0,0";"1,0";"2,0";"2,0";
"120,0";"26,08,2018";"Калининский";"";"Столкновение";"";"0";"0";"г Санкт-Петербург наб Свердловская 4-Арсенальная наб,";"0,0";"1,0";"2,0";"3,0";
"121,0";"25,08,2018";"Калининский";"";"Падение пассажира";"";"0";"0";"г Санкт-Петербург ул Карпинского 18";"0,0";"1,0";"1,0";"2,0";
"122,0";"25,08,2018";"Невский";"";"Наезд на препятствие";"";"0";"0";"г Санкт-Петербург ул Ивановская 6";"0,0";"2,0";"1,0";"3,0";
"123,0";"25,08,2018";"Красногвардейский";"";"Наезд на пешехода";"";"0";"0";"г Санкт-Петербург пр-кт Малоохтинский 98";"0,0";"1,0";"1,0";"2,0";
"124,0";"25,08,2018";"Кронштадтский";"";"Наезд на стоящее ТС";"А-118 Кольцевая автомобильная дорога вокруг г, Санкт-Петербурга";"2";"730";"г Санкт-Петербург  ";"1,0";"0,0";"3,0";"2,0";
"125,0";"25,08,2018";"Курортный";"";"Наезд на препятствие";"";"0";"0";"г Зеленогорск ул Красных Курсантов 16";"0,0";"1,0";"1,0";"1,0";
"126,0";"25,08,2018";"Приморский";"";"Наезд на препятствие";"";"0";"0";"г Санкт-Петербург пр-кт Лахтинский 149";"0,0";"2,0";"2,0";"3,0";
"127,0";"25,08,2018";"Красносельский";"";"Наезд на пешехода";"";"0";"0";"г Санкт-Петербург пр-кт Маршала Жукова 26";"1,0";"0,0";"1,0";"2,0";
"128,0";"25,08,2018";"Невский";"";"Столкновение";"";"0";"0";"г Санкт-Петербург пр-кт Большевиков 22";"0,0";"3,0";"2,0";"5,0";
"129,0";"25,08,2018";"Красногвардейский";"";"Наезд на пешехода";"";"0";"0";"г Санкт-Петербург пр-кт Металлистов 25-1";"0,0";"1,0";"1,0";"2,0";
"130,0";"25,08,2018";"Фрунзенский";"";"Наезд на велосипедиста";"";"0";"0";"г Санкт-Петербург  ";"0,0";"1,0";"2,0";"2,0";
"131,0";"25,08,2018";"Кировский";"";"Столкновение";"";"0";"0";"г Санкт-Петербург дор На Турухтанные острова 18а";"0,0";"1,0";"3,0";"2,0";
"132,0";"25,08,2018";"Красносельский";"";"Столкновение";"";"0";"0";"г Санкт-Петербург пр-кт Ленинский Брестский";"0,0";"1,0";"2,0";"3,0";
"133,0";"25,08,2018";"Приморский";"";"Наезд на велосипедиста";"";"0";"0";"г Санкт-Петербург ул Савушкина Планерная";"0,0";"1,0";"2,0";"2,0";
"134,0";"25,08,2018";"Фрунзенский";"";"Наезд на стоящее ТС";"";"0";"0";"г Санкт-Петербург ул Турку 20";"0,0";"1,0";"2,0";"3,0";
"135,0";"25,08,2018";"Василеостровский";"";"Наезд на пешехода";"";"0";"0";"г Санкт-Петербург пр-кт Средний В,О, 18";"0,0";"1,0";"1,0";"2,0";
"136,0";"25,08,2018";"Невский";"";"Наезд на препятствие";"";"0";"0";"г Санкт-Петербург ул Ивановская 6";"0,0";"1,0";"1,0";"1,0";
"137,0";"25,08,2018";"Выборгский";"";"Наезд на препятствие";"";"0";"0";"п Парголово ш Песочное (Осиновая Роща) 99Б";"0,0";"1,0";"1,0";"1,0";
"138,0";"25,08,2018";"Невский";"";"Наезд на пешехода";"";"0";"0";"г Санкт-Петербург ул Крыленко 3к1";"0,0";"1,0";"1,0";"2,0";
"139,0";"25,08,2018";"Невский";"";"Наезд на препятствие";"";"0";"0";"г Санкт-Петербург ул Ивановская 6";"0,0";"1,0";"1,0";"1,0";
"140,0";"25,08,2018";"Фрунзенский";"";"Падение пассажира";"";"0";"0";"г Санкт-Петербург пр-кт Славы 31";"0,0";"1,0";"1,0";"2,0";
"141,0";"24,08,2018";"Калининский";"";"Столкновение";"";"0";"0";"г Санкт-Петербург пр-кт Кондратьевский 42";"0,0";"1,0";"2,0";"2,0";
"142,0";"24,08,2018";"Выборгский";"";"Наезд на пешехода";"";"0";"0";"г Санкт-Петербург  ";"0,0";"1,0";"1,0";"2,0";
"143,0";"24,08,2018";"Выборгский";"";"Столкновение";"";"0";"0";"г Санкт-Петербург пр-кт Просвещения 62";"0,0";"3,0";"4,0";"6,0";
"144,0";"24,08,2018";"Приморский";"";"Наезд на велосипедиста";"";"0";"0";"г Санкт-Петербург ул Гаккелевская 21";"0,0";"1,0";"2,0";"2,0";
"145,0";"24,08,2018";"Калининский";"";"Наезд на пешехода";"";"0";"0";"г Санкт-Петербург ул Демьяна Бедного 34 1";"0,0";"1,0";"1,0";"2,0";
"146,0";"24,08,2018";"Адмиралтейский";"";"Наезд на пешехода";"";"0";"0";"г Санкт-Петербург пр-кт Римского-Корсакова 18 23";"0,0";"1,0";"1,0";"2,0";
"147,0";"24,08,2018";"Фрунзенский";"";"Столкновение";"";"0";"0";"г Санкт-Петербург ул Димитрова 16-1";"0,0";"1,0";"2,0";"2,0";
"148,0";"24,08,2018";"Центральный";"";"Столкновение";"";"0";"0";"г Санкт-Петербург пр-кт Владимирский 6";"0,0";"1,0";"2,0";"2,0";
"149,0";"24,08,2018";"Выборгский";"";"Столкновение";"";"0";"0";"г Санкт-Петербург пр-кт Художников Поэтический б-р";"0,0";"2,0";"2,0";"3,0";
"150,0";"24,08,2018";"Фрунзенский";"";"Наезд на стоящее ТС";"";"0";"0";"г Санкт-Петербург ул Софийская 41 к,1";"0,0";"2,0";"2,0";"2,0";
"151,0";"24,08,2018";"Выборгский";"";"Наезд на пешехода";"";"0";"0";"г Санкт-Петербург наб Выборгская 57 кор,1";"0,0";"1,0";"1,0";"2,0";
"152,0";"24,08,2018";"Красногвардейский";"";"Наезд на препятствие";"";"0";"0";"г Санкт-Петербург ул Красина (Пороховые) 18";"1,0";"0,0";"1,0";"1,0";
"153,0";"24,08,2018";"Пушкинский";"";"Наезд на пешехода";"";"0";"0";"г Пушкин ул Вячеслава Шишкова Г,Хазова";"0,0";"1,0";"1,0";"2,0";
"154,0";"24,08,2018";"Красногвардейский";"";"Столкновение";"";"0";"0";"г Санкт-Петербург пр-кт Энтузиастов 53 38";"0,0";"2,0";"2,0";"4,0";
"155,0";"24,08,2018";"Курортный";"";"Столкновение";"А-118 Кольцевая автомобильная дорога вокруг г, Санкт-Петербурга";"9";"150";"г Санкт-Петербург  ";"0,0";"2,0";"2,0";"3,0";
"156,0";"24,08,2018";"Кировский";"";"Наезд на пешехода";"";"0";"0";"г Санкт-Петербург пр-кт Ленинский ул,З,Портновой";"0,0";"1,0";"1,0";"2,0";
"157,0";"24,08,2018";"Курортный";"";"Столкновение";"";"0";"0";"г Зеленогорск ш Приморское 559";"0,0";"3,0";"2,0";"3,0";
"158,0";"24,08,2018";"Красносельский";"";"Наезд на пешехода";"";"0";"0";"г Санкт-Петербург пр-кт Ленинский 55к,1";"0,0";"1,0";"1,0";"2,0";
"159,0";"24,08,2018";"Кировский";"";"Падение пассажира";"";"0";"0";"г Санкт-Петербург пр-кт Стачек 2";"0,0";"1,0";"1,0";"2,0";
"160,0";"24,08,2018";"Калининский";"";"Столкновение";"";"0";"0";"г Санкт-Петербург пр-кт Полюстровский 61";"0,0";"1,0";"2,0";"2,0";
"161,0";"24,08,2018";"Выборгский";"";"Наезд на велосипедиста";"";"0";"0";"г Санкт-Петербург наб Пироговская 5";"0,0";"1,0";"2,0";"2,0";
"162,0";"23,08,2018";"Красносельский";"";"Падение пассажира";"";"0";"0";"г Санкт-Петербург ул Тамбасова 2-1";"0,0";"1,0";"1,0";"2,0";
"163,0";"23,08,2018";"Центральный";"";"Столкновение";"";"0";"0";"г Санкт-Петербург пр-кт Обуховской Обороны 3";"0,0";"1,0";"2,0";"3,0";
"164,0";"23,08,2018";"Адмиралтейский";"";"Наезд на пешехода";"";"0";"0";"г Санкт-Петербург  ";"0,0";"1,0";"1,0";"2,0";
"165,0";"23,08,2018";"Московский";"";"Столкновение";"";"0";"0";"г Санкт-Петербург ул Типанова 4";"0,0";"1,0";"2,0";"2,0";
"166,0";"23,08,2018";"Приморский";"";"Столкновение";"Западный скоростной диаметр";"20";"500";"г Санкт-Петербург  ";"0,0";"1,0";"5,0";"5,0";
"167,0";"23,08,2018";"Адмиралтейский";"";"Наезд на пешехода";"";"0";"0";"г Санкт-Петербург пр-кт Московский 7";"0,0";"1,0";"1,0";"2,0";
"168,0";"23,08,2018";"Кировский";"";"Столкновение";"";"0";"0";"г Санкт-Петербург пр-кт Ленинский б-р Новаторов";"0,0";"1,0";"2,0";"2,0";
"169,0";"23,08,2018";"Василеостровский";"";"Наезд на пешехода";"";"0";"0";"г Санкт-Петербург пр-кт Средний В,О, 80";"0,0";"1,0";"1,0";"2,0";
"170,0";"23,08,2018";"Красносельский";"";"Наезд на пешехода";"";"0";"0";"г Санкт-Петербург пр-кт Ленинский 53к,1";"0,0";"1,0";"1,0";"2,0";
"171,0";"23,08,2018";"Выборгский";"";"Наезд на пешехода";"";"0";"0";"г Санкт-Петербург ул Шостаковича 5 кор,1";"0,0";"1,0";"1,0";"2,0";
"172,0";"23,08,2018";"Красногвардейский";"";"Столкновение";"";"0";"0";"г Санкт-Петербург ул Химиков 2";"0,0";"1,0";"3,0";"4,0";
"173,0";"23,08,2018";"Кировский";"";"Столкновение";"";"0";"0";"г Санкт-Петербург пр-кт Стачек 130";"0,0";"2,0";"2,0";"3,0";
"174,0";"23,08,2018";"Кронштадтский";"";"Столкновение";"А-118 Кольцевая автомобильная дорога вокруг г, Санкт-Петербурга";"118";"250";"г Санкт-Петербург  ";"0,0";"1,0";"2,0";"2,0";
"175,0";"23,08,2018";"Невский";"";"Наезд на пешехода";"";"0";"0";"г Санкт-Петербург ул Народная 8";"1,0";"0,0";"1,0";"2,0";
"176,0";"23,08,2018";"Центральный";"";"Наезд на велосипедиста";"";"0";"0";"г Санкт-Петербург пр-кт Невский 60";"0,0";"2,0";"2,0";"3,0";
"177,0";"23,08,2018";"Кировский";"";"Столкновение";"";"0";"0";"г Санкт-Петербург ул Маршала Говорова 23";"0,0";"1,0";"2,0";"2,0";
"178,0";"23,08,2018";"Колпинский";"";"Наезд на стоящее ТС";"";"0";"0";"г Колпино ул Пролетарская ул,Адмиралтейская";"0,0";"1,0";"2,0";"2,0";
"179,0";"23,08,2018";"Адмиралтейский";"";"Наезд на пешехода";"";"0";"0";"г Санкт-Петербург пр-кт Английский 34";"0,0";"1,0";"1,0";"2,0";
"180,0";"23,08,2018";"Московский";"";"Наезд на стоящее ТС";"";"0";"0";"г Санкт-Петербург ул Типанова 18";"0,0";"1,0";"6,0";"3,0";
"181,0";"23,08,2018";"Невский";"";"Столкновение";"";"0";"0";"г Санкт-Петербург ш Южное 15";"0,0";"1,0";"2,0";"2,0";
"182,0";"23,08,2018";"Калининский";"";"Наезд на пешехода";"";"0";"0";"г Санкт-Петербург ул Политехническая 21";"0,0";"1,0";"1,0";"2,0";
"183,0";"23,08,2018";"Кировский";"";"Наезд на велосипедиста";"";"0";"0";"г Санкт-Петербург пр-кт Стачек 108";"0,0";"1,0";"2,0";"2,0";
"184,0";"23,08,2018";"Московский";"";"Наезд на пешехода";"";"0";"0";"г Санкт-Петербург пр-кт Юрия Гагарина гастелло";"0,0";"1,0";"1,0";"2,0";
"185,0";"23,08,2018";"Красногвардейский";"";"Столкновение";"";"0";"0";"г Санкт-Петербург ул Передовиков 18 кор,2";"0,0";"2,0";"2,0";"3,0";
"186,0";"23,08,2018";"Калининский";"";"Столкновение";"";"0";"0";"г Санкт-Петербург ул Комсомола 43";"0,0";"1,0";"2,0";"3,0";
"187,0";"23,08,2018";"Московский";"";"Падение пассажира";"";"0";"0";"п Шушары пр-кт Витебский 108";"0,0";"1,0";"1,0";"2,0";
"188,0";"23,08,2018";"Красносельский";"";"Наезд на пешехода";"";"0";"0";"г Санкт-Петербург ул Чекистов 42";"0,0";"1,0";"1,0";"2,0";
"189,0";"22,08,2018";"Выборгский";"";"Столкновение";"А-118 Кольцевая автомобильная дорога вокруг г, Санкт-Петербурга";"123";"100";"г Санкт-Петербург  ";"0,0";"2,0";"3,0";"5,0";
"190,0";"22,08,2018";"Красносельский";"";"Наезд на пешехода";"";"0";"0";"г Санкт-Петербург  ";"0,0";"1,0";"1,0";"2,0";
"191,0";"22,08,2018";"Кировский";"";"Столкновение";"";"0";"0";"г Санкт-Петербург пр-кт Ветеранов Л,Голикова";"0,0";"4,0";"2,0";"5,0";
"192,0";"22,08,2018";"Красносельский";"";"Столкновение";"";"0";"0";"г Санкт-Петербург ул Маршала Захарова Брестский";"0,0";"1,0";"2,0";"2,0";
"193,0";"22,08,2018";"Фрунзенский";"";"Столкновение";"";"0";"0";"г Санкт-Петербург ул Будапештская 18 к, 1 по Димитрова";"0,0";"1,0";"2,0";"3,0";
"194,0";"22,08,2018";"Красногвардейский";"";"Наезд на велосипедиста";"";"0";"0";"г Санкт-Петербург ул Передовиков 1 6";"0,0";"1,0";"2,0";"2,0";
"195,0";"22,08,2018";"Красногвардейский";"";"Столкновение";"";"0";"0";"г Санкт-Петербург пр-кт Заневский 1";"0,0";"1,0";"2,0";"3,0";
"196,0";"22,08,2018";"Невский";"";"Наезд на велосипедиста";"";"0";"0";"г Санкт-Петербург пр-кт Пятилеток 1";"0,0";"1,0";"2,0";"2,0";
"197,0";"22,08,2018";"Красносельский";"";"Наезд на стоящее ТС";"А-118 Кольцевая автомобильная дорога вокруг г, Санкт-Петербурга";"56";"45";"г Санкт-Петербург  ";"0,0";"2,0";"3,0";"3,0";
"198,0";"22,08,2018";"Центральный";"";"Столкновение";"";"0";"0";"г Санкт-Петербург наб Смольная ул, Смольного д,3Б";"0,0";"1,0";"2,0";"2,0";
"199,0";"22,08,2018";"Красногвардейский";"";"Столкновение";"";"0";"0";"г Санкт-Петербург ул Якорная 13";"0,0";"1,0";"2,0";"2,0";
"200,0";"22,08,2018";"Приморский";"";"Наезд на пешехода";"";"0";"0";"п Лисий Нос ш Приморское 1 по Ленинградскому";"1,0";"0,0";"1,0";"2,0";
"201,0";"22,08,2018";"Центральный";"";"Столкновение";"";"0";"0";"г Санкт-Петербург пр-кт Владимирский 17";"0,0";"1,0";"2,0";"2,0";
"202,0";"22,08,2018";"Красносельский";"";"Наезд на пешехода";"";"0";"0";"г Санкт-Петербург ул Маршала Захарова ул,Доблести";"0,0";"1,0";"1,0";"2,0";
"203,0";"22,08,2018";"Петродворцовый";"";"Наезд на пешехода";"";"0";"0";"г Ломоносов ш Краснофлотское 3 В";"0,0";"1,0";"1,0";"2,0";
"204,0";"22,08,2018";"Красносельский";"";"Наезд на пешехода";"";"0";"0";"г Санкт-Петербург пр-кт Ленинский Десантников 13";"0,0";"1,0";"1,0";"2,0";
"205,0";"22,08,2018";"Петроградский";"";"Иной вид ДТП";"";"0";"0";"г Санкт-Петербург пр-кт Чкаловский 18";"0,0";"1,0";"2,0";"2,0";
"206,0";"22,08,2018";"Колпинский";"";"Наезд на пешехода";"";"0";"0";"г Колпино  ";"0,0";"1,0";"1,0";"2,0";
"207,0";"21,08,2018";"Приморский";"";"Наезд на препятствие";"";"0";"0";"г Санкт-Петербург пр-кт Богатырский 10";"0,0";"1,0";"1,0";"1,0";
"208,0";"21,08,2018";"Василеостровский";"";"Наезд на пешехода";"";"0";"0";"г Санкт-Петербург ул Наличная 42";"0,0";"1,0";"1,0";"2,0";
"209,0";"21,08,2018";"Калининский";"";"Наезд на пешехода";"";"0";"0";"г Санкт-Петербург пр-кт Гражданский 119";"0,0";"1,0";"1,0";"2,0";
"210,0";"21,08,2018";"Невский";"";"Наезд на пешехода";"";"0";"0";"г Санкт-Петербург наб Октябрьская 68 к1";"0,0";"1,0";"1,0";"2,0";
"211,0";"21,08,2018";"Красносельский";"";"Столкновение";"";"0";"0";"г Санкт-Петербург ш Петергофское 79-2А";"1,0";"4,0";"3,0";"7,0";
"212,0";"21,08,2018";"Василеостровский";"";"Падение пассажира";"";"0";"0";"г Санкт-Петербург ул Наличная 40 КОР 1";"0,0";"1,0";"1,0";"2,0";
"213,0";"21,08,2018";"Невский";"";"Наезд на пешехода";"";"0";"0";"г Санкт-Петербург наб Октябрьская 8 корпус 2";"0,0";"1,0";"1,0";"2,0";
"214,0";"21,08,2018";"Адмиралтейский";"";"Наезд на велосипедиста";"";"0";"0";"г Санкт-Петербург пр-кт Старо-Петергофский 21 к,4";"0,0";"1,0";"2,0";"2,0";
"215,0";"21,08,2018";"Красногвардейский";"";"Столкновение";"";"0";"0";"г Санкт-Петербург пр-кт Наставников 22";"0,0";"1,0";"2,0";"2,0";
"216,0";"21,08,2018";"Красногвардейский";"";"Наезд на велосипедиста";"";"0";"0";"г Санкт-Петербург пр-кт Ударников 27 к,1";"0,0";"1,0";"2,0";"2,0";
"217,0";"21,08,2018";"Калининский";"";"Наезд на препятствие";"";"0";"0";"г Санкт-Петербург пр-кт Северный 69";"0,0";"1,0";"1,0";"1,0";
"218,0";"21,08,2018";"Невский";"";"Столкновение";"";"0";"0";"г Санкт-Петербург ул Подвойского 10 кор1";"0,0";"1,0";"2,0";"3,0";
"219,0";"21,08,2018";"Колпинский";"";"Наезд на препятствие";"";"0";"0";"п Усть-Ижора ш Петрозаводское 24 километр";"0,0";"3,0";"1,0";"3,0";
"220,0";"21,08,2018";"Выборгский";"";"Наезд на пешехода";"";"0";"0";"г Санкт-Петербург  ";"0,0";"1,0";"1,0";"2,0";
"221,0";"21,08,2018";"Приморский";"";"Столкновение";"";"0";"0";"г Санкт-Петербург ул Афонская ул, Поклонногорская";"0,0";"2,0";"2,0";"3,0";
"222,0";"21,08,2018";"Невский";"";"Столкновение";"";"0";"0";"г Санкт-Петербург пр-кт Обуховской Обороны 38 лит,В";"0,0";"1,0";"2,0";"3,0";
"223,0";"21,08,2018";"Красносельский";"";"Наезд на пешехода";"";"0";"0";"г Санкт-Петербург ул Катерников 6";"0,0";"1,0";"1,0";"2,0";
"224,0";"21,08,2018";"Петродворцовый";"";"Столкновение";"";"0";"0";"г Петергоф пл Жертв Революции ЛИХАРДОВСКАЯ";"0,0";"3,0";"2,0";"4,0";
"225,0";"21,08,2018";"Центральный";"";"Столкновение";"";"0";"0";"г Санкт-Петербург ул Садовая 2";"0,0";"1,0";"2,0";"2,0";
"226,0";"21,08,2018";"Невский";"";"Наезд на препятствие";"";"0";"0";"г Санкт-Петербург пр-кт Российский 14";"0,0";"1,0";"1,0";"1,0";
"227,0";"21,08,2018";"Выборгский";"";"Наезд на пешехода";"";"0";"0";"г Санкт-Петербург пр-кт Художников 16";"0,0";"1,0";"1,0";"2,0";
"228,0";"20,08,2018";"Центральный";"";"Столкновение";"";"0";"0";"г Санкт-Петербург ул Полтавская 7";"0,0";"1,0";"2,0";"2,0";
"229,0";"20,08,2018";"Невский";"";"Наезд на велосипедиста";"";"0";"0";"г Санкт-Петербург  ";"0,0";"1,0";"2,0";"2,0";
"230,0";"20,08,2018";"Выборгский";"";"Столкновение";"";"0";"0";"п Левашово ш Ленинградское 2";"0,0";"4,0";"2,0";"4,0";
"231,0";"20,08,2018";"Курортный";"";"Опрокидывание";"";"0";"0";"г Зеленогорск  ";"0,0";"2,0";"1,0";"2,0";
"232,0";"20,08,2018";"Василеостровский";"";"Столкновение";"Западный скоростной диаметр";"17";"600";"г Санкт-Петербург  ";"0,0";"1,0";"2,0";"2,0";
"233,0";"20,08,2018";"Приморский";"";"Столкновение";"";"0";"0";"г Санкт-Петербург ул Сердобольская ул, студенческая";"0,0";"1,0";"2,0";"2,0";
"234,0";"20,08,2018";"Центральный";"";"Наезд на пешехода";"";"0";"0";"г Санкт-Петербург ул Кирочная 7";"0,0";"2,0";"1,0";"3,0";
"235,0";"20,08,2018";"Петродворцовый";"";"Падение пассажира";"";"0";"0";"г Петергоф пр-кт Санкт-Петербургский 37";"0,0";"1,0";"1,0";"2,0";
"236,0";"20,08,2018";"Приморский";"";"Наезд на велосипедиста";"";"0";"0";"п Парголово пр-кт Комендантский 25к1";"0,0";"1,0";"2,0";"2,0";
"237,0";"20,08,2018";"Красносельский";"";"Столкновение";"";"0";"0";"г Санкт-Петербург пр-кт Ленинский Десантников";"0,0";"2,0";"2,0";"2,0";
"238,0";"20,08,2018";"Московский";"";"Столкновение";"";"0";"0";"г Санкт-Петербург пр-кт Витебский 10 а";"0,0";"1,0";"2,0";"3,0";
"239,0";"20,08,2018";"Центральный";"";"Наезд на пешехода";"";"0";"0";"г Санкт-Петербург пер Кузнечный 20";"0,0";"1,0";"1,0";"2,0";
"240,0";"20,08,2018";"Василеостровский";"";"Наезд на пешехода";"";"0";"0";"г Санкт-Петербург пр-кт Средний В,О, 32";"0,0";"1,0";"1,0";"2,0";
"241,0";"20,08,2018";"Калининский";"";"Наезд на пешехода";"";"0";"0";"г Санкт-Петербург  ";"0,0";"1,0";"1,0";"2,0";
"242,0";"20,08,2018";"Пушкинский";"";"Наезд на препятствие";"";"0";"0";"г Павловск тер Горная база ВИР 9";"1,0";"3,0";"1,0";"4,0";
"243,0";"20,08,2018";"Красногвардейский";"";"Столкновение";"";"0";"0";"г Санкт-Петербург пр-кт Наставников 11";"0,0";"1,0";"2,0";"2,0";
"244,0";"20,08,2018";"Красносельский";"";"Падение пассажира";"";"0";"0";"г Санкт-Петербург ш Таллинское (Старо-Паново) 159";"0,0";"1,0";"1,0";"2,0";
"245,0";"20,08,2018";"Адмиралтейский";"";"Столкновение";"";"0";"0";"г Санкт-Петербург ул Звенигородская 11";"0,0";"1,0";"2,0";"3,0";
"246,0";"20,08,2018";"Центральный";"";"Наезд на стоящее ТС";"";"0";"0";"г Санкт-Петербург наб Обводного канала 63";"0,0";"1,0";"2,0";"3,0";
"247,0";"20,08,2018";"Приморский";"";"Столкновение";"";"0";"0";"г Санкт-Петербург дор Торфяная 8к3";"0,0";"1,0";"3,0";"3,0";
"248,0";"20,08,2018";"Калининский";"";"Наезд на пешехода";"";"0";"0";"г Санкт-Петербург ул Черкасова 6 3";"0,0";"1,0";"1,0";"2,0";
"249,0";"20,08,2018";"Кронштадтский";"";"Наезд на велосипедиста";"";"0";"0";"г Кронштадт ш Кронштадтское 16";"0,0";"1,0";"2,0";"2,0";
"250,0";"19,08,2018";"Центральный";"";"Столкновение";"";"0";"0";"г Санкт-Петербург пр-кт Владимирский 2";"0,0";"1,0";"2,0";"2,0";
"251,0";"19,08,2018";"Приморский";"";"Наезд на пешехода";"";"0";"0";"г Санкт-Петербург пр-кт Сизова 23";"0,0";"1,0";"1,0";"2,0";
"252,0";"19,08,2018";"Калининский";"";"Столкновение";"";"0";"0";"г Санкт-Петербург пр-кт Тихорецкий 43";"0,0";"2,0";"2,0";"4,0";
"253,0";"19,08,2018";"Кировский";"";"Столкновение";"";"0";"0";"г Санкт-Петербург пр-кт Ленинский 104";"0,0";"1,0";"3,0";"3,0";
"254,0";"19,08,2018";"Выборгский";"";"Наезд на пешехода";"";"0";"0";"г Санкт-Петербург пр-кт Культуры 12к1";"1,0";"0,0";"1,0";"2,0";
"255,0";"19,08,2018";"Центральный";"";"Столкновение";"";"0";"0";"г Санкт-Петербург пр-кт Литейный Пестеля";"0,0";"1,0";"2,0";"3,0";
"256,0";"19,08,2018";"Московский";"";"Столкновение";"";"0";"0";"г Санкт-Петербург ш Пулковское 23";"0,0";"1,0";"2,0";"3,0";
"257,0";"19,08,2018";"Невский";"";"Наезд на велосипедиста";"";"0";"0";"г Санкт-Петербург пр-кт Обуховской Обороны 123";"0,0";"1,0";"2,0";"2,0";
"258,0";"19,08,2018";"Курортный";"";"Наезд на велосипедиста";"";"0";"0";"п Песочный ул Краснофлотская 28";"0,0";"1,0";"2,0";"2,0";
"259,0";"19,08,2018";"Калининский";"";"Падение пассажира";"";"0";"0";"г Санкт-Петербург пр-кт Кондратьевский 72";"0,0";"1,0";"1,0";"2,0";
"260,0";"19,08,2018";"Невский";"";"Наезд на велосипедиста";"";"0";"0";"г Санкт-Петербург ул Подвойского 29 к,1";"0,0";"1,0";"3,0";"2,0";
"261,0";"19,08,2018";"Адмиралтейский";"";"Столкновение";"";"0";"0";"г Санкт-Петербург ул Гороховая 43";"0,0";"1,0";"4,0";"4,0";
"262,0";"18,08,2018";"Приморский";"";"Наезд на пешехода";"";"0";"0";"г Санкт-Петербург  ";"0,0";"1,0";"1,0";"2,0";
"263,0";"18,08,2018";"Выборгский";"";"Столкновение";"";"0";"0";"г Санкт-Петербург пр-кт Суздальский 32";"0,0";"1,0";"2,0";"2,0";
"264,0";"18,08,2018";"Красносельский";"";"Столкновение";"";"0";"0";"г Санкт-Петербург ул Рихарда Зорге 4к1";"0,0";"1,0";"2,0";"2,0";
"265,0";"18,08,2018";"Фрунзенский";"";"Столкновение";"";"0";"0";"г Санкт-Петербург пр-кт Лиговский 233";"0,0";"1,0";"2,0";"2,0";
"266,0";"18,08,2018";"Приморский";"";"Наезд на велосипедиста";"А-118 Кольцевая автомобильная дорога вокруг г, Санкт-Петербурга";"140";"500";"г Санкт-Петербург  ";"0,0";"1,0";"2,0";"2,0";
"267,0";"18,08,2018";"Красногвардейский";"";"Наезд на пешехода";"";"0";"0";"г Санкт-Петербург пр-кт Ириновский 31 48";"1,0";"0,0";"1,0";"2,0";
"268,0";"18,08,2018";"Калининский";"";"Падение пассажира";"";"0";"0";"г Санкт-Петербург пр-кт Просвещения 61";"0,0";"1,0";"1,0";"2,0";
"269,0";"18,08,2018";"Кировский";"";"Наезд на пешехода";"";"0";"0";"г Санкт-Петербург пр-кт Ветеранов С,Корзуна";"0,0";"1,0";"1,0";"2,0";
"270,0";"18,08,2018";"Пушкинский";"";"Наезд на препятствие";"";"0";"0";"п Шушары ш Московское 677км, 300м,";"1,0";"1,0";"1,0";"2,0";
"271,0";"18,08,2018";"Калининский";"";"Столкновение";"";"0";"0";"г Санкт-Петербург пр-кт Культуры 7 к1";"0,0";"1,0";"2,0";"3,0";
"272,0";"18,08,2018";"Приморский";"";"Наезд на велосипедиста";"";"0";"0";"г Санкт-Петербург  ";"0,0";"1,0";"2,0";"2,0";
"273,0";"18,08,2018";"Московский";"";"Наезд на стоящее ТС";"";"0";"0";"г Санкт-Петербург пр-кт Московский 161";"0,0";"1,0";"3,0";"3,0";
"274,0";"18,08,2018";"Московский";"";"Наезд на препятствие";"";"0";"0";"г Санкт-Петербург ул Предпортовая 5";"0,0";"2,0";"1,0";"2,0";
"275,0";"18,08,2018";"Красногвардейский";"";"Наезд на препятствие";"";"0";"0";"г Санкт-Петербург ул Передовиков 1 6";"0,0";"3,0";"2,0";"3,0";
"276,0";"17,08,2018";"Невский";"";"Столкновение";"";"0";"0";"г Санкт-Петербург пр-кт Обуховской Обороны 221";"0,0";"3,0";"2,0";"4,0";
"277,0";"17,08,2018";"Красногвардейский";"";"Наезд на препятствие";"";"0";"0";"г Санкт-Петербург пр-кт Заневский 77";"0,0";"1,0";"2,0";"3,0";
"278,0";"17,08,2018";"Колпинский";"";"Наезд на препятствие";"";"0";"0";"г Колпино ш Вознесенское 102";"0,0";"4,0";"1,0";"4,0";
"279,0";"17,08,2018";"Центральный";"";"Падение пассажира";"";"0";"0";"г Санкт-Петербург наб Реки Фонтанки 18";"0,0";"1,0";"1,0";"2,0";
"280,0";"17,08,2018";"Московский";"";"Наезд на пешехода";"";"0";"0";"г Санкт-Петербург пр-кт Московский 109";"0,0";"1,0";"1,0";"2,0";
"281,0";"17,08,2018";"Невский";"";"Наезд на пешехода";"";"0";"0";"г Санкт-Петербург ул Седова 114";"1,0";"0,0";"1,0";"2,0";
"282,0";"17,08,2018";"Выборгский";"";"Наезд на пешехода";"";"0";"0";"г Санкт-Петербург пр-кт Энгельса 150 к,1";"0,0";"1,0";"1,0";"2,0";
"283,0";"17,08,2018";"Василеостровский";"";"Падение пассажира";"";"0";"0";"г Санкт-Петербург наб Морская 39 3";"0,0";"1,0";"1,0";"2,0";
"284,0";"17,08,2018";"Фрунзенский";"";"Наезд на пешехода";"";"0";"0";"г Санкт-Петербург пр-кт Славы 50 48 (напротив)";"0,0";"1,0";"1,0";"2,0";
"285,0";"17,08,2018";"Фрунзенский";"";"Столкновение";"";"0";"0";"г Санкт-Петербург ул Касимовская 5";"0,0";"1,0";"2,0";"2,0";
"286,0";"17,08,2018";"Приморский";"";"Наезд на пешехода";"";"0";"0";"г Санкт-Петербург ул Школьная 56";"0,0";"1,0";"1,0";"2,0";
"287,0";"17,08,2018";"Василеостровский";"";"Наезд на стоящее ТС";"Западный скоростной диаметр";"27";"650";"г Санкт-Петербург  ";"0,0";"4,0";"3,0";"5,0";
"288,0";"17,08,2018";"Красногвардейский";"";"Столкновение";"";"0";"0";"г Санкт-Петербург пр-кт Пискарёвский 33";"0,0";"1,0";"2,0";"2,0";
"289,0";"17,08,2018";"Колпинский";"";"Столкновение";"";"0";"0";"г Колпино ш Колпинское 113 м до дор ДСК-5";"0,0";"1,0";"2,0";"3,0";
"290,0";"17,08,2018";"Приморский";"";"Столкновение";"";"0";"0";"г Санкт-Петербург ул Парашютная Шуваловский пр";"0,0";"1,0";"2,0";"3,0";
"291,0";"17,08,2018";"Выборгский";"";"Столкновение";"";"0";"0";"г Санкт-Петербург ул Композиторов 12Б";"0,0";"1,0";"2,0";"2,0";
"292,0";"17,08,2018";"Московский";"";"Столкновение";"";"0";"0";"г Санкт-Петербург ш Пулковское 27а";"0,0";"1,0";"2,0";"2,0";
"293,0";"16,08,2018";"Калининский";"";"Столкновение";"";"0";"0";"г Санкт-Петербург пр-кт Просвещения ул, Брянцева";"0,0";"1,0";"2,0";"2,0";
"294,0";"16,08,2018";"Невский";"";"Падение пассажира";"";"0";"0";"г Санкт-Петербург пр-кт Дальневосточный 63";"0,0";"1,0";"1,0";"2,0";
"295,0";"16,08,2018";"Московский";"";"Столкновение";"";"0";"0";"г Санкт-Петербург пр-кт Московский 180";"0,0";"2,0";"2,0";"4,0";
"296,0";"16,08,2018";"Пушкинский";"";"Наезд на препятствие";"";"0";"0";"г Пушкин ш Павловское 39";"0,0";"1,0";"1,0";"1,0";
"297,0";"16,08,2018";"Кировский";"";"Наезд на пешехода";"";"0";"0";"г Санкт-Петербург  ";"0,0";"1,0";"1,0";"2,0";
"298,0";"16,08,2018";"Приморский";"";"Столкновение";"";"0";"0";"г Санкт-Петербург пр-кт Комендантский 31 к 5";"0,0";"2,0";"2,0";"3,0";
"299,0";"16,08,2018";"Калининский";"";"Столкновение";"";"0";"0";"г Санкт-Петербург пр-кт Полюстровский 54";"0,0";"2,0";"2,0";"2,0";
"300,0";"16,08,2018";"Московский";"";"Столкновение";"";"0";"0";"г Санкт-Петербург пр-кт Космонавтов 45";"0,0";"2,0";"2,0";"4,0";
"301,0";"16,08,2018";"Невский";"";"Столкновение";"";"0";"0";"г Санкт-Петербург наб Октябрьская 66";"0,0";"1,0";"2,0";"2,0";
"302,0";"16,08,2018";"Московский";"";"Столкновение";"";"0";"0";"г Санкт-Петербург наб Обводного канала 80";"0,0";"1,0";"2,0";"2,0";
"303,0";"16,08,2018";"Центральный";"";"Столкновение";"";"0";"0";"г Санкт-Петербург наб Синопская 60-62";"0,0";"1,0";"4,0";"4,0";
"304,0";"16,08,2018";"Московский";"";"Наезд на велосипедиста";"";"0";"0";"г Санкт-Петербург ш Пулковское 40 к 4 двор";"0,0";"1,0";"2,0";"2,0";
"305,0";"16,08,2018";"Кировский";"";"Падение пассажира";"";"0";"0";"г Санкт-Петербург пр-кт Стачек Трамвайный пр,";"0,0";"1,0";"1,0";"2,0";
"306,0";"16,08,2018";"Адмиралтейский";"";"Наезд на велосипедиста";"";"0";"0";"г Санкт-Петербург пр-кт Римского-Корсакова 53";"0,0";"1,0";"2,0";"2,0";
"307,0";"16,08,2018";"Невский";"";"Столкновение";"";"0";"0";"г Санкт-Петербург пр-кт Большевиков 19";"0,0";"1,0";"2,0";"2,0";
"308,0";"16,08,2018";"Невский";"";"Наезд на пешехода";"";"0";"0";"г Санкт-Петербург ул Прибрежная 8";"1,0";"0,0";"1,0";"2,0";
"309,0";"15,08,2018";"Московский";"";"Наезд на пешехода";"";"0";"0";"г Санкт-Петербург пр-кт Юрия Гагарина 34-3лит,д двор";"0,0";"1,0";"1,0";"2,0";
"310,0";"15,08,2018";"Невский";"";"Столкновение";"";"0";"0";"г Санкт-Петербург пр-кт Шлиссельбургский 31";"0,0";"1,0";"2,0";"3,0";
"311,0";"15,08,2018";"Московский";"";"Столкновение";"";"0";"0";"г Санкт-Петербург ул Типанова 19";"0,0";"1,0";"2,0";"2,0";
"312,0";"15,08,2018";"Невский";"";"Наезд на пешехода";"";"0";"0";"г Санкт-Петербург пр-кт Шлиссельбургский 18 1";"0,0";"1,0";"1,0";"2,0";
"313,0";"15,08,2018";"Приморский";"";"Столкновение";"";"0";"0";"г Санкт-Петербург ул Афонская 17 кор3";"0,0";"1,0";"2,0";"3,0";
"314,0";"15,08,2018";"Центральный";"";"Столкновение";"";"0";"0";"г Санкт-Петербург пл Восстания лиговский пр";"0,0";"1,0";"2,0";"2,0";
"315,0";"15,08,2018";"Адмиралтейский";"";"Столкновение";"";"0";"0";"г Санкт-Петербург пер Гривцова 2";"0,0";"1,0";"3,0";"4,0";
"316,0";"15,08,2018";"Московский";"";"Наезд на препятствие";"";"0";"0";"п Шушары пр-кт Витебский 41к1";"0,0";"1,0";"1,0";"1,0";
"317,0";"15,08,2018";"Красногвардейский";"";"Столкновение";"";"0";"0";"г Санкт-Петербург пр-кт Металлистов 7";"0,0";"1,0";"2,0";"2,0";
"318,0";"15,08,2018";"Фрунзенский";"";"Наезд на пешехода";"";"0";"0";"г Санкт-Петербург ул Будапештская 14-1";"0,0";"1,0";"1,0";"2,0";
"319,0";"15,08,2018";"Московский";"";"Наезд на пешехода";"";"0";"0";"г Санкт-Петербург ул Кубинская 34";"0,0";"1,0";"1,0";"2,0";
"320,0";"15,08,2018";"Приморский";"";"Наезд на препятствие";"";"0";"0";"г Санкт-Петербург пр-кт Богатырский пр, Шуваловский";"0,0";"2,0";"1,0";"3,0";
"321,0";"15,08,2018";"Приморский";"";"Наезд на пешехода";"";"0";"0";"г Санкт-Петербург пр-кт Королёва 42-1";"0,0";"1,0";"1,0";"2,0";
"322,0";"14,08,2018";"Красносельский";"";"Наезд на пешехода";"";"0";"0";"г Санкт-Петербург  ";"0,0";"1,0";"1,0";"2,0";
"323,0";"14,08,2018";"Московский";"";"Столкновение";"";"0";"0";"п Шушары пр-кт Витебский благодатная";"0,0";"1,0";"4,0";"4,0";
"324,0";"14,08,2018";"Кировский";"";"Наезд на пешехода";"";"0";"0";"г Санкт-Петербург пр-кт Ветеранов 78 корп,2";"0,0";"1,0";"1,0";"2,0";
"325,0";"14,08,2018";"Приморский";"";"Наезд на пешехода";"";"0";"0";"г Санкт-Петербург пр-кт Испытателей Маршала Новикова";"0,0";"1,0";"1,0";"2,0";
"326,0";"14,08,2018";"Петроградский";"";"Наезд на велосипедиста";"";"0";"0";"г Санкт-Петербург пр-кт Каменноостровский 36 73";"0,0";"1,0";"2,0";"2,0";
"327,0";"14,08,2018";"Красногвардейский";"";"Столкновение";"";"0";"0";"г Санкт-Петербург наб Свердловская 62";"0,0";"1,0";"2,0";"2,0";
"328,0";"14,08,2018";"Невский";"";"Столкновение";"";"0";"0";"г Санкт-Петербург пр-кт Солидарности 15";"0,0";"1,0";"2,0";"3,0";
"329,0";"14,08,2018";"Фрунзенский";"";"Наезд на препятствие";"А-118 Кольцевая автомобильная дорога вокруг г, Санкт-Петербурга";"61";"100";"г Санкт-Петербург  ";"0,0";"2,0";"1,0";"2,0";
"330,0";"14,08,2018";"Калининский";"";"Столкновение";"";"0";"0";"г Санкт-Петербург пр-кт Кондратьевский 60, Маршала Блюхера";"0,0";"2,0";"3,0";"4,0";
"331,0";"14,08,2018";"Московский";"";"Наезд на пешехода";"";"0";"0";"г Санкт-Петербург  ";"0,0";"1,0";"1,0";"2,0";
"332,0";"14,08,2018";"Красносельский";"";"Столкновение";"";"0";"0";"г Санкт-Петербург ул Маршала Захарова 29-1";"0,0";"1,0";"2,0";"2,0";
"333,0";"14,08,2018";"Выборгский";"";"Наезд на пешехода";"";"0";"0";"г Санкт-Петербург пр-кт Просвещения 37 к,1";"0,0";"1,0";"1,0";"2,0";
"334,0";"14,08,2018";"Фрунзенский";"";"Наезд на препятствие";"";"0";"0";"г Санкт-Петербург ул Софийская 48 к,1";"0,0";"1,0";"1,0";"1,0";
"335,0";"14,08,2018";"Кировский";"";"Столкновение";"";"0";"0";"г Санкт-Петербург пр-кт Трамвайный Ул,З,Портновой";"0,0";"1,0";"2,0";"2,0";
"336,0";"14,08,2018";"Невский";"";"Столкновение";"";"0";"0";"г Санкт-Петербург ул Дыбенко 14";"0,0";"1,0";"2,0";"3,0";
"337,0";"13,08,2018";"Кировский";"";"Столкновение";"";"0";"0";"г Санкт-Петербург пр-кт Ленинский б-р Новаторов";"0,0";"3,0";"2,0";"4,0";
"338,0";"13,08,2018";"Калининский";"";"Наезд на пешехода";"";"0";"0";"г Санкт-Петербург пр-кт Луначарского 86к4";"0,0";"1,0";"1,0";"2,0";
"339,0";"13,08,2018";"Московский";"";"Столкновение";"";"0";"0";"г Санкт-Петербург ул Варшавская 32";"0,0";"1,0";"2,0";"2,0";
"340,0";"13,08,2018";"Василеостровский";"";"Наезд на препятствие";"";"0";"0";"г Санкт-Петербург наб Морская 39, корп, 3";"0,0";"1,0";"1,0";"3,0";
"341,0";"13,08,2018";"Калининский";"";"Столкновение";"";"0";"0";"г Санкт-Петербург пр-кт Маршала Блюхера Кондратьевский";"0,0";"1,0";"2,0";"3,0";
"342,0";"13,08,2018";"Петродворцовый";"";"Столкновение";"";"0";"0";"г Ломоносов ш Краснофлотское 46 км,";"0,0";"1,0";"2,0";"2,0";
"343,0";"13,08,2018";"Центральный";"";"Наезд на пешехода";"";"0";"0";"г Санкт-Петербург наб Реки Фонтанки 11";"0,0";"1,0";"1,0";"2,0";
"344,0";"13,08,2018";"Фрунзенский";"";"Столкновение";"";"0";"0";"г Санкт-Петербург пр-кт Дунайский 38";"0,0";"1,0";"2,0";"2,0";
"345,0";"13,08,2018";"Пушкинский";"";"Наезд на велосипедиста";"";"0";"0";"г Пушкин ул Захаржевская Павловское ш";"0,0";"1,0";"2,0";"2,0";
"346,0";"13,08,2018";"Приморский";"";"Наезд на пешехода";"";"0";"0";"г Санкт-Петербург ул Савушкина 118";"0,0";"1,0";"1,0";"2,0";
"347,0";"13,08,2018";"Красносельский";"";"Столкновение";"";"0";"0";"г Санкт-Петербург ш Таллинское (Старо-Паново) 151к1";"0,0";"2,0";"4,0";"5,0";
"348,0";"13,08,2018";"Невский";"";"Столкновение";"";"0";"0";"г Санкт-Петербург пр-кт Российский 14";"0,0";"2,0";"2,0";"3,0";
"349,0";"13,08,2018";"Калининский";"";"Столкновение";"";"0";"0";"г Санкт-Петербург пр-кт Науки 21 КОР,2 (проезжая ч";"0,0";"1,0";"2,0";"2,0";
"350,0";"13,08,2018";"Красногвардейский";"";"Столкновение";"";"0";"0";"г Санкт-Петербург пл Карла Фаберже 8";"0,0";"1,0";"2,0";"2,0";
"351,0";"13,08,2018";"Выборгский";"";"Падение пассажира";"";"0";"0";"п Парголово ул Фёдора Абрамова 15";"0,0";"1,0";"1,0";"2,0";
"352,0";"13,08,2018";"Петродворцовый";"";"Съезд с дороги";"";"0";"0";"п Стрельна ул Связи 3";"0,0";"1,0";"1,0";"1,0";
"353,0";"13,08,2018";"Невский";"";"Столкновение";"";"0";"0";"г Санкт-Петербург ул Седова 75";"0,0";"2,0";"3,0";"4,0";
"354,0";"13,08,2018";"Московский";"";"Наезд на пешехода";"";"0";"0";"г Санкт-Петербург пр-кт Московский 195";"0,0";"1,0";"1,0";"2,0";
"355,0";"13,08,2018";"Выборгский";"";"Падение пассажира";"";"0";"0";"г Санкт-Петербург пр-кт Энгельса пр, Просвещения";"0,0";"1,0";"1,0";"2,0";
"356,0";"13,08,2018";"Колпинский";"";"Столкновение";"";"0";"0";"г Колпино ш Колпинское Дорога на ДСК-5";"0,0";"3,0";"3,0";"4,0";
"357,0";"13,08,2018";"Кировский";"";"Столкновение";"";"0";"0";"г Санкт-Петербург пр-кт Ленинский 123";"0,0";"1,0";"2,0";"2,0";
"358,0";"13,08,2018";"Калининский";"";"Наезд на пешехода";"";"0";"0";"г Санкт-Петербург пр-кт Пискарёвский 32 лит Б";"0,0";"1,0";"1,0";"2,0";
"359,0";"12,08,2018";"Невский";"";"Наезд на пешехода";"";"0";"0";"г Санкт-Петербург пр-кт Искровский 22";"0,0";"1,0";"1,0";"2,0";
"360,0";"12,08,2018";"Выборгский";"";"Столкновение";"";"0";"0";"г Санкт-Петербург пер 1-й Верхний пр Культуры";"0,0";"1,0";"2,0";"2,0";
"361,0";"12,08,2018";"Калининский";"";"Падение пассажира";"";"0";"0";"г Санкт-Петербург пр-кт Маршала Блюхера напротив д, 41";"0,0";"2,0";"1,0";"3,0";
"362,0";"12,08,2018";"Приморский";"";"Наезд на пешехода";"";"0";"0";"г Санкт-Петербург пр-кт Коломяжский 2 по алл,Поликарпова";"0,0";"1,0";"1,0";"2,0";
"363,0";"12,08,2018";"Красногвардейский";"";"Столкновение";"";"0";"0";"г Санкт-Петербург дор Муринская 78";"0,0";"1,0";"2,0";"2,0";
"364,0";"12,08,2018";"Центральный";"";"Наезд на пешехода";"";"0";"0";"г Санкт-Петербург пр-кт Невский 18";"0,0";"1,0";"1,0";"2,0";
"365,0";"12,08,2018";"Адмиралтейский";"";"Столкновение";"";"0";"0";"г Санкт-Петербург наб Обводного канала 101";"0,0";"2,0";"3,0";"4,0";
"366,0";"12,08,2018";"Пушкинский";"";"Столкновение";"";"0";"0";"г Пушкин ш Петербургское Витебский пр,";"0,0";"1,0";"2,0";"2,0";
"367,0";"12,08,2018";"Центральный";"";"Столкновение";"";"0";"0";"г Санкт-Петербург ул 8-я Советская Суворовский пр";"0,0";"2,0";"3,0";"4,0";
"368,0";"12,08,2018";"Приморский";"";"Наезд на велосипедиста";"";"0";"0";"г Санкт-Петербург ул Байконурская д, 25 по пр, Сизова";"0,0";"1,0";"2,0";"2,0";
"369,0";"12,08,2018";"Московский";"";"Наезд на пешехода";"";"0";"0";"г Санкт-Петербург ш Пулковское 36кор3 Б";"0,0";"1,0";"1,0";"2,0";
"370,0";"12,08,2018";"Петроградский";"";"Столкновение";"";"0";"0";"г Санкт-Петербург пр-кт Каменноостровский 19 13";"0,0";"1,0";"2,0";"3,0";
"371,0";"12,08,2018";"Калининский";"";"Наезд на пешехода";"";"0";"0";"г Санкт-Петербург ул Руставели 31";"0,0";"1,0";"1,0";"2,0";
"372,0";"12,08,2018";"Невский";"";"Столкновение";"";"0";"0";"г Санкт-Петербург ул Шотмана 6к1";"0,0";"1,0";"2,0";"2,0";
"373,0";"12,08,2018";"Колпинский";"";"Столкновение";"";"0";"0";"г Колпино ул Танкистов проспект Ленина";"0,0";"1,0";"3,0";"5,0";
"374,0";"11,08,2018";"Красносельский";"";"Столкновение";"";"0";"0";"г Санкт-Петербург ул Десантников пр,Ленинский";"0,0";"2,0";"2,0";"3,0";
"375,0";"11,08,2018";"Выборгский";"";"Падение пассажира";"";"0";"0";"г Санкт-Петербург пр-кт Просвещения 31";"0,0";"1,0";"1,0";"2,0";
"376,0";"11,08,2018";"Приморский";"";"Столкновение";"";"0";"0";"г Санкт-Петербург ул Парашютная пр, Сизова";"0,0";"1,0";"2,0";"2,0";
"377,0";"11,08,2018";"Приморский";"";"Наезд на пешехода";"";"0";"0";"г Санкт-Петербург пр-кт Богатырский Туристская";"0,0";"1,0";"1,0";"2,0";
"378,0";"11,08,2018";"Приморский";"";"Столкновение";"";"0";"0";"г Санкт-Петербург ш Приморское 67 по ул, Школьна";"0,0";"3,0";"2,0";"3,0";
"379,0";"11,08,2018";"Красносельский";"";"Наезд на препятствие";"А-118 Кольцевая автомобильная дорога вокруг г, Санкт-Петербурга";"75";"900";"г Санкт-Петербург  ";"0,0";"1,0";"1,0";"2,0";
"380,0";"11,08,2018";"Приморский";"";"Наезд на животное";"";"0";"0";"п Лисий Нос ш Приморское 25 км,";"1,0";"0,0";"1,0";"1,0";
"381,0";"11,08,2018";"Центральный";"";"Наезд на велосипедиста";"";"0";"0";"г Санкт-Петербург пр-кт Невский 47";"0,0";"1,0";"2,0";"2,0";
"382,0";"11,08,2018";"Фрунзенский";"";"Наезд на пешехода";"";"0";"0";"г Санкт-Петербург  ";"0,0";"1,0";"1,0";"2,0";
"383,0";"11,08,2018";"Московский";"";"Наезд на велосипедиста";"";"0";"0";"г Санкт-Петербург пр-кт Московский 125а";"0,0";"1,0";"2,0";"2,0";
"384,0";"11,08,2018";"Петроградский";"";"Наезд на пешехода";"";"0";"0";"г Санкт-Петербург пр-кт Добролюбова 18";"0,0";"2,0";"1,0";"3,0";
"385,0";"11,08,2018";"Выборгский";"";"Столкновение";"";"0";"0";"г Санкт-Петербург наб Пироговская 19";"0,0";"1,0";"2,0";"2,0";
"386,0";"11,08,2018";"Фрунзенский";"";"Столкновение";"";"0";"0";"г Санкт-Петербург ул Софийская 93";"0,0";"2,0";"2,0";"3,0";
"387,0";"11,08,2018";"Красносельский";"";"Столкновение";"А-118 Кольцевая автомобильная дорога вокруг г, Санкт-Петербурга";"59";"880";"г Санкт-Петербург  ";"0,0";"3,0";"3,0";"4,0";
"388,0";"11,08,2018";"Выборгский";"";"Наезд на пешехода";"";"0";"0";"п Левашово ш Горское 12";"0,0";"2,0";"1,0";"3,0";
"389,0";"11,08,2018";"Калининский";"";"Падение пассажира";"";"0";"0";"г Санкт-Петербург ул Руставели 35";"0,0";"1,0";"1,0";"2,0";
"390,0";"11,08,2018";"Кронштадтский";"";"Наезд на пешехода";"";"0";"0";"г Кронштадт ул Интернациональная 6А";"0,0";"1,0";"1,0";"2,0";
"391,0";"11,08,2018";"Калининский";"";"Столкновение";"";"0";"0";"г Санкт-Петербург пр-кт Культуры 41";"0,0";"2,0";"2,0";"3,0";
"392,0";"11,08,2018";"Приморский";"";"Наезд на пешехода";"";"0";"0";"г Санкт-Петербург дор Торфяная 7";"0,0";"1,0";"1,0";"2,0";
"393,0";"11,08,2018";"Калининский";"";"Столкновение";"";"0";"0";"г Санкт-Петербург наб Свердловская 14 кор,2";"0,0";"1,0";"2,0";"2,0";
"394,0";"11,08,2018";"Центральный";"";"Столкновение";"";"0";"0";"г Санкт-Петербург пр-кт Литейный 41";"0,0";"2,0";"4,0";"6,0";
"395,0";"10,08,2018";"Фрунзенский";"";"Столкновение";"";"0";"0";"г Санкт-Петербург ул Камчатская 3";"1,0";"0,0";"2,0";"2,0";
"396,0";"10,08,2018";"Фрунзенский";"";"Наезд на пешехода";"";"0";"0";"г Санкт-Петербург пр-кт Дунайский 64";"0,0";"1,0";"1,0";"2,0";
"397,0";"10,08,2018";"Красногвардейский";"";"Наезд на стоящее ТС";"А-118 Кольцевая автомобильная дорога вокруг г, Санкт-Петербурга";"35";"900";"г Санкт-Петербург  ";"0,0";"1,0";"3,0";"4,0";
"398,0";"10,08,2018";"Калининский";"";"Наезд на пешехода";"";"0";"0";"г Санкт-Петербург пр-кт Луначарского 108к1";"0,0";"2,0";"1,0";"2,0";
"399,0";"10,08,2018";"Калининский";"";"Падение пассажира";"";"0";"0";"г Санкт-Петербург пр-кт Непокорённых 49";"0,0";"2,0";"1,0";"3,0";
"400,0";"10,08,2018";"Московский";"";"Падение пассажира";"";"0";"0";"г Санкт-Петербург проезд Демонстрационный 7";"0,0";"1,0";"1,0";"2,0";
"401,0";"10,08,2018";"Выборгский";"";"Столкновение";"";"0";"0";"г Санкт-Петербург пр-кт Энгельса 19";"0,0";"1,0";"2,0";"2,0";
"402,0";"10,08,2018";"Приморский";"";"Столкновение";"";"0";"0";"г Санкт-Петербург ул Планерная 59";"0,0";"1,0";"3,0";"3,0";
"403,0";"10,08,2018";"Петроградский";"";"Столкновение";"";"0";"0";"г Санкт-Петербург дор Южная 4";"0,0";"1,0";"2,0";"2,0";
"404,0";"10,08,2018";"Петродворцовый";"";"Наезд на велосипедиста";"";"0";"0";"г Петергоф ул Петергофская 11";"0,0";"1,0";"2,0";"2,0";
"405,0";"10,08,2018";"Петродворцовый";"";"Столкновение";"";"0";"0";"г Петергоф ул Братьев Горкушенко 24 4";"0,0";"2,0";"2,0";"3,0";
"406,0";"10,08,2018";"Центральный";"";"Падение пассажира";"";"0";"0";"г Санкт-Петербург пр-кт Невский 124";"0,0";"1,0";"1,0";"2,0";
"407,0";"10,08,2018";"Курортный";"";"Наезд на велосипедиста";"Зеленогорское шоссе";"3";"550";"г Санкт-Петербург  ";"1,0";"0,0";"2,0";"2,0";
"408,0";"10,08,2018";"Красногвардейский";"";"Столкновение";"";"0";"0";"г Санкт-Петербург пр-кт Индустриальный 73";"0,0";"1,0";"2,0";"2,0";
"409,0";"10,08,2018";"Невский";"";"Наезд на велосипедиста";"";"0";"0";"г Санкт-Петербург ул Дыбенко 42";"0,0";"1,0";"2,0";"2,0";
"410,0";"10,08,2018";"Центральный";"";"Столкновение";"";"0";"0";"г Санкт-Петербург пр-кт Литейный 31";"0,0";"1,0";"2,0";"2,0";
"411,0";"10,08,2018";"Василеостровский";"";"Столкновение";"";"0";"0";"г Санкт-Петербург наб Новосмоленская 1";"0,0";"1,0";"2,0";"2,0";
"412,0";"10,08,2018";"Приморский";"";"Наезд на велосипедиста";"";"0";"0";"г Санкт-Петербург  ";"0,0";"1,0";"3,0";"3,0";
"413,0";"10,08,2018";"Фрунзенский";"";"Столкновение";"";"0";"0";"г Санкт-Петербург ул Димитрова 18-1";"0,0";"1,0";"2,0";"2,0";
"414,0";"09,08,2018";"Невский";"";"Столкновение";"";"0";"0";"г Санкт-Петербург пр-кт Большевиков 2";"0,0";"2,0";"2,0";"3,0";
"415,0";"09,08,2018";"Адмиралтейский";"";"Падение пассажира";"";"0";"0";"г Санкт-Петербург пр-кт Московский 79";"0,0";"1,0";"1,0";"2,0";
"416,0";"09,08,2018";"Адмиралтейский";"";"Наезд на пешехода";"";"0";"0";"г Санкт-Петербург ул Декабристов 54";"0,0";"1,0";"1,0";"2,0";
"417,0";"09,08,2018";"Центральный";"";"Наезд на пешехода";"";"0";"0";"г Санкт-Петербург ул Херсонская 2 поХерсонскому прое";"0,0";"1,0";"1,0";"2,0";
"418,0";"09,08,2018";"Приморский";"";"Столкновение";"";"0";"0";"г Санкт-Петербург ш Суздальское дорога в Каменку";"0,0";"2,0";"2,0";"4,0";
"419,0";"09,08,2018";"Приморский";"";"Наезд на велосипедиста";"";"0";"0";"г Санкт-Петербург пр-кт Испытателей Сизова";"0,0";"1,0";"2,0";"2,0";
"420,0";"09,08,2018";"Невский";"";"Наезд на пешехода";"";"0";"0";"г Санкт-Петербург пр-кт Большевиков 22 корпус 1";"1,0";"0,0";"1,0";"2,0";
"421,0";"09,08,2018";"Приморский";"";"Столкновение";"";"0";"0";"г Санкт-Петербург ул Вербная Афонская ул,";"0,0";"2,0";"2,0";"4,0";
"422,0";"09,08,2018";"Московский";"";"Наезд на препятствие";"";"0";"0";"п Шушары пр-кт Витебский 107";"0,0";"1,0";"1,0";"2,0";
"423,0";"09,08,2018";"Центральный";"";"Столкновение";"";"0";"0";"г Санкт-Петербург ул Белинского 1";"0,0";"1,0";"2,0";"3,0";
"424,0";"09,08,2018";"Красногвардейский";"";"Наезд на пешехода";"";"0";"0";"г Санкт-Петербург пр-кт Новочеркасский 2";"0,0";"1,0";"1,0";"2,0";
"425,0";"09,08,2018";"Московский";"";"Опрокидывание";"";"0";"0";"г Санкт-Петербург ул Рыбинская 3";"0,0";"1,0";"1,0";"1,0";
"426,0";"09,08,2018";"Центральный";"";"Наезд на пешехода";"";"0";"0";"г Санкт-Петербург ул Садовая ул, Итальянская";"0,0";"1,0";"1,0";"2,0";
"427,0";"09,08,2018";"Калининский";"";"Наезд на препятствие";"";"0";"0";"г Санкт-Петербург пр-кт Гражданский 119 кор,4 (проезжая";"0,0";"1,0";"1,0";"2,0";
"428,0";"09,08,2018";"Красногвардейский";"";"Столкновение";"";"0";"0";"г Санкт-Петербург пр-кт Новочеркасский 1И";"0,0";"1,0";"2,0";"2,0";
"429,0";"09,08,2018";"Центральный";"";"Столкновение";"";"0";"0";"г Санкт-Петербург пр-кт Невский 66";"0,0";"4,0";"2,0";"5,0";
"430,0";"09,08,2018";"Центральный";"";"Столкновение";"";"0";"0";"г Санкт-Петербург наб Дворцовая 8";"0,0";"2,0";"3,0";"5,0";
"431,0";"09,08,2018";"Красносельский";"";"Наезд на препятствие";"";"0";"0";"г Санкт-Петербург ш Волхонское (Сергиево) 109";"0,0";"2,0";"1,0";"3,0";
"432,0";"09,08,2018";"Колпинский";"";"Наезд на пешехода";"";"0";"0";"г Колпино ул Коммуны Адмиралтейская";"0,0";"1,0";"1,0";"2,0";
"433,0";"09,08,2018";"Пушкинский";"";"Столкновение";"А-118 Кольцевая автомобильная дорога вокруг г, Санкт-Петербурга";"79";"650";"г Санкт-Петербург  ";"0,0";"1,0";"3,0";"3,0";
"434,0";"09,08,2018";"Калининский";"";"Столкновение";"";"0";"0";"г Санкт-Петербург пр-кт Металлистов 116";"0,0";"1,0";"2,0";"2,0";
"435,0";"09,08,2018";"Колпинский";"";"Наезд на пешехода";"";"0";"0";"г Колпино ул Загородная 41";"0,0";"1,0";"1,0";"2,0";
"436,0";"08,08,2018";"Курортный";"";"Наезд на пешехода";"";"0";"0";"г Сестрорецк ш Дубковское 4";"0,0";"3,0";"1,0";"4,0";
"437,0";"08,08,2018";"Красногвардейский";"";"Наезд на велосипедиста";"";"0";"0";"г Санкт-Петербург пр-кт Энергетиков 78, корп,1";"0,0";"1,0";"2,0";"2,0";
"438,0";"08,08,2018";"Приморский";"";"Столкновение";"";"0";"0";"г Санкт-Петербург ул Савушкина Туристская";"0,0";"1,0";"2,0";"2,0";
"439,0";"08,08,2018";"Красносельский";"";"Наезд на велосипедиста";"";"0";"0";"г Санкт-Петербург  ";"0,0";"1,0";"2,0";"2,0";
"440,0";"08,08,2018";"Курортный";"";"Иной вид ДТП";"";"0";"0";"г Сестрорецк  ";"0,0";"1,0";"1,0";"1,0";
"441,0";"08,08,2018";"Василеостровский";"";"Столкновение";"";"0";"0";"г Санкт-Петербург ул Кораблестроителей 48к2";"0,0";"2,0";"2,0";"4,0";
"442,0";"08,08,2018";"Невский";"";"Падение пассажира";"";"0";"0";"г Санкт-Петербург ул Ивановская 19";"0,0";"1,0";"1,0";"2,0";
"443,0";"08,08,2018";"Курортный";"";"Столкновение";"";"0";"0";"г Сестрорецк ш Левашовское 2км 760м";"0,0";"1,0";"2,0";"2,0";
"444,0";"08,08,2018";"Московский";"";"Падение пассажира";"";"0";"0";"г Санкт-Петербург пр-кт Московский 133";"0,0";"1,0";"1,0";"2,0";
"445,0";"08,08,2018";"Приморский";"";"Падение пассажира";"";"0";"0";"г Санкт-Петербург пр-кт Испытателей 2 к,3";"0,0";"1,0";"2,0";"3,0";
"446,0";"08,08,2018";"Невский";"";"Наезд на пешехода";"";"0";"0";"г Санкт-Петербург наб Октябрьская 2";"0,0";"1,0";"1,0";"2,0";
"447,0";"08,08,2018";"Московский";"";"Столкновение";"";"0";"0";"г Санкт-Петербург ул Благодатная Кубинская ул,";"0,0";"1,0";"2,0";"2,0";
"448,0";"08,08,2018";"Приморский";"";"Столкновение";"";"0";"0";"г Санкт-Петербург пр-кт Коломяжский Испытателей пр,";"0,0";"1,0";"2,0";"3,0";
"449,0";"08,08,2018";"Петроградский";"";"Наезд на пешехода";"";"0";"0";"г Санкт-Петербург пр-кт Каменноостровский 24";"1,0";"0,0";"1,0";"2,0";
"450,0";"08,08,2018";"Курортный";"";"Наезд на велосипедиста";"";"0";"0";"п Репино ш Приморское 427а";"0,0";"1,0";"2,0";"2,0";
"451,0";"08,08,2018";"Фрунзенский";"";"Столкновение";"";"0";"0";"г Санкт-Петербург ул Будапештская 110 23";"0,0";"1,0";"2,0";"3,0";
"452,0";"08,08,2018";"Кировский";"";"Наезд на пешехода";"";"0";"0";"г Санкт-Петербург пр-кт Ветеранов 105";"0,0";"1,0";"1,0";"2,0";
"453,0";"08,08,2018";"Приморский";"";"Столкновение";"";"0";"0";"г Санкт-Петербург пр-кт Богатырский Туристская ул";"0,0";"1,0";"2,0";"2,0";
"454,0";"08,08,2018";"Московский";"";"Наезд на препятствие";"";"0";"0";"г Санкт-Петербург ш Пулковское 46";"0,0";"3,0";"1,0";"3,0";
"455,0";"08,08,2018";"Калининский";"";"Столкновение";"";"0";"0";"г Санкт-Петербург пр-кт Полюстровский 85";"0,0";"1,0";"2,0";"2,0";
"456,0";"08,08,2018";"Фрунзенский";"";"Наезд на пешехода";"";"0";"0";"г Санкт-Петербург ул Бухарестская 3 по Белы Куна";"0,0";"1,0";"1,0";"2,0";
"457,0";"08,08,2018";"Кировский";"";"Наезд на пешехода";"";"0";"0";"г Санкт-Петербург  ";"0,0";"1,0";"1,0";"2,0";
"458,0";"08,08,2018";"Фрунзенский";"";"Наезд на велосипедиста";"";"0";"0";"г Санкт-Петербург ул Бухарестская 134";"0,0";"1,0";"2,0";"2,0";
"459,0";"08,08,2018";"Центральный";"";"Столкновение";"";"0";"0";"г Санкт-Петербург пр-кт Невский 98";"0,0";"1,0";"2,0";"3,0";
"460,0";"07,08,2018";"Калининский";"";"Наезд на пешехода";"";"0";"0";"г Санкт-Петербург ул Политехническая 31";"0,0";"1,0";"1,0";"2,0";
"461,0";"07,08,2018";"Красногвардейский";"";"Столкновение";"";"0";"0";"г Санкт-Петербург пр-кт Маршала Блюхера 67, корп, 1";"0,0";"2,0";"2,0";"2,0";
"462,0";"07,08,2018";"Московский";"";"Наезд на пешехода";"";"0";"0";"г Санкт-Петербург ул Благодатная 38";"0,0";"1,0";"2,0";"3,0";
"463,0";"07,08,2018";"Невский";"";"Столкновение";"";"0";"0";"г Санкт-Петербург пр-кт Большевиков 19";"0,0";"1,0";"2,0";"2,0";
"464,0";"07,08,2018";"Московский";"";"Столкновение";"";"0";"0";"г Санкт-Петербург пр-кт Лиговский воздухоплавательная";"0,0";"1,0";"2,0";"2,0";
"465,0";"07,08,2018";"Курортный";"";"Наезд на велосипедиста";"";"0";"0";"г Зеленогорск  ";"0,0";"1,0";"2,0";"2,0";
"466,0";"07,08,2018";"Кировский";"";"Падение пассажира";"";"0";"0";"г Санкт-Петербург пр-кт Стачек 57";"0,0";"1,0";"1,0";"2,0";
"467,0";"07,08,2018";"Калининский";"";"Наезд на велосипедиста";"";"0";"0";"г Санкт-Петербург ул Руставели Токсовская";"0,0";"1,0";"2,0";"2,0";
"468,0";"07,08,2018";"Приморский";"";"Наезд на пешехода";"";"0";"0";"г Санкт-Петербург ш Суздальское Шуваловскиий пр,";"0,0";"1,0";"1,0";"2,0";
"469,0";"07,08,2018";"Центральный";"";"Наезд на пешехода";"";"0";"0";"г Санкт-Петербург наб Дворцовая 34";"0,0";"1,0";"1,0";"2,0";
"470,0";"07,08,2018";"Приморский";"";"Наезд на велосипедиста";"";"0";"0";"г Санкт-Петербург ул Планерная 15-б";"0,0";"1,0";"3,0";"2,0";
"471,0";"07,08,2018";"Адмиралтейский";"";"Наезд на пешехода";"";"0";"0";"г Санкт-Петербург ул Казанская 21";"0,0";"1,0";"1,0";"2,0";
"472,0";"07,08,2018";"Фрунзенский";"";"Наезд на стоящее ТС";"А-118 Кольцевая автомобильная дорога вокруг г, Санкт-Петербурга";"60";"800";"г Санкт-Петербург  ";"0,0";"1,0";"2,0";"2,0";
"473,0";"07,08,2018";"Петроградский";"";"Наезд на велосипедиста";"";"0";"0";"г Санкт-Петербург пр-кт Петровский 20 к 3";"0,0";"1,0";"2,0";"2,0";
"474,0";"07,08,2018";"Кронштадтский";"";"Наезд на велосипедиста";"";"0";"0";"г Кронштадт ш Кронштадтское 8";"0,0";"1,0";"2,0";"2,0";
"475,0";"07,08,2018";"Выборгский";"";"Падение пассажира";"";"0";"0";"г Санкт-Петербург пр-кт Большой Сампсониевский 37";"0,0";"1,0";"2,0";"3,0";
"476,0";"07,08,2018";"Пушкинский";"";"Падение пассажира";"";"0";"0";"п Шушары пр-кт Витебский 12 по ул, Пушкинская";"0,0";"1,0";"1,0";"2,0";
"477,0";"06,08,2018";"Выборгский";"";"Наезд на пешехода";"";"0";"0";"г Санкт-Петербург пр-кт Большой Сампсониевский Комисара Смирнова";"0,0";"1,0";"1,0";"2,0";
"478,0";"06,08,2018";"Адмиралтейский";"";"Наезд на пешехода";"";"0";"0";"г Санкт-Петербург ул Марата 86";"0,0";"1,0";"1,0";"2,0";
"479,0";"06,08,2018";"Калининский";"";"Наезд на пешехода";"";"0";"0";"г Санкт-Петербург пр-кт Северный ул,Вавиловых д, 19";"0,0";"1,0";"1,0";"2,0";
"480,0";"06,08,2018";"Московский";"";"Наезд на стоящее ТС";"А-118 Кольцевая автомобильная дорога вокруг г, Санкт-Петербурга";"75";"50";"г Санкт-Петербург  ";"0,0";"1,0";"2,0";"2,0";
"481,0";"06,08,2018";"Колпинский";"";"Наезд на пешехода";"";"0";"0";"г Колпино ул Труда 22 15";"0,0";"1,0";"1,0";"2,0";
"482,0";"06,08,2018";"Приморский";"";"Наезд на пешехода";"";"0";"0";"г Санкт-Петербург пр-кт Богатырский 44";"0,0";"2,0";"1,0";"3,0";
"483,0";"06,08,2018";"Московский";"";"Падение пассажира";"";"0";"0";"г Санкт-Петербург пр-кт Космонавтов 45";"0,0";"1,0";"1,0";"2,0";
"484,0";"06,08,2018";"Выборгский";"";"Наезд на пешехода";"";"0";"0";"г Санкт-Петербург пр-кт Художников Придорожная аллея";"0,0";"1,0";"1,0";"2,0";
"485,0";"06,08,2018";"Приморский";"";"Столкновение";"";"0";"0";"г Санкт-Петербург пр-кт Лахтинский 10";"0,0";"1,0";"2,0";"2,0";
"486,0";"06,08,2018";"Красногвардейский";"";"Наезд на пешехода";"";"0";"0";"г Санкт-Петербург ул Корнея Чуковского 7, КОРП, 3";"0,0";"1,0";"1,0";"2,0";
"487,0";"06,08,2018";"Адмиралтейский";"";"Наезд на пешехода";"";"0";"0";"г Санкт-Петербург пр-кт Вознесенский 3-5";"0,0";"1,0";"1,0";"2,0";
"488,0";"06,08,2018";"Выборгский";"";"Наезд на пешехода";"";"0";"0";"г Санкт-Петербург ул Диагональная 6";"0,0";"1,0";"1,0";"2,0";
"489,0";"06,08,2018";"Выборгский";"";"Наезд на велосипедиста";"";"0";"0";"г Санкт-Петербург пр-кт Луначарского 56";"0,0";"1,0";"2,0";"2,0";
"490,0";"06,08,2018";"Выборгский";"";"Опрокидывание";"";"0";"0";"г Санкт-Петербург ул Поклонногорская пр, Энгельса";"0,0";"1,0";"1,0";"1,0";
"491,0";"06,08,2018";"Красносельский";"";"Падение пассажира";"";"0";"0";"г Красное Село пр-кт Ленина Бороваяул";"0,0";"1,0";"1,0";"2,0";
"492,0";"06,08,2018";"Центральный";"";"Столкновение";"";"0";"0";"г Санкт-Петербург пр-кт Лиговский 89";"0,0";"1,0";"2,0";"3,0";
"493,0";"06,08,2018";"Московский";"";"Столкновение";"";"0";"0";"п Шушары пр-кт Витебский 108";"0,0";"1,0";"2,0";"3,0";
"494,0";"06,08,2018";"Приморский";"";"Падение пассажира";"";"0";"0";"г Санкт-Петербург пр-кт Испытателей 37";"0,0";"1,0";"1,0";"2,0";
"495,0";"06,08,2018";"Курортный";"";"Столкновение";"";"0";"0";"п Репино пр-кт Большой 23";"0,0";"3,0";"2,0";"3,0";
"496,0";"06,08,2018";"Калининский";"";"Наезд на велосипедиста";"";"0";"0";"г Санкт-Петербург пр-кт Металлистов 89";"0,0";"1,0";"2,0";"2,0";
"497,0";"06,08,2018";"Колпинский";"";"Столкновение";"";"0";"0";"г Колпино ул Карла Маркса пр, Ленина";"0,0";"1,0";"2,0";"2,0";
"498,0";"05,08,2018";"Пушкинский";"";"Наезд на пешехода";"";"0";"0";"п Шушары  ";"0,0";"1,0";"1,0";"2,0";
"499,0";"05,08,2018";"Выборгский";"";"Наезд на пешехода";"";"0";"0";"г Санкт-Петербург пр-кт Луначарского 56 1";"0,0";"1,0";"1,0";"2,0";
"500,0";"05,08,2018";"Приморский";"";"Наезд на пешехода";"";"0";"0";"г Санкт-Петербург пр-кт Королёва Сизова ул,";"0,0";"1,0";"1,0";"2,0";
"501,0";"05,08,2018";"Адмиралтейский";"";"Столкновение";"";"0";"0";"г Санкт-Петербург пр-кт Старо-Петергофский 16";"0,0";"1,0";"2,0";"2,0";
"502,0";"05,08,2018";"Колпинский";"";"Наезд на велосипедиста";"";"0";"0";"г Колпино ул Тверская 50";"0,0";"1,0";"2,0";"2,0";
"503,0";"05,08,2018";"Фрунзенский";"";"Наезд на пешехода";"";"0";"0";"г Санкт-Петербург ул Пражская 12";"0,0";"1,0";"1,0";"2,0";
"504,0";"05,08,2018";"Фрунзенский";"";"Столкновение";"";"0";"0";"г Санкт-Петербург ул Софийская 59";"0,0";"1,0";"2,0";"2,0";
"505,0";"05,08,2018";"Выборгский";"";"Столкновение";"";"0";"0";"г Санкт-Петербург ш Выборгское 31к2";"0,0";"2,0";"2,0";"2,0";
"506,0";"05,08,2018";"Выборгский";"";"Наезд на препятствие";"А-118 Кольцевая автомобильная дорога вокруг г, Санкт-Петербурга";"130";"212";"г Санкт-Петербург  ";"1,0";"0,0";"1,0";"1,0";
"507,0";"05,08,2018";"Центральный";"";"Наезд на пешехода";"";"0";"0";"г Санкт-Петербург пл Искусств 1";"0,0";"1,0";"1,0";"2,0";
"508,0";"05,08,2018";"Курортный";"";"Наезд на стоящее ТС";"Зеленогорское шоссе";"2";"500";"г Санкт-Петербург  ";"0,0";"3,0";"2,0";"4,0";
"509,0";"04,08,2018";"Пушкинский";"";"Наезд на пешехода";"";"0";"0";"г Пушкин ул Промышленная ул,Кабельная";"0,0";"1,0";"1,0";"2,0";
"510,0";"04,08,2018";"Калининский";"";"Наезд на пешехода";"";"0";"0";"г Санкт-Петербург пр-кт Непокорённых 51";"0,0";"2,0";"1,0";"2,0";
"511,0";"04,08,2018";"Красногвардейский";"";"Падение пассажира";"";"0";"0";"г Санкт-Петербург пр-кт Новочеркасский 43 17";"0,0";"1,0";"1,0";"2,0";
"512,0";"04,08,2018";"Петродворцовый";"";"Столкновение";"";"0";"0";"г Петергоф ул Константиновская Никольская";"0,0";"1,0";"2,0";"3,0";
"513,0";"04,08,2018";"Адмиралтейский";"";"Наезд на велосипедиста";"";"0";"0";"г Санкт-Петербург наб Обводного канала 142";"0,0";"1,0";"2,0";"2,0";
"514,0";"04,08,2018";"Московский";"";"Падение пассажира";"";"0";"0";"г Санкт-Петербург ул Сызранская 18";"0,0";"1,0";"1,0";"2,0";
"515,0";"04,08,2018";"Центральный";"";"Столкновение";"";"0";"0";"г Санкт-Петербург ул Маяковского Рылеева ул";"0,0";"3,0";"2,0";"4,0";
"516,0";"04,08,2018";"Красносельский";"";"Наезд на стоящее ТС";"А-118 Кольцевая автомобильная дорога вокруг г, Санкт-Петербурга";"61";"690";"г Санкт-Петербург  ";"0,0";"1,0";"2,0";"2,0";
"517,0";"04,08,2018";"Красносельский";"";"Столкновение";"";"0";"0";"г Санкт-Петербург пр-кт Маршала Жукова 60";"0,0";"1,0";"3,0";"3,0";
"518,0";"04,08,2018";"Центральный";"";"Столкновение";"";"0";"0";"г Санкт-Петербург ул Миллионная 31";"0,0";"1,0";"2,0";"2,0";
"519,0";"04,08,2018";"Кировский";"";"Наезд на пешехода";"";"0";"0";"г Санкт-Петербург  ";"0,0";"1,0";"1,0";"2,0";
"520,0";"04,08,2018";"Центральный";"";"Столкновение";"";"0";"0";"г Санкт-Петербург пр-кт Невский Исполкомская ул";"0,0";"2,0";"2,0";"4,0";
"521,0";"04,08,2018";"Выборгский";"";"Наезд на велосипедиста";"";"0";"0";"п Парголово дор Михайловская 1";"0,0";"1,0";"2,0";"2,0";
"522,0";"04,08,2018";"Василеостровский";"";"Столкновение";"";"0";"0";"г Санкт-Петербург ул Уральская 13К";"0,0";"1,0";"4,0";"4,0";
"523,0";"04,08,2018";"Приморский";"";"Столкновение";"";"0";"0";"г Санкт-Петербург ул Сердобольская 57 26";"0,0";"1,0";"2,0";"2,0";
"524,0";"04,08,2018";"Красногвардейский";"";"Столкновение";"";"0";"0";"г Санкт-Петербург пр-кт Среднеохтинский 23";"0,0";"1,0";"2,0";"2,0";
"525,0";"04,08,2018";"Красносельский";"";"Наезд на велосипедиста";"";"0";"0";"г Санкт-Петербург ш Петергофское 5";"0,0";"1,0";"2,0";"2,0";
"526,0";"04,08,2018";"Петродворцовый";"";"Столкновение";"";"0";"0";"г Ломоносов ул Победы 22 7";"0,0";"2,0";"2,0";"3,0";
"527,0";"04,08,2018";"Московский";"";"Наезд на стоящее ТС";"";"0";"0";"г Санкт-Петербург ул Рыбинская 3";"1,0";"0,0";"2,0";"2,0";
"528,0";"03,08,2018";"Московский";"";"Наезд на велосипедиста";"";"0";"0";"г Санкт-Петербург ул Кузнецовская Витебский пр,";"0,0";"1,0";"2,0";"2,0";
"529,0";"03,08,2018";"Фрунзенский";"";"Наезд на пешехода";"";"0";"0";"г Санкт-Петербург  ";"0,0";"1,0";"1,0";"2,0";
"530,0";"03,08,2018";"Выборгский";"";"Наезд на пешехода";"";"0";"0";"г Санкт-Петербург пр-кт Культуры 22";"0,0";"1,0";"1,0";"2,0";
"531,0";"03,08,2018";"Московский";"";"Наезд на пешехода";"";"0";"0";"г Санкт-Петербург ул Бассейная 451";"0,0";"1,0";"1,0";"2,0";
"532,0";"03,08,2018";"Невский";"";"Наезд на пешехода";"А-118 Кольцевая автомобильная дорога вокруг г, Санкт-Петербурга";"83";"800";"г Санкт-Петербург  ";"0,0";"1,0";"1,0";"2,0";
"533,0";"03,08,2018";"Невский";"";"Наезд на стоящее ТС";"";"0";"0";"г Санкт-Петербург наб Обводного канала 14 3";"0,0";"1,0";"2,0";"2,0";
"534,0";"03,08,2018";"Московский";"";"Столкновение";"Западный скоростной диаметр";"42";"180";"г Санкт-Петербург  ";"0,0";"1,0";"2,0";"2,0";
"535,0";"03,08,2018";"Центральный";"";"Столкновение";"";"0";"0";"г Санкт-Петербург ул Некрасова восстания";"0,0";"4,0";"2,0";"6,0";
"536,0";"03,08,2018";"Приморский";"";"Наезд на пешехода";"";"0";"0";"г Санкт-Петербург ул Яхтенная 72 по Приморскому пр";"0,0";"1,0";"1,0";"2,0";
"537,0";"03,08,2018";"Приморский";"";"Наезд на препятствие";"";"0";"0";"г Санкт-Петербург ул Планерная 15";"0,0";"1,0";"1,0";"1,0";
"538,0";"03,08,2018";"Приморский";"";"Столкновение";"Западный скоростной диаметр";"19";"620";"г Санкт-Петербург  ";"0,0";"2,0";"3,0";"5,0";
"539,0";"03,08,2018";"Красногвардейский";"";"Падение пассажира";"";"0";"0";"г Санкт-Петербург ул Осипенко 2";"0,0";"1,0";"1,0";"2,0";
"540,0";"03,08,2018";"Кировский";"";"Столкновение";"";"0";"0";"г Санкт-Петербург ул Стойкости пр,М,Жукова";"0,0";"1,0";"2,0";"2,0";
"541,0";"03,08,2018";"Красносельский";"";"Падение пассажира";"";"0";"0";"г Санкт-Петербург ул Маршала Захарова 21 А";"0,0";"1,0";"1,0";"2,0";
"542,0";"03,08,2018";"Приморский";"";"Наезд на пешехода";"";"0";"0";"г Санкт-Петербург ул Парашютная пр, Шуваловский";"0,0";"1,0";"1,0";"2,0";
"543,0";"03,08,2018";"Московский";"";"Столкновение";"";"0";"0";"г Санкт-Петербург пр-кт Космонавтов 65 к,1";"0,0";"1,0";"2,0";"2,0";
"544,0";"02,08,2018";"Кировский";"";"Наезд на пешехода";"";"0";"0";"г Санкт-Петербург пр-кт Маршала Жукова 64 к1";"0,0";"1,0";"1,0";"2,0";
"545,0";"02,08,2018";"Приморский";"";"Наезд на пешехода";"";"0";"0";"г Санкт-Петербург пр-кт Лахтинский 85";"0,0";"1,0";"1,0";"2,0";
"546,0";"02,08,2018";"Василеостровский";"";"Наезд на стоящее ТС";"";"0";"0";"г Санкт-Петербург наб Морская 35";"0,0";"1,0";"2,0";"3,0";
"547,0";"02,08,2018";"Центральный";"";"Наезд на пешехода";"";"0";"0";"г Санкт-Петербург пр-кт Загородный 5";"0,0";"1,0";"1,0";"2,0";
"548,0";"02,08,2018";"Невский";"";"Наезд на пешехода";"";"0";"0";"г Санкт-Петербург ул Дыбенко 13 корпус 5";"0,0";"1,0";"1,0";"2,0";
"549,0";"02,08,2018";"Адмиралтейский";"";"Падение пассажира";"";"0";"0";"г Санкт-Петербург пр-кт Лермонтовский 52";"0,0";"1,0";"1,0";"2,0";
"550,0";"02,08,2018";"Московский";"";"Наезд на велосипедиста";"";"0";"0";"г Санкт-Петербург пр-кт Ленинский Конституции ЗП";"0,0";"1,0";"2,0";"2,0";
"551,0";"02,08,2018";"Приморский";"";"Столкновение";"";"0";"0";"г Санкт-Петербург пр-кт Коннолахтинский Песочная ул,";"0,0";"2,0";"2,0";"3,0";
"552,0";"02,08,2018";"Красногвардейский";"";"Наезд на пешехода";"";"0";"0";"г Санкт-Петербург пр-кт Индустриальный 25а";"1,0";"0,0";"1,0";"2,0";
"553,0";"02,08,2018";"Невский";"";"Столкновение";"";"0";"0";"г Санкт-Петербург ул Седова 98";"0,0";"2,0";"2,0";"4,0";
"554,0";"02,08,2018";"Адмиралтейский";"";"Столкновение";"";"0";"0";"г Санкт-Петербург ул 1-я Красноармейская 6";"0,0";"1,0";"2,0";"2,0";
"555,0";"02,08,2018";"Василеостровский";"";"Столкновение";"";"0";"0";"г Санкт-Петербург линия 8-я В,О, 21 29";"0,0";"1,0";"2,0";"3,0";
"556,0";"02,08,2018";"Курортный";"";"Столкновение";"";"0";"0";"г Зеленогорск ул Выборгская 27б";"0,0";"1,0";"2,0";"2,0";
"557,0";"02,08,2018";"Выборгский";"";"Столкновение";"";"0";"0";"г Санкт-Петербург пр-кт Лесной 22";"0,0";"1,0";"2,0";"3,0";
"558,0";"02,08,2018";"Красносельский";"";"Наезд на пешехода";"";"0";"0";"г Красное Село ул Геологическая 55 лит И";"0,0";"1,0";"1,0";"2,0";
"559,0";"02,08,2018";"Пушкинский";"";"Наезд на стоящее ТС";"";"0";"0";"п Шушары пр-кт Витебский 1200м до Петербургск";"0,0";"2,0";"2,0";"2,0";
"560,0";"02,08,2018";"Петродворцовый";"";"Падение пассажира";"";"0";"0";"г Петергоф пр-кт Санкт-Петербургский 37";"0,0";"1,0";"1,0";"2,0";
"561,0";"02,08,2018";"Красносельский";"";"Падение пассажира";"";"0";"0";"г Санкт-Петербург ул Партизана Германа 14 117";"0,0";"1,0";"1,0";"2,0";
"562,0";"02,08,2018";"Красногвардейский";"";"Наезд на пешехода";"";"0";"0";"г Санкт-Петербург пр-кт Металлистов 32";"0,0";"1,0";"1,0";"2,0";
"563,0";"02,08,2018";"Красногвардейский";"";"Столкновение";"";"0";"0";"г Санкт-Петербург ул Коммуны 66";"0,0";"1,0";"2,0";"2,0";
"564,0";"02,08,2018";"Невский";"";"Наезд на велосипедиста";"";"0";"0";"г Санкт-Петербург ул Подвойского 17 корпус 1";"0,0";"1,0";"2,0";"2,0";
"565,0";"02,08,2018";"Петроградский";"";"Падение пассажира";"";"0";"0";"г Санкт-Петербург  ";"1,0";"0,0";"1,0";"2,0";
"566,0";"01,08,2018";"Фрунзенский";"";"Падение пассажира";"";"0";"0";"г Санкт-Петербург ул Олеко Дундича 89 по Бухарестской";"0,0";"1,0";"1,0";"2,0";
"567,0";"01,08,2018";"Кировский";"";"Падение пассажира";"";"0";"0";"г Санкт-Петербург пр-кт Стачек Краснопутиловская ул";"0,0";"1,0";"1,0";"2,0";
"568,0";"01,08,2018";"Красносельский";"";"Столкновение";"";"0";"0";"г Санкт-Петербург ул Адмирала Трибуца 2-4 по ул,А,Коновало";"0,0";"2,0";"2,0";"3,0";
"569,0";"01,08,2018";"Центральный";"";"Наезд на пешехода";"";"0";"0";"г Санкт-Петербург ул Шпалерная 34 Б";"0,0";"1,0";"1,0";"2,0";
"570,0";"01,08,2018";"Московский";"";"Наезд на пешехода";"";"0";"0";"г Санкт-Петербург ш Пулковское 21 к,2 двор";"0,0";"1,0";"1,0";"2,0";
"571,0";"01,08,2018";"Центральный";"";"Наезд на велосипедиста";"";"0";"0";"г Санкт-Петербург наб Обводного канала 65";"0,0";"1,0";"2,0";"2,0";
"572,0";"01,08,2018";"Приморский";"";"Наезд на велосипедиста";"";"0";"0";"г Санкт-Петербург ул Байконурская 15";"0,0";"1,0";"2,0";"2,0";
"573,0";"01,08,2018";"Петродворцовый";"";"Наезд на пешехода";"";"0";"0";"г Ломоносов пр-кт Ораниенбаумский 41";"0,0";"1,0";"1,0";"2,0";
"574,0";"01,08,2018";"Приморский";"";"Наезд на пешехода";"";"0";"0";"г Санкт-Петербург пр-кт Комендантский 67";"0,0";"1,0";"1,0";"2,0";
"575,0";"01,08,2018";"Приморский";"";"Наезд на пешехода";"";"0";"0";"г Санкт-Петербург ул Оптиков 52к1";"0,0";"1,0";"1,0";"2,0";
"576,0";"01,08,2018";"Выборгский";"";"Падение пассажира";"";"0";"0";"г Санкт-Петербург пр-кт Культуры 32г";"0,0";"1,0";"1,0";"2,0";
"577,0";"01,08,2018";"Калининский";"";"Столкновение";"";"0";"0";"г Санкт-Петербург ул Бутлерова 9кор2";"0,0";"1,0";"2,0";"2,0";
"578,0";"01,08,2018";"Выборгский";"";"Наезд на велосипедиста";"";"0";"0";"г Санкт-Петербург пр-кт Большой Сампсониевский 18";"0,0";"1,0";"2,0";"2,0";
"579,0";"01,08,2018";"Кировский";"";"Наезд на велосипедиста";"";"0";"0";"г Санкт-Петербург пр-кт Маршала Жукова 32";"0,0";"1,0";"2,0";"2,0";
"580,0";"01,08,2018";"Невский";"";"Наезд на велосипедиста";"";"0";"0";"г Санкт-Петербург пр-кт Пятилеток 19";"0,0";"1,0";"2,0";"2,0";
"581,0";"01,08,2018";"Пушкинский";"";"Наезд на пешехода";"";"0";"0";"п Шушары ш Московское 683 км, 400";"0,0";"1,0";"1,0";"2,0";
"582,0";"01,08,2018";"Кировский";"";"Столкновение";"";"0";"0";"г Санкт-Петербург пр-кт Стачек 111-1";"0,0";"3,0";"2,0";"3,0";
"583,0";"01,08,2018";"Невский";"";"Столкновение";"";"0";"0";"г Санкт-Петербург наб Октябрьская 108";"0,0";"1,0";"2,0";"2,0";
"584,0";"01,08,2018";"Невский";"";"Наезд на велосипедиста";"";"0";"0";"г Санкт-Петербург пр-кт Искровский 12";"0,0";"1,0";"2,0";"2,0";
"585,0";"01,08,2018";"Красногвардейский";"";"Столкновение";"";"0";"0";"г Санкт-Петербург пр-кт Малоохтинский 98";"0,0";"1,0";"2,0";"2,0";
"586,0";"01,08,2018";"Центральный";"";"Наезд на пешехода";"";"0";"0";"г Санкт-Петербург пр-кт Суворовский 2А";"0,0";"1,0";"1,0";"2,0";
"587,0";"01,08,2018";"Выборгский";"";"Наезд на пешехода";"";"0";"0";"г Санкт-Петербург  ";"1,0";"0,0";"1,0";"2,0";