"1,0";"31,03,2018";"Пушкинский";"";"Столкновение";"";"0";"0";"п Шушары ул Софийская 150м от Автозаводско";"0,0";"1,0";"2,0";"2,0";
"3,0";"31,03,2018";"Невский";"";"Наезд на стоящее ТС";"";"0";"0";"г Санкт-Петербург ул Подвойского 34";"0,0";"1,0";"2,0";"3,0";
"4,0";"31,03,2018";"Фрунзенский";"";"Наезд на стоящее ТС";"";"0";"0";"г Санкт-Петербург пр-кт Славы 43";"0,0";"1,0";"3,0";"3,0";
"5,0";"31,03,2018";"Московский";"";"Съезд с дороги";"";"0";"0";"г Санкт-Петербург пр-кт Космонавтов 50";"0,0";"1,0";"1,0";"1,0";
"6,0";"31,03,2018";"Колпинский";"";"Столкновение";"";"0";"0";"г Колпино пр-кт Заводской Металлургов";"0,0";"4,0";"2,0";"5,0";
"7,0";"31,03,2018";"Курортный";"";"Столкновение";"Зеленогорское шоссе";"11";"0";"г Санкт-Петербург  ";"0,0";"2,0";"2,0";"3,0";
"8,0";"31,03,2018";"Адмиралтейский";"";"Наезд на пешехода";"";"0";"0";"г Санкт-Петербург ул Гороховая 51";"0,0";"1,0";"1,0";"2,0";
"9,0";"31,03,2018";"Выборгский";"";"Наезд на пешехода";"";"0";"0";"г Санкт-Петербург пр-кт Удельный 2";"0,0";"1,0";"1,0";"2,0";
"10,0";"31,03,2018";"Колпинский";"";"Наезд на стоящее ТС";"";"0";"0";"п Петро-Славянка ул Софийская 3050м до КАД от Колп";"0,0";"1,0";"3,0";"2,0";
"11,0";"31,03,2018";"Кировский";"";"Столкновение";"";"0";"0";"г Санкт-Петербург пр-кт Ленинский 104";"0,0";"1,0";"3,0";"3,0";
"12,0";"31,03,2018";"Центральный";"";"Наезд на пешехода";"";"0";"0";"г Санкт-Петербург ул Садовая 19";"0,0";"1,0";"1,0";"2,0";
"13,0";"31,03,2018";"Выборгский";"";"Столкновение";"";"0";"0";"г Санкт-Петербург пр-кт Тореза 64";"0,0";"1,0";"2,0";"3,0";
"14,0";"31,03,2018";"Приморский";"";"Наезд на препятствие";"";"0";"0";"г Санкт-Петербург пр-кт Лахтинский 131";"0,0";"1,0";"1,0";"1,0";
"15,0";"30,03,2018";"Кировский";"";"Наезд на пешехода";"";"0";"0";"г Санкт-Петербург ул Шкапина 51";"0,0";"1,0";"1,0";"2,0";
"16,0";"30,03,2018";"Невский";"";"Столкновение";"";"0";"0";"г Санкт-Петербург пр-кт Дальневосточный 13";"0,0";"2,0";"2,0";"3,0";
"17,0";"30,03,2018";"Кировский";"";"Столкновение";"";"0";"0";"г Санкт-Петербург пр-кт Трамвайный 24 по Автомобильной";"0,0";"3,0";"2,0";"3,0";
"18,0";"30,03,2018";"Петроградский";"";"Наезд на пешехода";"";"0";"0";"г Санкт-Петербург ул Большая Пушкарская 28 2";"0,0";"2,0";"1,0";"3,0";
"19,0";"30,03,2018";"Калининский";"";"Столкновение";"";"0";"0";"г Санкт-Петербург пр-кт Кондратьевский Полюстровский пр,";"0,0";"1,0";"3,0";"3,0";
"20,0";"30,03,2018";"Колпинский";"";"Столкновение";"";"0";"0";"п Саперный ш Петрозаводское 41 лит, А";"0,0";"2,0";"2,0";"3,0";
"21,0";"30,03,2018";"Красносельский";"";"Столкновение";"";"0";"0";"г Санкт-Петербург ул Котина 2";"0,0";"1,0";"2,0";"2,0";
"22,0";"30,03,2018";"Кировский";"";"Наезд на пешехода";"";"0";"0";"г Санкт-Петербург  ";"0,0";"1,0";"1,0";"2,0";
"23,0";"30,03,2018";"Кировский";"";"Падение пассажира";"";"0";"0";"г Санкт-Петербург ул Маршала Казакова 1 к 1";"0,0";"1,0";"1,0";"2,0";
"24,0";"30,03,2018";"Красногвардейский";"";"Столкновение";"";"0";"0";"г Санкт-Петербург наб Свердловская 74";"0,0";"2,0";"5,0";"6,0";
"25,0";"30,03,2018";"Выборгский";"";"Столкновение";"";"0";"0";"г Санкт-Петербург пр-кт Просвещения 60 3";"0,0";"1,0";"2,0";"3,0";
"26,0";"30,03,2018";"Калининский";"";"Столкновение";"";"0";"0";"г Санкт-Петербург ул Харченко 20";"0,0";"2,0";"2,0";"2,0";
"27,0";"30,03,2018";"Приморский";"";"Наезд на препятствие";"";"0";"0";"п Лисий Нос ш Приморское 23 176 км";"0,0";"1,0";"1,0";"1,0";
"28,0";"30,03,2018";"Пушкинский";"";"Наезд на стоящее ТС";"";"0";"0";"п Шушары ш Петербургское 1 км 900 м";"0,0";"1,0";"2,0";"3,0";
"29,0";"30,03,2018";"Невский";"";"Столкновение";"";"0";"0";"г Санкт-Петербург ул Дмитрия Устинова 8";"0,0";"1,0";"2,0";"3,0";
"30,0";"30,03,2018";"Приморский";"";"Наезд на пешехода";"";"0";"0";"г Санкт-Петербург пр-кт Богатырский Шуваловский пр";"0,0";"1,0";"1,0";"2,0";
"31,0";"30,03,2018";"Пушкинский";"";"Столкновение";"";"0";"0";"п Шушары ш Колпинское (Детскосельский) Галицкая ул";"0,0";"2,0";"2,0";"2,0";
"32,0";"30,03,2018";"Фрунзенский";"";"Наезд на пешехода";"";"0";"0";"г Санкт-Петербург ул Салова 30 по Бухарестской";"0,0";"1,0";"1,0";"2,0";
"33,0";"30,03,2018";"Фрунзенский";"";"Падение пассажира";"";"0";"0";"г Санкт-Петербург ул Софийская 66";"0,0";"1,0";"1,0";"2,0";
"34,0";"30,03,2018";"Московский";"";"Наезд на пешехода";"";"0";"0";"г Санкт-Петербург пл Конституции 7 двор";"0,0";"1,0";"1,0";"2,0";
"35,0";"29,03,2018";"Петроградский";"";"Падение пассажира";"";"0";"0";"г Санкт-Петербург ул Ждановская 43";"0,0";"1,0";"1,0";"2,0";
"36,0";"29,03,2018";"Невский";"";"Наезд на стоящее ТС";"";"0";"0";"г Санкт-Петербург ул Подвойского 27";"0,0";"1,0";"5,0";"5,0";
"37,0";"29,03,2018";"Кировский";"";"Наезд на препятствие";"";"0";"0";"г Санкт-Петербург пр-кт Стачек 19";"0,0";"2,0";"1,0";"2,0";
"38,0";"29,03,2018";"Петроградский";"";"Наезд на пешехода";"";"0";"0";"г Санкт-Петербург пр-кт Каменноостровский 58-60в";"0,0";"1,0";"1,0";"2,0";
"39,0";"29,03,2018";"Невский";"";"Наезд на пешехода";"";"0";"0";"г Санкт-Петербург ул Бабушкина 64";"0,0";"1,0";"1,0";"2,0";
"40,0";"29,03,2018";"Калининский";"";"Наезд на стоящее ТС";"";"0";"0";"г Санкт-Петербург наб Арсенальная 11";"0,0";"1,0";"2,0";"3,0";
"41,0";"29,03,2018";"Колпинский";"";"Наезд на пешехода";"";"0";"0";"г Колпино  ";"0,0";"1,0";"1,0";"2,0";
"42,0";"29,03,2018";"Приморский";"";"Наезд на пешехода";"";"0";"0";"г Санкт-Петербург пр-кт Испытателей 5 Парковка ЛЕРУА МЕР";"0,0";"1,0";"1,0";"2,0";
"43,0";"29,03,2018";"Невский";"";"Столкновение";"";"0";"0";"г Санкт-Петербург пр-кт Белевский у дома 19 а по ул,Ки";"0,0";"1,0";"3,0";"3,0";
"44,0";"29,03,2018";"Адмиралтейский";"";"Столкновение";"";"0";"0";"г Санкт-Петербург пр-кт Троицкий 1";"0,0";"1,0";"2,0";"3,0";
"45,0";"29,03,2018";"Василеостровский";"";"Наезд на пешехода";"";"0";"0";"г Санкт-Петербург пр-кт Большой В,О, 101";"0,0";"1,0";"1,0";"2,0";
"46,0";"29,03,2018";"Адмиралтейский";"";"Столкновение";"";"0";"0";"г Санкт-Петербург пр-кт Старо-Петергофский 8";"0,0";"1,0";"2,0";"3,0";
"47,0";"29,03,2018";"Пушкинский";"";"Наезд на пешехода";"";"0";"0";"п Шушары ш Колпинское (Славянка) Галицкая ул,";"0,0";"1,0";"1,0";"2,0";
"48,0";"29,03,2018";"Выборгский";"";"Наезд на пешехода";"";"0";"0";"г Санкт-Петербург пр-кт Большой Сампсониевский 52";"0,0";"1,0";"1,0";"2,0";
"49,0";"29,03,2018";"Калининский";"";"Наезд на пешехода";"";"0";"0";"г Санкт-Петербург ул Софьи Ковалевской 13 4";"0,0";"1,0";"1,0";"2,0";
"50,0";"29,03,2018";"Красногвардейский";"";"Столкновение";"";"0";"0";"г Санкт-Петербург ул Передовиков 1-6";"0,0";"2,0";"2,0";"2,0";
"51,0";"29,03,2018";"Красногвардейский";"";"Столкновение";"";"0";"0";"г Санкт-Петербург пр-кт Косыгина 34";"0,0";"1,0";"3,0";"3,0";
"52,0";"29,03,2018";"Красногвардейский";"";"Столкновение";"";"0";"0";"г Санкт-Петербург ул Коммуны 37-А";"0,0";"3,0";"2,0";"5,0";
"53,0";"28,03,2018";"Красносельский";"";"Столкновение";"";"0";"0";"г Санкт-Петербург ш Петергофское 51";"0,0";"1,0";"2,0";"3,0";
"54,0";"28,03,2018";"Красносельский";"";"Столкновение";"";"0";"0";"г Санкт-Петербург пр-кт Ленинский 72к,1";"0,0";"3,0";"2,0";"3,0";
"55,0";"28,03,2018";"Красносельский";"";"Наезд на пешехода";"";"0";"0";"г Санкт-Петербург ул Партизана Германа 17";"0,0";"1,0";"2,0";"2,0";
"56,0";"28,03,2018";"Красносельский";"";"Наезд на пешехода";"";"0";"0";"г Санкт-Петербург ул Маршала Захарова 21";"0,0";"1,0";"1,0";"2,0";
"57,0";"28,03,2018";"Калининский";"";"Столкновение";"";"0";"0";"г Санкт-Петербург пр-кт Гражданский 15";"0,0";"1,0";"2,0";"2,0";
"58,0";"28,03,2018";"Выборгский";"";"Столкновение";"";"0";"0";"г Санкт-Петербург пр-кт Просвещения Есенина ул";"0,0";"1,0";"2,0";"2,0";
"59,0";"28,03,2018";"Василеостровский";"";"Наезд на пешехода";"";"0";"0";"г Санкт-Петербург наб Макарова 12";"0,0";"1,0";"1,0";"2,0";
"60,0";"28,03,2018";"Красносельский";"";"Наезд на препятствие";"А-118 Кольцевая автомобильная дорога вокруг г, Санкт-Петербурга";"74";"550";"г Санкт-Петербург  ";"0,0";"1,0";"1,0";"1,0";
"61,0";"28,03,2018";"Центральный";"";"Столкновение";"";"0";"0";"г Санкт-Петербург наб Реки Фонтанки Гангутская ул,";"0,0";"1,0";"3,0";"2,0";
"62,0";"28,03,2018";"Колпинский";"";"Столкновение";"";"0";"0";"г Колпино ул Межевая 2 лит А";"0,0";"1,0";"2,0";"2,0";
"63,0";"28,03,2018";"Приморский";"";"Наезд на пешехода";"";"0";"0";"г Санкт-Петербург пр-кт Коломяжский пр, Испытателей";"0,0";"1,0";"1,0";"2,0";
"64,0";"28,03,2018";"Калининский";"";"Наезд на пешехода";"";"0";"0";"г Санкт-Петербург ул Политехническая 9";"0,0";"1,0";"2,0";"3,0";
"65,0";"28,03,2018";"Центральный";"";"Наезд на стоящее ТС";"";"0";"0";"г Санкт-Петербург ул Новгородская 27";"0,0";"1,0";"2,0";"2,0";
"66,0";"28,03,2018";"Василеостровский";"";"Наезд на пешехода";"";"0";"0";"г Санкт-Петербург пр-кт Большой В,О, 53 10";"0,0";"1,0";"1,0";"2,0";
"67,0";"27,03,2018";"Василеостровский";"";"Наезд на стоящее ТС";"Западный скоростной диаметр";"32";"350";"г Санкт-Петербург  ";"0,0";"1,0";"2,0";"2,0";
"68,0";"27,03,2018";"Василеостровский";"";"Наезд на пешехода";"";"0";"0";"г Санкт-Петербург линия 7-я В,О, 34";"0,0";"1,0";"1,0";"2,0";
"69,0";"27,03,2018";"Красносельский";"";"Наезд на пешехода";"";"0";"0";"г Красное Село пр-кт Ленина 77";"0,0";"1,0";"1,0";"2,0";
"70,0";"27,03,2018";"Московский";"";"Столкновение";"";"0";"0";"г Санкт-Петербург ул Орджоникидзе 52";"0,0";"1,0";"2,0";"3,0";
"71,0";"27,03,2018";"Московский";"";"Наезд на препятствие";"";"0";"0";"г Санкт-Петербург пл Московские Ворота 1";"0,0";"1,0";"1,0";"2,0";
"72,0";"27,03,2018";"Василеостровский";"";"Столкновение";"";"0";"0";"г Санкт-Петербург пр-кт КИМа 5 34";"0,0";"1,0";"2,0";"2,0";
"73,0";"27,03,2018";"Выборгский";"";"Наезд на препятствие";"";"0";"0";"п Левашово ш Горское 9й километр";"0,0";"1,0";"2,0";"1,0";
"74,0";"27,03,2018";"Красносельский";"";"Столкновение";"";"0";"0";"г Санкт-Петербург пр-кт Ветеранов 120";"0,0";"1,0";"3,0";"4,0";
"75,0";"27,03,2018";"Выборгский";"";"Наезд на пешехода";"";"0";"0";"г Санкт-Петербург  ";"0,0";"1,0";"1,0";"2,0";
"76,0";"27,03,2018";"Приморский";"";"Наезд на препятствие";"";"0";"0";"г Санкт-Петербург пр-кт Лахтинский 131";"0,0";"2,0";"2,0";"4,0";
"77,0";"27,03,2018";"Петродворцовый";"";"Столкновение";"";"0";"0";"п Стрельна ул Фронтовая 30";"0,0";"1,0";"2,0";"2,0";
"78,0";"26,03,2018";"Адмиралтейский";"";"Наезд на пешехода";"";"0";"0";"г Санкт-Петербург пр-кт Московский 14";"0,0";"1,0";"1,0";"2,0";
"79,0";"26,03,2018";"Невский";"";"Столкновение";"";"0";"0";"г Санкт-Петербург ул Ивановская 21";"0,0";"1,0";"2,0";"2,0";
"80,0";"26,03,2018";"Московский";"";"Иной вид ДТП";"";"0";"0";"г Санкт-Петербург ул Кубинская 56";"0,0";"1,0";"1,0";"1,0";
"81,0";"26,03,2018";"Невский";"";"Наезд на пешехода";"";"0";"0";"г Санкт-Петербург пр-кт Большевиков 15";"0,0";"1,0";"1,0";"2,0";
"82,0";"26,03,2018";"Красногвардейский";"";"Столкновение";"";"0";"0";"г Санкт-Петербург ул Коммуны 7";"0,0";"1,0";"2,0";"2,0";
"83,0";"26,03,2018";"Невский";"";"Наезд на пешехода";"";"0";"0";"г Санкт-Петербург  ";"0,0";"1,0";"1,0";"2,0";
"84,0";"26,03,2018";"Кировский";"";"Столкновение";"";"0";"0";"г Санкт-Петербург пр-кт Народного Ополчения 173";"0,0";"1,0";"2,0";"2,0";
"85,0";"26,03,2018";"Невский";"";"Столкновение";"";"0";"0";"г Санкт-Петербург ул Зольная 8";"0,0";"1,0";"2,0";"2,0";
"86,0";"26,03,2018";"Адмиралтейский";"";"Столкновение";"";"0";"0";"г Санкт-Петербург наб Обводного канала 134";"0,0";"1,0";"2,0";"3,0";
"87,0";"26,03,2018";"Кировский";"";"Наезд на пешехода";"";"0";"0";"г Санкт-Петербург  ";"0,0";"1,0";"1,0";"2,0";
"88,0";"26,03,2018";"Пушкинский";"";"Столкновение";"";"0";"0";"п Шушары ш Московское Курьерский проезд";"0,0";"1,0";"3,0";"4,0";
"89,0";"26,03,2018";"Московский";"";"Столкновение";"";"0";"0";"г Санкт-Петербург ш Пулковское Дорога в аэрпорт";"0,0";"1,0";"3,0";"3,0";
"90,0";"26,03,2018";"Красногвардейский";"";"Наезд на пешехода";"";"0";"0";"г Санкт-Петербург ул Передовиков 21";"0,0";"1,0";"1,0";"2,0";
"91,0";"26,03,2018";"Выборгский";"";"Наезд на пешехода";"";"0";"0";"г Санкт-Петербург пр-кт Энгельса 150";"0,0";"1,0";"1,0";"2,0";
"92,0";"26,03,2018";"Выборгский";"";"Наезд на пешехода";"";"0";"0";"г Санкт-Петербург наб Выборгская 59к1";"0,0";"1,0";"1,0";"2,0";
"93,0";"26,03,2018";"Московский";"";"Наезд на препятствие";"";"0";"0";"г Санкт-Петербург ш Пулковское 43";"0,0";"1,0";"1,0";"1,0";
"94,0";"26,03,2018";"Калининский";"";"Столкновение";"";"0";"0";"г Санкт-Петербург ул Руставели 52";"0,0";"2,0";"2,0";"2,0";
"95,0";"26,03,2018";"Приморский";"";"Наезд на пешехода";"";"0";"0";"г Санкт-Петербург пр-кт Коломяжский Богатырский пр,";"0,0";"1,0";"1,0";"2,0";
"96,0";"25,03,2018";"Кировский";"";"Столкновение";"";"0";"0";"г Санкт-Петербург б-р Новаторов 98 лит А";"0,0";"1,0";"2,0";"3,0";
"97,0";"25,03,2018";"Московский";"";"Столкновение";"";"0";"0";"г Санкт-Петербург пр-кт Ленинский 147";"0,0";"1,0";"2,0";"3,0";
"98,0";"25,03,2018";"Центральный";"";"Наезд на пешехода";"";"0";"0";"г Санкт-Петербург пр-кт Невский 27";"0,0";"1,0";"1,0";"2,0";
"99,0";"25,03,2018";"Московский";"";"Наезд на препятствие";"";"0";"0";"г Санкт-Петербург ул Орджоникидзе 37";"0,0";"1,0";"1,0";"1,0";
"100,0";"25,03,2018";"Кировский";"";"Наезд на препятствие";"";"0";"0";"г Санкт-Петербург ул Кронштадтская ул,Корабельная";"0,0";"1,0";"1,0";"2,0";
"101,0";"25,03,2018";"Красносельский";"";"Наезд на пешехода";"";"0";"0";"г Санкт-Петербург ул Десантников 12 к,1";"0,0";"1,0";"1,0";"2,0";
"102,0";"25,03,2018";"Невский";"";"Наезд на стоящее ТС";"";"0";"0";"г Санкт-Петербург ул Ивановская 8";"0,0";"1,0";"2,0";"3,0";
"103,0";"25,03,2018";"Колпинский";"";"Падение пассажира";"";"0";"0";"г Колпино пл Коммуны Адмиралтейская";"0,0";"1,0";"1,0";"2,0";
"104,0";"25,03,2018";"Московский";"";"Наезд на пешехода";"";"0";"0";"г Санкт-Петербург пр-кт Новоизмайловский 16";"0,0";"1,0";"1,0";"2,0";
"105,0";"25,03,2018";"Красногвардейский";"";"Падение пассажира";"";"0";"0";"г Санкт-Петербург пр-кт Косыгина 21 к, 1";"0,0";"1,0";"1,0";"2,0";
"106,0";"25,03,2018";"Центральный";"";"Наезд на пешехода";"";"0";"0";"г Санкт-Петербург наб Дворцовая 24";"1,0";"0,0";"1,0";"2,0";
"107,0";"25,03,2018";"Красносельский";"";"Столкновение";"А-118 Кольцевая автомобильная дорога вокруг г, Санкт-Петербурга";"60";"700";"г Санкт-Петербург  ";"0,0";"1,0";"3,0";"3,0";
"108,0";"25,03,2018";"Фрунзенский";"";"Столкновение";"";"0";"0";"г Санкт-Петербург ул Будапештская 83 39";"0,0";"2,0";"3,0";"5,0";
"109,0";"25,03,2018";"Красносельский";"";"Столкновение";"";"0";"0";"г Санкт-Петербург ш Петергофское 47";"0,0";"1,0";"2,0";"3,0";
"110,0";"25,03,2018";"Выборгский";"";"Наезд на пешехода";"";"0";"0";"п Парголово ул Михаила Дудина 23 1";"0,0";"1,0";"1,0";"2,0";
"111,0";"24,03,2018";"Фрунзенский";"";"Столкновение";"";"0";"0";"г Санкт-Петербург ул Бухарестская 144";"0,0";"1,0";"2,0";"3,0";
"112,0";"24,03,2018";"Красносельский";"";"Столкновение";"";"0";"0";"г Санкт-Петербург б-р Брестский 13";"0,0";"3,0";"3,0";"5,0";
"113,0";"24,03,2018";"Кировский";"";"Столкновение";"";"0";"0";"г Санкт-Петербург тер Турухтанные острова пр М Жукова";"0,0";"4,0";"2,0";"4,0";
"114,0";"24,03,2018";"Пушкинский";"";"Наезд на пешехода";"";"0";"0";"г Пушкин ул Ленинградская 38";"0,0";"1,0";"1,0";"2,0";
"115,0";"24,03,2018";"Центральный";"";"Столкновение";"";"0";"0";"г Санкт-Петербург наб Лебяжьей канавки Реки Мойки набережна";"0,0";"3,0";"3,0";"6,0";
"116,0";"24,03,2018";"Адмиралтейский";"";"Наезд на пешехода";"";"0";"0";"г Санкт-Петербург ул Гороховая 57";"0,0";"1,0";"1,0";"2,0";
"117,0";"24,03,2018";"Приморский";"";"Наезд на пешехода";"";"0";"0";"г Санкт-Петербург ул Байконурская д,5 к,1";"0,0";"1,0";"1,0";"2,0";
"118,0";"24,03,2018";"Невский";"";"Наезд на пешехода";"";"0";"0";"г Санкт-Петербург  ";"0,0";"1,0";"1,0";"2,0";
"119,0";"24,03,2018";"Приморский";"";"Наезд на пешехода";"";"0";"0";"г Санкт-Петербург пр-кт Королёва Серебристый б-р";"0,0";"1,0";"1,0";"2,0";
"120,0";"24,03,2018";"Василеостровский";"";"Падение пассажира";"";"0";"0";"г Санкт-Петербург линия 3-я В,О, 15";"0,0";"1,0";"1,0";"2,0";
"121,0";"24,03,2018";"Фрунзенский";"";"Наезд на пешехода";"";"0";"0";"г Санкт-Петербург  ";"0,0";"1,0";"1,0";"2,0";
"122,0";"24,03,2018";"Калининский";"";"Наезд на пешехода";"";"0";"0";"г Санкт-Петербург пр-кт Светлановский 97 (проезжая часть)";"0,0";"1,0";"1,0";"2,0";
"123,0";"23,03,2018";"Калининский";"";"Столкновение";"";"0";"0";"г Санкт-Петербург ул Вавиловых 15(проезжая часть)";"0,0";"1,0";"2,0";"3,0";
"124,0";"23,03,2018";"Василеостровский";"";"Наезд на пешехода";"";"0";"0";"г Санкт-Петербург пр-кт Малый В,О, 65";"0,0";"1,0";"1,0";"2,0";
"125,0";"23,03,2018";"Центральный";"";"Столкновение";"";"0";"0";"г Санкт-Петербург ул Жуковского УЛ МАЯКОВСКОГО";"0,0";"1,0";"2,0";"2,0";
"126,0";"23,03,2018";"Пушкинский";"";"Столкновение";"";"0";"0";"п Шушары ш Московское 52";"0,0";"1,0";"3,0";"3,0";
"127,0";"23,03,2018";"Невский";"";"Столкновение";"";"0";"0";"г Санкт-Петербург ул Ивановская 29";"0,0";"1,0";"3,0";"2,0";
"128,0";"23,03,2018";"Центральный";"";"Наезд на пешехода";"";"0";"0";"г Санкт-Петербург пр-кт Лиговский Кузнечный переулок";"0,0";"1,0";"1,0";"2,0";
"129,0";"23,03,2018";"Московский";"";"Наезд на препятствие";"";"0";"0";"г Санкт-Петербург ул Краснопутиловская орджоникидзе";"0,0";"1,0";"1,0";"1,0";
"130,0";"23,03,2018";"Кировский";"";"Наезд на пешехода";"";"0";"0";"г Санкт-Петербург ул Трефолева Оборонная ул,";"0,0";"1,0";"1,0";"2,0";
"131,0";"23,03,2018";"Приморский";"";"Наезд на пешехода";"";"0";"0";"г Санкт-Петербург пр-кт Комендантский 50";"0,0";"1,0";"1,0";"2,0";
"132,0";"23,03,2018";"Приморский";"";"Наезд на пешехода";"";"0";"0";"г Санкт-Петербург пр-кт Комендантский д,23 корп, 5";"0,0";"1,0";"1,0";"2,0";
"133,0";"23,03,2018";"Калининский";"";"Наезд на пешехода";"";"0";"0";"г Санкт-Петербург пр-кт Гражданский 111";"0,0";"1,0";"1,0";"2,0";
"134,0";"23,03,2018";"Калининский";"";"Падение пассажира";"";"0";"0";"г Санкт-Петербург пр-кт Науки 45";"0,0";"1,0";"1,0";"2,0";
"135,0";"23,03,2018";"Адмиралтейский";"";"Наезд на препятствие";"";"0";"0";"г Санкт-Петербург пр-кт Лермонтовский 45";"0,0";"1,0";"1,0";"1,0";
"136,0";"23,03,2018";"Московский";"";"Наезд на пешехода";"";"0";"0";"г Санкт-Петербург ул Фрунзе пл, Б,Стругацких";"0,0";"1,0";"1,0";"2,0";
"137,0";"23,03,2018";"Выборгский";"";"Столкновение";"";"0";"0";"г Санкт-Петербург пр-кт Энгельса 10";"0,0";"1,0";"2,0";"2,0";
"138,0";"23,03,2018";"Кировский";"";"Столкновение";"";"0";"0";"г Санкт-Петербург пр-кт Маршала Жукова дор, на Турухтаные о";"0,0";"2,0";"3,0";"3,0";
"139,0";"22,03,2018";"Петроградский";"";"Наезд на пешехода";"";"0";"0";"г Санкт-Петербург ул Куйбышева 15";"1,0";"0,0";"1,0";"2,0";
"140,0";"22,03,2018";"Красногвардейский";"";"Столкновение";"";"0";"0";"г Санкт-Петербург пр-кт Малоохтинский 82";"0,0";"1,0";"3,0";"3,0";
"141,0";"22,03,2018";"Курортный";"";"Наезд на препятствие";"";"0";"0";"п Смолячково ш Приморское 704";"0,0";"1,0";"1,0";"1,0";
"142,0";"22,03,2018";"Колпинский";"";"Падение пассажира";"";"0";"0";"г Колпино пл Коммуны ул, Коммуны";"0,0";"1,0";"1,0";"2,0";
"143,0";"22,03,2018";"Московский";"";"Наезд на пешехода";"";"0";"0";"г Санкт-Петербург ул Бассейная 38";"0,0";"1,0";"1,0";"2,0";
"144,0";"22,03,2018";"Центральный";"";"Наезд на пешехода";"";"0";"0";"г Санкт-Петербург  ";"0,0";"1,0";"1,0";"2,0";
"145,0";"22,03,2018";"Фрунзенский";"";"Падение пассажира";"";"0";"0";"г Санкт-Петербург ул Будапештская 61";"0,0";"1,0";"1,0";"2,0";
"146,0";"22,03,2018";"Калининский";"";"Наезд на пешехода";"";"0";"0";"г Санкт-Петербург пр-кт Науки 8";"0,0";"1,0";"1,0";"2,0";
"147,0";"22,03,2018";"Пушкинский";"";"Наезд на пешехода";"";"0";"0";"п Шушары ш Московское 684км500м(д,90)";"0,0";"1,0";"1,0";"2,0";
"148,0";"22,03,2018";"Невский";"";"Наезд на пешехода";"";"0";"0";"г Санкт-Петербург пр-кт Большевиков 29";"0,0";"1,0";"1,0";"2,0";
"149,0";"22,03,2018";"Московский";"";"Наезд на пешехода";"";"0";"0";"г Санкт-Петербург ул Варшавская 51 к,1";"0,0";"1,0";"1,0";"2,0";
"150,0";"22,03,2018";"Курортный";"";"Столкновение";"";"0";"0";"п Смолячково ш Приморское 678";"0,0";"3,0";"2,0";"3,0";
"151,0";"22,03,2018";"Невский";"";"Столкновение";"";"0";"0";"г Санкт-Петербург пр-кт Солидарности 4 У";"0,0";"1,0";"2,0";"3,0";
"152,0";"22,03,2018";"Невский";"";"Наезд на пешехода";"";"0";"0";"г Санкт-Петербург пр-кт Шлиссельбургский 31";"0,0";"1,0";"2,0";"2,0";
"153,0";"22,03,2018";"Красносельский";"";"Наезд на пешехода";"";"0";"0";"г Санкт-Петербург ш Петергофское 73";"0,0";"1,0";"1,0";"2,0";
"154,0";"22,03,2018";"Калининский";"";"Наезд на пешехода";"";"0";"0";"г Санкт-Петербург пр-кт Луначарского 78 2";"0,0";"1,0";"1,0";"2,0";
"155,0";"22,03,2018";"Московский";"";"Столкновение";"";"0";"0";"г Санкт-Петербург пр-кт Лиговский Новорыбинская ул,";"0,0";"1,0";"4,0";"3,0";
"156,0";"22,03,2018";"Красносельский";"";"Наезд на пешехода";"";"0";"0";"г Санкт-Петербург ш Таллинское (Старо-Паново) 159а";"0,0";"1,0";"1,0";"2,0";
"157,0";"22,03,2018";"Московский";"";"Наезд на пешехода";"";"0";"0";"г Санкт-Петербург пр-кт Московский 137";"0,0";"1,0";"1,0";"2,0";
"158,0";"21,03,2018";"Фрунзенский";"";"Наезд на пешехода";"";"0";"0";"г Санкт-Петербург ул Салова 83";"0,0";"1,0";"1,0";"2,0";
"159,0";"21,03,2018";"Петроградский";"";"Столкновение";"";"0";"0";"г Санкт-Петербург ул Ленина 16";"0,0";"1,0";"2,0";"3,0";
"160,0";"21,03,2018";"Кировский";"";"Столкновение";"";"0";"0";"г Санкт-Петербург ул Автомобильная пр, Стачек";"0,0";"1,0";"2,0";"3,0";
"161,0";"21,03,2018";"Фрунзенский";"";"Наезд на пешехода";"";"0";"0";"г Санкт-Петербург ул Касимовская 7";"0,0";"1,0";"1,0";"2,0";
"162,0";"21,03,2018";"Московский";"";"Наезд на пешехода";"";"0";"0";"г Санкт-Петербург ул Орджоникидзе 52";"0,0";"1,0";"1,0";"2,0";
"163,0";"21,03,2018";"Приморский";"";"Наезд на препятствие";"Западный скоростной диаметр";"21";"500";"г Санкт-Петербург  ";"0,0";"1,0";"1,0";"2,0";
"164,0";"21,03,2018";"Фрунзенский";"";"Падение пассажира";"";"0";"0";"г Санкт-Петербург ул Димитрова 17 корп,1";"0,0";"1,0";"1,0";"2,0";
"165,0";"21,03,2018";"Невский";"";"Столкновение";"";"0";"0";"г Санкт-Петербург ул Седова 75";"0,0";"1,0";"2,0";"2,0";
"166,0";"21,03,2018";"Приморский";"";"Наезд на пешехода";"";"0";"0";"г Санкт-Петербург ул Школьная 3";"0,0";"1,0";"1,0";"2,0";
"167,0";"21,03,2018";"Колпинский";"";"Наезд на пешехода";"";"0";"0";"г Колпино ул Труда 22 15";"0,0";"1,0";"1,0";"2,0";
"168,0";"21,03,2018";"Фрунзенский";"";"Столкновение";"";"0";"0";"г Санкт-Петербург пр-кт Славы 16";"0,0";"1,0";"2,0";"2,0";
"169,0";"21,03,2018";"Петродворцовый";"";"Столкновение";"";"0";"0";"г Петергоф ш Ропшинское 8";"0,0";"1,0";"2,0";"3,0";
"170,0";"21,03,2018";"Петродворцовый";"";"Наезд на препятствие";"";"0";"0";"г Ломоносов ш Краснофлотское 23";"1,0";"2,0";"1,0";"3,0";
"171,0";"21,03,2018";"Центральный";"";"Столкновение";"";"0";"0";"г Санкт-Петербург наб Воскресенская 8";"0,0";"1,0";"3,0";"3,0";
"172,0";"21,03,2018";"Невский";"";"Столкновение";"";"0";"0";"г Санкт-Петербург наб Обводного канала 28";"0,0";"1,0";"2,0";"2,0";
"173,0";"21,03,2018";"Приморский";"";"Падение пассажира";"";"0";"0";"г Санкт-Петербург пр-кт Королёва 20";"0,0";"1,0";"1,0";"2,0";
"174,0";"21,03,2018";"Калининский";"";"Наезд на пешехода";"";"0";"0";"г Санкт-Петербург ул Верности 13";"0,0";"1,0";"1,0";"2,0";
"175,0";"20,03,2018";"Красносельский";"";"Наезд на пешехода";"";"0";"0";"г Санкт-Петербург пр-кт Народного Ополчения 249-1";"1,0";"0,0";"1,0";"2,0";
"176,0";"20,03,2018";"Московский";"";"Столкновение";"";"0";"0";"г Санкт-Петербург ул Ленсовета 28 25";"0,0";"1,0";"2,0";"2,0";
"177,0";"20,03,2018";"Красносельский";"";"Столкновение";"";"0";"0";"г Санкт-Петербург ш Таллинское (Старо-Паново) 85";"0,0";"1,0";"2,0";"2,0";
"178,0";"20,03,2018";"Приморский";"";"Наезд на пешехода";"";"0";"0";"г Санкт-Петербург ул Аэродромная 8";"0,0";"1,0";"1,0";"2,0";
"179,0";"20,03,2018";"Адмиралтейский";"";"Наезд на пешехода";"";"0";"0";"г Санкт-Петербург ул Гороховая 57";"0,0";"1,0";"1,0";"2,0";
"180,0";"20,03,2018";"Выборгский";"";"Наезд на пешехода";"";"0";"0";"г Санкт-Петербург пр-кт Луначарского 56";"0,0";"1,0";"1,0";"2,0";
"181,0";"20,03,2018";"Красногвардейский";"";"Наезд на стоящее ТС";"";"0";"0";"г Санкт-Петербург пр-кт Косыгина 25 1";"0,0";"2,0";"2,0";"4,0";
"182,0";"20,03,2018";"Приморский";"";"Наезд на пешехода";"";"0";"0";"г Санкт-Петербург наб Чёрной речки Торжковская";"0,0";"1,0";"1,0";"2,0";
"183,0";"20,03,2018";"Адмиралтейский";"";"Столкновение";"";"0";"0";"г Санкт-Петербург ул Егорова 14";"0,0";"1,0";"2,0";"2,0";
"184,0";"20,03,2018";"Выборгский";"";"Столкновение";"";"0";"0";"г Санкт-Петербург пр-кт Светлановский пр, Тореза";"0,0";"1,0";"2,0";"3,0";
"185,0";"20,03,2018";"Приморский";"";"Падение пассажира";"";"0";"0";"г Санкт-Петербург ул Яхтенная 7";"0,0";"1,0";"1,0";"2,0";
"186,0";"20,03,2018";"Невский";"";"Иной вид ДТП";"";"0";"0";"г Санкт-Петербург пр-кт Товарищеский 9";"0,0";"1,0";"1,0";"2,0";
"187,0";"20,03,2018";"Адмиралтейский";"";"Наезд на пешехода";"";"0";"0";"г Санкт-Петербург пр-кт Лермонтовский 10 53";"0,0";"1,0";"1,0";"2,0";
"188,0";"20,03,2018";"Московский";"";"Столкновение";"А-118 Кольцевая автомобильная дорога вокруг г, Санкт-Петербурга";"73";"50";"г Санкт-Петербург  ";"0,0";"2,0";"3,0";"5,0";
"189,0";"20,03,2018";"Адмиралтейский";"";"Столкновение";"";"0";"0";"г Санкт-Петербург пр-кт Рижский 20";"0,0";"1,0";"4,0";"5,0";
"190,0";"20,03,2018";"Красногвардейский";"";"Наезд на пешехода";"";"0";"0";"г Санкт-Петербург пр-кт Шаумяна 24 35";"0,0";"1,0";"1,0";"2,0";
"191,0";"20,03,2018";"Петродворцовый";"";"Наезд на пешехода";"";"0";"0";"г Петергоф пр-кт Санкт-Петербургский 37";"0,0";"1,0";"1,0";"2,0";
"192,0";"20,03,2018";"Адмиралтейский";"";"Падение пассажира";"";"0";"0";"г Санкт-Петербург пл Репина 1";"0,0";"1,0";"1,0";"2,0";
"193,0";"20,03,2018";"Калининский";"";"Наезд на пешехода";"";"0";"0";"г Санкт-Петербург ул Бестужевская 31 1";"0,0";"1,0";"1,0";"2,0";
"194,0";"19,03,2018";"Калининский";"";"Падение пассажира";"";"0";"0";"г Санкт-Петербург пр-кт Науки 23";"0,0";"1,0";"1,0";"2,0";
"195,0";"19,03,2018";"Адмиралтейский";"";"Наезд на пешехода";"";"0";"0";"г Санкт-Петербург наб Крюкова канала 7";"0,0";"1,0";"1,0";"2,0";
"196,0";"19,03,2018";"Калининский";"";"Столкновение";"";"0";"0";"г Санкт-Петербург ул Тимуровская 20";"0,0";"1,0";"2,0";"3,0";
"197,0";"19,03,2018";"Адмиралтейский";"";"Столкновение";"";"0";"0";"г Санкт-Петербург наб Обводного канала 163";"0,0";"1,0";"3,0";"3,0";
"198,0";"19,03,2018";"Красногвардейский";"";"Наезд на пешехода";"";"0";"0";"г Санкт-Петербург пр-кт Пискарёвский 49о";"0,0";"1,0";"1,0";"2,0";
"199,0";"19,03,2018";"Выборгский";"";"Столкновение";"";"0";"0";"г Санкт-Петербург пр-кт Лесной земледельческая";"0,0";"1,0";"3,0";"3,0";
"200,0";"19,03,2018";"Фрунзенский";"";"Наезд на стоящее ТС";"";"0";"0";"г Санкт-Петербург ул Белградская 28-1";"0,0";"1,0";"3,0";"1,0";
"201,0";"19,03,2018";"Курортный";"";"Наезд на препятствие";"";"0";"0";"г Сестрорецк дор Коннолахтинская 1 км";"0,0";"2,0";"1,0";"3,0";
"202,0";"19,03,2018";"Невский";"";"Наезд на пешехода";"";"0";"0";"г Санкт-Петербург пр-кт Дальневосточный 42";"0,0";"1,0";"1,0";"2,0";
"203,0";"19,03,2018";"Адмиралтейский";"";"Наезд на пешехода";"";"0";"0";"г Санкт-Петербург ул Декабристов 29";"0,0";"1,0";"1,0";"2,0";
"204,0";"19,03,2018";"Калининский";"";"Столкновение";"";"0";"0";"г Санкт-Петербург пр-кт Науки 47";"0,0";"1,0";"2,0";"2,0";
"205,0";"19,03,2018";"Выборгский";"";"Столкновение";"";"0";"0";"п Парголово ш Выборгское Дорога в Каменку";"0,0";"1,0";"2,0";"3,0";
"206,0";"19,03,2018";"Выборгский";"";"Столкновение";"";"0";"0";"г Санкт-Петербург пер Учебный 2";"0,0";"1,0";"2,0";"2,0";
"207,0";"19,03,2018";"Невский";"";"Столкновение";"";"0";"0";"г Санкт-Петербург пр-кт Обуховской Обороны 32";"0,0";"1,0";"2,0";"3,0";
"208,0";"19,03,2018";"Василеостровский";"";"Наезд на препятствие";"";"0";"0";"г Санкт-Петербург ул Кораблестроителей 35, КОРП, 1";"0,0";"1,0";"2,0";"3,0";
"209,0";"19,03,2018";"Центральный";"";"Наезд на пешехода";"";"0";"0";"г Санкт-Петербург пр-кт Литейный 31";"0,0";"1,0";"1,0";"2,0";
"210,0";"19,03,2018";"Выборгский";"";"Столкновение";"";"0";"0";"п Парголово пр-кт Комендантский 140";"0,0";"1,0";"2,0";"3,0";
"211,0";"19,03,2018";"Адмиралтейский";"";"Столкновение";"";"0";"0";"г Санкт-Петербург наб Канала Грибоедова 88-90";"0,0";"1,0";"3,0";"4,0";
"212,0";"18,03,2018";"Калининский";"";"Столкновение";"";"0";"0";"г Санкт-Петербург пр-кт Лесной 3";"0,0";"2,0";"2,0";"2,0";
"213,0";"18,03,2018";"Фрунзенский";"";"Столкновение";"";"0";"0";"г Санкт-Петербург наб Обводного канала 66";"0,0";"1,0";"2,0";"3,0";
"214,0";"18,03,2018";"Выборгский";"";"Наезд на пешехода";"";"0";"0";"г Санкт-Петербург пр-кт Луначарского 54";"0,0";"1,0";"1,0";"2,0";
"215,0";"18,03,2018";"Петродворцовый";"";"Столкновение";"";"0";"0";"г Петергоф ул Чебышевская БОТАНИЧЕСКАЯ";"0,0";"2,0";"2,0";"3,0";
"216,0";"18,03,2018";"Невский";"";"Наезд на препятствие";"";"0";"0";"г Санкт-Петербург ул Народная 15";"0,0";"2,0";"1,0";"2,0";
"217,0";"18,03,2018";"Приморский";"";"Столкновение";"";"0";"0";"г Санкт-Петербург ул Планерная Оптиков ул,";"0,0";"1,0";"2,0";"3,0";
"218,0";"18,03,2018";"Красносельский";"";"Падение пассажира";"";"0";"0";"г Санкт-Петербург пр-кт Ветеранов Германа";"0,0";"1,0";"1,0";"2,0";
"219,0";"18,03,2018";"Петроградский";"";"Наезд на пешехода";"";"0";"0";"г Санкт-Петербург ул Ленина 16";"0,0";"1,0";"1,0";"2,0";
"220,0";"18,03,2018";"Пушкинский";"";"Наезд на пешехода";"";"0";"0";"г Пушкин  ";"0,0";"1,0";"1,0";"2,0";
"221,0";"18,03,2018";"Московский";"";"Столкновение";"";"0";"0";"г Санкт-Петербург проезд 5-й Предпортовый 11";"0,0";"2,0";"2,0";"4,0";
"222,0";"18,03,2018";"Красногвардейский";"";"Наезд на пешехода";"";"0";"0";"г Санкт-Петербург пр-кт Наставников 24, К, 1";"0,0";"1,0";"1,0";"2,0";
"223,0";"18,03,2018";"Кронштадтский";"";"Наезд на стоящее ТС";"А-118 Кольцевая автомобильная дорога вокруг г, Санкт-Петербурга";"128";"500";"г Санкт-Петербург  ";"0,0";"2,0";"4,0";"3,0";
"224,0";"17,03,2018";"Приморский";"";"Столкновение";"";"0";"0";"г Санкт-Петербург ул Маршала Новикова автобусная";"0,0";"1,0";"2,0";"3,0";
"225,0";"17,03,2018";"Выборгский";"";"Наезд на пешехода";"";"0";"0";"г Санкт-Петербург б-р Поэтический 1 корп, 1";"0,0";"1,0";"1,0";"2,0";
"226,0";"17,03,2018";"Приморский";"";"Столкновение";"";"0";"0";"г Санкт-Петербург пр-кт Испытателей сизова";"0,0";"2,0";"2,0";"4,0";
"227,0";"17,03,2018";"Выборгский";"";"Столкновение";"";"0";"0";"г Санкт-Петербург ул Академика Лебедева 33";"0,0";"1,0";"2,0";"3,0";
"228,0";"17,03,2018";"Центральный";"";"Наезд на пешехода";"";"0";"0";"г Санкт-Петербург пр-кт Лиговский 128";"0,0";"1,0";"1,0";"2,0";
"229,0";"17,03,2018";"Василеостровский";"";"Наезд на пешехода";"";"0";"0";"г Санкт-Петербург линия 19-я В,О, 22 корп,2";"0,0";"1,0";"1,0";"2,0";
"230,0";"17,03,2018";"Центральный";"";"Наезд на пешехода";"";"0";"0";"г Санкт-Петербург ул Новгородская моисеенко ул";"0,0";"1,0";"1,0";"2,0";
"231,0";"17,03,2018";"Кировский";"";"Столкновение";"";"0";"0";"г Санкт-Петербург пр-кт Ленинский 111к1";"0,0";"2,0";"2,0";"3,0";
"232,0";"17,03,2018";"Красногвардейский";"";"Столкновение";"";"0";"0";"г Санкт-Петербург ул Передовиков 25";"0,0";"1,0";"2,0";"3,0";
"233,0";"17,03,2018";"Калининский";"";"Столкновение";"";"0";"0";"г Санкт-Петербург наб Свердловская 12";"0,0";"1,0";"2,0";"2,0";
"234,0";"17,03,2018";"Московский";"";"Столкновение";"";"0";"0";"г Санкт-Петербург ул Пилотов 38";"0,0";"1,0";"2,0";"2,0";
"235,0";"17,03,2018";"Пушкинский";"";"Столкновение";"";"0";"0";"п Шушары ш Московское 677км550м";"1,0";"0,0";"2,0";"2,0";
"236,0";"17,03,2018";"Выборгский";"";"Наезд на препятствие";"";"0";"0";"г Санкт-Петербург наб Пироговская 9";"0,0";"1,0";"1,0";"2,0";
"237,0";"17,03,2018";"Центральный";"";"Наезд на пешехода";"";"0";"0";"г Санкт-Петербург ул Маяковского 12";"0,0";"1,0";"1,0";"2,0";
"238,0";"16,03,2018";"Выборгский";"";"Столкновение";"А-118 Кольцевая автомобильная дорога вокруг г, Санкт-Петербурга";"14";"300";"г Санкт-Петербург  ";"0,0";"1,0";"6,0";"5,0";
"239,0";"16,03,2018";"Выборгский";"";"Столкновение";"";"0";"0";"г Санкт-Петербург пр-кт Большой Сампсониевский 24";"0,0";"1,0";"2,0";"2,0";
"240,0";"16,03,2018";"Петроградский";"";"Столкновение";"";"0";"0";"г Санкт-Петербург аллея Большая 12";"0,0";"1,0";"2,0";"2,0";
"241,0";"16,03,2018";"Московский";"";"Наезд на пешехода";"";"0";"0";"г Санкт-Петербург ш Московское 38";"0,0";"1,0";"1,0";"2,0";
"242,0";"16,03,2018";"Красносельский";"";"Падение пассажира";"";"0";"0";"г Санкт-Петербург пр-кт Ленинский 61";"0,0";"1,0";"1,0";"2,0";
"243,0";"16,03,2018";"Кировский";"";"Столкновение";"";"0";"0";"г Санкт-Петербург пр-кт Ленинский Новаторов пр,";"0,0";"1,0";"2,0";"3,0";
"244,0";"16,03,2018";"Красносельский";"";"Наезд на препятствие";"А-118 Кольцевая автомобильная дорога вокруг г, Санкт-Петербурга";"73";"250";"г Санкт-Петербург  ";"0,0";"2,0";"1,0";"2,0";
"245,0";"16,03,2018";"Невский";"";"Наезд на пешехода";"";"0";"0";"г Санкт-Петербург ул Евдокима Огнева 8 1";"0,0";"1,0";"1,0";"2,0";
"246,0";"16,03,2018";"Невский";"";"Наезд на стоящее ТС";"А-118 Кольцевая автомобильная дорога вокруг г, Санкт-Петербурга";"83";"400";"г Санкт-Петербург  ";"0,0";"1,0";"3,0";"4,0";
"247,0";"16,03,2018";"Адмиралтейский";"";"Наезд на пешехода";"";"0";"0";"г Санкт-Петербург ул Шкапина 14";"0,0";"1,0";"1,0";"2,0";
"248,0";"15,03,2018";"Адмиралтейский";"";"Наезд на пешехода";"";"0";"0";"г Санкт-Петербург пр-кт Лермонтовский 52";"0,0";"1,0";"1,0";"2,0";
"249,0";"15,03,2018";"Калининский";"";"Наезд на препятствие";"";"0";"0";"г Санкт-Петербург пр-кт Просвещения 74";"1,0";"0,0";"2,0";"3,0";
"250,0";"15,03,2018";"Фрунзенский";"";"Столкновение";"";"0";"0";"г Санкт-Петербург пр-кт Славы 2-1";"0,0";"1,0";"2,0";"2,0";
"251,0";"15,03,2018";"Кировский";"";"Падение пассажира";"";"0";"0";"г Санкт-Петербург пр-кт Маршала Жукова 28к1";"0,0";"1,0";"1,0";"2,0";
"252,0";"15,03,2018";"Кировский";"";"Наезд на пешехода";"";"0";"0";"г Санкт-Петербург ул Маршала Казакова 1";"0,0";"1,0";"1,0";"2,0";
"253,0";"15,03,2018";"Петроградский";"";"Наезд на пешехода";"";"0";"0";"г Санкт-Петербург ул Академика Павлова 5 лит,Е";"0,0";"1,0";"1,0";"2,0";
"254,0";"15,03,2018";"Невский";"";"Падение пассажира";"";"0";"0";"г Санкт-Петербург пр-кт Большевиков 83";"0,0";"1,0";"1,0";"2,0";
"255,0";"15,03,2018";"Кировский";"";"Столкновение";"";"0";"0";"г Санкт-Петербург ул Маршала Говорова ул,Возрождения";"0,0";"3,0";"2,0";"4,0";
"256,0";"15,03,2018";"Адмиралтейский";"";"Наезд на препятствие";"";"0";"0";"г Санкт-Петербург пр-кт Старо-Петергофский 2";"0,0";"2,0";"1,0";"2,0";
"257,0";"15,03,2018";"Приморский";"";"Столкновение";"";"0";"0";"г Санкт-Петербург наб Выборгская наб Черной речки";"0,0";"2,0";"2,0";"2,0";
"258,0";"14,03,2018";"Красногвардейский";"";"Столкновение";"";"0";"0";"г Санкт-Петербург пр-кт Индустриальный 64";"0,0";"1,0";"3,0";"3,0";
"259,0";"14,03,2018";"Фрунзенский";"";"Столкновение";"";"0";"0";"г Санкт-Петербург пр-кт Славы 40-1";"0,0";"2,0";"4,0";"5,0";
"260,0";"14,03,2018";"Курортный";"";"Иной вид ДТП";"А-118 Кольцевая автомобильная дорога вокруг г, Санкт-Петербурга";"1";"800";"г Санкт-Петербург  ";"0,0";"1,0";"1,0";"1,0";
"261,0";"14,03,2018";"Невский";"";"Столкновение";"";"0";"0";"г Санкт-Петербург пр-кт Искровский 1";"0,0";"1,0";"4,0";"4,0";
"262,0";"14,03,2018";"Пушкинский";"";"Наезд на пешехода";"";"0";"0";"п Шушары ш Московское 681";"1,0";"0,0";"2,0";"2,0";
"263,0";"14,03,2018";"Выборгский";"";"Столкновение";"";"0";"0";"г Санкт-Петербург пр-кт Суздальский 26";"0,0";"1,0";"2,0";"2,0";
"264,0";"14,03,2018";"Петродворцовый";"";"Съезд с дороги";"";"0";"0";"г Ломоносов ш Краснофлотское 60";"0,0";"1,0";"1,0";"1,0";
"265,0";"14,03,2018";"Колпинский";"";"Падение пассажира";"";"0";"0";"г Колпино ул Загородная 63";"0,0";"1,0";"1,0";"2,0";
"266,0";"14,03,2018";"Красносельский";"";"Столкновение";"";"0";"0";"г Санкт-Петербург пр-кт Ленинский Ул,Котина";"0,0";"1,0";"2,0";"2,0";
"267,0";"14,03,2018";"Приморский";"";"Наезд на стоящее ТС";"";"0";"0";"г Санкт-Петербург ул Долгоозёрная ПАРАШЮТНАЯ УЛ,";"0,0";"1,0";"2,0";"2,0";
"268,0";"14,03,2018";"Московский";"";"Столкновение";"";"0";"0";"г Санкт-Петербург пр-кт Витебский 75";"0,0";"1,0";"2,0";"3,0";
"269,0";"14,03,2018";"Красногвардейский";"";"Наезд на препятствие";"";"0";"0";"г Санкт-Петербург пр-кт Шафировский 22";"0,0";"1,0";"1,0";"1,0";
"270,0";"14,03,2018";"Московский";"";"Падение пассажира";"";"0";"0";"г Санкт-Петербург пл Победы 1";"0,0";"1,0";"1,0";"2,0";
"271,0";"13,03,2018";"Московский";"";"Наезд на пешехода";"";"0";"0";"г Санкт-Петербург пр-кт Космонавтов 74";"1,0";"0,0";"1,0";"2,0";
"272,0";"13,03,2018";"Петроградский";"";"Наезд на пешехода";"";"0";"0";"г Санкт-Петербург ул Большая Монетная 13";"0,0";"1,0";"1,0";"2,0";
"273,0";"13,03,2018";"Василеостровский";"";"Столкновение";"";"0";"0";"г Санкт-Петербург линия 9-я В,О, 56";"0,0";"1,0";"2,0";"2,0";
"274,0";"13,03,2018";"Петроградский";"";"Наезд на пешехода";"";"0";"0";"г Санкт-Петербург пр-кт Каменноостровский 27";"0,0";"1,0";"1,0";"2,0";
"275,0";"13,03,2018";"Московский";"";"Наезд на препятствие";"А-118 Кольцевая автомобильная дорога вокруг г, Санкт-Петербурга";"74";"0";"г Санкт-Петербург  ";"0,0";"1,0";"1,0";"1,0";
"276,0";"13,03,2018";"Красносельский";"";"Столкновение";"";"0";"0";"г Санкт-Петербург пр-кт Ленинский ул, Доблести";"0,0";"1,0";"2,0";"2,0";
"277,0";"13,03,2018";"Красногвардейский";"";"Столкновение";"А-118 Кольцевая автомобильная дорога вокруг г, Санкт-Петербурга";"37";"500";"г Санкт-Петербург  ";"0,0";"1,0";"4,0";"3,0";
"278,0";"13,03,2018";"Красносельский";"";"Столкновение";"";"0";"0";"г Красное Село пр-кт Ленина 102";"0,0";"1,0";"2,0";"3,0";
"279,0";"13,03,2018";"Красносельский";"";"Столкновение";"";"0";"0";"г Санкт-Петербург пр-кт Ленинский Доблести";"0,0";"1,0";"2,0";"3,0";
"280,0";"13,03,2018";"Кировский";"";"Наезд на пешехода";"";"0";"0";"г Санкт-Петербург пр-кт Стачек ул, Лени Голикова";"0,0";"1,0";"1,0";"2,0";
"281,0";"13,03,2018";"Адмиралтейский";"";"Наезд на пешехода";"";"0";"0";"г Санкт-Петербург ул Садовая 35";"0,0";"1,0";"1,0";"2,0";
"282,0";"13,03,2018";"Приморский";"";"Наезд на пешехода";"";"0";"0";"г Санкт-Петербург ул Вербная Репищева";"0,0";"1,0";"1,0";"2,0";
"283,0";"13,03,2018";"Выборгский";"";"Столкновение";"";"0";"0";"г Санкт-Петербург пр-кт Большой Сампсониевский 20";"0,0";"1,0";"2,0";"3,0";
"284,0";"13,03,2018";"Центральный";"";"Столкновение";"";"0";"0";"г Санкт-Петербург наб Дворцовая 2";"0,0";"3,0";"4,0";"6,0";
"285,0";"13,03,2018";"Красногвардейский";"";"Наезд на пешехода";"";"0";"0";"г Санкт-Петербург пр-кт Наставников 11";"0,0";"1,0";"1,0";"2,0";
"286,0";"13,03,2018";"Фрунзенский";"";"Наезд на пешехода";"";"0";"0";"г Санкт-Петербург ул Бухарестская 72";"0,0";"1,0";"1,0";"2,0";
"287,0";"13,03,2018";"Московский";"";"Падение пассажира";"";"0";"0";"г Санкт-Петербург пр-кт Московский 190";"0,0";"1,0";"1,0";"2,0";
"288,0";"13,03,2018";"Василеостровский";"";"Наезд на пешехода";"";"0";"0";"г Санкт-Петербург линия 14-я В,О, 23";"0,0";"1,0";"1,0";"2,0";
"289,0";"12,03,2018";"Приморский";"";"Столкновение";"";"0";"0";"г Санкт-Петербург пр-кт Королёва 28 к 1 по серебристо";"0,0";"1,0";"2,0";"2,0";
"290,0";"12,03,2018";"Колпинский";"";"Наезд на пешехода";"";"0";"0";"п Металлострой ул Богайчука 24";"0,0";"1,0";"1,0";"2,0";
"291,0";"12,03,2018";"Красногвардейский";"";"Наезд на пешехода";"";"0";"0";"г Санкт-Петербург пр-кт Наставников 42";"0,0";"1,0";"1,0";"2,0";
"292,0";"12,03,2018";"Центральный";"";"Наезд на пешехода";"";"0";"0";"г Санкт-Петербург пр-кт Невский 56";"0,0";"1,0";"1,0";"2,0";
"293,0";"12,03,2018";"Колпинский";"";"Наезд на пешехода";"";"0";"0";"г Колпино  ";"0,0";"1,0";"1,0";"2,0";
"294,0";"12,03,2018";"Кировский";"";"Наезд на препятствие";"Западный скоростной диаметр";"10";"600";"г Санкт-Петербург  ";"0,0";"1,0";"2,0";"3,0";
"295,0";"12,03,2018";"Выборгский";"";"Наезд на пешехода";"";"0";"0";"г Санкт-Петербург пр-кт Просвещения 9";"0,0";"1,0";"1,0";"2,0";
"296,0";"12,03,2018";"Фрунзенский";"";"Столкновение";"";"0";"0";"г Санкт-Петербург ул Софийская 62А";"0,0";"1,0";"2,0";"2,0";
"297,0";"12,03,2018";"Красногвардейский";"";"Столкновение";"";"0";"0";"г Санкт-Петербург ул Челябинская 55";"0,0";"1,0";"2,0";"2,0";
"298,0";"12,03,2018";"Невский";"";"Наезд на пешехода";"";"0";"0";"г Санкт-Петербург ул Народная 32";"0,0";"1,0";"1,0";"2,0";
"299,0";"12,03,2018";"Адмиралтейский";"";"Иной вид ДТП";"";"0";"0";"г Санкт-Петербург пр-кт Рижский 78";"0,0";"1,0";"1,0";"1,0";
"300,0";"12,03,2018";"Невский";"";"Наезд на пешехода";"";"0";"0";"г Санкт-Петербург пр-кт Обуховской Обороны 114-1";"0,0";"1,0";"1,0";"2,0";
"301,0";"12,03,2018";"Калининский";"";"Наезд на стоящее ТС";"";"0";"0";"г Санкт-Петербург пр-кт Суздальский 109";"0,0";"1,0";"2,0";"2,0";
"302,0";"12,03,2018";"Пушкинский";"";"Столкновение";"";"0";"0";"г Пушкин ш Красносельское Киевское ш,";"0,0";"1,0";"2,0";"2,0";
"303,0";"12,03,2018";"Невский";"";"Наезд на пешехода";"";"0";"0";"г Санкт-Петербург пр-кт Искровский 35";"0,0";"1,0";"1,0";"2,0";
"304,0";"12,03,2018";"Пушкинский";"";"Столкновение";"";"0";"0";"п Шушары ул Пушкинская 12";"0,0";"1,0";"3,0";"3,0";
"305,0";"12,03,2018";"Приморский";"";"Столкновение";"";"0";"0";"п Лисий Нос ул Дуговая ул,Центральная";"0,0";"1,0";"2,0";"2,0";
"306,0";"12,03,2018";"Центральный";"";"Наезд на пешехода";"";"0";"0";"г Санкт-Петербург пр-кт Невский 39";"1,0";"0,0";"1,0";"2,0";
"307,0";"12,03,2018";"Кировский";"";"Наезд на пешехода";"";"0";"0";"г Санкт-Петербург пр-кт Стачек 99(по ул,М,Казакова";"0,0";"1,0";"1,0";"2,0";
"308,0";"11,03,2018";"Невский";"";"Столкновение";"";"0";"0";"г Санкт-Петербург пр-кт Большевиков 1";"0,0";"1,0";"2,0";"2,0";
"309,0";"11,03,2018";"Центральный";"";"Столкновение";"";"0";"0";"г Санкт-Петербург пр-кт Невский Думская";"0,0";"1,0";"3,0";"3,0";
"310,0";"11,03,2018";"Московский";"";"Столкновение";"";"0";"0";"г Санкт-Петербург ул Типанова 21";"0,0";"1,0";"2,0";"3,0";
"311,0";"11,03,2018";"Невский";"";"Столкновение";"";"0";"0";"г Санкт-Петербург ул Караваевская 4";"0,0";"1,0";"3,0";"3,0";
"312,0";"11,03,2018";"Кировский";"";"Столкновение";"";"0";"0";"г Санкт-Петербург пр-кт Трамвайный Пр,Стачек";"0,0";"1,0";"2,0";"3,0";
"313,0";"11,03,2018";"Красногвардейский";"";"Наезд на стоящее ТС";"";"0";"0";"г Санкт-Петербург пр-кт Малоохтинский 80 2";"0,0";"1,0";"2,0";"2,0";
"314,0";"11,03,2018";"Невский";"";"Наезд на стоящее ТС";"";"0";"0";"г Санкт-Петербург пр-кт Большевиков 2";"0,0";"1,0";"3,0";"3,0";
"315,0";"11,03,2018";"Московский";"";"Наезд на пешехода";"";"0";"0";"г Санкт-Петербург ул Рейсовая 7";"0,0";"1,0";"1,0";"2,0";
"316,0";"11,03,2018";"Невский";"";"Столкновение";"";"0";"0";"г Санкт-Петербург ул Народная 16";"0,0";"1,0";"3,0";"4,0";
"317,0";"11,03,2018";"Кировский";"";"Столкновение";"";"0";"0";"г Санкт-Петербург пр-кт Маршала Жукова 80 к 3";"0,0";"2,0";"2,0";"2,0";
"318,0";"11,03,2018";"Калининский";"";"Столкновение";"";"0";"0";"г Санкт-Петербург ул Бестужевская 39 (напротив)";"0,0";"1,0";"2,0";"2,0";
"319,0";"10,03,2018";"Невский";"";"Столкновение";"";"0";"0";"г Санкт-Петербург ул Дыбенко 26";"0,0";"1,0";"2,0";"2,0";
"320,0";"10,03,2018";"Калининский";"";"Наезд на пешехода";"";"0";"0";"г Санкт-Петербург пр-кт Кондратьевский 33";"0,0";"1,0";"1,0";"2,0";
"321,0";"10,03,2018";"Калининский";"";"Наезд на пешехода";"";"0";"0";"г Санкт-Петербург ул Руставели 2";"0,0";"1,0";"1,0";"2,0";
"322,0";"10,03,2018";"Приморский";"";"Падение пассажира";"";"0";"0";"г Санкт-Петербург ул Новоорловская 25";"0,0";"1,0";"1,0";"2,0";
"323,0";"10,03,2018";"Колпинский";"";"Наезд на пешехода";"";"0";"0";"п Металлострой ул Садовая 16";"0,0";"1,0";"1,0";"2,0";
"324,0";"10,03,2018";"Приморский";"";"Наезд на пешехода";"";"0";"0";"г Санкт-Петербург пр-кт Королёва 27 А";"0,0";"1,0";"1,0";"2,0";
"325,0";"10,03,2018";"Приморский";"";"Столкновение";"";"0";"0";"г Санкт-Петербург пр-кт Комендантский Долгоозерная ул,";"0,0";"5,0";"2,0";"6,0";
"326,0";"09,03,2018";"Фрунзенский";"";"Наезд на пешехода";"";"0";"0";"г Санкт-Петербург  ";"0,0";"1,0";"1,0";"2,0";
"327,0";"09,03,2018";"Василеостровский";"";"Падение пассажира";"";"0";"0";"г Санкт-Петербург пр-кт Малый В,О, 73";"0,0";"1,0";"1,0";"2,0";
"328,0";"09,03,2018";"Петродворцовый";"";"Падение пассажира";"";"0";"0";"п Стрельна ш Санкт-Петербургское 2А";"0,0";"1,0";"1,0";"2,0";
"329,0";"09,03,2018";"Фрунзенский";"";"Наезд на пешехода";"";"0";"0";"г Санкт-Петербург  ";"0,0";"1,0";"1,0";"2,0";
"330,0";"09,03,2018";"Центральный";"";"Столкновение";"";"0";"0";"г Санкт-Петербург наб Синопская 76";"0,0";"2,0";"3,0";"4,0";
"331,0";"09,03,2018";"Московский";"";"Наезд на пешехода";"";"0";"0";"г Санкт-Петербург ул Варшавская 51 корп,1";"0,0";"1,0";"1,0";"2,0";
"332,0";"09,03,2018";"Приморский";"";"Наезд на пешехода";"";"0";"0";"г Санкт-Петербург пр-кт Королёва 27";"0,0";"1,0";"1,0";"2,0";
"333,0";"09,03,2018";"Приморский";"";"Наезд на препятствие";"";"0";"0";"п Лисий Нос ш Приморское 25км 300м";"0,0";"1,0";"1,0";"2,0";
"334,0";"09,03,2018";"Приморский";"";"Наезд на пешехода";"";"0";"0";"г Санкт-Петербург ул Планерная 15Б";"0,0";"1,0";"1,0";"2,0";
"335,0";"09,03,2018";"Выборгский";"";"Столкновение";"";"0";"0";"г Санкт-Петербург пр-кт Лесной 4";"0,0";"4,0";"4,0";"7,0";
"336,0";"09,03,2018";"Приморский";"";"Столкновение";"";"0";"0";"г Санкт-Петербург пр-кт Королёва ПР, СИЗОВА";"0,0";"2,0";"2,0";"3,0";
"337,0";"09,03,2018";"Приморский";"";"Столкновение";"";"0";"0";"г Санкт-Петербург ул Парашютная Шуваловский пр,";"0,0";"2,0";"3,0";"3,0";
"338,0";"09,03,2018";"Красносельский";"";"Наезд на пешехода";"";"0";"0";"г Санкт-Петербург ул Партизана Германа ул, Чекистов";"0,0";"1,0";"1,0";"2,0";
"339,0";"08,03,2018";"Адмиралтейский";"";"Наезд на пешехода";"";"0";"0";"г Санкт-Петербург пр-кт Лермонтовский 21";"0,0";"1,0";"1,0";"2,0";
"340,0";"08,03,2018";"Приморский";"";"Наезд на пешехода";"";"0";"0";"г Санкт-Петербург дор Торфяная 2, корп, 4";"0,0";"1,0";"1,0";"2,0";
"341,0";"08,03,2018";"Невский";"";"Наезд на пешехода";"";"0";"0";"г Санкт-Петербург ул Дыбенко 24";"0,0";"1,0";"1,0";"2,0";
"342,0";"08,03,2018";"Московский";"";"Столкновение";"";"0";"0";"г Санкт-Петербург ул Предпортовая 8";"0,0";"2,0";"2,0";"3,0";
"343,0";"08,03,2018";"Красногвардейский";"";"Столкновение";"";"0";"0";"г Санкт-Петербург ул Хасанская 1";"0,0";"1,0";"2,0";"2,0";
"344,0";"08,03,2018";"Центральный";"";"Наезд на стоящее ТС";"";"0";"0";"г Санкт-Петербург пр-кт Невский 56";"0,0";"1,0";"2,0";"3,0";
"345,0";"08,03,2018";"Фрунзенский";"";"Столкновение";"";"0";"0";"г Санкт-Петербург ул Ярослава Гашека 21";"0,0";"2,0";"2,0";"3,0";
"346,0";"08,03,2018";"Красносельский";"";"Столкновение";"";"0";"0";"г Санкт-Петербург пр-кт Ветеранов 135";"0,0";"1,0";"2,0";"2,0";
"347,0";"08,03,2018";"Красногвардейский";"";"Столкновение";"А-118 Кольцевая автомобильная дорога вокруг г, Санкт-Петербурга";"103";"150";"г Санкт-Петербург  ";"0,0";"1,0";"3,0";"4,0";
"348,0";"08,03,2018";"Красногвардейский";"";"Столкновение";"";"0";"0";"г Санкт-Петербург дор Муринская 9";"0,0";"2,0";"2,0";"4,0";
"349,0";"08,03,2018";"Красногвардейский";"";"Столкновение";"";"0";"0";"г Санкт-Петербург ул Хасанская 2";"0,0";"1,0";"2,0";"2,0";
"350,0";"08,03,2018";"Курортный";"";"Наезд на пешехода";"";"0";"0";"г Сестрорецк ул Пограничников 60";"0,0";"1,0";"1,0";"2,0";
"351,0";"08,03,2018";"Колпинский";"";"Наезд на пешехода";"";"0";"0";"г Колпино ул Тверская ул, Ремизова";"1,0";"0,0";"1,0";"2,0";
"352,0";"07,03,2018";"Курортный";"";"Наезд на пешехода";"";"0";"0";"г Сестрорецк  ";"0,0";"1,0";"1,0";"2,0";
"353,0";"07,03,2018";"Красносельский";"";"Наезд на пешехода";"";"0";"0";"г Санкт-Петербург  ";"0,0";"1,0";"1,0";"2,0";
"354,0";"07,03,2018";"Красносельский";"";"Падение пассажира";"";"0";"0";"г Санкт-Петербург пр-кт Ленинский 82-1";"0,0";"1,0";"1,0";"2,0";
"355,0";"07,03,2018";"Центральный";"";"Падение пассажира";"";"0";"0";"г Санкт-Петербург пр-кт Лиговский 120";"0,0";"1,0";"1,0";"2,0";
"356,0";"07,03,2018";"Выборгский";"";"Наезд на пешехода";"";"0";"0";"г Санкт-Петербург  ";"0,0";"1,0";"1,0";"2,0";
"357,0";"07,03,2018";"Пушкинский";"";"Столкновение";"";"0";"0";"п Шушары ул Софийская 160м до Автозаводско";"0,0";"1,0";"3,0";"2,0";
"358,0";"07,03,2018";"Московский";"";"Наезд на пешехода";"";"0";"0";"г Санкт-Петербург ул Кубинская 34";"0,0";"1,0";"1,0";"2,0";
"359,0";"07,03,2018";"Калининский";"";"Столкновение";"";"0";"0";"г Санкт-Петербург пр-кт Гражданский 86";"0,0";"1,0";"2,0";"3,0";
"360,0";"07,03,2018";"Невский";"";"Столкновение";"";"0";"0";"г Санкт-Петербург пр-кт Товарищеский 32 2";"0,0";"1,0";"2,0";"2,0";
"361,0";"07,03,2018";"Фрунзенский";"";"Столкновение";"";"0";"0";"г Санкт-Петербург пр-кт Славы 16";"0,0";"1,0";"2,0";"2,0";
"362,0";"06,03,2018";"Калининский";"";"Столкновение";"";"0";"0";"г Санкт-Петербург пр-кт Луначарского 86к4";"0,0";"1,0";"3,0";"4,0";
"363,0";"06,03,2018";"Красногвардейский";"";"Наезд на препятствие";"";"0";"0";"г Санкт-Петербург дор Муринская 24";"0,0";"1,0";"1,0";"2,0";
"364,0";"06,03,2018";"Красногвардейский";"";"Наезд на пешехода";"";"0";"0";"г Санкт-Петербург пр-кт Индустриальный 24";"0,0";"1,0";"1,0";"2,0";
"365,0";"06,03,2018";"Калининский";"";"Наезд на пешехода";"";"0";"0";"г Санкт-Петербург пр-кт Гражданский 66к1";"0,0";"1,0";"1,0";"2,0";
"366,0";"06,03,2018";"Приморский";"";"Наезд на пешехода";"";"0";"0";"г Санкт-Петербург пер 3-й Озерковский 1";"0,0";"1,0";"1,0";"2,0";
"367,0";"06,03,2018";"Московский";"";"Наезд на пешехода";"";"0";"0";"г Санкт-Петербург ул Кубинская 70";"0,0";"1,0";"1,0";"2,0";
"368,0";"06,03,2018";"Кировский";"";"Столкновение";"";"0";"0";"г Санкт-Петербург пр-кт Стачек Ул,Зенитчиков";"0,0";"1,0";"2,0";"3,0";
"369,0";"06,03,2018";"Кировский";"";"Наезд на препятствие";"";"0";"0";"г Санкт-Петербург пр-кт Маршала Жукова 60 к 1";"1,0";"0,0";"1,0";"2,0";
"370,0";"06,03,2018";"Фрунзенский";"";"Падение пассажира";"";"0";"0";"г Санкт-Петербург ул Бухарестская 3 по ул, Белы Куна";"0,0";"1,0";"1,0";"2,0";
"371,0";"06,03,2018";"Василеостровский";"";"Столкновение";"";"0";"0";"г Санкт-Петербург наб Лейтенанта Шмидта 43";"0,0";"1,0";"2,0";"3,0";
"372,0";"06,03,2018";"Приморский";"";"Падение пассажира";"";"0";"0";"г Санкт-Петербург пр-кт Богатырский 7 к 8";"0,0";"1,0";"1,0";"2,0";
"373,0";"06,03,2018";"Приморский";"";"Наезд на пешехода";"";"0";"0";"г Санкт-Петербург б-р Серебристый 24";"0,0";"1,0";"1,0";"2,0";
"374,0";"05,03,2018";"Невский";"";"Столкновение";"";"0";"0";"г Санкт-Петербург наб Октябрьская 84";"0,0";"1,0";"3,0";"4,0";
"375,0";"05,03,2018";"Приморский";"";"Наезд на пешехода";"";"0";"0";"г Санкт-Петербург ул Мебельная МЕбельный проезд";"0,0";"1,0";"2,0";"3,0";
"376,0";"05,03,2018";"Василеостровский";"";"Наезд на пешехода";"";"0";"0";"г Санкт-Петербург пр-кт Малый В,О, 84";"0,0";"1,0";"1,0";"2,0";
"377,0";"05,03,2018";"Петродворцовый";"";"Наезд на препятствие";"";"0";"0";"п Стрельна ш Волхонское 58";"0,0";"1,0";"1,0";"1,0";
"378,0";"05,03,2018";"Петродворцовый";"";"Столкновение";"";"0";"0";"г Ломоносов ул Федюнинского ПОБЕДЫ";"0,0";"1,0";"2,0";"2,0";
"379,0";"05,03,2018";"Фрунзенский";"";"Наезд на препятствие";"";"0";"0";"г Санкт-Петербург ул Софийская 37-1";"0,0";"1,0";"1,0";"1,0";
"380,0";"05,03,2018";"Красногвардейский";"";"Наезд на пешехода";"";"0";"0";"г Санкт-Петербург пр-кт Энтузиастов 47к1";"0,0";"1,0";"1,0";"2,0";
"381,0";"05,03,2018";"Центральный";"";"Столкновение";"";"0";"0";"г Санкт-Петербург ул Звенигородская 6";"0,0";"1,0";"2,0";"3,0";
"382,0";"05,03,2018";"Калининский";"";"Столкновение";"";"0";"0";"г Санкт-Петербург ул Политехническая 24";"0,0";"1,0";"7,0";"5,0";
"383,0";"05,03,2018";"Калининский";"";"Наезд на пешехода";"";"0";"0";"г Санкт-Петербург наб Арсенальная 7";"0,0";"1,0";"1,0";"2,0";
"384,0";"05,03,2018";"Василеостровский";"";"Столкновение";"";"0";"0";"г Санкт-Петербург линия 4-я В,О, 1 3";"0,0";"1,0";"3,0";"3,0";
"385,0";"05,03,2018";"Кировский";"";"Падение пассажира";"";"0";"0";"г Санкт-Петербург пр-кт Ветеранов пр,М,Жукова";"0,0";"1,0";"1,0";"2,0";
"386,0";"05,03,2018";"Кировский";"";"Столкновение";"";"0";"0";"г Санкт-Петербург пр-кт Народного Ополчения Ленинский пр,";"0,0";"1,0";"2,0";"3,0";
"387,0";"05,03,2018";"Центральный";"";"Наезд на пешехода";"";"0";"0";"г Санкт-Петербург ул 7-я Советская Суворовский пр-кт";"1,0";"0,0";"1,0";"2,0";
"388,0";"05,03,2018";"Кировский";"";"Столкновение";"";"0";"0";"г Санкт-Петербург пр-кт Стачек Трамвайный пр,";"0,0";"1,0";"2,0";"2,0";
"389,0";"05,03,2018";"Петроградский";"";"Падение пассажира";"";"0";"0";"г Санкт-Петербург пр-кт Каменноостровский 31-33";"0,0";"1,0";"2,0";"3,0";
"390,0";"05,03,2018";"Адмиралтейский";"";"Столкновение";"";"0";"0";"г Санкт-Петербург пр-кт Старо-Петергофский 13";"0,0";"2,0";"2,0";"3,0";
"391,0";"05,03,2018";"Выборгский";"";"Наезд на препятствие";"А-118 Кольцевая автомобильная дорога вокруг г, Санкт-Петербурга";"18";"300";"г Санкт-Петербург  ";"0,0";"1,0";"1,0";"1,0";
"392,0";"04,03,2018";"Красносельский";"";"Наезд на пешехода";"";"0";"0";"г Красное Село пр-кт Ленина 114";"0,0";"1,0";"1,0";"2,0";
"393,0";"04,03,2018";"Пушкинский";"";"Столкновение";"А-118 Кольцевая автомобильная дорога вокруг г, Санкт-Петербурга";"62";"0";"г Санкт-Петербург  ";"0,0";"1,0";"3,0";"3,0";
"394,0";"04,03,2018";"Калининский";"";"Наезд на стоящее ТС";"";"0";"0";"г Санкт-Петербург пр-кт Маршала Блюхера 8к,1";"0,0";"1,0";"3,0";"3,0";
"395,0";"04,03,2018";"Центральный";"";"Наезд на пешехода";"";"0";"0";"г Санкт-Петербург пр-кт Невский думская";"0,0";"1,0";"1,0";"2,0";
"396,0";"04,03,2018";"Выборгский";"";"Наезд на препятствие";"";"0";"0";"г Санкт-Петербург пр-кт Северный Есенина";"0,0";"1,0";"1,0";"2,0";
"397,0";"04,03,2018";"Красносельский";"";"Столкновение";"";"0";"0";"г Санкт-Петербург пр-кт Маршала Жукова Ветеранов";"0,0";"2,0";"3,0";"3,0";
"398,0";"04,03,2018";"Невский";"";"Столкновение";"";"0";"0";"г Санкт-Петербург ул Седова 76";"0,0";"1,0";"2,0";"2,0";
"399,0";"04,03,2018";"Красносельский";"";"Наезд на препятствие";"";"0";"0";"г Санкт-Петербург пр-кт Народного Ополчения 241";"0,0";"1,0";"2,0";"2,0";
"400,0";"04,03,2018";"Московский";"";"Столкновение";"";"0";"0";"г Санкт-Петербург ш Пулковское 14";"0,0";"2,0";"2,0";"3,0";
"401,0";"04,03,2018";"Центральный";"";"Столкновение";"";"0";"0";"г Санкт-Петербург наб Реки Мойки 54";"0,0";"1,0";"2,0";"2,0";
"402,0";"03,03,2018";"Московский";"";"Столкновение";"";"0";"0";"г Санкт-Петербург ул Кузнецовская пр, Юрия Гагарина";"0,0";"3,0";"2,0";"4,0";
"403,0";"03,03,2018";"Адмиралтейский";"";"Столкновение";"";"0";"0";"г Санкт-Петербург наб Английская 38";"0,0";"1,0";"2,0";"2,0";
"404,0";"03,03,2018";"Красногвардейский";"";"Наезд на пешехода";"";"0";"0";"г Санкт-Петербург пр-кт Заневский 65 К,5";"0,0";"1,0";"1,0";"2,0";
"405,0";"03,03,2018";"Приморский";"";"Столкновение";"";"0";"0";"г Санкт-Петербург ш Приморское 69";"0,0";"1,0";"2,0";"2,0";
"406,0";"03,03,2018";"Приморский";"";"Столкновение";"";"0";"0";"г Санкт-Петербург ш Ланское новосибирская ул,";"0,0";"2,0";"2,0";"3,0";
"407,0";"03,03,2018";"Московский";"";"Иной вид ДТП";"";"0";"0";"г Санкт-Петербург ул Звёздная 15";"0,0";"1,0";"1,0";"2,0";
"408,0";"03,03,2018";"Петродворцовый";"";"Столкновение";"";"0";"0";"п Стрельна ш Санкт-Петербургское 63";"0,0";"1,0";"2,0";"2,0";
"409,0";"03,03,2018";"Калининский";"";"Столкновение";"";"0";"0";"г Санкт-Петербург пр-кт Непокорённых Гражданский пр,(прое";"0,0";"2,0";"2,0";"3,0";
"410,0";"03,03,2018";"Приморский";"";"Наезд на препятствие";"А-118 Кольцевая автомобильная дорога вокруг г, Санкт-Петербурга";"140";"0";"г Санкт-Петербург  ";"0,0";"2,0";"2,0";"4,0";
"411,0";"03,03,2018";"Красногвардейский";"";"Столкновение";"";"0";"0";"г Санкт-Петербург пр-кт Шаумяна 22";"0,0";"1,0";"2,0";"2,0";
"412,0";"03,03,2018";"Выборгский";"";"Столкновение";"";"0";"0";"г Санкт-Петербург ш Выборгское 2А";"0,0";"1,0";"2,0";"3,0";
"413,0";"02,03,2018";"Выборгский";"";"Падение пассажира";"";"0";"0";"г Санкт-Петербург ул Политехническая 30к2";"0,0";"1,0";"1,0";"2,0";
"414,0";"02,03,2018";"Фрунзенский";"";"Наезд на пешехода";"";"0";"0";"г Санкт-Петербург ул Софийская 32-1";"1,0";"0,0";"1,0";"2,0";
"415,0";"02,03,2018";"Кировский";"";"Столкновение";"";"0";"0";"г Санкт-Петербург пр-кт Стачек Корнеева";"0,0";"1,0";"4,0";"4,0";
"416,0";"02,03,2018";"Кировский";"";"Наезд на пешехода";"";"0";"0";"г Санкт-Петербург пр-кт Ленинский ул,Зины Портновой";"0,0";"1,0";"1,0";"2,0";
"417,0";"02,03,2018";"Московский";"";"Наезд на стоящее ТС";"";"0";"0";"г Санкт-Петербург пр-кт Космонавтов 52";"0,0";"1,0";"2,0";"3,0";
"418,0";"02,03,2018";"Петродворцовый";"";"Столкновение";"";"0";"0";"г Ломоносов ул Александровская 13";"0,0";"1,0";"2,0";"2,0";
"419,0";"02,03,2018";"Красносельский";"";"Столкновение";"";"0";"0";"г Красное Село ул Свободы 24";"0,0";"1,0";"2,0";"2,0";
"420,0";"02,03,2018";"Выборгский";"";"Столкновение";"";"0";"0";"г Санкт-Петербург пр-кт Большой Сампсониевский Гренадерская ул";"0,0";"1,0";"2,0";"2,0";
"421,0";"02,03,2018";"Приморский";"";"Столкновение";"";"0";"0";"г Санкт-Петербург ул Долгоозёрная 28";"0,0";"1,0";"3,0";"4,0";
"422,0";"02,03,2018";"Приморский";"";"Столкновение";"";"0";"0";"г Санкт-Петербург пр-кт Лахтинский Коннолахтинский пр";"0,0";"2,0";"2,0";"3,0";
"423,0";"02,03,2018";"Красносельский";"";"Наезд на пешехода";"";"0";"0";"г Санкт-Петербург ш Петергофское 1-1";"0,0";"1,0";"1,0";"2,0";
"424,0";"01,03,2018";"Калининский";"";"Наезд на стоящее ТС";"А-118 Кольцевая автомобильная дорога вокруг г, Санкт-Петербурга";"111";"862";"г Санкт-Петербург  ";"1,0";"0,0";"3,0";"3,0";
"425,0";"01,03,2018";"Невский";"";"Наезд на пешехода";"";"0";"0";"г Санкт-Петербург пр-кт Большевиков 20";"0,0";"1,0";"1,0";"2,0";
"426,0";"01,03,2018";"Выборгский";"";"Столкновение";"";"0";"0";"г Санкт-Петербург пр-кт Энгельса 21";"0,0";"1,0";"2,0";"2,0";
"427,0";"01,03,2018";"Выборгский";"";"Наезд на пешехода";"";"0";"0";"г Санкт-Петербург пр-кт Энгельса 120";"0,0";"1,0";"1,0";"2,0";
"428,0";"01,03,2018";"Красногвардейский";"";"Наезд на пешехода";"";"0";"0";"г Санкт-Петербург пр-кт Наставников 19";"0,0";"1,0";"1,0";"2,0";
"429,0";"01,03,2018";"Калининский";"";"Наезд на пешехода";"";"0";"0";"г Санкт-Петербург пр-кт Гражданский 47";"1,0";"0,0";"1,0";"2,0";
"430,0";"01,03,2018";"Петроградский";"";"Столкновение";"";"0";"0";"г Санкт-Петербург пр-кт Медиков 15";"0,0";"2,0";"3,0";"5,0";
"431,0";"01,03,2018";"Центральный";"";"Столкновение";"";"0";"0";"г Санкт-Петербург пр-кт Литейный 2";"0,0";"1,0";"2,0";"2,0";
"432,0";"01,03,2018";"Кировский";"";"Столкновение";"";"0";"0";"г Санкт-Петербург пр-кт Стачек 32";"0,0";"1,0";"3,0";"3,0";
"433,0";"01,03,2018";"Красногвардейский";"";"Столкновение";"";"0";"0";"г Санкт-Петербург пр-кт Наставников 22";"0,0";"2,0";"6,0";"6,0";
"434,0";"01,03,2018";"Красногвардейский";"";"Столкновение";"";"0";"0";"г Санкт-Петербург ул Хасанская 17";"0,0";"1,0";"2,0";"2,0";
"435,0";"01,03,2018";"Петродворцовый";"";"Столкновение";"";"0";"0";"г Петергоф пр-кт Санкт-Петербургский 60";"0,0";"3,0";"4,0";"5,0";
"436,0";"01,03,2018";"Калининский";"";"Столкновение";"";"0";"0";"г Санкт-Петербург пр-кт Науки 4";"0,0";"2,0";"2,0";"3,0";