"1,0";"30,11,2018";"Колпинский";"";"Наезд на пешехода";"";"0";"0";"г Колпино ул Пролетарская адмиралтейская";"0,0";"1,0";"1,0";"2,0";
"3,0";"30,11,2018";"Красногвардейский";"";"Наезд на пешехода";"";"0";"0";"г Санкт-Петербург ул Электропультовцев ";"0,0";"1,0";"1,0";"2,0";
"4,0";"30,11,2018";"Приморский";"";"Столкновение";"";"0";"0";"г Санкт-Петербург пр-кт Приморский 79";"0,0";"1,0";"4,0";"5,0";
"5,0";"30,11,2018";"Московский";"";"Столкновение";"А-118 Кольцевая автомобильная дорога вокруг г, Санкт-Петербурга";"72";"600";"г Санкт-Петербург  ";"0,0";"1,0";"3,0";"3,0";
"6,0";"30,11,2018";"Фрунзенский";"";"Столкновение";"";"0";"0";"г Санкт-Петербург ул Димитрова 69 Бухарестская";"0,0";"1,0";"2,0";"2,0";
"7,0";"30,11,2018";"Приморский";"";"Наезд на пешехода";"";"0";"0";"г Санкт-Петербург пр-кт Королёва 41к1по Шуваловскому";"0,0";"1,0";"1,0";"2,0";
"8,0";"30,11,2018";"Невский";"";"Столкновение";"";"0";"0";"г Санкт-Петербург пр-кт Обуховской Обороны 259";"0,0";"1,0";"3,0";"3,0";
"9,0";"30,11,2018";"Московский";"";"Столкновение";"";"0";"0";"г Санкт-Петербург ш Пулковское 65к1";"0,0";"3,0";"3,0";"4,0";
"10,0";"30,11,2018";"Кировский";"";"Столкновение";"";"0";"0";"г Санкт-Петербург пр-кт Трамвайный пр,Н,Ополчения";"0,0";"1,0";"2,0";"2,0";
"11,0";"30,11,2018";"Выборгский";"";"Столкновение";"";"0";"0";"г Санкт-Петербург пр-кт Лесной 22";"0,0";"2,0";"2,0";"4,0";
"12,0";"30,11,2018";"Красносельский";"";"Падение пассажира";"";"0";"0";"г Санкт-Петербург ул Рихарда Зорге Брестский";"0,0";"1,0";"1,0";"2,0";
"13,0";"30,11,2018";"Центральный";"";"Наезд на лицо, не являющееся участником дорожного движения, осуществляющее несение службы";"";"0";"0";"г Санкт-Петербург наб Дворцовая 4";"0,0";"1,0";"1,0";"2,0";
"14,0";"30,11,2018";"Невский";"";"Наезд на пешехода";"";"0";"0";"г Санкт-Петербург  ";"0,0";"1,0";"1,0";"2,0";
"15,0";"30,11,2018";"Выборгский";"";"Падение пассажира";"";"0";"0";"г Санкт-Петербург ул Курчатова 14";"0,0";"1,0";"2,0";"3,0";
"16,0";"30,11,2018";"Пушкинский";"";"Наезд на пешехода";"";"0";"0";"г Пушкин  ";"0,0";"1,0";"1,0";"2,0";
"17,0";"29,11,2018";"Фрунзенский";"";"Столкновение";"";"0";"0";"г Санкт-Петербург пр-кт Славы 43 49";"0,0";"1,0";"2,0";"3,0";
"18,0";"29,11,2018";"Выборгский";"";"Наезд на пешехода";"";"0";"0";"г Санкт-Петербург  ";"0,0";"1,0";"1,0";"2,0";
"19,0";"29,11,2018";"Фрунзенский";"";"Наезд на пешехода";"";"0";"0";"г Санкт-Петербург  ";"0,0";"1,0";"1,0";"2,0";
"20,0";"29,11,2018";"Невский";"";"Столкновение";"";"0";"0";"г Санкт-Петербург ул Рабфаковская 3 корп,1";"0,0";"1,0";"2,0";"3,0";
"21,0";"29,11,2018";"Василеостровский";"";"Столкновение";"";"0";"0";"г Санкт-Петербург ул Наличная 45";"0,0";"1,0";"2,0";"2,0";
"22,0";"29,11,2018";"Пушкинский";"";"Столкновение";"";"0";"0";"п Шушары ш Московское Уч212";"0,0";"1,0";"3,0";"2,0";
"23,0";"29,11,2018";"Красносельский";"";"Столкновение";"";"0";"0";"г Красное Село ш Гатчинское 17";"0,0";"1,0";"2,0";"2,0";
"24,0";"29,11,2018";"Фрунзенский";"";"Наезд на пешехода";"";"0";"0";"г Санкт-Петербург ул Софийская 55";"0,0";"1,0";"1,0";"2,0";
"25,0";"29,11,2018";"Невский";"";"Наезд на пешехода";"";"0";"0";"г Санкт-Петербург ул Коллонтай 3";"0,0";"1,0";"1,0";"2,0";
"26,0";"29,11,2018";"Красногвардейский";"";"Падение пассажира";"";"0";"0";"г Санкт-Петербург пр-кт Энтузиастов 30";"0,0";"1,0";"1,0";"2,0";
"27,0";"29,11,2018";"Красногвардейский";"";"Столкновение";"";"0";"0";"г Санкт-Петербург дор Муринская 94";"0,0";"1,0";"2,0";"2,0";
"28,0";"29,11,2018";"Невский";"";"Падение пассажира";"";"0";"0";"г Санкт-Петербург пр-кт Российский 8";"0,0";"2,0";"1,0";"3,0";
"29,0";"29,11,2018";"Адмиралтейский";"";"Столкновение";"";"0";"0";"г Санкт-Петербург наб Реки Фонтанки 127";"0,0";"1,0";"2,0";"2,0";
"30,0";"29,11,2018";"Красносельский";"";"Наезд на препятствие";"";"0";"0";"г Санкт-Петербург пр-кт Ленина 2к4";"0,0";"1,0";"1,0";"2,0";
"31,0";"29,11,2018";"Калининский";"";"Наезд на пешехода";"";"0";"0";"г Санкт-Петербург  ";"0,0";"1,0";"1,0";"2,0";
"32,0";"29,11,2018";"Василеостровский";"";"Наезд на стоящее ТС";"Западный скоростной диаметр";"18";"400";"г Санкт-Петербург  ";"0,0";"1,0";"2,0";"2,0";
"33,0";"29,11,2018";"Выборгский";"";"Столкновение";"";"0";"0";"г Санкт-Петербург пр-кт Художников 14";"0,0";"1,0";"2,0";"3,0";
"34,0";"28,11,2018";"Курортный";"";"Наезд на пешехода";"";"0";"0";"г Санкт-Петербург  ";"0,0";"3,0";"1,0";"4,0";
"35,0";"28,11,2018";"Красногвардейский";"";"Наезд на пешехода";"";"0";"0";"г Санкт-Петербург ул Магнитогорская 17";"0,0";"1,0";"1,0";"2,0";
"36,0";"28,11,2018";"Центральный";"";"Падение пассажира";"";"0";"0";"г Санкт-Петербург пр-кт Лиговский 16";"0,0";"1,0";"1,0";"2,0";
"37,0";"28,11,2018";"Невский";"";"Падение пассажира";"";"0";"0";"г Санкт-Петербург ул Хрустальная 18";"0,0";"1,0";"1,0";"2,0";
"38,0";"28,11,2018";"Калининский";"";"Падение пассажира";"";"0";"0";"г Санкт-Петербург пр-кт Гражданский 124";"0,0";"1,0";"1,0";"2,0";
"39,0";"28,11,2018";"Калининский";"";"Падение пассажира";"";"0";"0";"г Санкт-Петербург ул Черкасова 12";"0,0";"1,0";"1,0";"2,0";
"40,0";"28,11,2018";"Московский";"";"Наезд на пешехода";"";"0";"0";"г Санкт-Петербург  ";"0,0";"1,0";"1,0";"2,0";
"41,0";"28,11,2018";"Невский";"";"Наезд на пешехода";"";"0";"0";"г Санкт-Петербург б-р Красных Зорь 8";"0,0";"1,0";"1,0";"2,0";
"42,0";"28,11,2018";"Фрунзенский";"";"Наезд на пешехода";"";"0";"0";"г Санкт-Петербург ул Пражская 35";"0,0";"1,0";"1,0";"2,0";
"43,0";"28,11,2018";"Калининский";"";"Наезд на пешехода";"";"0";"0";"г Санкт-Петербург пр-кт Науки 24 корпус1";"0,0";"1,0";"1,0";"2,0";
"44,0";"28,11,2018";"Пушкинский";"";"Наезд на пешехода";"";"0";"0";"п Шушары тер Московская Славянка 680км 967м";"0,0";"1,0";"2,0";"3,0";
"45,0";"28,11,2018";"Колпинский";"";"Наезд на пешехода";"";"0";"0";"г Колпино пр-кт Ленина 1 тер ИЗ";"0,0";"1,0";"1,0";"2,0";
"46,0";"28,11,2018";"Выборгский";"";"Наезд на пешехода";"";"0";"0";"г Санкт-Петербург  ";"0,0";"1,0";"1,0";"2,0";
"47,0";"28,11,2018";"Красногвардейский";"";"Наезд на стоящее ТС";"";"0";"0";"г Санкт-Петербург наб Малоохтинская 98";"0,0";"1,0";"2,0";"2,0";
"48,0";"28,11,2018";"Петродворцовый";"";"Наезд на пешехода";"";"0";"0";"г Петергоф ул Беловой 1";"0,0";"1,0";"1,0";"2,0";
"49,0";"28,11,2018";"Московский";"";"Наезд на стоящее ТС";"";"0";"0";"г Санкт-Петербург пр-кт Московский 191";"0,0";"3,0";"5,0";"6,0";
"50,0";"28,11,2018";"Кронштадтский";"";"Наезд на препятствие";"А-118 Кольцевая автомобильная дорога вокруг г, Санкт-Петербурга";"132";"150";"г Санкт-Петербург  ";"0,0";"1,0";"1,0";"1,0";
"51,0";"28,11,2018";"Выборгский";"";"Наезд на пешехода";"";"0";"0";"г Санкт-Петербург ул Фокина пр,Б,Сампсониевский";"0,0";"1,0";"1,0";"2,0";
"52,0";"28,11,2018";"Московский";"";"Наезд на пешехода";"";"0";"0";"г Санкт-Петербург пр-кт Московский 220";"0,0";"1,0";"1,0";"2,0";
"53,0";"28,11,2018";"Приморский";"";"Столкновение";"";"0";"0";"г Санкт-Петербург ул Савушкина 107 к1";"0,0";"2,0";"3,0";"4,0";
"54,0";"27,11,2018";"Кировский";"";"Наезд на пешехода";"";"0";"0";"г Санкт-Петербург ул Ивана Черных 6";"0,0";"1,0";"1,0";"2,0";
"55,0";"27,11,2018";"Кировский";"";"Столкновение";"Западный скоростной диаметр";"33";"810";"г Санкт-Петербург  ";"0,0";"1,0";"4,0";"2,0";
"56,0";"27,11,2018";"Красносельский";"";"Наезд на стоящее ТС";"А-118 Кольцевая автомобильная дорога вокруг г, Санкт-Петербурга";"78";"600";"г Санкт-Петербург  ";"0,0";"1,0";"4,0";"4,0";
"57,0";"27,11,2018";"Выборгский";"";"Столкновение";"";"0";"0";"г Санкт-Петербург пр-кт Энгельса Тореза пр,";"0,0";"1,0";"2,0";"2,0";
"58,0";"27,11,2018";"Невский";"";"Наезд на препятствие";"";"0";"0";"г Санкт-Петербург пр-кт Дальневосточный 51";"0,0";"1,0";"1,0";"1,0";
"59,0";"27,11,2018";"Центральный";"";"Наезд на пешехода";"";"0";"0";"г Санкт-Петербург ул Михайловская 2";"0,0";"1,0";"1,0";"2,0";
"60,0";"27,11,2018";"Колпинский";"";"Падение пассажира";"";"0";"0";"г Колпино ул Веры Слуцкой бульвар трудящихся";"0,0";"1,0";"1,0";"2,0";
"61,0";"27,11,2018";"Московский";"";"Наезд на пешехода";"";"0";"0";"г Санкт-Петербург ш Московское 6 (бок, пр,)";"0,0";"1,0";"1,0";"2,0";
"62,0";"27,11,2018";"Центральный";"";"Столкновение";"";"0";"0";"г Санкт-Петербург пр-кт Лиговский кузнечный пер";"0,0";"2,0";"2,0";"4,0";
"63,0";"27,11,2018";"Кировский";"";"Столкновение";"";"0";"0";"г Санкт-Петербург пр-кт Ленинский 139";"0,0";"1,0";"4,0";"5,0";
"64,0";"27,11,2018";"Красносельский";"";"Столкновение";"";"0";"0";"г Красное Село ул Освобождения 26";"0,0";"1,0";"2,0";"3,0";
"65,0";"27,11,2018";"Фрунзенский";"";"Столкновение";"";"0";"0";"г Санкт-Петербург ул Бухарестская 118 корп, 1";"0,0";"2,0";"2,0";"3,0";
"66,0";"27,11,2018";"Московский";"";"Наезд на препятствие";"";"0";"0";"г Санкт-Петербург ш Пулковское 36";"0,0";"1,0";"1,0";"2,0";
"67,0";"27,11,2018";"Московский";"";"Столкновение";"А-118 Кольцевая автомобильная дорога вокруг г, Санкт-Петербурга";"73";"900";"г Санкт-Петербург  ";"0,0";"1,0";"2,0";"2,0";
"68,0";"26,11,2018";"Фрунзенский";"";"Наезд на пешехода";"";"0";"0";"г Санкт-Петербург ул Белы Куна 26 кор, 1";"0,0";"1,0";"1,0";"2,0";
"69,0";"26,11,2018";"Красносельский";"";"Наезд на препятствие";"А-118 Кольцевая автомобильная дорога вокруг г, Санкт-Петербурга";"60";"700";"г Санкт-Петербург  ";"0,0";"1,0";"1,0";"1,0";
"70,0";"26,11,2018";"Центральный";"";"Наезд на пешехода";"";"0";"0";"г Санкт-Петербург пр-кт Невский 77";"0,0";"1,0";"1,0";"2,0";
"71,0";"26,11,2018";"Невский";"";"Падение пассажира";"";"0";"0";"г Санкт-Петербург пр-кт Шлиссельбургский 6";"0,0";"1,0";"1,0";"2,0";
"72,0";"26,11,2018";"Пушкинский";"";"Наезд на пешехода";"";"0";"0";"г Пушкин ш Киевское 27км 800м";"0,0";"1,0";"1,0";"2,0";
"73,0";"26,11,2018";"Пушкинский";"";"Наезд на пешехода";"";"0";"0";"п Тярлево ш Московское Ул, Удаловская";"0,0";"1,0";"1,0";"2,0";
"74,0";"26,11,2018";"Московский";"";"Наезд на пешехода";"";"0";"0";"г Санкт-Петербург ул Кузнецовская 44";"0,0";"1,0";"1,0";"2,0";
"75,0";"26,11,2018";"Красногвардейский";"";"Наезд на стоящее ТС";"";"0";"0";"г Санкт-Петербург ул Передовиков 19-3";"0,0";"1,0";"2,0";"2,0";
"76,0";"26,11,2018";"Калининский";"";"Наезд на пешехода";"";"0";"0";"г Санкт-Петербург  ";"0,0";"1,0";"1,0";"2,0";
"77,0";"26,11,2018";"Красногвардейский";"";"Столкновение";"А-118 Кольцевая автомобильная дорога вокруг г, Санкт-Петербурга";"104";"200";"г Санкт-Петербург  ";"0,0";"1,0";"3,0";"3,0";
"78,0";"26,11,2018";"Невский";"";"Столкновение";"";"0";"0";"г Санкт-Петербург ул Седова 66";"0,0";"1,0";"2,0";"3,0";
"79,0";"26,11,2018";"Центральный";"";"Наезд на пешехода";"";"0";"0";"г Санкт-Петербург ул 8-я Советская 47";"0,0";"1,0";"1,0";"2,0";
"80,0";"26,11,2018";"Приморский";"";"Наезд на велосипедиста";"";"0";"0";"г Санкт-Петербург ул Савушкина 17";"0,0";"1,0";"2,0";"2,0";
"81,0";"26,11,2018";"Красногвардейский";"";"Столкновение";"";"0";"0";"г Санкт-Петербург пр-кт Металлистов 82";"0,0";"2,0";"2,0";"3,0";
"82,0";"26,11,2018";"Кировский";"";"Наезд на пешехода";"";"0";"0";"г Санкт-Петербург ул Двинская 17";"0,0";"1,0";"1,0";"2,0";
"83,0";"26,11,2018";"Красносельский";"";"Падение пассажира";"";"0";"0";"г Санкт-Петербург пр-кт Ветеранов 122";"0,0";"1,0";"1,0";"2,0";
"84,0";"26,11,2018";"Центральный";"";"Столкновение";"";"0";"0";"г Санкт-Петербург пр-кт Литейный 30";"0,0";"1,0";"2,0";"3,0";
"85,0";"26,11,2018";"Калининский";"";"Наезд на пешехода";"";"0";"0";"г Санкт-Петербург  ";"0,0";"1,0";"1,0";"2,0";
"86,0";"26,11,2018";"Красносельский";"";"Наезд на пешехода";"";"0";"0";"г Санкт-Петербург ул Рихарда Зорге 6-2";"0,0";"1,0";"1,0";"2,0";
"87,0";"26,11,2018";"Василеостровский";"";"Столкновение";"Западный скоростной диаметр";"13";"400";"г Санкт-Петербург  ";"0,0";"1,0";"4,0";"4,0";
"88,0";"25,11,2018";"Колпинский";"";"Съезд с дороги";"";"0";"0";"г Колпино ш Вознесенское дорога на Эко ГАЗ";"0,0";"2,0";"1,0";"2,0";
"89,0";"25,11,2018";"Фрунзенский";"";"Столкновение";"";"0";"0";"г Санкт-Петербург ул Белы Куна 20-1";"0,0";"2,0";"2,0";"3,0";
"90,0";"25,11,2018";"Приморский";"";"Столкновение";"";"0";"0";"г Санкт-Петербург пр-кт Богатырский Сизова пр,";"0,0";"1,0";"2,0";"2,0";
"91,0";"25,11,2018";"Курортный";"";"Столкновение";"";"0";"0";"п Ушково ш Приморское 599";"0,0";"1,0";"2,0";"2,0";
"92,0";"25,11,2018";"Калининский";"";"Столкновение";"";"0";"0";"г Санкт-Петербург пр-кт Тихорецкий 17А";"0,0";"1,0";"2,0";"2,0";
"93,0";"25,11,2018";"Центральный";"";"Наезд на препятствие";"";"0";"0";"г Санкт-Петербург пр-кт Обуховской Обороны 3";"0,0";"1,0";"1,0";"2,0";
"94,0";"25,11,2018";"Фрунзенский";"";"Столкновение";"";"0";"0";"г Санкт-Петербург ул Малая Карпатская 12";"0,0";"1,0";"2,0";"3,0";
"95,0";"25,11,2018";"Петродворцовый";"";"Падение пассажира";"";"0";"0";"г Петергоф ул Морская 84";"0,0";"1,0";"1,0";"2,0";
"96,0";"25,11,2018";"Кировский";"";"Наезд на пешехода";"";"0";"0";"г Санкт-Петербург пр-кт Маршала Жукова 32К1";"1,0";"0,0";"1,0";"2,0";
"97,0";"25,11,2018";"Калининский";"";"Наезд на пешехода";"";"0";"0";"г Санкт-Петербург пр-кт Металлистов 118";"0,0";"1,0";"1,0";"2,0";
"98,0";"25,11,2018";"Курортный";"";"Наезд на препятствие";"Зеленогорское шоссе";"12";"800";"п Комарово  ";"0,0";"1,0";"1,0";"1,0";
"99,0";"25,11,2018";"Московский";"";"Наезд на препятствие";"";"0";"0";"г Санкт-Петербург пр-кт Витебский 71";"0,0";"1,0";"1,0";"1,0";
"100,0";"25,11,2018";"Пушкинский";"";"Наезд на препятствие";"";"0";"0";"п Шушары ш Ям-Ижорское 11 н";"0,0";"1,0";"1,0";"1,0";
"101,0";"25,11,2018";"Петроградский";"";"Наезд на пешехода";"";"0";"0";"г Санкт-Петербург ул Куйбышева 24";"0,0";"1,0";"1,0";"2,0";
"102,0";"25,11,2018";"Невский";"";"Наезд на пешехода";"";"0";"0";"г Санкт-Петербург  ";"0,0";"1,0";"1,0";"2,0";
"103,0";"25,11,2018";"Московский";"";"Столкновение";"";"0";"0";"г Санкт-Петербург ул Шереметьевская 17";"0,0";"1,0";"2,0";"2,0";
"104,0";"24,11,2018";"Пушкинский";"";"Наезд на пешехода";"";"0";"0";"г Павловск ул Детскосельская 11";"0,0";"1,0";"1,0";"2,0";
"105,0";"24,11,2018";"Красносельский";"";"Столкновение";"";"0";"0";"г Санкт-Петербург пр-кт Народного Ополчения 221";"0,0";"1,0";"2,0";"2,0";
"106,0";"24,11,2018";"Калининский";"";"Столкновение";"";"0";"0";"г Санкт-Петербург ул Лабораторная 4";"0,0";"1,0";"2,0";"2,0";
"107,0";"24,11,2018";"Невский";"";"Падение пассажира";"";"0";"0";"г Санкт-Петербург ул Чудновского 5";"0,0";"1,0";"1,0";"2,0";
"108,0";"24,11,2018";"Кировский";"";"Столкновение";"";"0";"0";"г Санкт-Петербург пр-кт Ветеранов Дачный пр,";"0,0";"1,0";"2,0";"2,0";
"109,0";"24,11,2018";"Петроградский";"";"Столкновение";"";"0";"0";"г Санкт-Петербург ул Воскова 31 20";"0,0";"4,0";"2,0";"6,0";
"110,0";"24,11,2018";"Красносельский";"";"Наезд на пешехода";"";"0";"0";"г Санкт-Петербург пр-кт Героев 25 к,1";"0,0";"1,0";"1,0";"2,0";
"111,0";"24,11,2018";"Московский";"";"Столкновение";"";"0";"0";"г Санкт-Петербург пр-кт Космонавтов 48";"0,0";"1,0";"2,0";"3,0";
"112,0";"24,11,2018";"Калининский";"";"Столкновение";"";"0";"0";"г Санкт-Петербург пр-кт Кондратьевский пр,Маршала Блюхера";"0,0";"2,0";"2,0";"4,0";
"113,0";"24,11,2018";"Московский";"";"Столкновение";"";"0";"0";"г Санкт-Петербург ш Волхонское 1";"0,0";"1,0";"2,0";"3,0";
"114,0";"24,11,2018";"Красносельский";"";"Наезд на пешехода";"";"0";"0";"г Санкт-Петербург ул Партизана Германа 17";"0,0";"1,0";"1,0";"2,0";
"115,0";"24,11,2018";"Выборгский";"";"Столкновение";"";"0";"0";"г Санкт-Петербург пр-кт Культуры Луначарского";"0,0";"1,0";"2,0";"3,0";
"116,0";"24,11,2018";"Центральный";"";"Наезд на пешехода";"";"0";"0";"г Санкт-Петербург ул Пестеля ул,Моховая";"0,0";"1,0";"1,0";"2,0";
"117,0";"24,11,2018";"Калининский";"";"Столкновение";"";"0";"0";"г Санкт-Петербург пр-кт Северный 83";"0,0";"1,0";"2,0";"2,0";
"118,0";"24,11,2018";"Красногвардейский";"";"Столкновение";"";"0";"0";"г Санкт-Петербург пл Красногвардейская 5";"0,0";"1,0";"2,0";"2,0";
"119,0";"24,11,2018";"Приморский";"";"Наезд на препятствие";"Западный скоростной диаметр";"28";"44";"г Санкт-Петербург  ";"0,0";"1,0";"1,0";"1,0";
"120,0";"24,11,2018";"Московский";"";"Наезд на пешехода";"";"0";"0";"г Санкт-Петербург  ";"0,0";"1,0";"1,0";"2,0";
"121,0";"24,11,2018";"Кировский";"";"Столкновение";"";"0";"0";"г Санкт-Петербург пр-кт Маршала Жукова 54 к1";"0,0";"5,0";"2,0";"5,0";
"122,0";"23,11,2018";"Калининский";"";"Столкновение";"";"0";"0";"г Санкт-Петербург ул Руставели 54 А";"0,0";"1,0";"2,0";"2,0";
"123,0";"23,11,2018";"Фрунзенский";"";"Наезд на препятствие";"А-118 Кольцевая автомобильная дорога вокруг г, Санкт-Петербурга";"60";"600";"г Санкт-Петербург  ";"0,0";"1,0";"1,0";"1,0";
"124,0";"23,11,2018";"Калининский";"";"Наезд на препятствие";"";"0";"0";"г Санкт-Петербург  ";"0,0";"1,0";"1,0";"1,0";
"125,0";"23,11,2018";"Калининский";"";"Столкновение";"";"0";"0";"г Санкт-Петербург пр-кт Непокорённых 70 А";"0,0";"1,0";"2,0";"3,0";
"126,0";"23,11,2018";"Кронштадтский";"";"Наезд на пешехода";"";"0";"0";"г Кронштадт ул Ленинградская 12";"0,0";"1,0";"1,0";"2,0";
"127,0";"23,11,2018";"Фрунзенский";"";"Наезд на пешехода";"";"0";"0";"г Санкт-Петербург ул Турку 20 кор, 1";"0,0";"1,0";"1,0";"2,0";
"128,0";"23,11,2018";"Петроградский";"";"Наезд на пешехода";"";"0";"0";"г Санкт-Петербург пр-кт Чкаловский 13,по ул,Большая Зел";"0,0";"1,0";"1,0";"2,0";
"129,0";"23,11,2018";"Выборгский";"";"Наезд на пешехода";"";"0";"0";"г Санкт-Петербург пер 1-й Верхний Верхняя";"0,0";"1,0";"1,0";"2,0";
"130,0";"23,11,2018";"Адмиралтейский";"";"Падение пассажира";"";"0";"0";"г Санкт-Петербург пр-кт Старо-Петергофский 41";"0,0";"1,0";"1,0";"2,0";
"131,0";"23,11,2018";"Невский";"";"Наезд на пешехода";"";"0";"0";"г Санкт-Петербург пр-кт Шлиссельбургский 31";"0,0";"1,0";"1,0";"2,0";
"132,0";"23,11,2018";"Адмиралтейский";"";"Столкновение";"";"0";"0";"г Санкт-Петербург пр-кт Римского-Корсакова 73";"0,0";"1,0";"2,0";"2,0";
"133,0";"23,11,2018";"Красносельский";"";"Наезд на пешехода";"";"0";"0";"г Красное Село ул Боровая 1";"0,0";"1,0";"1,0";"2,0";
"134,0";"23,11,2018";"Кронштадтский";"";"Столкновение";"А-118 Кольцевая автомобильная дорога вокруг г, Санкт-Петербурга";"137";"500";"г Санкт-Петербург  ";"0,0";"1,0";"2,0";"2,0";
"135,0";"23,11,2018";"Калининский";"";"Наезд на пешехода";"";"0";"0";"г Санкт-Петербург ул Литовская 10";"0,0";"1,0";"1,0";"2,0";
"136,0";"23,11,2018";"Центральный";"";"Падение пассажира";"";"0";"0";"г Санкт-Петербург пр-кт Невский напротив 54";"0,0";"1,0";"1,0";"2,0";
"137,0";"23,11,2018";"Красносельский";"";"Наезд на пешехода";"";"0";"0";"г Санкт-Петербург пр-кт Героев 18";"0,0";"2,0";"1,0";"3,0";
"138,0";"23,11,2018";"Невский";"";"Наезд на пешехода";"";"0";"0";"г Санкт-Петербург  ";"0,0";"1,0";"1,0";"2,0";
"139,0";"23,11,2018";"Невский";"";"Падение пассажира";"";"0";"0";"г Санкт-Петербург пр-кт Большевиков 37 к 1";"0,0";"1,0";"1,0";"2,0";
"140,0";"23,11,2018";"Красногвардейский";"";"Столкновение";"А-118 Кольцевая автомобильная дорога вокруг г, Санкт-Петербурга";"37";"600";"г Санкт-Петербург  ";"0,0";"1,0";"3,0";"3,0";
"141,0";"23,11,2018";"Приморский";"";"Наезд на пешехода";"";"0";"0";"г Санкт-Петербург ул Оптиков 3";"0,0";"1,0";"1,0";"2,0";
"142,0";"23,11,2018";"Выборгский";"";"Столкновение";"";"0";"0";"г Санкт-Петербург пр-кт Художников Поэтический б-р";"0,0";"1,0";"2,0";"2,0";
"143,0";"23,11,2018";"Красногвардейский";"";"Наезд на пешехода";"";"0";"0";"г Санкт-Петербург пр-кт Заневский 35";"0,0";"1,0";"1,0";"2,0";
"144,0";"23,11,2018";"Красносельский";"";"Столкновение";"";"0";"0";"г Санкт-Петербург пр-кт Маршала Жукова 76";"0,0";"2,0";"2,0";"3,0";
"145,0";"23,11,2018";"Калининский";"";"Наезд на препятствие";"";"0";"0";"г Санкт-Петербург ул Чугунная 46 к,2";"0,0";"1,0";"1,0";"2,0";
"146,0";"23,11,2018";"Невский";"";"Наезд на стоящее ТС";"";"0";"0";"г Санкт-Петербург наб Обводного канала 14";"0,0";"1,0";"2,0";"2,0";
"147,0";"23,11,2018";"Выборгский";"";"Столкновение";"";"0";"0";"г Санкт-Петербург пр-кт Культуры 30";"0,0";"1,0";"2,0";"3,0";
"148,0";"23,11,2018";"Адмиралтейский";"";"Наезд на пешехода";"";"0";"0";"г Санкт-Петербург пр-кт Старо-Петергофский 20";"0,0";"1,0";"1,0";"2,0";
"149,0";"23,11,2018";"Центральный";"";"Падение пассажира";"";"0";"0";"г Санкт-Петербург ул Кирочная 49";"0,0";"1,0";"1,0";"2,0";
"150,0";"23,11,2018";"Красногвардейский";"";"Наезд на пешехода";"";"0";"0";"г Санкт-Петербург пр-кт Маршала Блюхера 69";"0,0";"1,0";"1,0";"2,0";
"151,0";"22,11,2018";"Приморский";"";"Столкновение";"";"0";"0";"г Санкт-Петербург пр-кт Королёва ул, Шаврова";"0,0";"1,0";"2,0";"3,0";
"152,0";"22,11,2018";"Пушкинский";"";"Наезд на пешехода";"";"0";"0";"п Шушары ш Колпинское 500мотМосковского ш,";"0,0";"1,0";"1,0";"2,0";
"153,0";"22,11,2018";"Выборгский";"";"Наезд на пешехода";"";"0";"0";"г Санкт-Петербург пр-кт Энгельса 28";"0,0";"1,0";"1,0";"2,0";
"154,0";"22,11,2018";"Приморский";"";"Наезд на животное";"";"0";"0";"п Лисий Нос ш Приморское п, Лисий нос";"0,0";"1,0";"1,0";"2,0";
"155,0";"22,11,2018";"Московский";"";"Столкновение";"";"0";"0";"г Санкт-Петербург пр-кт Витебский 65";"0,0";"1,0";"6,0";"3,0";
"156,0";"22,11,2018";"Калининский";"";"Наезд на стоящее ТС";"";"0";"0";"г Санкт-Петербург пр-кт Просвещения 53";"0,0";"1,0";"2,0";"2,0";
"157,0";"22,11,2018";"Приморский";"";"Наезд на пешехода";"";"0";"0";"г Санкт-Петербург  ";"0,0";"1,0";"1,0";"2,0";
"158,0";"22,11,2018";"Красногвардейский";"";"Наезд на пешехода";"";"0";"0";"г Санкт-Петербург пр-кт Новочеркасский 51";"0,0";"2,0";"1,0";"3,0";
"159,0";"22,11,2018";"Центральный";"";"Наезд на стоящее ТС";"";"0";"0";"г Санкт-Петербург мост Александра Невского съезд";"1,0";"2,0";"2,0";"3,0";
"160,0";"22,11,2018";"Центральный";"";"Наезд на пешехода";"";"0";"0";"г Санкт-Петербург пр-кт Лиговский 149";"0,0";"1,0";"1,0";"2,0";
"161,0";"22,11,2018";"Фрунзенский";"";"Столкновение";"";"0";"0";"г Санкт-Петербург ул Салова 30 Бухарестская";"0,0";"2,0";"2,0";"4,0";
"162,0";"22,11,2018";"Фрунзенский";"";"Наезд на пешехода";"";"0";"0";"г Санкт-Петербург ул Малая Балканская 10 1 Пловдивская";"0,0";"1,0";"1,0";"2,0";
"163,0";"22,11,2018";"Центральный";"";"Наезд на препятствие";"";"0";"0";"г Санкт-Петербург ул Марата 2";"0,0";"1,0";"1,0";"1,0";
"164,0";"22,11,2018";"Кировский";"";"Столкновение";"";"0";"0";"г Санкт-Петербург ул Автовская ул,Краснопутиловская";"0,0";"1,0";"2,0";"2,0";
"165,0";"22,11,2018";"Красногвардейский";"";"Наезд на пешехода";"";"0";"0";"г Санкт-Петербург ул Большая Пороховская 29";"0,0";"1,0";"1,0";"2,0";
"166,0";"22,11,2018";"Приморский";"";"Наезд на препятствие";"";"0";"0";"г Санкт-Петербург ул Парашютная 58";"0,0";"2,0";"1,0";"2,0";
"167,0";"22,11,2018";"Пушкинский";"";"Столкновение";"";"0";"0";"п Шушары  ";"0,0";"1,0";"3,0";"4,0";
"168,0";"22,11,2018";"Калининский";"";"Наезд на пешехода";"";"0";"0";"г Санкт-Петербург пр-кт Гражданский 124 корпус 1";"0,0";"1,0";"1,0";"2,0";
"169,0";"22,11,2018";"Выборгский";"";"Наезд на пешехода";"";"0";"0";"г Санкт-Петербург ул Руднева 5 кор,1";"0,0";"1,0";"1,0";"2,0";
"170,0";"22,11,2018";"Выборгский";"";"Наезд на пешехода";"";"0";"0";"г Санкт-Петербург пр-кт Энгельса 71";"0,0";"1,0";"1,0";"2,0";
"171,0";"22,11,2018";"Калининский";"";"Наезд на пешехода";"";"0";"0";"г Санкт-Петербург пр-кт Гражданский 112 1";"0,0";"1,0";"1,0";"2,0";
"172,0";"22,11,2018";"Кировский";"";"Столкновение";"";"0";"0";"г Санкт-Петербург пр-кт Ленинский 140";"0,0";"3,0";"3,0";"5,0";
"173,0";"22,11,2018";"Калининский";"";"Наезд на пешехода";"";"0";"0";"г Санкт-Петербург пр-кт Луначарского 86 КОР,4";"0,0";"1,0";"1,0";"2,0";
"174,0";"21,11,2018";"Пушкинский";"";"Падение пассажира";"";"0";"0";"г Павловск пл Привокзальная 1";"0,0";"1,0";"1,0";"2,0";
"175,0";"21,11,2018";"Калининский";"";"Наезд на пешехода";"";"0";"0";"г Санкт-Петербург пр-кт Науки Гражданский";"0,0";"1,0";"1,0";"2,0";
"176,0";"21,11,2018";"Выборгский";"";"Падение пассажира";"";"0";"0";"г Санкт-Петербург пр-кт Энгельса Луначарского";"0,0";"1,0";"1,0";"2,0";
"177,0";"21,11,2018";"Центральный";"";"Наезд на пешехода";"";"0";"0";"г Санкт-Петербург ул Маяковского 41";"0,0";"1,0";"1,0";"2,0";
"178,0";"21,11,2018";"Кировский";"";"Столкновение";"";"0";"0";"г Санкт-Петербург ул Маршала Говорова Химический пер,";"0,0";"4,0";"2,0";"4,0";
"179,0";"21,11,2018";"Красногвардейский";"";"Наезд на пешехода";"";"0";"0";"г Санкт-Петербург дор Муринская 74";"0,0";"1,0";"1,0";"2,0";
"180,0";"21,11,2018";"Центральный";"";"Наезд на пешехода";"";"0";"0";"г Санкт-Петербург ул Садовая итальянская";"0,0";"1,0";"1,0";"2,0";
"181,0";"21,11,2018";"Калининский";"";"Наезд на пешехода";"";"0";"0";"г Санкт-Петербург ул Репнинская 7";"0,0";"1,0";"1,0";"2,0";
"182,0";"21,11,2018";"Приморский";"";"Наезд на пешехода";"";"0";"0";"г Санкт-Петербург ул Мебельная 3Б";"0,0";"1,0";"1,0";"2,0";
"183,0";"21,11,2018";"Кировский";"";"Столкновение";"Западный скоростной диаметр";"9";"800";"г Санкт-Петербург  ";"0,0";"1,0";"5,0";"4,0";
"184,0";"21,11,2018";"Петроградский";"";"Наезд на пешехода";"";"0";"0";"г Санкт-Петербург ул Барочная 13 по Петрозаводской";"0,0";"1,0";"1,0";"2,0";
"185,0";"21,11,2018";"Курортный";"";"Наезд на пешехода";"";"0";"0";"г Сестрорецк ул Токарева 16";"0,0";"1,0";"1,0";"2,0";
"186,0";"21,11,2018";"Приморский";"";"Наезд на пешехода";"";"0";"0";"г Санкт-Петербург  ";"0,0";"1,0";"1,0";"2,0";
"187,0";"21,11,2018";"Приморский";"";"Наезд на препятствие";"";"0";"0";"г Санкт-Петербург ул Шаврова Авиаконструкторов";"0,0";"2,0";"1,0";"2,0";
"188,0";"21,11,2018";"Красногвардейский";"";"Наезд на пешехода";"";"0";"0";"г Санкт-Петербург пр-кт Индустриальный 32";"0,0";"1,0";"1,0";"2,0";
"189,0";"20,11,2018";"Василеостровский";"";"Падение пассажира";"";"0";"0";"г Санкт-Петербург наб Университетская 1";"0,0";"1,0";"1,0";"2,0";
"190,0";"20,11,2018";"Красногвардейский";"";"Наезд на пешехода";"";"0";"0";"г Санкт-Петербург ул Маршала Тухачевского 23";"0,0";"1,0";"1,0";"2,0";
"191,0";"20,11,2018";"Невский";"";"Столкновение";"";"0";"0";"г Санкт-Петербург пр-кт Обуховской Обороны 261";"0,0";"1,0";"2,0";"3,0";
"192,0";"20,11,2018";"Красногвардейский";"";"Наезд на пешехода";"";"0";"0";"г Санкт-Петербург дор Муринская 24";"0,0";"1,0";"1,0";"2,0";
"193,0";"20,11,2018";"Красногвардейский";"";"Наезд на стоящее ТС";"А-118 Кольцевая автомобильная дорога вокруг г, Санкт-Петербурга";"37";"100";"г Санкт-Петербург  ";"0,0";"1,0";"2,0";"3,0";
"194,0";"20,11,2018";"Приморский";"";"Столкновение";"";"0";"0";"г Санкт-Петербург пр-кт Испытателей Серебристый бул,";"0,0";"1,0";"2,0";"3,0";
"195,0";"20,11,2018";"Приморский";"";"Наезд на пешехода";"";"0";"0";"г Санкт-Петербург б-р Серебристый 22 к,1";"0,0";"1,0";"1,0";"2,0";
"196,0";"20,11,2018";"Центральный";"";"Наезд на пешехода";"";"0";"0";"г Санкт-Петербург пр-кт Литейный 31";"0,0";"1,0";"1,0";"2,0";
"197,0";"20,11,2018";"Невский";"";"Падение пассажира";"";"0";"0";"г Санкт-Петербург пр-кт Шлиссельбургский 7";"0,0";"1,0";"1,0";"2,0";
"198,0";"20,11,2018";"Калининский";"";"Наезд на препятствие";"";"0";"0";"г Санкт-Петербург пр-кт Пискарёвский 56 к,1";"1,0";"3,0";"1,0";"5,0";
"199,0";"20,11,2018";"Василеостровский";"";"Падение пассажира";"";"0";"0";"г Санкт-Петербург ул Наличная 40 1";"0,0";"1,0";"2,0";"3,0";
"200,0";"20,11,2018";"Красносельский";"";"Падение пассажира";"";"0";"0";"г Санкт-Петербург ш Петергофское Ленино";"0,0";"1,0";"1,0";"2,0";
"201,0";"19,11,2018";"Василеостровский";"";"Наезд на пешехода";"";"0";"0";"г Санкт-Петербург пр-кт Средний В,О, 88";"1,0";"0,0";"2,0";"3,0";
"202,0";"19,11,2018";"Невский";"";"Падение пассажира";"";"0";"0";"г Санкт-Петербург ул Ивановская 6";"0,0";"1,0";"1,0";"2,0";
"203,0";"19,11,2018";"Петроградский";"";"Наезд на пешехода";"";"0";"0";"г Санкт-Петербург пр-кт Каменноостровский 26-28";"0,0";"1,0";"1,0";"2,0";
"204,0";"19,11,2018";"Центральный";"";"Наезд на пешехода";"";"0";"0";"г Санкт-Петербург пер Кирпичный 2";"0,0";"1,0";"1,0";"2,0";
"205,0";"19,11,2018";"Красносельский";"";"Наезд на пешехода";"";"0";"0";"г Санкт-Петербург ул Маршала Захарова 21к,5";"0,0";"1,0";"4,0";"2,0";
"206,0";"19,11,2018";"Московский";"";"Столкновение";"";"0";"0";"г Санкт-Петербург ул Внуковская 2";"0,0";"1,0";"2,0";"3,0";
"207,0";"19,11,2018";"Центральный";"";"Наезд на пешехода";"";"0";"0";"г Санкт-Петербург ул 8-я Советская пер, Дегтярный";"0,0";"1,0";"1,0";"2,0";
"208,0";"19,11,2018";"Красносельский";"";"Наезд на стоящее ТС";"";"0";"0";"г Санкт-Петербург пр-кт Ленинский 75к1";"0,0";"1,0";"3,0";"2,0";
"209,0";"19,11,2018";"Московский";"";"Наезд на пешехода";"";"0";"0";"г Санкт-Петербург пр-кт Лиговский 254";"0,0";"1,0";"1,0";"2,0";
"210,0";"19,11,2018";"Василеостровский";"";"Наезд на пешехода";"";"0";"0";"г Санкт-Петербург наб Университетская 1";"0,0";"1,0";"1,0";"2,0";
"211,0";"19,11,2018";"Приморский";"";"Столкновение";"";"0";"0";"г Санкт-Петербург ш Ланское 18 к1";"0,0";"1,0";"2,0";"2,0";
"212,0";"19,11,2018";"Фрунзенский";"";"Наезд на пешехода";"";"0";"0";"г Санкт-Петербург ул Ярослава Гашека 26к,1";"0,0";"1,0";"1,0";"2,0";
"213,0";"19,11,2018";"Пушкинский";"";"Наезд на пешехода";"";"0";"0";"г Пушкин  ";"0,0";"1,0";"1,0";"2,0";
"214,0";"19,11,2018";"Центральный";"";"Столкновение";"";"0";"0";"г Санкт-Петербург наб Реки Фонтанки Невский пр";"0,0";"1,0";"2,0";"3,0";
"215,0";"19,11,2018";"Красносельский";"";"Столкновение";"";"0";"0";"г Санкт-Петербург ш Таллинское (Старо-Паново) 174";"1,0";"3,0";"2,0";"4,0";
"216,0";"19,11,2018";"Невский";"";"Наезд на пешехода";"";"0";"0";"г Санкт-Петербург  ";"0,0";"1,0";"1,0";"2,0";
"217,0";"19,11,2018";"Центральный";"";"Столкновение";"";"0";"0";"г Санкт-Петербург пр-кт Лиговский 84";"2,0";"4,0";"2,0";"6,0";
"218,0";"19,11,2018";"Петроградский";"";"Наезд на пешехода";"";"0";"0";"г Санкт-Петербург пр-кт Большой П,С, 14";"0,0";"1,0";"1,0";"2,0";
"219,0";"19,11,2018";"Приморский";"";"Наезд на пешехода";"";"0";"0";"г Санкт-Петербург  ";"0,0";"1,0";"1,0";"2,0";
"220,0";"19,11,2018";"Центральный";"";"Наезд на пешехода";"";"0";"0";"г Санкт-Петербург пр-кт Лиговский Свечной пер,";"0,0";"1,0";"1,0";"2,0";
"221,0";"19,11,2018";"Невский";"";"Наезд на пешехода";"";"0";"0";"г Санкт-Петербург ул Шелгунова 12 корп 2";"1,0";"0,0";"1,0";"2,0";
"222,0";"19,11,2018";"Колпинский";"";"Наезд на пешехода";"";"0";"0";"г Колпино пр-кт Заводской 16";"0,0";"1,0";"1,0";"2,0";
"223,0";"19,11,2018";"Красногвардейский";"";"Наезд на пешехода";"";"0";"0";"г Санкт-Петербург ул Хасанская 19";"0,0";"1,0";"1,0";"2,0";
"224,0";"19,11,2018";"Центральный";"";"Наезд на стоящее ТС";"";"0";"0";"г Санкт-Петербург пр-кт Невский наб, реки Фонтанки";"0,0";"2,0";"2,0";"2,0";
"225,0";"19,11,2018";"Пушкинский";"";"Столкновение";"";"0";"0";"г Пушкин ш Красносельское 67";"0,0";"1,0";"2,0";"3,0";
"226,0";"19,11,2018";"Фрунзенский";"";"Наезд на пешехода";"";"0";"0";"г Санкт-Петербург ул Салова 30 по ул, Бухарестск";"0,0";"1,0";"1,0";"2,0";
"227,0";"18,11,2018";"Курортный";"";"Наезд на пешехода";"";"0";"0";"п Ушково ш Приморское 634";"0,0";"1,0";"1,0";"2,0";
"228,0";"18,11,2018";"Выборгский";"";"Столкновение";"";"0";"0";"г Санкт-Петербург пр-кт Тореза 38 по Институтскому";"0,0";"1,0";"3,0";"3,0";
"229,0";"18,11,2018";"Курортный";"";"Наезд на пешехода";"Зеленогорское шоссе";"6";"20";"п Комарово  ";"0,0";"1,0";"1,0";"2,0";
"230,0";"18,11,2018";"Приморский";"";"Столкновение";"";"0";"0";"г Санкт-Петербург ул Савушкина 2";"0,0";"1,0";"3,0";"4,0";
"231,0";"18,11,2018";"Адмиралтейский";"";"Падение пассажира";"";"0";"0";"г Санкт-Петербург ул Декабристов 36 1";"0,0";"1,0";"1,0";"2,0";
"232,0";"18,11,2018";"Красносельский";"";"Столкновение";"";"0";"0";"г Санкт-Петербург пр-кт Ленина ул,1-го Мая";"0,0";"1,0";"4,0";"4,0";
"233,0";"18,11,2018";"Калининский";"";"Столкновение";"";"0";"0";"г Санкт-Петербург наб Арсенальная 7";"0,0";"1,0";"2,0";"3,0";
"234,0";"18,11,2018";"Центральный";"";"Столкновение";"";"0";"0";"г Санкт-Петербург пр-кт Суворовский Кирочная ул,";"0,0";"2,0";"2,0";"4,0";
"235,0";"18,11,2018";"Невский";"";"Наезд на пешехода";"";"0";"0";"г Санкт-Петербург пр-кт Большевиков 22";"0,0";"1,0";"1,0";"2,0";
"236,0";"18,11,2018";"Выборгский";"";"Наезд на пешехода";"";"0";"0";"г Санкт-Петербург пр-кт Просвещения 43";"0,0";"1,0";"1,0";"2,0";
"237,0";"18,11,2018";"Красногвардейский";"";"Столкновение";"";"0";"0";"г Санкт-Петербург ул Белорусская 16";"0,0";"4,0";"2,0";"4,0";
"238,0";"18,11,2018";"Петродворцовый";"";"Наезд на пешехода";"";"0";"0";"г Петергоф  ";"1,0";"0,0";"1,0";"2,0";
"239,0";"18,11,2018";"Калининский";"";"Столкновение";"";"0";"0";"г Санкт-Петербург пр-кт Непокорённых 12";"0,0";"1,0";"4,0";"4,0";
"240,0";"18,11,2018";"Калининский";"";"Наезд на препятствие";"";"0";"0";"г Санкт-Петербург пр-кт Полюстровский 73";"0,0";"1,0";"1,0";"1,0";
"241,0";"18,11,2018";"Выборгский";"";"Наезд на пешехода";"";"0";"0";"г Санкт-Петербург пр-кт Просвещения 14к4";"0,0";"2,0";"1,0";"3,0";
"242,0";"18,11,2018";"Пушкинский";"";"Наезд на препятствие";"";"0";"0";"г Пушкин ул Парковая 32";"0,0";"3,0";"1,0";"3,0";
"243,0";"18,11,2018";"Пушкинский";"";"Столкновение";"";"0";"0";"п Александровская ш Волхонское 52 б";"0,0";"2,0";"3,0";"4,0";
"244,0";"18,11,2018";"Василеостровский";"";"Столкновение";"";"0";"0";"г Санкт-Петербург линия 9-я В,О, 40";"0,0";"1,0";"2,0";"2,0";
"245,0";"18,11,2018";"Калининский";"";"Наезд на пешехода";"";"0";"0";"г Санкт-Петербург  ";"0,0";"1,0";"1,0";"2,0";
"246,0";"18,11,2018";"Петроградский";"";"Столкновение";"";"0";"0";"г Санкт-Петербург ул Вязовая 8";"0,0";"1,0";"2,0";"3,0";
"247,0";"18,11,2018";"Московский";"";"Наезд на пешехода";"";"0";"0";"г Санкт-Петербург пр-кт Ленинский 162 А";"0,0";"1,0";"1,0";"2,0";
"248,0";"18,11,2018";"Курортный";"";"Наезд на препятствие";"";"0";"0";"г Зеленогорск пр-кт Ленина 49";"0,0";"2,0";"1,0";"2,0";
"249,0";"18,11,2018";"Красногвардейский";"";"Наезд на препятствие";"А-118 Кольцевая автомобильная дорога вокруг г, Санкт-Петербурга";"35";"80";"г Санкт-Петербург  ";"0,0";"1,0";"1,0";"1,0";
"250,0";"17,11,2018";"Невский";"";"Столкновение";"";"0";"0";"г Санкт-Петербург пр-кт Искровский 15";"0,0";"1,0";"2,0";"3,0";
"251,0";"17,11,2018";"Московский";"";"Наезд на пешехода";"";"0";"0";"г Санкт-Петербург пр-кт Ленинский 147";"0,0";"1,0";"1,0";"2,0";
"252,0";"17,11,2018";"Калининский";"";"Наезд на велосипедиста";"";"0";"0";"г Санкт-Петербург  ";"0,0";"1,0";"2,0";"2,0";
"253,0";"17,11,2018";"Кировский";"";"Наезд на пешехода";"";"0";"0";"г Санкт-Петербург пр-кт Дачный б-р Новаторов";"0,0";"1,0";"1,0";"2,0";
"254,0";"17,11,2018";"Кировский";"";"Наезд на пешехода";"";"0";"0";"г Санкт-Петербург  ";"0,0";"1,0";"1,0";"2,0";
"255,0";"17,11,2018";"Калининский";"";"Наезд на пешехода";"";"0";"0";"г Санкт-Петербург  ";"0,0";"1,0";"1,0";"2,0";
"256,0";"17,11,2018";"Пушкинский";"";"Наезд на пешехода";"";"0";"0";"п Шушары  ";"0,0";"1,0";"1,0";"2,0";
"257,0";"17,11,2018";"Адмиралтейский";"";"Наезд на пешехода";"";"0";"0";"г Санкт-Петербург наб Обводного канала 118";"0,0";"1,0";"1,0";"2,0";
"258,0";"17,11,2018";"Красногвардейский";"";"Наезд на пешехода";"";"0";"0";"г Санкт-Петербург  ";"0,0";"1,0";"1,0";"2,0";
"259,0";"17,11,2018";"Невский";"";"Столкновение";"";"0";"0";"г Санкт-Петербург пр-кт Александровской Фермы 8 ст, 1";"0,0";"2,0";"3,0";"4,0";
"260,0";"17,11,2018";"Красногвардейский";"";"Наезд на пешехода";"";"0";"0";"г Санкт-Петербург ул Передовиков 18";"0,0";"1,0";"1,0";"2,0";
"261,0";"17,11,2018";"Центральный";"";"Столкновение";"";"0";"0";"г Санкт-Петербург пр-кт Обуховской Обороны 1";"0,0";"1,0";"2,0";"2,0";
"262,0";"17,11,2018";"Кировский";"";"Столкновение";"";"0";"0";"г Санкт-Петербург пр-кт Стачек 44";"0,0";"2,0";"3,0";"4,0";
"263,0";"17,11,2018";"Невский";"";"Наезд на пешехода";"";"0";"0";"г Санкт-Петербург пр-кт Обуховской Обороны 41";"1,0";"0,0";"2,0";"3,0";
"264,0";"16,11,2018";"Красногвардейский";"";"Наезд на пешехода";"";"0";"0";"г Санкт-Петербург пр-кт Большеохтинский 27";"0,0";"1,0";"1,0";"2,0";
"265,0";"16,11,2018";"Центральный";"";"Наезд на пешехода";"";"0";"0";"г Санкт-Петербург ул Разъезжая 29";"0,0";"1,0";"1,0";"2,0";
"266,0";"16,11,2018";"Фрунзенский";"";"Наезд на пешехода";"";"0";"0";"г Санкт-Петербург ул Бухарестская 118 к, 1";"0,0";"1,0";"1,0";"2,0";
"267,0";"16,11,2018";"Петроградский";"";"Наезд на пешехода";"";"0";"0";"г Санкт-Петербург ул Кронверкская 9";"0,0";"1,0";"1,0";"2,0";
"268,0";"16,11,2018";"Василеостровский";"";"Наезд на пешехода";"";"0";"0";"г Санкт-Петербург ул Железноводская 7";"0,0";"1,0";"1,0";"2,0";
"269,0";"16,11,2018";"Адмиралтейский";"";"Наезд на пешехода";"";"0";"0";"г Санкт-Петербург пр-кт Лермонтовский 27";"0,0";"1,0";"1,0";"2,0";
"270,0";"16,11,2018";"Московский";"";"Столкновение";"Западный скоростной диаметр";"0";"990";"г Санкт-Петербург  ";"0,0";"1,0";"3,0";"2,0";
"271,0";"16,11,2018";"Московский";"";"Столкновение";"";"0";"0";"г Санкт-Петербург ш Волхонское 1";"0,0";"2,0";"4,0";"4,0";
"272,0";"16,11,2018";"Адмиралтейский";"";"Наезд на пешехода";"";"0";"0";"г Санкт-Петербург ул Егорова 23";"0,0";"1,0";"1,0";"2,0";
"273,0";"16,11,2018";"Красносельский";"";"Наезд на пешехода";"";"0";"0";"г Санкт-Петербург ул Тамбасова ветеранов";"0,0";"1,0";"1,0";"2,0";
"274,0";"16,11,2018";"Петроградский";"";"Наезд на пешехода";"";"0";"0";"г Санкт-Петербург  ";"0,0";"1,0";"1,0";"2,0";
"275,0";"16,11,2018";"Центральный";"";"Наезд на пешехода";"";"0";"0";"г Санкт-Петербург ул Шпалерная 51";"1,0";"0,0";"1,0";"2,0";
"276,0";"16,11,2018";"Пушкинский";"";"Наезд на пешехода";"";"0";"0";"г Павловск ул Садовая 2 ул, Конюшенная";"0,0";"1,0";"1,0";"2,0";
"277,0";"16,11,2018";"Приморский";"";"Столкновение";"";"0";"0";"г Санкт-Петербург ул Парашютная пр Сизова";"0,0";"1,0";"2,0";"2,0";
"278,0";"15,11,2018";"Приморский";"";"Столкновение";"";"0";"0";"г Санкт-Петербург ул Парашютная Долгоозерная ул";"0,0";"1,0";"2,0";"3,0";
"279,0";"15,11,2018";"Центральный";"";"Столкновение";"";"0";"0";"г Санкт-Петербург пр-кт Лиговский Рязанский пер,";"0,0";"1,0";"2,0";"3,0";
"280,0";"15,11,2018";"Кировский";"";"Столкновение";"";"0";"0";"г Санкт-Петербург пр-кт Трамвайный 21";"0,0";"1,0";"2,0";"2,0";
"281,0";"15,11,2018";"Невский";"";"Падение пассажира";"";"0";"0";"г Санкт-Петербург пр-кт Большой Смоленский 3";"0,0";"1,0";"1,0";"2,0";
"282,0";"15,11,2018";"Выборгский";"";"Столкновение";"";"0";"0";"г Санкт-Петербург пр-кт Культуры 6-й Верхний пер,";"0,0";"1,0";"2,0";"2,0";
"283,0";"15,11,2018";"Красносельский";"";"Падение пассажира";"";"0";"0";"г Санкт-Петербург пр-кт Ленинский 93к,1";"0,0";"1,0";"1,0";"2,0";
"284,0";"15,11,2018";"Центральный";"";"Наезд на препятствие";"";"0";"0";"г Санкт-Петербург наб Воскресенская 30";"0,0";"1,0";"1,0";"1,0";
"285,0";"15,11,2018";"Петроградский";"";"Столкновение";"";"0";"0";"г Санкт-Петербург пр-кт Каменноостровский 37";"0,0";"1,0";"2,0";"3,0";
"286,0";"15,11,2018";"Кировский";"";"Наезд на пешехода";"";"0";"0";"г Санкт-Петербург пр-кт Стачек 99";"0,0";"1,0";"1,0";"2,0";
"287,0";"15,11,2018";"Красносельский";"";"Наезд на пешехода";"";"0";"0";"г Санкт-Петербург  ";"0,0";"1,0";"1,0";"2,0";
"288,0";"15,11,2018";"Центральный";"";"Падение пассажира";"";"0";"0";"г Санкт-Петербург пр-кт Лиговский 149";"0,0";"1,0";"1,0";"2,0";
"289,0";"15,11,2018";"Московский";"";"Столкновение";"";"0";"0";"г Санкт-Петербург ул Краснопутиловская 98";"0,0";"1,0";"3,0";"4,0";
"290,0";"14,11,2018";"Пушкинский";"";"Наезд на велосипедиста";"";"0";"0";"г Пушкин ул Дворцовая Октябрьский бульвар";"0,0";"1,0";"2,0";"2,0";
"291,0";"14,11,2018";"Адмиралтейский";"";"Падение пассажира";"";"0";"0";"г Санкт-Петербург ул Декабристов 27";"0,0";"1,0";"1,0";"2,0";
"292,0";"14,11,2018";"Калининский";"";"Наезд на пешехода";"";"0";"0";"г Санкт-Петербург  ";"0,0";"1,0";"1,0";"2,0";
"293,0";"14,11,2018";"Пушкинский";"";"Наезд на препятствие";"";"0";"0";"г Пушкин ш Петербургское 21";"0,0";"1,0";"1,0";"2,0";
"294,0";"14,11,2018";"Петроградский";"";"Наезд на пешехода";"";"0";"0";"г Санкт-Петербург ул Малая Посадская 13";"0,0";"1,0";"1,0";"2,0";
"295,0";"14,11,2018";"Адмиралтейский";"";"Наезд на пешехода";"";"0";"0";"г Санкт-Петербург пл Театральная 3";"1,0";"0,0";"1,0";"2,0";
"296,0";"14,11,2018";"Кировский";"";"Столкновение";"";"0";"0";"г Санкт-Петербург пр-кт Маршала Жукова 32";"0,0";"1,0";"2,0";"3,0";
"297,0";"14,11,2018";"Пушкинский";"";"Столкновение";"";"0";"0";"п Шушары ш Московское 689км";"0,0";"1,0";"4,0";"4,0";
"298,0";"14,11,2018";"Фрунзенский";"";"Наезд на пешехода";"";"0";"0";"г Санкт-Петербург пр-кт Лиговский 153";"0,0";"1,0";"1,0";"2,0";
"299,0";"14,11,2018";"Пушкинский";"";"Столкновение";"";"0";"0";"г Пушкин ш Красносельское Соболевская дорога";"0,0";"2,0";"2,0";"2,0";
"300,0";"14,11,2018";"Красногвардейский";"";"Наезд на пешехода";"";"0";"0";"г Санкт-Петербург пр-кт Энергетиков 8";"0,0";"1,0";"1,0";"2,0";
"301,0";"14,11,2018";"Московский";"";"Наезд на пешехода";"";"0";"0";"г Санкт-Петербург ул Краснопутиловская Варшавская ул, СП";"0,0";"1,0";"1,0";"2,0";
"302,0";"14,11,2018";"Красносельский";"";"Наезд на пешехода";"";"0";"0";"г Красное Село ш Кингисеппское 53";"0,0";"1,0";"1,0";"2,0";
"303,0";"14,11,2018";"Красногвардейский";"";"Падение пассажира";"";"0";"0";"г Санкт-Петербург пр-кт Маршала Блюхера 56";"0,0";"1,0";"1,0";"2,0";
"304,0";"14,11,2018";"Выборгский";"";"Наезд на пешехода";"";"0";"0";"г Санкт-Петербург  ";"0,0";"1,0";"1,0";"2,0";
"305,0";"14,11,2018";"Приморский";"";"Столкновение";"";"0";"0";"г Санкт-Петербург ул Мебельная 21 кор,1";"0,0";"1,0";"2,0";"3,0";
"306,0";"14,11,2018";"Московский";"";"Наезд на стоящее ТС";"";"0";"0";"г Санкт-Петербург ш Московское 44";"1,0";"0,0";"2,0";"2,0";
"307,0";"14,11,2018";"Выборгский";"";"Наезд на препятствие";"А-118 Кольцевая автомобильная дорога вокруг г, Санкт-Петербурга";"127";"756";"г Санкт-Петербург  ";"0,0";"3,0";"2,0";"3,0";
"308,0";"13,11,2018";"Адмиралтейский";"";"Наезд на пешехода";"";"0";"0";"г Санкт-Петербург ул Гороховая 53";"0,0";"1,0";"1,0";"2,0";
"309,0";"13,11,2018";"Красногвардейский";"";"Наезд на препятствие";"";"0";"0";"г Санкт-Петербург пр-кт Пискарёвский 20-а";"0,0";"1,0";"1,0";"1,0";
"310,0";"13,11,2018";"Пушкинский";"";"Наезд на пешехода";"";"0";"0";"п Шушары  ";"0,0";"1,0";"2,0";"3,0";
"311,0";"13,11,2018";"Красносельский";"";"Наезд на пешехода";"";"0";"0";"г Санкт-Петербург ул Рихарда Зорге 1";"0,0";"1,0";"1,0";"2,0";
"312,0";"13,11,2018";"Выборгский";"";"Наезд на пешехода";"";"0";"0";"г Санкт-Петербург пер Нейшлотский 6";"0,0";"1,0";"1,0";"2,0";
"313,0";"13,11,2018";"Невский";"";"Наезд на пешехода";"";"0";"0";"г Санкт-Петербург ул Коллонтай 3";"0,0";"1,0";"1,0";"2,0";
"314,0";"13,11,2018";"Красногвардейский";"";"Наезд на стоящее ТС";"";"0";"0";"г Санкт-Петербург пр-кт Новочеркасский 46";"0,0";"1,0";"2,0";"3,0";
"315,0";"13,11,2018";"Приморский";"";"Наезд на пешехода";"";"0";"0";"г Санкт-Петербург ш Фермское 39";"0,0";"1,0";"1,0";"2,0";
"316,0";"13,11,2018";"Центральный";"";"Наезд на пешехода";"";"0";"0";"г Санкт-Петербург пр-кт Суворовский 63";"0,0";"1,0";"1,0";"2,0";
"317,0";"13,11,2018";"Красногвардейский";"";"Наезд на пешехода";"";"0";"0";"г Санкт-Петербург ул Магнитогорская 11";"0,0";"1,0";"1,0";"2,0";
"318,0";"13,11,2018";"Калининский";"";"Наезд на пешехода";"";"0";"0";"г Санкт-Петербург пр-кт Науки 69";"0,0";"1,0";"1,0";"2,0";
"319,0";"13,11,2018";"Приморский";"";"Столкновение";"";"0";"0";"г Санкт-Петербург ул Парашютная Шуваловский пр,";"0,0";"1,0";"2,0";"2,0";
"320,0";"13,11,2018";"Центральный";"";"Наезд на пешехода";"";"0";"0";"г Санкт-Петербург ул Марата 55";"0,0";"1,0";"1,0";"2,0";
"321,0";"13,11,2018";"Невский";"";"Наезд на пешехода";"";"0";"0";"г Санкт-Петербург ул Профессора Качалова 3";"0,0";"1,0";"1,0";"2,0";
"322,0";"13,11,2018";"Калининский";"";"Наезд на пешехода";"";"0";"0";"г Санкт-Петербург пр-кт Науки 2";"0,0";"1,0";"1,0";"2,0";
"323,0";"13,11,2018";"Невский";"";"Наезд на пешехода";"";"0";"0";"г Санкт-Петербург ул Бабушкина 109 к 1";"0,0";"1,0";"1,0";"2,0";
"324,0";"13,11,2018";"Фрунзенский";"";"Наезд на пешехода";"";"0";"0";"г Санкт-Петербург ул Олеко Дундича 28 35 Загребский";"0,0";"1,0";"1,0";"2,0";
"325,0";"13,11,2018";"Невский";"";"Столкновение";"";"0";"0";"г Санкт-Петербург ул Народная 39";"0,0";"2,0";"2,0";"3,0";
"326,0";"13,11,2018";"Пушкинский";"";"Наезд на пешехода";"";"0";"0";"г Пушкин ул Сапёрная 48 60";"0,0";"1,0";"1,0";"2,0";
"327,0";"13,11,2018";"Выборгский";"";"Наезд на пешехода";"";"0";"0";"г Санкт-Петербург ул Сикейроса 10";"0,0";"1,0";"1,0";"2,0";
"328,0";"13,11,2018";"Калининский";"";"Наезд на пешехода";"";"0";"0";"г Санкт-Петербург пр-кт Гражданский 131";"0,0";"1,0";"1,0";"2,0";
"329,0";"13,11,2018";"Кировский";"";"Наезд на пешехода";"";"0";"0";"г Санкт-Петербург  ";"0,0";"1,0";"1,0";"2,0";
"330,0";"13,11,2018";"Петродворцовый";"";"Наезд на пешехода";"";"0";"0";"г Петергоф пр-кт Собственный 1";"0,0";"1,0";"1,0";"2,0";
"331,0";"13,11,2018";"Фрунзенский";"";"Наезд на пешехода";"";"0";"0";"г Санкт-Петербург ул Пловдивская 4 6 Купчинская";"0,0";"1,0";"1,0";"2,0";
"332,0";"13,11,2018";"Невский";"";"Наезд на пешехода";"";"0";"0";"г Санкт-Петербург ул Коллонтай 24 корп,3";"0,0";"1,0";"1,0";"2,0";
"333,0";"13,11,2018";"Московский";"";"Наезд на пешехода";"";"0";"0";"г Санкт-Петербург ул Кузнецовская 28";"0,0";"1,0";"1,0";"2,0";
"334,0";"13,11,2018";"Московский";"";"Столкновение";"";"0";"0";"г Санкт-Петербург ш Митрофаньевское 28";"0,0";"1,0";"4,0";"5,0";
"335,0";"13,11,2018";"Василеостровский";"";"Наезд на пешехода";"";"0";"0";"г Санкт-Петербург линия 16-я В,О, 13";"0,0";"1,0";"1,0";"2,0";
"336,0";"13,11,2018";"Адмиралтейский";"";"Наезд на велосипедиста";"";"0";"0";"г Санкт-Петербург наб Обводного канала 143А";"0,0";"1,0";"2,0";"2,0";
"337,0";"13,11,2018";"Пушкинский";"";"Наезд на пешехода";"";"0";"0";"г Пушкин ш Кузьминское Павильон Урицкого 1";"0,0";"1,0";"1,0";"2,0";
"338,0";"13,11,2018";"Василеостровский";"";"Наезд на пешехода";"";"0";"0";"г Санкт-Петербург пр-кт Малый В,О, 45";"0,0";"1,0";"1,0";"2,0";
"339,0";"13,11,2018";"Приморский";"";"Наезд на пешехода";"";"0";"0";"г Санкт-Петербург ул Торжковская 6";"0,0";"1,0";"1,0";"2,0";
"340,0";"13,11,2018";"Московский";"";"Наезд на пешехода";"";"0";"0";"г Санкт-Петербург ул Кузнецовская 44";"0,0";"1,0";"1,0";"2,0";
"341,0";"13,11,2018";"Приморский";"";"Столкновение";"";"0";"0";"г Санкт-Петербург ул Парашютная Сизова пр,";"0,0";"1,0";"2,0";"2,0";
"342,0";"13,11,2018";"Пушкинский";"";"Наезд на пешехода";"";"0";"0";"г Пушкин ш Петербургское Хазова";"0,0";"1,0";"1,0";"2,0";
"343,0";"13,11,2018";"Приморский";"";"Наезд на пешехода";"";"0";"0";"г Санкт-Петербург пл Комендантская 8";"0,0";"1,0";"2,0";"3,0";
"344,0";"13,11,2018";"Калининский";"";"Наезд на пешехода";"";"0";"0";"г Санкт-Петербург пр-кт Просвещения пр, Культуры";"0,0";"1,0";"1,0";"2,0";
"345,0";"13,11,2018";"Петродворцовый";"";"Столкновение";"";"0";"0";"г Ломоносов ш Краснофлотское 110";"0,0";"3,0";"2,0";"3,0";
"346,0";"13,11,2018";"Колпинский";"";"Наезд на пешехода";"";"0";"0";"г Колпино ул Веры Слуцкой Трудящихся";"0,0";"1,0";"1,0";"2,0";
"347,0";"13,11,2018";"Приморский";"";"Наезд на пешехода";"";"0";"0";"г Санкт-Петербург  ";"0,0";"1,0";"1,0";"2,0";
"348,0";"13,11,2018";"Красногвардейский";"";"Наезд на пешехода";"";"0";"0";"г Санкт-Петербург пр-кт Шаумяна 33";"0,0";"1,0";"1,0";"2,0";
"349,0";"13,11,2018";"Кировский";"";"Наезд на пешехода";"";"0";"0";"г Санкт-Петербург ул Маринеско 12";"0,0";"1,0";"1,0";"2,0";
"350,0";"13,11,2018";"Кировский";"";"Столкновение";"";"0";"0";"г Санкт-Петербург пр-кт Ветеранов 51";"0,0";"1,0";"2,0";"3,0";
"351,0";"13,11,2018";"Петроградский";"";"Наезд на пешехода";"";"0";"0";"г Санкт-Петербург пр-кт Малый П,С, 50";"0,0";"1,0";"1,0";"2,0";
"352,0";"13,11,2018";"Приморский";"";"Наезд на пешехода";"";"0";"0";"г Санкт-Петербург ул Долгоозёрная 13";"0,0";"1,0";"1,0";"2,0";
"353,0";"13,11,2018";"Московский";"";"Наезд на пешехода";"";"0";"0";"г Санкт-Петербург пр-кт Дунайский 27 к1";"0,0";"1,0";"1,0";"2,0";
"354,0";"13,11,2018";"Петродворцовый";"";"Столкновение";"";"0";"0";"п Стрельна ш Санкт-Петербургское ЛЬВОВСКАЯ";"0,0";"1,0";"2,0";"2,0";
"355,0";"13,11,2018";"Петродворцовый";"";"Иной вид ДТП";"";"0";"0";"г Петергоф  ";"0,0";"1,0";"1,0";"1,0";
"356,0";"13,11,2018";"Приморский";"";"Падение пассажира";"";"0";"0";"г Санкт-Петербург дор Торфяная 8 корп,3";"0,0";"1,0";"1,0";"2,0";
"357,0";"13,11,2018";"Кировский";"";"Наезд на пешехода";"";"0";"0";"г Санкт-Петербург пр-кт Стачек 72";"0,0";"1,0";"1,0";"2,0";
"358,0";"13,11,2018";"Выборгский";"";"Наезд на пешехода";"";"0";"0";"г Санкт-Петербург пр-кт 2-й Муринский 35";"0,0";"1,0";"1,0";"2,0";
"359,0";"13,11,2018";"Центральный";"";"Столкновение";"";"0";"0";"г Санкт-Петербург пр-кт Невский 116";"0,0";"1,0";"2,0";"3,0";
"360,0";"13,11,2018";"Выборгский";"";"Наезд на пешехода";"";"0";"0";"п Парголово аллея Берёзовая (Осиновая Роща) 30";"0,0";"1,0";"1,0";"2,0";
"361,0";"12,11,2018";"Петродворцовый";"";"Столкновение";"";"0";"0";"г Петергоф пр-кт Санкт-Петербургский 3";"0,0";"2,0";"3,0";"5,0";
"362,0";"12,11,2018";"Кировский";"";"Столкновение";"";"0";"0";"г Санкт-Петербург пр-кт Стачек 54";"0,0";"1,0";"3,0";"3,0";
"363,0";"12,11,2018";"Выборгский";"";"Столкновение";"";"0";"0";"г Санкт-Петербург наб Пироговская 6 по А, Лебедева";"0,0";"1,0";"2,0";"3,0";
"364,0";"12,11,2018";"Выборгский";"";"Столкновение";"";"0";"0";"п Парголово пр-кт Энгельса 190";"0,0";"1,0";"2,0";"2,0";
"365,0";"12,11,2018";"Кировский";"";"Падение пассажира";"";"0";"0";"г Санкт-Петербург пр-кт Ветеранов 87";"0,0";"1,0";"1,0";"2,0";
"366,0";"12,11,2018";"Фрунзенский";"";"Наезд на пешехода";"";"0";"0";"г Санкт-Петербург ул Софийская 52";"0,0";"1,0";"1,0";"2,0";
"367,0";"12,11,2018";"Адмиралтейский";"";"Наезд на пешехода";"";"0";"0";"г Санкт-Петербург пер Столярный 18 69";"0,0";"1,0";"1,0";"2,0";
"368,0";"12,11,2018";"Красногвардейский";"";"Наезд на пешехода";"";"0";"0";"г Санкт-Петербург пр-кт Наставников 19";"0,0";"1,0";"1,0";"2,0";
"369,0";"12,11,2018";"Приморский";"";"Наезд на пешехода";"";"0";"0";"г Санкт-Петербург ул Матроса Железняка 13";"0,0";"1,0";"1,0";"2,0";
"370,0";"12,11,2018";"Василеостровский";"";"Падение пассажира";"";"0";"0";"г Санкт-Петербург ул Наличная 40";"0,0";"1,0";"1,0";"2,0";
"371,0";"12,11,2018";"Московский";"";"Столкновение";"";"0";"0";"г Санкт-Петербург ш Пулковское 70";"0,0";"2,0";"2,0";"2,0";
"372,0";"12,11,2018";"Красногвардейский";"";"Наезд на велосипедиста";"";"0";"0";"г Санкт-Петербург  ";"0,0";"1,0";"2,0";"2,0";
"373,0";"12,11,2018";"Калининский";"";"Столкновение";"";"0";"0";"г Санкт-Петербург пр-кт Культуры 3А";"0,0";"1,0";"2,0";"3,0";
"374,0";"12,11,2018";"Красносельский";"";"Столкновение";"";"0";"0";"г Санкт-Петербург ул Партизана Германа 5";"0,0";"1,0";"2,0";"2,0";
"375,0";"12,11,2018";"Адмиралтейский";"";"Столкновение";"";"0";"0";"г Санкт-Петербург наб Реки Фонтанки 136";"0,0";"1,0";"2,0";"3,0";
"376,0";"12,11,2018";"Невский";"";"Наезд на стоящее ТС";"";"0";"0";"г Санкт-Петербург пр-кт Обуховской Обороны 38";"0,0";"1,0";"2,0";"2,0";
"377,0";"11,11,2018";"Красногвардейский";"";"Столкновение";"";"0";"0";"г Санкт-Петербург пр-кт Большеохтинский 11";"0,0";"2,0";"3,0";"3,0";
"378,0";"11,11,2018";"Выборгский";"";"Столкновение";"";"0";"0";"г Санкт-Петербург наб Выборгская 37 напротив";"0,0";"1,0";"2,0";"3,0";
"379,0";"11,11,2018";"Калининский";"";"Столкновение";"";"0";"0";"г Санкт-Петербург пр-кт Суздальский 57";"0,0";"2,0";"2,0";"4,0";
"380,0";"11,11,2018";"Центральный";"";"Наезд на пешехода";"";"0";"0";"г Санкт-Петербург пр-кт Лиговский 69";"0,0";"1,0";"1,0";"2,0";
"381,0";"11,11,2018";"Выборгский";"";"Столкновение";"";"0";"0";"г Санкт-Петербург пр-кт Суздальский Композиторов ул,";"0,0";"1,0";"2,0";"2,0";
"382,0";"11,11,2018";"Фрунзенский";"";"Падение пассажира";"";"0";"0";"г Санкт-Петербург ул Олеко Дундича 23";"0,0";"1,0";"1,0";"2,0";
"383,0";"11,11,2018";"Петроградский";"";"Наезд на велосипедиста";"";"0";"0";"г Санкт-Петербург пл Троицкая П,С, ";"0,0";"1,0";"2,0";"2,0";
"384,0";"11,11,2018";"Красносельский";"";"Столкновение";"";"0";"0";"г Санкт-Петербург пр-кт Ленинский пр, Кузнецова";"0,0";"1,0";"2,0";"2,0";
"385,0";"11,11,2018";"Кировский";"";"Наезд на велосипедиста";"";"0";"0";"г Санкт-Петербург ул Маршала Казакова 26 16 по М,Жукова";"0,0";"1,0";"2,0";"2,0";
"386,0";"11,11,2018";"Фрунзенский";"";"Наезд на пешехода";"";"0";"0";"г Санкт-Петербург ул Будапештская 8";"0,0";"1,0";"1,0";"2,0";
"387,0";"11,11,2018";"Калининский";"";"Наезд на стоящее ТС";"";"0";"0";"г Санкт-Петербург пр-кт Культуры 7 КОР, 1";"0,0";"1,0";"5,0";"1,0";
"388,0";"11,11,2018";"Красногвардейский";"";"Наезд на пешехода";"";"0";"0";"г Санкт-Петербург пр-кт Индустриальный 11";"0,0";"1,0";"1,0";"2,0";
"389,0";"11,11,2018";"Петроградский";"";"Столкновение";"";"0";"0";"г Санкт-Петербург наб Песочная 30";"0,0";"1,0";"2,0";"2,0";
"390,0";"11,11,2018";"Калининский";"";"Наезд на пешехода";"";"0";"0";"г Санкт-Петербург пр-кт Гражданский 51 корпус 1";"0,0";"2,0";"1,0";"3,0";
"391,0";"11,11,2018";"Московский";"";"Столкновение";"";"0";"0";"г Санкт-Петербург ш Пулковское 37";"0,0";"1,0";"2,0";"2,0";
"392,0";"11,11,2018";"Пушкинский";"";"Наезд на пешехода";"";"0";"0";"г Пушкин ул Оранжерейная 40 ул, Железнодорожн";"0,0";"1,0";"1,0";"2,0";
"393,0";"11,11,2018";"Василеостровский";"";"Столкновение";"";"0";"0";"г Санкт-Петербург ул Уральская 13";"0,0";"1,0";"2,0";"3,0";
"394,0";"10,11,2018";"Приморский";"";"Столкновение";"";"0";"0";"г Санкт-Петербург ул Парашютная дорога на Каменку";"0,0";"1,0";"2,0";"2,0";
"395,0";"10,11,2018";"Выборгский";"";"Столкновение";"";"0";"0";"п Левашово ш Ленинградское 99 лит, А";"0,0";"1,0";"3,0";"2,0";
"396,0";"10,11,2018";"Красносельский";"";"Столкновение";"";"0";"0";"г Санкт-Петербург пр-кт Кузнецова ул,М,Захарова";"0,0";"1,0";"2,0";"3,0";
"397,0";"10,11,2018";"Невский";"";"Наезд на пешехода";"";"0";"0";"г Санкт-Петербург пр-кт Искровский 21";"1,0";"0,0";"1,0";"2,0";
"398,0";"10,11,2018";"Невский";"";"Наезд на препятствие";"А-118 Кольцевая автомобильная дорога вокруг г, Санкт-Петербурга";"58";"500";"г Санкт-Петербург  ";"0,0";"1,0";"1,0";"1,0";
"399,0";"10,11,2018";"Калининский";"";"Падение пассажира";"";"0";"0";"г Санкт-Петербург ул Карпинского 38";"0,0";"1,0";"1,0";"2,0";
"400,0";"10,11,2018";"Красносельский";"";"Столкновение";"";"0";"0";"г Санкт-Петербург ул Маршала Захарова Брестский б-р";"0,0";"2,0";"2,0";"4,0";
"401,0";"10,11,2018";"Пушкинский";"";"Наезд на препятствие";"";"0";"0";"п Шушары ул Ленина 31";"1,0";"1,0";"1,0";"2,0";
"402,0";"10,11,2018";"Центральный";"";"Наезд на пешехода";"";"0";"0";"г Санкт-Петербург пр-кт Невский 73-75";"0,0";"1,0";"1,0";"2,0";
"403,0";"10,11,2018";"Василеостровский";"";"Столкновение";"";"0";"0";"г Санкт-Петербург пр-кт Большой В,О, 31";"0,0";"2,0";"2,0";"3,0";
"404,0";"10,11,2018";"Центральный";"";"Наезд на стоящее ТС";"";"0";"0";"г Санкт-Петербург пр-кт Невский 119";"0,0";"1,0";"4,0";"5,0";
"405,0";"10,11,2018";"Фрунзенский";"";"Наезд на пешехода";"";"0";"0";"г Санкт-Петербург ул Бухарестская 69";"0,0";"1,0";"1,0";"2,0";
"406,0";"10,11,2018";"Красногвардейский";"";"Наезд на препятствие";"";"0";"0";"г Санкт-Петербург пр-кт Пискарёвский 63";"0,0";"1,0";"1,0";"1,0";
"407,0";"10,11,2018";"Фрунзенский";"";"Наезд на препятствие";"";"0";"0";"г Санкт-Петербург ул Бухарестская 6";"0,0";"1,0";"1,0";"2,0";
"408,0";"10,11,2018";"Красногвардейский";"";"Столкновение";"";"0";"0";"г Санкт-Петербург ул Передовиков 1 6";"0,0";"2,0";"2,0";"3,0";
"409,0";"10,11,2018";"Кировский";"";"Столкновение";"";"0";"0";"г Санкт-Петербург пр-кт Стачек 118";"0,0";"3,0";"2,0";"4,0";
"410,0";"09,11,2018";"Приморский";"";"Падение пассажира";"";"0";"0";"г Санкт-Петербург пр-кт Коломяжский 18";"0,0";"1,0";"1,0";"2,0";
"411,0";"09,11,2018";"Василеостровский";"";"Столкновение";"";"0";"0";"г Санкт-Петербург ул Кораблестроителей 48к2";"0,0";"3,0";"2,0";"4,0";
"412,0";"09,11,2018";"Курортный";"";"Столкновение";"Западный скоростной диаметр";"6";"790";"г Санкт-Петербург  ";"0,0";"1,0";"2,0";"3,0";
"413,0";"09,11,2018";"Калининский";"";"Наезд на пешехода";"";"0";"0";"г Санкт-Петербург ул Жукова 7";"0,0";"1,0";"1,0";"2,0";
"414,0";"09,11,2018";"Московский";"";"Наезд на препятствие";"";"0";"0";"г Санкт-Петербург  ";"0,0";"1,0";"3,0";"3,0";
"415,0";"09,11,2018";"Невский";"";"Наезд на стоящее ТС";"";"0";"0";"г Санкт-Петербург пр-кт Обуховской Обороны 95 к 1";"0,0";"3,0";"3,0";"5,0";
"416,0";"09,11,2018";"Невский";"";"Падение пассажира";"";"0";"0";"г Санкт-Петербург пр-кт Большевиков 6 кор,1";"0,0";"1,0";"1,0";"2,0";
"417,0";"09,11,2018";"Московский";"";"Наезд на пешехода";"";"0";"0";"г Санкт-Петербург ул Бассейная 81";"0,0";"1,0";"1,0";"2,0";
"418,0";"09,11,2018";"Невский";"";"Наезд на пешехода";"";"0";"0";"г Санкт-Петербург ул Седова 97";"0,0";"1,0";"1,0";"2,0";
"419,0";"09,11,2018";"Фрунзенский";"";"Столкновение";"";"0";"0";"г Санкт-Петербург ул Софийская 22";"0,0";"1,0";"2,0";"3,0";
"420,0";"09,11,2018";"Красногвардейский";"";"Наезд на пешехода";"";"0";"0";"г Санкт-Петербург пр-кт Маршала Блюхера 44";"0,0";"1,0";"1,0";"2,0";
"421,0";"09,11,2018";"Фрунзенский";"";"Наезд на стоящее ТС";"";"0";"0";"г Санкт-Петербург  ";"0,0";"1,0";"3,0";"2,0";
"422,0";"09,11,2018";"Кировский";"";"Столкновение";"";"0";"0";"г Санкт-Петербург пр-кт Дачный 17к4";"0,0";"1,0";"2,0";"2,0";
"423,0";"09,11,2018";"Фрунзенский";"";"Столкновение";"";"0";"0";"г Санкт-Петербург пр-кт Славы 40-1";"0,0";"3,0";"2,0";"4,0";
"424,0";"08,11,2018";"Кировский";"";"Наезд на пешехода";"";"0";"0";"г Санкт-Петербург ул Кронштадтская 4";"0,0";"1,0";"1,0";"2,0";
"425,0";"08,11,2018";"Петроградский";"";"Столкновение";"";"0";"0";"г Санкт-Петербург пр-кт Каменноостровский 66";"0,0";"2,0";"2,0";"4,0";
"426,0";"08,11,2018";"Московский";"";"Столкновение";"";"0";"0";"г Санкт-Петербург ул Ленсовета 47";"0,0";"1,0";"2,0";"3,0";
"427,0";"08,11,2018";"Выборгский";"";"Столкновение";"";"0";"0";"г Санкт-Петербург пр-кт Энгельса Луначарского";"0,0";"1,0";"2,0";"2,0";
"428,0";"08,11,2018";"Центральный";"";"Наезд на пешехода";"";"0";"0";"г Санкт-Петербург пл Пролетарской Диктатуры ул, Тверская";"0,0";"1,0";"1,0";"2,0";
"429,0";"08,11,2018";"Невский";"";"Падение пассажира";"";"0";"0";"г Санкт-Петербург пр-кт Обуховской Обороны 163";"0,0";"1,0";"1,0";"2,0";
"430,0";"08,11,2018";"Василеостровский";"";"Наезд на пешехода";"";"0";"0";"г Санкт-Петербург наб Новосмоленская 6";"0,0";"1,0";"1,0";"2,0";
"431,0";"08,11,2018";"Калининский";"";"Наезд на велосипедиста";"";"0";"0";"г Санкт-Петербург ул Лабораторная 19";"0,0";"1,0";"2,0";"2,0";
"432,0";"08,11,2018";"Калининский";"";"Наезд на пешехода";"";"0";"0";"г Санкт-Петербург ул Жукова 2";"0,0";"2,0";"1,0";"3,0";
"433,0";"08,11,2018";"Красногвардейский";"";"Столкновение";"А-118 Кольцевая автомобильная дорога вокруг г, Санкт-Петербурга";"106";"500";"г Санкт-Петербург  ";"0,0";"1,0";"2,0";"3,0";
"434,0";"08,11,2018";"Выборгский";"";"Наезд на пешехода";"";"0";"0";"г Санкт-Петербург  ";"0,0";"1,0";"1,0";"2,0";
"435,0";"08,11,2018";"Московский";"";"Столкновение";"";"0";"0";"г Санкт-Петербург ул Краснопутиловская 71";"0,0";"1,0";"3,0";"3,0";
"436,0";"08,11,2018";"Приморский";"";"Столкновение";"";"0";"0";"г Санкт-Петербург ул Долгоозёрная Королева";"0,0";"1,0";"2,0";"3,0";
"437,0";"08,11,2018";"Московский";"";"Столкновение";"";"0";"0";"г Санкт-Петербург пр-кт Московский 102А";"0,0";"2,0";"2,0";"4,0";
"438,0";"08,11,2018";"Приморский";"";"Столкновение";"";"0";"0";"г Санкт-Петербург пр-кт Лахтинский 10";"0,0";"3,0";"2,0";"4,0";
"439,0";"08,11,2018";"Адмиралтейский";"";"Наезд на пешехода";"";"0";"0";"г Санкт-Петербург  ";"0,0";"1,0";"1,0";"2,0";
"440,0";"08,11,2018";"Красносельский";"";"Наезд на пешехода";"";"0";"0";"г Санкт-Петербург ш Петергофское 1 к,1";"0,0";"1,0";"1,0";"2,0";
"441,0";"08,11,2018";"Кировский";"";"Наезд на пешехода";"";"0";"0";"г Санкт-Петербург пр-кт Ленинский 137";"0,0";"1,0";"1,0";"2,0";
"442,0";"08,11,2018";"Фрунзенский";"";"Наезд на пешехода";"";"0";"0";"г Санкт-Петербург  ";"0,0";"1,0";"1,0";"2,0";
"443,0";"08,11,2018";"Красносельский";"";"Столкновение";"";"0";"0";"г Санкт-Петербург пр-кт Ленинский Котина ул,";"0,0";"2,0";"2,0";"2,0";
"444,0";"07,11,2018";"Московский";"";"Наезд на велосипедиста";"";"0";"0";"г Санкт-Петербург ш Московское пр, Ю,Гагарина";"0,0";"1,0";"2,0";"2,0";
"445,0";"07,11,2018";"Калининский";"";"Столкновение";"";"0";"0";"г Санкт-Петербург ул Ушинского 45";"0,0";"1,0";"4,0";"3,0";
"446,0";"07,11,2018";"Василеостровский";"";"Наезд на пешехода";"";"0";"0";"г Санкт-Петербург наб Морская 41";"0,0";"1,0";"1,0";"2,0";
"447,0";"07,11,2018";"Невский";"";"Падение пассажира";"";"0";"0";"г Санкт-Петербург ул Подвойского 29 К,1";"0,0";"1,0";"1,0";"2,0";
"448,0";"07,11,2018";"Кировский";"";"Наезд на пешехода";"";"0";"0";"г Санкт-Петербург ул Маршала Говорова Урхов пер";"0,0";"1,0";"1,0";"2,0";
"449,0";"07,11,2018";"Кировский";"";"Столкновение";"";"0";"0";"г Санкт-Петербург пр-кт Дачный Б-р Новаторов";"0,0";"1,0";"2,0";"2,0";
"450,0";"07,11,2018";"Приморский";"";"Наезд на пешехода";"";"0";"0";"г Санкт-Петербург пр-кт Королёва 48 к1";"0,0";"1,0";"1,0";"2,0";
"451,0";"07,11,2018";"Невский";"";"Наезд на стоящее ТС";"";"0";"0";"г Санкт-Петербург ул Крупской 27";"0,0";"1,0";"2,0";"1,0";
"452,0";"07,11,2018";"Невский";"";"Столкновение";"";"0";"0";"г Санкт-Петербург пр-кт Большевиков 21";"0,0";"1,0";"2,0";"2,0";
"453,0";"07,11,2018";"Выборгский";"";"Наезд на пешехода";"";"0";"0";"г Санкт-Петербург пр-кт Северный Тихорецкий";"0,0";"2,0";"1,0";"3,0";
"454,0";"07,11,2018";"Приморский";"";"Падение пассажира";"";"0";"0";"г Санкт-Петербург ул Торжковская 2 лит, А";"0,0";"1,0";"1,0";"2,0";
"455,0";"07,11,2018";"Выборгский";"";"Наезд на пешехода";"";"0";"0";"г Санкт-Петербург пр-кт Энгельса 36";"1,0";"0,0";"1,0";"2,0";
"456,0";"07,11,2018";"Приморский";"";"Столкновение";"";"0";"0";"г Санкт-Петербург ул Савушкина Туристская ул,";"0,0";"3,0";"2,0";"4,0";
"457,0";"07,11,2018";"Красногвардейский";"";"Столкновение";"";"0";"0";"г Санкт-Петербург пр-кт Новочеркасский 45";"0,0";"1,0";"2,0";"3,0";
"458,0";"07,11,2018";"Фрунзенский";"";"Столкновение";"";"0";"0";"г Санкт-Петербург пр-кт Славы 40";"0,0";"1,0";"2,0";"2,0";
"459,0";"07,11,2018";"Невский";"";"Наезд на пешехода";"";"0";"0";"г Санкт-Петербург пер 3-й Рабфаковский 5 4";"0,0";"1,0";"1,0";"2,0";
"460,0";"07,11,2018";"Калининский";"";"Столкновение";"";"0";"0";"г Санкт-Петербург пр-кт Маршала Блюхера 1 корпус 1";"0,0";"2,0";"2,0";"3,0";
"461,0";"06,11,2018";"Невский";"";"Столкновение";"";"0";"0";"г Санкт-Петербург пр-кт Большевиков 69";"0,0";"1,0";"2,0";"2,0";
"462,0";"06,11,2018";"Красносельский";"";"Наезд на пешехода";"";"0";"0";"г Санкт-Петербург ул Маршала Захарова 22";"0,0";"1,0";"1,0";"2,0";
"463,0";"06,11,2018";"Невский";"";"Падение пассажира";"";"0";"0";"г Санкт-Петербург пр-кт Солидарности 11";"0,0";"1,0";"1,0";"2,0";
"464,0";"06,11,2018";"Кировский";"";"Столкновение";"";"0";"0";"г Санкт-Петербург пр-кт Стачек 94";"0,0";"1,0";"4,0";"5,0";
"465,0";"06,11,2018";"Приморский";"";"Падение пассажира";"";"0";"0";"г Санкт-Петербург ул Савушкина 116";"0,0";"1,0";"1,0";"2,0";
"466,0";"06,11,2018";"Адмиралтейский";"";"Наезд на пешехода";"";"0";"0";"г Санкт-Петербург пр-кт Вознесенский 35";"0,0";"1,0";"1,0";"2,0";
"467,0";"06,11,2018";"Фрунзенский";"";"Наезд на пешехода";"";"0";"0";"г Санкт-Петербург пр-кт Славы 40 кор,1";"0,0";"1,0";"1,0";"2,0";
"468,0";"06,11,2018";"Фрунзенский";"";"Наезд на пешехода";"";"0";"0";"г Санкт-Петербург  ";"0,0";"1,0";"1,0";"2,0";
"469,0";"06,11,2018";"Пушкинский";"";"Наезд на пешехода";"";"0";"0";"г Пушкин ул Набережная Советский мер,";"0,0";"1,0";"1,0";"2,0";
"470,0";"06,11,2018";"Адмиралтейский";"";"Столкновение";"";"0";"0";"г Санкт-Петербург пл Исаакиевская 3";"0,0";"1,0";"2,0";"2,0";
"471,0";"06,11,2018";"Петроградский";"";"Наезд на велосипедиста";"";"0";"0";"г Санкт-Петербург ул Большая Зеленина 44 6";"0,0";"1,0";"2,0";"2,0";
"472,0";"06,11,2018";"Выборгский";"";"Падение пассажира";"";"0";"0";"г Санкт-Петербург ул Композиторов 28";"0,0";"1,0";"1,0";"2,0";
"473,0";"06,11,2018";"Адмиралтейский";"";"Столкновение";"";"0";"0";"г Санкт-Петербург пр-кт Московский 1";"0,0";"1,0";"2,0";"3,0";
"474,0";"06,11,2018";"Центральный";"";"Наезд на пешехода";"";"0";"0";"г Санкт-Петербург ул Марата 30";"0,0";"1,0";"1,0";"2,0";
"475,0";"06,11,2018";"Красносельский";"";"Наезд на препятствие";"";"0";"0";"г Санкт-Петербург ш Петергофское 13к1";"0,0";"2,0";"1,0";"2,0";
"476,0";"06,11,2018";"Приморский";"";"Падение пассажира";"";"0";"0";"г Санкт-Петербург пр-кт Коломяжский 24ж";"0,0";"1,0";"1,0";"2,0";
"477,0";"06,11,2018";"Приморский";"";"Наезд на пешехода";"";"0";"0";"г Санкт-Петербург ул Маршала Новикова 10 к,2";"0,0";"1,0";"1,0";"2,0";
"478,0";"06,11,2018";"Приморский";"";"Столкновение";"";"0";"0";"г Санкт-Петербург ул Вербная Репищева";"0,0";"1,0";"2,0";"3,0";
"479,0";"06,11,2018";"Московский";"";"Столкновение";"";"0";"0";"г Санкт-Петербург ул Орджоникидзе 58";"0,0";"1,0";"2,0";"2,0";
"480,0";"05,11,2018";"Красносельский";"";"Наезд на пешехода";"";"0";"0";"г Санкт-Петербург ул Доблести Р,Зорге";"0,0";"1,0";"1,0";"2,0";
"481,0";"05,11,2018";"Петроградский";"";"Наезд на пешехода";"";"0";"0";"г Санкт-Петербург ул Барочная 8";"0,0";"1,0";"1,0";"2,0";
"482,0";"05,11,2018";"Центральный";"";"Столкновение";"";"0";"0";"г Санкт-Петербург ул Малая Морская ул,Гороховая";"0,0";"3,0";"2,0";"4,0";
"483,0";"05,11,2018";"Кировский";"";"Наезд на пешехода";"";"0";"0";"г Санкт-Петербург пр-кт Ветеранов 78к2";"0,0";"1,0";"1,0";"2,0";
"484,0";"05,11,2018";"Адмиралтейский";"";"Наезд на пешехода";"";"0";"0";"г Санкт-Петербург пл Исаакиевская 9";"0,0";"1,0";"1,0";"2,0";
"485,0";"05,11,2018";"Приморский";"";"Столкновение";"";"0";"0";"г Санкт-Петербург пр-кт Коломяжский Испытателей пр,";"0,0";"2,0";"2,0";"3,0";
"486,0";"05,11,2018";"Калининский";"";"Наезд на пешехода";"";"0";"0";"г Санкт-Петербург дор Кушелевская М, Блюхера";"0,0";"1,0";"1,0";"2,0";
"487,0";"05,11,2018";"Красногвардейский";"";"Столкновение";"";"0";"0";"г Санкт-Петербург пр-кт Большеохтинский 3";"0,0";"1,0";"2,0";"2,0";
"488,0";"05,11,2018";"Фрунзенский";"";"Падение пассажира";"";"0";"0";"г Санкт-Петербург ул Бухарестская 74";"0,0";"1,0";"1,0";"2,0";
"489,0";"05,11,2018";"Пушкинский";"";"Столкновение";"";"0";"0";"г Пушкин ул Оранжерейная Магазейная ул";"0,0";"2,0";"2,0";"3,0";
"490,0";"05,11,2018";"Центральный";"";"Наезд на велосипедиста";"";"0";"0";"г Санкт-Петербург  ";"0,0";"1,0";"2,0";"2,0";
"491,0";"05,11,2018";"Адмиралтейский";"";"Наезд на препятствие";"";"0";"0";"г Санкт-Петербург пр-кт Московский 63";"0,0";"1,0";"1,0";"1,0";
"492,0";"05,11,2018";"Кировский";"";"Столкновение";"";"0";"0";"г Санкт-Петербург пр-кт Народного Ополчения Ул,Л,Голикова";"0,0";"2,0";"2,0";"2,0";
"493,0";"05,11,2018";"Невский";"";"Столкновение";"";"0";"0";"г Санкт-Петербург наб Октябрьская 106";"0,0";"1,0";"2,0";"2,0";
"494,0";"04,11,2018";"Курортный";"";"Наезд на препятствие";"А-181 Скандинавия Санкт-Петербург - Выборг - граница с Финляндской Республикой (основное направление)";"47";"300";"г Санкт-Петербург  ";"0,0";"1,0";"1,0";"1,0";
"495,0";"04,11,2018";"Красносельский";"";"Опрокидывание";"";"0";"0";"г Санкт-Петербург ш Петергофское 57";"0,0";"1,0";"1,0";"1,0";
"496,0";"04,11,2018";"Кировский";"";"Столкновение";"";"0";"0";"г Санкт-Петербург пр-кт Дачный Б-р Новаторов";"0,0";"1,0";"2,0";"2,0";
"497,0";"04,11,2018";"Петроградский";"";"Столкновение";"";"0";"0";"г Санкт-Петербург пр-кт Добролюбова 9";"0,0";"1,0";"2,0";"3,0";
"498,0";"04,11,2018";"Колпинский";"";"Падение пассажира";"";"0";"0";"г Колпино ул Павловская 82";"0,0";"1,0";"1,0";"2,0";
"499,0";"04,11,2018";"Калининский";"";"Столкновение";"";"0";"0";"г Санкт-Петербург наб Арсенальная 9";"0,0";"1,0";"4,0";"6,0";
"500,0";"04,11,2018";"Курортный";"";"Опрокидывание";"";"0";"0";"г Зеленогорск ул Красных Курсантов 16";"0,0";"1,0";"1,0";"1,0";
"501,0";"04,11,2018";"Курортный";"";"Наезд на препятствие";"Зеленогорское шоссе";"9";"50";"п Репино  ";"1,0";"3,0";"1,0";"4,0";
"502,0";"04,11,2018";"Калининский";"";"Столкновение";"";"0";"0";"г Санкт-Петербург пр-кт Гражданский 83 кор1";"0,0";"2,0";"4,0";"4,0";
"503,0";"04,11,2018";"Выборгский";"";"Столкновение";"";"0";"0";"г Санкт-Петербург пр-кт Луначарского Культуры пр,";"0,0";"2,0";"2,0";"3,0";
"504,0";"04,11,2018";"Выборгский";"";"Наезд на стоящее ТС";"А-118 Кольцевая автомобильная дорога вокруг г, Санкт-Петербурга";"127";"700";"г Санкт-Петербург  ";"1,0";"1,0";"3,0";"4,0";
"505,0";"04,11,2018";"Центральный";"";"Наезд на пешехода";"";"0";"0";"г Санкт-Петербург пр-кт Невский 130";"0,0";"1,0";"1,0";"2,0";
"506,0";"04,11,2018";"Петроградский";"";"Наезд на пешехода";"";"0";"0";"г Санкт-Петербург пр-кт Динамо 2аа";"0,0";"1,0";"1,0";"2,0";
"507,0";"04,11,2018";"Пушкинский";"";"Наезд на препятствие";"";"0";"0";"п Шушары ул Софийская Усть-ижорское ш,";"1,0";"1,0";"1,0";"2,0";
"508,0";"03,11,2018";"Выборгский";"";"Наезд на пешехода";"";"0";"0";"г Санкт-Петербург пр-кт Просвещения 19";"0,0";"1,0";"1,0";"2,0";
"509,0";"03,11,2018";"Красногвардейский";"";"Столкновение";"";"0";"0";"г Санкт-Петербург пр-кт Пискарёвский 39";"0,0";"1,0";"3,0";"3,0";
"510,0";"03,11,2018";"Красногвардейский";"";"Наезд на стоящее ТС";"А-118 Кольцевая автомобильная дорога вокруг г, Санкт-Петербурга";"107";"800";"г Санкт-Петербург  ";"0,0";"1,0";"2,0";"2,0";
"511,0";"03,11,2018";"Московский";"";"Столкновение";"";"0";"0";"г Санкт-Петербург пр-кт Витебский 47";"0,0";"1,0";"2,0";"3,0";
"512,0";"03,11,2018";"Московский";"";"Столкновение";"";"0";"0";"г Санкт-Петербург ул Варшавская 48";"0,0";"1,0";"4,0";"3,0";
"513,0";"03,11,2018";"Выборгский";"";"Столкновение";"";"0";"0";"г Санкт-Петербург пр-кт Большой Сампсониевский ул,Фокина";"0,0";"3,0";"2,0";"5,0";
"514,0";"03,11,2018";"Выборгский";"";"Наезд на пешехода";"";"0";"0";"п Парголово дор В Каменку 300 м, до Ж Д переез";"0,0";"1,0";"1,0";"2,0";
"515,0";"03,11,2018";"Центральный";"";"Наезд на пешехода";"";"0";"0";"г Санкт-Петербург пл Островского 6";"0,0";"1,0";"1,0";"2,0";
"516,0";"03,11,2018";"Кировский";"";"Наезд на пешехода";"";"0";"0";"г Санкт-Петербург  ";"0,0";"1,0";"1,0";"2,0";
"517,0";"03,11,2018";"Адмиралтейский";"";"Наезд на пешехода";"";"0";"0";"г Санкт-Петербург ул 1-я Красноармейская 2";"0,0";"1,0";"1,0";"2,0";
"518,0";"03,11,2018";"Красногвардейский";"";"Наезд на пешехода";"";"0";"0";"г Санкт-Петербург пр-кт Шаумяна 85";"0,0";"1,0";"1,0";"2,0";
"519,0";"03,11,2018";"Центральный";"";"Столкновение";"";"0";"0";"г Санкт-Петербург пр-кт Литейный шпалерная ул";"1,0";"1,0";"3,0";"4,0";
"520,0";"03,11,2018";"Фрунзенский";"";"Столкновение";"";"0";"0";"г Санкт-Петербург ул Будапештская 39";"0,0";"1,0";"2,0";"3,0";
"521,0";"03,11,2018";"Курортный";"";"Наезд на пешехода";"";"0";"0";"г Зеленогорск ш Приморское 570е";"0,0";"1,0";"1,0";"2,0";
"522,0";"03,11,2018";"Василеостровский";"";"Столкновение";"";"0";"0";"г Санкт-Петербург пр-кт Средний В,О, 82";"0,0";"1,0";"2,0";"3,0";
"523,0";"03,11,2018";"Калининский";"";"Наезд на стоящее ТС";"";"0";"0";"г Санкт-Петербург пр-кт Суздальский 95";"1,0";"0,0";"2,0";"2,0";
"524,0";"03,11,2018";"Красносельский";"";"Наезд на стоящее ТС";"А-118 Кольцевая автомобильная дорога вокруг г, Санкт-Петербурга";"82";"720";"г Санкт-Петербург  ";"0,0";"1,0";"3,0";"3,0";
"525,0";"03,11,2018";"Московский";"";"Наезд на стоящее ТС";"";"0";"0";"г Санкт-Петербург ш Пулковское 74";"0,0";"1,0";"2,0";"2,0";
"526,0";"03,11,2018";"Приморский";"";"Столкновение";"";"0";"0";"г Санкт-Петербург ш Ланское Омская ул,";"0,0";"2,0";"2,0";"4,0";
"527,0";"03,11,2018";"Красногвардейский";"";"Наезд на стоящее ТС";"";"0";"0";"г Санкт-Петербург пр-кт Заневский 26 кор,1";"0,0";"1,0";"3,0";"4,0";
"528,0";"03,11,2018";"Фрунзенский";"";"Падение пассажира";"";"0";"0";"г Санкт-Петербург  ";"0,0";"1,0";"1,0";"2,0";
"529,0";"03,11,2018";"Калининский";"";"Столкновение";"";"0";"0";"г Санкт-Петербург ул Комсомола 19";"0,0";"1,0";"3,0";"3,0";
"530,0";"03,11,2018";"Невский";"";"Столкновение";"";"0";"0";"г Санкт-Петербург пр-кт Шлиссельбургский 36 к 1";"0,0";"1,0";"2,0";"3,0";
"531,0";"02,11,2018";"Калининский";"";"Наезд на пешехода";"";"0";"0";"г Санкт-Петербург  ";"0,0";"1,0";"1,0";"2,0";
"532,0";"02,11,2018";"Калининский";"";"Наезд на пешехода";"";"0";"0";"г Санкт-Петербург  ";"0,0";"1,0";"1,0";"2,0";
"533,0";"02,11,2018";"Петроградский";"";"Столкновение";"";"0";"0";"г Санкт-Петербург ул Зверинская 12";"0,0";"2,0";"2,0";"4,0";
"534,0";"02,11,2018";"Приморский";"";"Наезд на пешехода";"";"0";"0";"г Санкт-Петербург пр-кт Приморский 29";"0,0";"1,0";"3,0";"4,0";
"535,0";"02,11,2018";"Колпинский";"";"Столкновение";"";"0";"0";"г Колпино пер Сапёрный 1 3";"0,0";"1,0";"2,0";"3,0";
"536,0";"02,11,2018";"Красногвардейский";"";"Столкновение";"";"0";"0";"г Санкт-Петербург пр-кт Маршала Блюхера 56";"0,0";"1,0";"2,0";"3,0";
"537,0";"02,11,2018";"Фрунзенский";"";"Столкновение";"";"0";"0";"г Санкт-Петербург наб Обводного канала 34";"0,0";"1,0";"3,0";"4,0";
"538,0";"02,11,2018";"Приморский";"";"Наезд на пешехода";"";"0";"0";"г Санкт-Петербург ул Маршала Новикова 9";"0,0";"1,0";"1,0";"2,0";
"539,0";"02,11,2018";"Московский";"";"Столкновение";"";"0";"0";"г Санкт-Петербург пр-кт Московский 62";"0,0";"1,0";"3,0";"4,0";
"540,0";"02,11,2018";"Кировский";"";"Наезд на препятствие";"";"0";"0";"г Санкт-Петербург пр-кт Народного Ополчения 125";"0,0";"1,0";"1,0";"1,0";
"541,0";"02,11,2018";"Московский";"";"Наезд на пешехода";"";"0";"0";"г Санкт-Петербург ул Типанова 4";"0,0";"1,0";"1,0";"2,0";
"542,0";"02,11,2018";"Приморский";"";"Наезд на пешехода";"";"0";"0";"г Санкт-Петербург ул Савушкина Стародеревенская ул";"0,0";"1,0";"1,0";"2,0";
"543,0";"02,11,2018";"Центральный";"";"Столкновение";"";"0";"0";"г Санкт-Петербург наб Дворцовая 2";"0,0";"1,0";"5,0";"6,0";
"544,0";"02,11,2018";"Центральный";"";"Наезд на пешехода";"";"0";"0";"г Санкт-Петербург пр-кт Лиговский 30";"1,0";"0,0";"1,0";"2,0";
"545,0";"02,11,2018";"Красногвардейский";"";"Столкновение";"";"0";"0";"г Санкт-Петербург пр-кт Шафировский 17";"0,0";"1,0";"2,0";"2,0";
"546,0";"02,11,2018";"Красносельский";"";"Наезд на пешехода";"";"0";"0";"г Санкт-Петербург пр-кт Ленина 92к1";"0,0";"1,0";"1,0";"2,0";
"547,0";"02,11,2018";"Калининский";"";"Наезд на пешехода";"";"0";"0";"г Санкт-Петербург ул Комсомола 35";"1,0";"0,0";"1,0";"2,0";
"548,0";"02,11,2018";"Выборгский";"";"Столкновение";"";"0";"0";"г Санкт-Петербург пр-кт Большой Сампсониевский 70";"0,0";"2,0";"2,0";"3,0";
"549,0";"01,11,2018";"Красносельский";"";"Наезд на препятствие";"";"0";"0";"г Санкт-Петербург пр-кт Ленина ул, Пушкина";"0,0";"1,0";"2,0";"3,0";
"550,0";"01,11,2018";"Кировский";"";"Столкновение";"";"0";"0";"г Санкт-Петербург ул Морской Пехоты 2";"0,0";"1,0";"2,0";"2,0";
"551,0";"01,11,2018";"Красногвардейский";"";"Столкновение";"";"0";"0";"г Санкт-Петербург ул Якорная 9А";"0,0";"1,0";"2,0";"2,0";
"552,0";"01,11,2018";"Центральный";"";"Падение пассажира";"";"0";"0";"г Санкт-Петербург пр-кт Невский 116";"0,0";"1,0";"1,0";"2,0";
"553,0";"01,11,2018";"Невский";"";"Столкновение";"";"0";"0";"г Санкт-Петербург наб Октябрьская 66";"0,0";"1,0";"2,0";"2,0";
"554,0";"01,11,2018";"Невский";"";"Столкновение";"";"0";"0";"г Санкт-Петербург ул Коллонтай 10";"0,0";"1,0";"2,0";"3,0";
"555,0";"01,11,2018";"Выборгский";"";"Столкновение";"";"0";"0";"г Санкт-Петербург наб Пироговская 21";"0,0";"1,0";"3,0";"4,0";
"556,0";"01,11,2018";"Курортный";"";"Наезд на препятствие";"";"0";"0";"г Зеленогорск ш Приморское 589";"0,0";"1,0";"1,0";"1,0";
"557,0";"01,11,2018";"Василеостровский";"";"Наезд на пешехода";"";"0";"0";"г Санкт-Петербург ул Уральская 19";"0,0";"1,0";"1,0";"2,0";
"558,0";"01,11,2018";"Петроградский";"";"Наезд на пешехода";"";"0";"0";"г Санкт-Петербург пр-кт Большой П,С, 9 1";"0,0";"1,0";"1,0";"2,0";
"559,0";"01,11,2018";"Приморский";"";"Столкновение";"";"0";"0";"г Санкт-Петербург пр-кт Испытателей 9к3";"0,0";"1,0";"2,0";"2,0";
"560,0";"01,11,2018";"Приморский";"";"Наезд на пешехода";"";"0";"0";"г Санкт-Петербург пр-кт Коломяжский 15к2";"0,0";"1,0";"1,0";"2,0";
"561,0";"01,11,2018";"Приморский";"";"Наезд на велосипедиста";"";"0";"0";"г Санкт-Петербург ул Яхтенная 40";"0,0";"1,0";"2,0";"2,0";
"562,0";"01,11,2018";"Московский";"";"Столкновение";"";"0";"0";"г Санкт-Петербург  ";"0,0";"1,0";"2,0";"2,0";
"563,0";"01,11,2018";"Кировский";"";"Столкновение";"";"0";"0";"г Санкт-Петербург ул Краснопутиловская 69";"0,0";"1,0";"2,0";"2,0";
"564,0";"01,11,2018";"Адмиралтейский";"";"Наезд на пешехода";"";"0";"0";"г Санкт-Петербург пр-кт Рижский 9";"0,0";"1,0";"1,0";"2,0";
"565,0";"01,11,2018";"Приморский";"";"Столкновение";"";"0";"0";"г Санкт-Петербург ул Камышовая Планерная ул,";"0,0";"1,0";"2,0";"2,0";
"566,0";"01,11,2018";"Фрунзенский";"";"Наезд на пешехода";"";"0";"0";"г Санкт-Петербург ул Будапештская 67";"0,0";"1,0";"1,0";"2,0";
"567,0";"01,11,2018";"Приморский";"";"Наезд на пешехода";"";"0";"0";"г Санкт-Петербург ул Стародеревенская 23";"0,0";"1,0";"1,0";"2,0";
"568,0";"01,11,2018";"Выборгский";"";"Столкновение";"";"0";"0";"г Санкт-Петербург пр-кт Энгельса 3-й Верхний";"0,0";"1,0";"2,0";"2,0";
"569,0";"01,11,2018";"Красносельский";"";"Наезд на пешехода";"";"0";"0";"г Санкт-Петербург ул Пионерстроя 4";"0,0";"1,0";"1,0";"2,0";
"570,0";"01,11,2018";"Фрунзенский";"";"Столкновение";"";"0";"0";"г Санкт-Петербург ул Бухарестская 6";"0,0";"1,0";"2,0";"2,0";