"1,0";"31,12,2022";"Некрасовка";"450220751";"Столкновение";"";"0";"0";"п Некрасовка ул Покровская 31";"0,0";"1,0";"4,0";"5,0";
"3,0";"31,12,2022";"Выхино-Жулебино";"450220752";"Столкновение";"";"0";"0";"г Москва ул Привольная 64 стр,1";"0,0";"1,0";"2,0";"2,0";
"4,0";"31,12,2022";"Покровское-Стрешнево";"450221200";"Наезд на пешехода";"";"0";"0";"г Москва  ";"0,0";"2,0";"1,0";"3,0";
"5,0";"31,12,2022";"Левобережный";"450221115";"Столкновение";"";"0";"0";"г Москва ул Фестивальная 47";"0,0";"1,0";"2,0";"3,0";
"6,0";"31,12,2022";"Кузьминки";"450220908";"Столкновение";"";"0";"0";"г Москва пр-кт Волгоградский 48, кор,2";"0,0";"1,0";"2,0";"2,0";
"7,0";"31,12,2022";"Южнопортовый";"450221121";"Наезд на пешехода";"";"0";"0";"г Москва ул Южнопортовая 18";"0,0";"1,0";"1,0";"2,0";
"8,0";"30,12,2022";"Якиманка";"450220170";"Столкновение";"";"0";"0";"г Москва пр-кт Ленинский 9";"0,0";"1,0";"2,0";"3,0";
"9,0";"30,12,2022";"Царицыно";"450220221";"Наезд на пешехода";"";"0";"0";"г Москва пр-кт Пролетарский 16 к, 1";"0,0";"1,0";"1,0";"2,0";
"10,0";"30,12,2022";"Очаково-Матвеевское";"450220634";"Столкновение";"";"0";"0";"п Матвеевское ш Аминьевское 4";"0,0";"1,0";"2,0";"2,0";
"11,0";"30,12,2022";"Лианозово";"450221340";"Наезд на пешехода";"";"0";"0";"г Москва ш Дмитровское 161 а";"0,0";"1,0";"1,0";"2,0";
"12,0";"30,12,2022";"Южное Тушино";"450220669";"Столкновение";"Московская кольцевая автомобильная дорога (МКАД) внутренняя сторона";"70";"0";"г Москва  ";"0,0";"1,0";"2,0";"2,0";
"13,0";"30,12,2022";"Раменки";"450221066";"Столкновение";"";"0";"0";"г Москва пр-кт Вернадского 7";"0,0";"1,0";"2,0";"2,0";
"14,0";"30,12,2022";"Савеловский";"450222130";"Наезд на препятствие";"Третье транспортное кольцо (внешняя сторона)";"10";"107";"г Москва  ";"0,0";"1,0";"1,0";"2,0";
"15,0";"30,12,2022";"Ивановское";"450220264";"Наезд на пешехода";"";"0";"0";"г Москва ул Саянская 11";"0,0";"1,0";"1,0";"2,0";
"16,0";"30,12,2022";"Марьина роща";"450220729";"Наезд на стоящее ТС";"";"0";"0";"г Москва ул Шереметьевская 29";"0,0";"1,0";"2,0";"2,0";
"17,0";"30,12,2022";"Замоскворечье";"450220637";"Наезд на пешехода";"";"0";"0";"г Москва пер Строченовский Б, 4, стр,1";"0,0";"1,0";"1,0";"2,0";
"18,0";"30,12,2022";"Сокол";"450221950";"Падение пассажира";"";"0";"0";"г Москва пр-кт Ленинградский 67 к,1";"0,0";"1,0";"1,0";"2,0";
"19,0";"30,12,2022";"Хорошевский";"450220152";"Столкновение";"";"0";"0";"г Москва туп Магистральный 1-й 5 с, 1";"0,0";"1,0";"2,0";"3,0";
"20,0";"30,12,2022";"Бутырский";"450220789";"Наезд на пешехода";"";"0";"0";"г Москва ул Новодмитровская 1";"0,0";"1,0";"1,0";"2,0";
"21,0";"30,12,2022";"Кузьминки";"450222115";"Наезд на пешехода";"";"0";"0";"г Москва ул Юных Ленинцев 45";"0,0";"1,0";"1,0";"2,0";
"22,0";"30,12,2022";"Десёновское";"450220122";"Столкновение";"А-101 Калужское шоссе (Москва-Малоярославец-Рославль)";"33";"0";"  ";"0,0";"1,0";"2,0";"3,0";
"23,0";"29,12,2022";"Марушкинское";"450220423";"Наезд на пешехода";"";"0";"0";"д Марушкино ул Липовая Аллея 15";"0,0";"1,0";"1,0";"3,0";
"24,0";"29,12,2022";"Нагатино-Садовники";"450221517";"Наезд на препятствие";"";"0";"0";"г Москва наб Нагатинская 4 К1 СТР1";"0,0";"1,0";"1,0";"1,0";
"25,0";"29,12,2022";"Ясенево";"450219408";"Наезд на стоящее ТС";"Московская кольцевая автомобильная дорога (МКАД) внутренняя сторона";"40";"0";"г Москва  ";"0,0";"1,0";"3,0";"3,0";
"26,0";"29,12,2022";"Пресненский";"450219855";"Столкновение";"";"0";"0";"г Москва ш Звенигородское 25";"0,0";"1,0";"3,0";"3,0";
"27,0";"29,12,2022";"Ивановское";"450219959";"Наезд на пешехода";"";"0";"0";"г Москва ул Молостовых 11 к,1";"0,0";"1,0";"1,0";"2,0";
"28,0";"29,12,2022";"Гагаринский";"450219427";"Наезд на стоящее ТС";"Третье транспортное кольцо (внутренняя сторона)";"1";"0";"г Москва  ";"0,0";"1,0";"2,0";"2,0";
"29,0";"29,12,2022";"Головинский";"450219952";"Наезд на стоящее ТС";"Северо-Восточная хорда (СВХ)";"7";"140";"г Москва  ";"0,0";"2,0";"2,0";"3,0";
"30,0";"29,12,2022";"Коньково";"450219509";"Столкновение";"";"0";"0";"г Москва ул Миклухо-Маклая ул, Островитянова";"0,0";"1,0";"2,0";"3,0";
"31,0";"29,12,2022";"Выхино-Жулебино";"450219443";"Наезд на стоящее ТС";"";"0";"0";"г Москва ул Привольная 70";"0,0";"1,0";"2,0";"2,0";
"32,0";"29,12,2022";"Текстильщики";"450219666";"Наезд на пешехода";"";"0";"0";"г Москва б-р Волжский 26";"0,0";"1,0";"1,0";"2,0";
"33,0";"29,12,2022";"Басманный";"450220042";"Наезд на пешехода";"";"0";"0";"г Москва ул Покровка 1 13 6, стр,2";"0,0";"1,0";"1,0";"2,0";
"34,0";"29,12,2022";"Хамовники";"450219982";"Столкновение";"";"0";"0";"г Москва ул Пироговская Б, 21";"1,0";"2,0";"2,0";"4,0";
"35,0";"29,12,2022";"Южнопортовый";"450219898";"Наезд на пешехода";"";"0";"0";"г Москва ул Дубровская 1-я 1 СТР,1";"0,0";"1,0";"1,0";"2,0";
"36,0";"28,12,2022";"Красносельский";"450219216";"Наезд на велосипедиста";"";"0";"0";"г Москва пр-кт Академика Сахарова 7стр1";"0,0";"1,0";"2,0";"2,0";
"37,0";"28,12,2022";"Тропарево-Никулино";"450218963";"Наезд на препятствие";"";"0";"0";"г Москва  ";"0,0";"1,0";"1,0";"2,0";
"38,0";"28,12,2022";"Арбат";"450218719";"Столкновение";"";"0";"0";"г Москва пл Смоленская-Сенная 32-34";"0,0";"1,0";"3,0";"4,0";
"39,0";"28,12,2022";"Коптево";"450219250";"Наезд на пешехода";"";"0";"0";"г Москва проезд Черепановых 31Б";"0,0";"1,0";"1,0";"2,0";
"40,0";"28,12,2022";"Чертаново Северное";"450219315";"Наезд на пешехода";"";"0";"0";"г Москва мкр Чертаново Северное 4 К 407";"0,0";"1,0";"1,0";"2,0";
"41,0";"28,12,2022";"Тимирязевский";"450219181";"Столкновение";"";"0";"0";"г Москва ул Тимирязевская 19";"0,0";"1,0";"2,0";"2,0";
"42,0";"28,12,2022";"Раменки";"450218945";"Столкновение";"";"0";"0";"г Москва ул Мосфильмовская 11к1";"0,0";"1,0";"2,0";"2,0";
"43,0";"28,12,2022";"Перово";"450219326";"Наезд на пешехода";"Северо-Восточная хорда (СВХ)";"7";"0";"г Москва ул Аносова 7";"0,0";"1,0";"2,0";"3,0";
"44,0";"28,12,2022";"Восточное Дегунино";"450219184";"Наезд на пешехода";"";"0";"0";"г Москва проезд Керамический 61, к, 3";"0,0";"1,0";"1,0";"2,0";
"45,0";"28,12,2022";"Отрадное";"450219140";"Наезд на пешехода";"";"0";"0";"г Москва ш Алтуфьевское 18в";"0,0";"1,0";"1,0";"2,0";
"46,0";"28,12,2022";"Фили-Давыдково";"450219118";"Наезд на пешехода";"";"0";"0";"г Москва  ";"0,0";"1,0";"1,0";"2,0";
"47,0";"28,12,2022";"Отрадное";"450218540";"Столкновение";"Северо-Восточная хорда (СВХ)";"1";"0";"г Москва аллея Берёзовая 6А";"0,0";"1,0";"2,0";"3,0";
"48,0";"28,12,2022";"Митино";"450219608";"Столкновение";"";"0";"0";"г Москва ш Волоколамское 142";"0,0";"1,0";"2,0";"3,0";
"49,0";"28,12,2022";"Сосенское";"450218943";"Опрокидывание";"";"0";"0";"  ";"0,0";"1,0";"1,0";"1,0";
"50,0";"27,12,2022";"Южное Бутово";"450217989";"Столкновение";"";"0";"0";"г Москва ш Варшавское ул, 2-я Мелитопольс";"0,0";"1,0";"3,0";"3,0";
"51,0";"27,12,2022";"Проспект Вернадского";"450218448";"Наезд на пешехода";"";"0";"0";"г Москва пр-кт Ленинский 122";"0,0";"1,0";"1,0";"2,0";
"52,0";"27,12,2022";"Бибирево";"450218230";"Наезд на пешехода";"";"0";"0";"г Москва ул Мурановская 15Б";"0,0";"1,0";"1,0";"2,0";
"53,0";"27,12,2022";"Южное Медведково";"450218802";"Наезд на пешехода";"";"0";"0";"г Москва ул Заповедная 28";"0,0";"1,0";"1,0";"2,0";
"54,0";"27,12,2022";"Даниловский";"450217901";"Наезд на пешехода";"";"0";"0";"г Москва ул Люсиновская 72";"1,0";"0,0";"1,0";"2,0";
"55,0";"27,12,2022";"Раменки";"450217841";"Столкновение";"";"0";"0";"г Москва пр-кт Мичуринский 6 корп,3";"0,0";"1,0";"2,0";"3,0";
"56,0";"27,12,2022";"Коньково";"450218009";"Столкновение";"";"0";"0";"г Москва ул Введенского 4";"0,0";"1,0";"2,0";"3,0";
"57,0";"27,12,2022";"Вешняки";"450217774";"Наезд на стоящее ТС";"Московская кольцевая автомобильная дорога (МКАД) внутренняя сторона";"7";"0";"г Москва  ";"0,0";"3,0";"4,0";"5,0";
"58,0";"27,12,2022";"Раменки";"450218053";"Наезд на пешехода";"";"0";"0";"г Москва ул Лобачевского 138";"0,0";"1,0";"1,0";"2,0";
"59,0";"27,12,2022";"Таганский";"450218442";"Наезд на пешехода";"";"0";"0";"г Москва пр-кт Волгоградский 6";"0,0";"1,0";"1,0";"2,0";
"60,0";"27,12,2022";"Проспект Вернадского";"450218305";"Столкновение";"";"0";"0";"г Москва ул Коштоянца 12";"0,0";"1,0";"2,0";"3,0";
"61,0";"27,12,2022";"Дмитровский";"450219450";"Столкновение";"Московская кольцевая автомобильная дорога (МКАД) внутренняя сторона";"80";"100";"г Москва ул Вагоноремонтная 4 стр4";"0,0";"1,0";"2,0";"2,0";
"62,0";"27,12,2022";"Гагаринский";"450218415";"Наезд на пешехода";"";"0";"0";"г Москва ул Строителей 4 с, 3";"0,0";"1,0";"1,0";"2,0";
"63,0";"27,12,2022";"Басманный";"450220388";"Столкновение";"";"0";"0";"г Москва ул Бакунинская 81";"0,0";"1,0";"2,0";"2,0";
"64,0";"27,12,2022";"Троицк";"450217836";"Наезд на пешехода";"";"0";"0";"г Троицк ул Полковника милиции Курочкина 7";"0,0";"1,0";"1,0";"2,0";
"65,0";"27,12,2022";"Раменки";"450218559";"Наезд на стоящее ТС";"";"0";"0";"г Москва ул Удальцова 60";"0,0";"1,0";"2,0";"2,0";
"66,0";"27,12,2022";"Коптево";"450218120";"Наезд на пешехода";"";"0";"0";"г Москва ул Лихоборские Бугры 8";"0,0";"1,0";"1,0";"2,0";
"67,0";"27,12,2022";"Кузьминки";"450218416";"Наезд на пешехода";"";"0";"0";"г Москва  ";"0,0";"1,0";"1,0";"2,0";
"68,0";"27,12,2022";"Алексеевский";"450218287";"Наезд на пешехода";"";"0";"0";"г Москва б-р Ракетный 8";"0,0";"1,0";"1,0";"2,0";
"69,0";"27,12,2022";"Пресненский";"450218306";"Наезд на пешехода";"";"0";"0";"г Москва проезд Шмитовский 19";"0,0";"1,0";"1,0";"2,0";
"70,0";"27,12,2022";"Новокосино";"450218404";"Столкновение";"";"0";"0";"г Москва ул Суздальская 26";"0,0";"1,0";"3,0";"3,0";
"71,0";"27,12,2022";"Тропарево-Никулино";"450218090";"Наезд на пешехода";"";"0";"0";"г Москва ул Тропарёвская 2";"0,0";"2,0";"1,0";"3,0";
"72,0";"26,12,2022";"Очаково-Матвеевское";"450217835";"Наезд на стоящее ТС";"";"0";"0";"п Матвеевское ул Генерала Дорохова 18 стр, а";"0,0";"1,0";"2,0";"1,0";
"73,0";"26,12,2022";"Филевский парк";"450217452";"Наезд на пешехода";"";"0";"0";"г Москва ул Барклая 16к,1";"0,0";"1,0";"1,0";"2,0";
"74,0";"26,12,2022";"Теплый Стан";"450217600";"Наезд на пешехода";"";"0";"0";"г Москва пр-кт Ленинский 123";"0,0";"1,0";"1,0";"2,0";
"75,0";"26,12,2022";"Люблино";"450217100";"Столкновение";"";"0";"0";"г Москва ул Краснодарская 48";"0,0";"2,0";"2,0";"3,0";
"76,0";"26,12,2022";"Южное Тушино";"450217698";"Столкновение";"";"0";"0";"г Москва ул Фабрициуса 37";"0,0";"1,0";"2,0";"3,0";
"77,0";"26,12,2022";"Лианозово";"450217478";"Наезд на стоящее ТС";"Московская кольцевая автомобильная дорога (МКАД) внутренняя сторона";"82";"0";"г Москва  ";"2,0";"0,0";"2,0";"3,0";
"78,0";"26,12,2022";"Головинский";"450217770";"Столкновение";"";"0";"0";"г Москва ул Флотская 44";"0,0";"1,0";"3,0";"3,0";
"79,0";"26,12,2022";"Марьино";"450217577";"Столкновение";"";"0";"0";"г Москва ул Перерва 66 22";"0,0";"3,0";"2,0";"3,0";
"80,0";"26,12,2022";"Покровское-Стрешнево";"450217790";"Наезд на стоящее ТС";"Московская кольцевая автомобильная дорога (МКАД) внутренняя сторона";"68";"300";"г Москва  ";"0,0";"2,0";"2,0";"3,0";
"81,0";"26,12,2022";"Рязанский";"450217806";"Наезд на пешехода";"";"0";"0";"г Москва пр-кт Рязанский 30, кор, 2";"0,0";"1,0";"1,0";"2,0";
"82,0";"25,12,2022";"Печатники";"450216636";"Наезд на пешехода";"";"0";"0";"г Москва  ";"0,0";"1,0";"1,0";"2,0";
"83,0";"25,12,2022";"Лефортово";"450217008";"Наезд на пешехода";"";"0";"0";"г Москва ул Душинская 20";"0,0";"1,0";"1,0";"2,0";
"84,0";"25,12,2022";"Строгино";"450217763";"Столкновение";"Московская кольцевая автомобильная дорога (МКАД) внешняя сторона";"64";"0";"г Москва  ";"0,0";"1,0";"2,0";"2,0";
"85,0";"25,12,2022";"Перово";"450216738";"Столкновение";"";"0";"0";"г Москва ш Энтузиастов 66";"1,0";"1,0";"3,0";"3,0";
"86,0";"25,12,2022";"Царицыно";"450217896";"Столкновение";"";"0";"0";"г Москва ул Бехтерева 15 стр,5";"0,0";"1,0";"2,0";"2,0";
"87,0";"25,12,2022";"Царицыно";"450216850";"Наезд на препятствие";"";"0";"0";"г Москва б-р Кавказский 58 СТР15";"0,0";"3,0";"1,0";"3,0";
"88,0";"25,12,2022";"Печатники";"450216671";"Наезд на стоящее ТС";"";"0";"0";"г Москва проезд Шоссейный 42 23 Волгоградскому";"0,0";"1,0";"3,0";"2,0";
"89,0";"25,12,2022";"Строгино";"450217023";"Падение пассажира";"";"0";"0";"г Москва проезд Неманский 10";"0,0";"1,0";"1,0";"2,0";
"90,0";"25,12,2022";"Зябликово";"450216851";"Столкновение";"";"0";"0";"г Москва ул Шипиловская 64 К1";"0,0";"3,0";"2,0";"4,0";
"91,0";"25,12,2022";"Гольяново";"450217284";"Столкновение";"";"0";"0";"г Москва ул Амурская 8 СТР 9";"0,0";"1,0";"2,0";"2,0";
"92,0";"25,12,2022";"Нижегородский";"450216824";"Столкновение";"";"0";"0";"г Москва пр-кт Волгоградский 37";"0,0";"1,0";"3,0";"3,0";
"93,0";"25,12,2022";"Марушкинское";"450217072";"Наезд на препятствие";"";"0";"0";"д Марушкино ул Емельяна Пугачева 1";"0,0";"1,0";"1,0";"2,0";
"94,0";"25,12,2022";"Можайский";"450217495";"Столкновение";"Московская кольцевая автомобильная дорога (МКАД) внешняя сторона";"54";"0";"г Москва  ";"0,0";"1,0";"4,0";"4,0";
"95,0";"24,12,2022";"Измайлово";"450216787";"Столкновение";"Северо-Восточная хорда (СВХ)";"12";"0";"г Москва  ";"0,0";"1,0";"2,0";"2,0";
"96,0";"24,12,2022";"Крылатское";"450216597";"Столкновение";"";"0";"0";"г Москва ул Осенняя 29 с,4";"0,0";"1,0";"2,0";"2,0";
"97,0";"24,12,2022";"Пресненский";"450216438";"Наезд на пешехода";"";"0";"0";"г Москва ул Грузинская Б, 16";"0,0";"1,0";"1,0";"2,0";
"98,0";"24,12,2022";"Южное Тушино";"450217825";"Столкновение";"Московская кольцевая автомобильная дорога (МКАД) внутренняя сторона";"68";"0";"г Москва  ";"0,0";"1,0";"2,0";"2,0";
"99,0";"24,12,2022";"Ховрино";"450216373";"Наезд на пешехода";"";"0";"0";"г Москва ул Левобережная 6 а";"1,0";"0,0";"1,0";"2,0";
"100,0";"24,12,2022";"Можайский";"450216725";"Столкновение";"";"0";"0";"г Москва ш Рублевское 1 км";"0,0";"1,0";"2,0";"2,0";
"101,0";"24,12,2022";"Раменки";"450218567";"Столкновение";"";"0";"0";"г Москва ул Лобачевского 136";"0,0";"1,0";"2,0";"3,0";
"102,0";"24,12,2022";"Тверской";"450218051";"Столкновение";"";"0";"0";"г Москва пер Черкасский М, 1 3";"0,0";"1,0";"2,0";"3,0";
"103,0";"24,12,2022";"Донской";"450217196";"Столкновение";"";"0";"0";"г Москва ш Варшавское 12";"0,0";"1,0";"2,0";"3,0";
"104,0";"24,12,2022";"Южное Тушино";"450216502";"Наезд на пешехода";"";"0";"0";"г Москва ул Фабрициуса 24 стр,1";"0,0";"1,0";"1,0";"2,0";
"105,0";"24,12,2022";"Московский";"450216500";"Столкновение";"";"0";"0";" ул Родниковая 9а к,5";"0,0";"3,0";"3,0";"6,0";
"106,0";"24,12,2022";"Северный";"450217148";"Столкновение";"";"0";"0";"г Москва линия Северная 1-я 1, к,47";"0,0";"1,0";"2,0";"3,0";
"107,0";"24,12,2022";"Можайский";"450216493";"Наезд на пешехода";"";"0";"0";"г Москва  ";"0,0";"1,0";"2,0";"2,0";
"108,0";"24,12,2022";"Ростокино";"450216557";"Столкновение";"";"0";"0";"г Москва пр-кт Мира 202";"0,0";"1,0";"2,0";"3,0";
"109,0";"24,12,2022";"Южное Бутово";"450216388";"Наезд на пешехода";"";"0";"0";"г Москва ул Бартеневская 14";"0,0";"1,0";"1,0";"2,0";
"110,0";"24,12,2022";"Куркино";"450216074";"Столкновение";"";"0";"0";"г Москва ш Куркинское 96";"0,0";"2,0";"2,0";"3,0";
"111,0";"24,12,2022";"Тверской";"450216527";"Наезд на пешехода";"";"0";"0";"г Москва ул Дмитровка Б, 21 7";"0,0";"1,0";"1,0";"2,0";
"112,0";"24,12,2022";"Южное Бутово";"450216605";"Столкновение";"";"0";"0";"г Москва ул Южнобутовская 41";"0,0";"2,0";"3,0";"3,0";
"113,0";"24,12,2022";"Чертаново Центральное";"450215915";"Наезд на пешехода";"";"0";"0";"г Москва ул Кировоградская 13 А";"0,0";"1,0";"2,0";"2,0";
"114,0";"24,12,2022";"Северное Тушино";"450216200";"Столкновение";"Московская кольцевая автомобильная дорога (МКАД) внешняя сторона";"72";"0";"г Москва  ";"0,0";"1,0";"2,0";"2,0";
"115,0";"24,12,2022";"Ясенево";"450215924";"Столкновение";"Московская кольцевая автомобильная дорога (МКАД) внешняя сторона";"37";"0";"г Москва  ";"0,0";"2,0";"2,0";"4,0";
"116,0";"24,12,2022";"Аэропорт";"450215884";"Столкновение";"";"0";"0";"г Москва ул Балтийская 6, к, 1";"0,0";"1,0";"2,0";"3,0";
"117,0";"24,12,2022";"Метрогородок";"450216224";"Столкновение";"";"0";"0";"г Москва ш Открытое 14а с1";"0,0";"1,0";"2,0";"2,0";
"118,0";"24,12,2022";"Выхино-Жулебино";"450216586";"Столкновение";"Московская кольцевая автомобильная дорога (МКАД) внутренняя сторона";"8";"0";"г Москва  ";"0,0";"1,0";"2,0";"2,0";
"119,0";"24,12,2022";"Тверской";"450216246";"Наезд на пешехода";"";"0";"0";"г Москва ул Тверская-Ямская 1-я 19";"0,0";"1,0";"1,0";"2,0";
"120,0";"24,12,2022";"Нагорный";"450217627";"Столкновение";"";"0";"0";"г Москва ш Варшавское 95 К1";"0,0";"1,0";"2,0";"3,0";
"121,0";"23,12,2022";"Бибирево";"450215765";"Наезд на пешехода";"";"0";"0";"г Москва ул Лескова 22Г";"0,0";"1,0";"1,0";"2,0";
"122,0";"23,12,2022";"Котловка";"450217420";"Столкновение";"";"0";"0";"г Москва пр-кт Севастопольский 33";"0,0";"1,0";"2,0";"3,0";
"123,0";"23,12,2022";"Бирюлево Восточное";"450215194";"Наезд на пешехода";"";"0";"0";"г Москва ул Липецкая 36 20";"0,0";"1,0";"1,0";"2,0";
"124,0";"23,12,2022";"Донской";"450216301";"Наезд на пешехода";"";"0";"0";"г Москва пр-кт Ленинский 15";"0,0";"1,0";"1,0";"2,0";
"125,0";"23,12,2022";"Тропарево-Никулино";"450222162";"Столкновение";"";"0";"0";"г Москва пр-кт Вернадского 127";"0,0";"1,0";"2,0";"2,0";
"126,0";"23,12,2022";"Даниловский";"450215585";"Наезд на пешехода";"";"0";"0";"г Москва ул Автозаводская 10А";"0,0";"1,0";"1,0";"2,0";
"127,0";"23,12,2022";"Косино-Ухтомский";"450220392";"Падение пассажира";"";"0";"0";"п Ухтомский ул Руднёвка 8";"0,0";"1,0";"1,0";"2,0";
"128,0";"23,12,2022";"Капотня";"450215425";"Наезд на пешехода";"";"0";"0";"г Москва кв-л Капотня 3-й 13";"0,0";"1,0";"1,0";"2,0";
"129,0";"23,12,2022";"Войковский";"450215489";"Наезд на пешехода";"";"0";"0";"г Москва ул Адмирала Макарова 23, корп, 1";"0,0";"1,0";"1,0";"2,0";
"130,0";"23,12,2022";"Филевский парк";"450215539";"Наезд на пешехода";"";"0";"0";"г Москва ул Новозаводская 16 1";"0,0";"1,0";"1,0";"2,0";
"131,0";"23,12,2022";"ГУ МВД 2 СП ДПС 2 бат,";"450215273";"Столкновение";"А-106 Рублево-Успенское шоссе";"16";"0";"г Москва  ";"0,0";"2,0";"3,0";"4,0";
"132,0";"23,12,2022";"Ломоносовский";"450215442";"Столкновение";"";"0";"0";"г Москва пр-кт Вернадского 21 к,2";"0,0";"1,0";"2,0";"3,0";
"133,0";"23,12,2022";"Бирюлево Западное";"450217465";"Столкновение";"Московская кольцевая автомобильная дорога (МКАД) внутренняя сторона";"30";"0";"г Москва  ";"0,0";"2,0";"2,0";"3,0";
"134,0";"23,12,2022";"Дорогомилово";"450215830";"Столкновение";"";"0";"0";"г Москва пр-кт Кутузовский 26";"0,0";"1,0";"3,0";"3,0";
"135,0";"23,12,2022";"Зюзино";"450215520";"Падение пассажира";"";"0";"0";"г Москва б-р Симферопольский 16-1";"0,0";"1,0";"1,0";"2,0";
"136,0";"22,12,2022";"Сокольники";"450215269";"Столкновение";"";"0";"0";"г Москва ул Боевская 1-я 6";"0,0";"1,0";"3,0";"4,0";
"137,0";"22,12,2022";"Метрогородок";"450214547";"Наезд на пешехода";"";"0";"0";"г Москва ул Тагильская 4А";"0,0";"1,0";"1,0";"2,0";
"138,0";"22,12,2022";"Можайский";"450214347";"Столкновение";"Московская кольцевая автомобильная дорога (МКАД) внешняя сторона";"52";"0";"г Москва  ";"1,0";"0,0";"2,0";"2,0";
"139,0";"22,12,2022";"Арбат";"450214923";"Наезд на пешехода";"";"0";"0";"г Москва пер Прямой 12";"0,0";"1,0";"1,0";"2,0";
"140,0";"22,12,2022";"Выхино-Жулебино";"450214877";"Столкновение";"Московская кольцевая автомобильная дорога (МКАД) внутренняя сторона";"11";"0";"г Москва  ";"0,0";"1,0";"3,0";"4,0";
"141,0";"22,12,2022";"Косино-Ухтомский";"450215291";"Столкновение";"";"0";"0";"п Ухтомский ш Косинское 1";"0,0";"1,0";"2,0";"2,0";
"142,0";"22,12,2022";"Академический";"450215540";"Наезд на пешехода";"";"0";"0";"г Москва ул Кедрова 6 корп, 1";"0,0";"1,0";"1,0";"2,0";
"143,0";"22,12,2022";"Ярославский";"450215162";"Столкновение";"";"0";"0";"г Москва ш Ярославское 26 к 1";"0,0";"1,0";"3,0";"3,0";
"144,0";"22,12,2022";"Тверской";"450214643";"Наезд на пешехода";"";"0";"0";"г Москва ул Тверская 18 к1";"0,0";"1,0";"1,0";"2,0";
"145,0";"22,12,2022";"Соколиная гора";"450215284";"Столкновение";"";"0";"0";"г Москва пр-кт Будённого 33";"0,0";"1,0";"2,0";"2,0";
"146,0";"22,12,2022";"Филевский парк";"450214459";"Наезд на пешехода";"";"0";"0";"г Москва ул Филёвская Б, 21";"0,0";"1,0";"1,0";"2,0";
"147,0";"22,12,2022";"Фили-Давыдково";"450215029";"Столкновение";"";"0";"0";"г Москва ул Кременчугская 5 к,1";"0,0";"1,0";"6,0";"3,0";
"148,0";"22,12,2022";"Чертаново Северное";"450215299";"Столкновение";"";"0";"0";"г Москва ш Варшавское 95 СТР3";"0,0";"1,0";"4,0";"5,0";
"149,0";"22,12,2022";"Тропарево-Никулино";"450214644";"Падение пассажира";"";"0";"0";"г Москва пр-кт Вернадского 86 Б";"0,0";"1,0";"1,0";"2,0";
"150,0";"22,12,2022";"Отрадное";"450218870";"Наезд на пешехода";"";"0";"0";"г Москва ул Пестеля 4";"0,0";"1,0";"1,0";"2,0";
"151,0";"22,12,2022";"Восточное Дегунино";"450215052";"Наезд на пешехода";"";"0";"0";"г Москва ул Дубнинская 75А, стр, 1";"0,0";"1,0";"1,0";"2,0";
"152,0";"22,12,2022";"Очаково-Матвеевское";"450214736";"Падение пассажира";"";"0";"0";"п Матвеевское ул Озёрная 37а";"0,0";"1,0";"1,0";"2,0";
"153,0";"22,12,2022";"Ярославский";"450214895";"Столкновение";"";"0";"0";"г Москва ш Ярославское 67";"0,0";"3,0";"2,0";"5,0";
"154,0";"22,12,2022";"Ярославский";"450215253";"Наезд на пешехода";"";"0";"0";"г Москва  ";"0,0";"1,0";"1,0";"2,0";
"155,0";"22,12,2022";"Фили-Давыдково";"450215103";"Падение пассажира";"";"0";"0";"г Москва ш Аминьевское 20";"0,0";"1,0";"1,0";"2,0";
"156,0";"22,12,2022";"Нижегородский";"450215099";"Столкновение";"";"0";"0";"г Москва ш Перовское 6";"0,0";"1,0";"3,0";"2,0";
"157,0";"21,12,2022";"Москворечье-Сабурово";"450214605";"Столкновение";"";"0";"0";"г Москва пр-кт Пролетарский 23";"0,0";"2,0";"2,0";"3,0";
"158,0";"21,12,2022";"Якиманка";"450213821";"Наезд на велосипедиста";"";"0";"0";"г Москва ул Донская 6";"0,0";"1,0";"2,0";"2,0";
"159,0";"21,12,2022";"Щукино";"450215449";"Столкновение";"";"0";"0";"г Москва ул Сосновая 1с8";"0,0";"1,0";"2,0";"2,0";
"160,0";"21,12,2022";"Бирюлево Западное";"450215310";"Столкновение";"Московская кольцевая автомобильная дорога (МКАД) внутренняя сторона";"32";"0";"г Москва  ";"0,0";"1,0";"3,0";"3,0";
"161,0";"21,12,2022";"Замоскворечье";"450213473";"Столкновение";"";"0";"0";"г Москва ул Люсиновская 35 стр, 7";"0,0";"1,0";"2,0";"2,0";
"162,0";"21,12,2022";"Обручевский";"450214538";"Столкновение";"";"0";"0";"г Москва ул Миклухо-Маклая 11";"0,0";"1,0";"2,0";"3,0";
"163,0";"21,12,2022";"Даниловский";"450214826";"Столкновение";"Третье транспортное кольцо (внутренняя сторона)";"7";"300";"г Москва  ";"0,0";"1,0";"2,0";"3,0";
"164,0";"21,12,2022";"Бирюлево Восточное";"450214629";"Столкновение";"Московская кольцевая автомобильная дорога (МКАД) внутренняя сторона";"25";"0";"г Москва  ";"0,0";"1,0";"2,0";"3,0";
"165,0";"21,12,2022";"Левобережный";"450213563";"Наезд на пешехода";"";"0";"0";"г Москва ул Левобережная 4 к,23";"0,0";"1,0";"1,0";"2,0";
"166,0";"21,12,2022";"Дмитровский";"450213933";"Столкновение";"";"0";"0";"г Москва ул Клязьминская 11 к,4";"0,0";"1,0";"2,0";"2,0";
"167,0";"21,12,2022";"Лосиноостровский";"450213775";"Столкновение";"";"0";"0";"г Москва ул Малыгина 3 с,2";"0,0";"1,0";"3,0";"3,0";
"168,0";"21,12,2022";"Филимонковское";"450214319";"Столкновение";"";"0";"0";"п Марьино ул Филимонковская 1";"0,0";"2,0";"3,0";"4,0";
"169,0";"21,12,2022";"Рязанский";"450213669";"Наезд на пешехода";"";"0";"0";"г Москва ул Окская 3 к,1";"0,0";"1,0";"1,0";"2,0";
"170,0";"20,12,2022";"Черемушки";"450214126";"Наезд на пешехода";"";"0";"0";"г Москва  ";"0,0";"1,0";"1,0";"2,0";
"171,0";"20,12,2022";"Тверской";"450213539";"Наезд на пешехода";"";"0";"0";"г Москва ул Краснопролетарская 16 стр2";"0,0";"1,0";"1,0";"2,0";
"172,0";"20,12,2022";"Теплый Стан";"450213305";"Столкновение";"";"0";"0";"г Москва ул Островитянова 1, стр, 1";"0,0";"1,0";"2,0";"3,0";
"173,0";"20,12,2022";"Вешняки";"450213970";"Столкновение";"";"0";"0";"г Москва ул Юности 5";"0,0";"1,0";"2,0";"2,0";
"174,0";"20,12,2022";"Можайский";"450213006";"Наезд на пешехода";"";"0";"0";"г Москва ул Толбухина 12 к1";"0,0";"1,0";"1,0";"2,0";
"175,0";"20,12,2022";"Преображенское";"450213314";"Падение пассажира";"";"0";"0";"г Москва ул Черкизовская Б, 3";"0,0";"1,0";"1,0";"2,0";
"176,0";"20,12,2022";"Свиблово";"450213087";"Наезд на пешехода";"";"0";"0";"п Свиблово ул Снежная 11";"0,0";"1,0";"1,0";"2,0";
"177,0";"20,12,2022";"Гольяново";"450213401";"Столкновение";"";"0";"0";"г Москва ш Щёлковское 5 стр, 1";"0,0";"2,0";"2,0";"4,0";
"178,0";"20,12,2022";"Котловка";"450212752";"Столкновение";"";"0";"0";"г Москва пр-кт Севастопольский 21";"0,0";"1,0";"2,0";"2,0";
"179,0";"20,12,2022";"Донской";"450214706";"Столкновение";"";"0";"0";"г Москва ш Варшавское 9";"0,0";"1,0";"2,0";"3,0";
"180,0";"20,12,2022";"Тимирязевский";"450213101";"Наезд на пешехода";"";"0";"0";"г Москва ул Прянишникова 3Б";"0,0";"1,0";"1,0";"2,0";
"181,0";"20,12,2022";"Марьина роща";"450213594";"Наезд на пешехода";"";"0";"0";"г Москва ул Складочная 1, с,1";"0,0";"1,0";"1,0";"2,0";
"182,0";"20,12,2022";"Крюково";"450212876";"Наезд на пешехода";"";"0";"0";"г Зеленоград ул Каменка 2008";"0,0";"1,0";"1,0";"2,0";
"183,0";"20,12,2022";"Царицыно";"450213004";"Наезд на пешехода";"";"0";"0";"г Москва ул Кантемировская 7, к,1";"0,0";"1,0";"1,0";"2,0";
"184,0";"20,12,2022";"Хорошевский";"450213291";"Наезд на стоящее ТС";"";"0";"0";"г Москва ул Авиаконструктора Микояна 2";"0,0";"1,0";"2,0";"2,0";
"185,0";"20,12,2022";"Головинский";"450217109";"Наезд на пешехода";"";"0";"0";"г Москва  ";"0,0";"1,0";"1,0";"2,0";
"186,0";"20,12,2022";"Строгино";"450213221";"Столкновение";"Московская кольцевая автомобильная дорога (МКАД) внутренняя сторона";"66";"0";"г Москва  ";"0,0";"1,0";"3,0";"3,0";
"187,0";"20,12,2022";"Хамовники";"450213292";"Столкновение";"";"0";"0";"г Москва наб Фрунзенская 22, стр, 1";"1,0";"0,0";"2,0";"2,0";
"188,0";"20,12,2022";"Орехово-Борисово Северное";"450215515";"Наезд на пешехода";"";"0";"0";"г Москва б-р Ореховый 13";"0,0";"1,0";"1,0";"2,0";
"189,0";"20,12,2022";"Матушкино";"450212806";"Наезд на пешехода";"";"0";"0";"г Зеленоград проезд Западный 2-й 10";"0,0";"1,0";"1,0";"2,0";
"190,0";"20,12,2022";"Северный";"450212911";"Наезд на пешехода";"";"0";"0";"г Москва ш Дмитровское 165 а";"0,0";"1,0";"1,0";"2,0";
"191,0";"20,12,2022";"Вороновское поселение";"450213274";"Столкновение";"";"0";"0";"п ЛМС мкр Солнечный 157";"0,0";"3,0";"2,0";"4,0";
"192,0";"20,12,2022";"Хорошево-Мневники";"450214574";"Столкновение";"";"0";"0";"г Москва пр-кт Маршала Жукова 59";"0,0";"1,0";"2,0";"3,0";
"193,0";"19,12,2022";"Московский";"450212782";"Столкновение";"М-3 Украина (Москва-Украина)";"21";"500";"  ";"0,0";"1,0";"2,0";"2,0";
"194,0";"19,12,2022";"Хорошево-Мневники";"450212642";"Наезд на пешехода";"";"0";"0";"г Москва ул Генерала Глаголева 24, корп, 1";"0,0";"1,0";"1,0";"2,0";
"195,0";"19,12,2022";"Восточное Измайлово";"450212478";"Наезд на пешехода";"";"0";"0";"г Москва б-р Измайловский 56";"0,0";"1,0";"1,0";"2,0";
"196,0";"19,12,2022";"Гагаринский";"450212621";"Наезд на пешехода";"";"0";"0";"г Москва пр-кт Ленинский 62 1";"0,0";"1,0";"1,0";"2,0";
"197,0";"19,12,2022";"Рязанский";"450212566";"Столкновение";"";"0";"0";"г Москва ул Фёдора Полетаева 3";"0,0";"1,0";"2,0";"2,0";
"198,0";"19,12,2022";"Преображенское";"450215681";"Наезд на пешехода";"";"0";"0";"г Москва ул Богородский Вал 8к2";"0,0";"1,0";"1,0";"2,0";
"199,0";"19,12,2022";"Дорогомилово";"450212689";"Наезд на стоящее ТС";"";"0";"0";"г Москва пр-кт Кутузовский 36А";"0,0";"1,0";"2,0";"2,0";
"200,0";"19,12,2022";"Обручевский";"450212078";"Наезд на пешехода";"";"0";"0";"г Москва ул Островитянова 7";"0,0";"1,0";"1,0";"2,0";
"201,0";"19,12,2022";"Щаповское поселение";"450212476";"Столкновение";"";"0";"0";" ул Варшавское шоссе 11 км,";"0,0";"2,0";"2,0";"4,0";
"202,0";"19,12,2022";"Тимирязевский";"450212297";"Столкновение";"";"0";"0";"г Москва ш Дмитровское 37 к1";"0,0";"1,0";"3,0";"4,0";
"203,0";"19,12,2022";"Отрадное";"450214675";"Наезд на пешехода";"";"0";"0";"г Москва ш Алтуфьевское 4";"0,0";"1,0";"1,0";"2,0";
"204,0";"19,12,2022";"Орехово-Борисово Южное";"450214671";"Столкновение";"";"0";"0";"г Москва ш Каширское 61 15";"0,0";"1,0";"2,0";"3,0";
"205,0";"19,12,2022";"Басманный";"450212440";"Падение пассажира";"";"0";"0";"г Москва б-р Чистопрудный 3 стр, 1";"0,0";"1,0";"1,0";"2,0";
"206,0";"19,12,2022";"Вешняки";"450212332";"Наезд на пешехода";"";"0";"0";"г Москва  ";"1,0";"0,0";"1,0";"2,0";
"207,0";"19,12,2022";"Можайский";"450212605";"Столкновение";"";"0";"0";"г Москва ш Можайское 54";"0,0";"1,0";"3,0";"2,0";
"208,0";"19,12,2022";"Останкинский";"450212825";"Столкновение";"";"0";"0";"г Москва ул Академика Королева 11";"0,0";"1,0";"2,0";"2,0";
"209,0";"19,12,2022";"Москворечье-Сабурово";"450212578";"Наезд на пешехода";"";"0";"0";"г Москва ул Москворечье 35 кор,1";"0,0";"1,0";"1,0";"2,0";
"210,0";"19,12,2022";"Якиманка";"450212682";"Столкновение";"";"0";"0";"г Москва ул Крымский Вал 10 с2";"0,0";"3,0";"2,0";"3,0";
"211,0";"18,12,2022";"Орехово-Борисово Северное";"450211735";"Наезд на пешехода";"";"0";"0";"г Москва проезд Шипиловский 29";"0,0";"1,0";"1,0";"2,0";
"212,0";"18,12,2022";"Левобережный";"450211393";"Наезд на стоящее ТС";"";"0";"0";"г Москва ш Ленинградское 63";"0,0";"2,0";"3,0";"2,0";
"213,0";"18,12,2022";"Ломоносовский";"450212301";"Наезд на пешехода";"";"0";"0";"г Москва  ";"0,0";"1,0";"1,0";"2,0";
"214,0";"18,12,2022";"Измайлово";"450211768";"Столкновение";"";"0";"0";"г Москва ул Парковая 3-я 33";"0,0";"1,0";"2,0";"3,0";
"215,0";"18,12,2022";"Чертаново Южное";"450211827";"Наезд на пешехода";"";"0";"0";"г Москва ш Варшавское 152 к, 2";"0,0";"1,0";"1,0";"2,0";
"216,0";"18,12,2022";"Люблино";"450219849";"Наезд на стоящее ТС";"";"0";"0";"г Москва  ";"0,0";"1,0";"2,0";"2,0";
"217,0";"18,12,2022";"Митино";"450212773";"Столкновение";"";"0";"0";"г Москва ул Генерала Белобородова 24";"0,0";"1,0";"4,0";"5,0";
"218,0";"18,12,2022";"Текстильщики";"450211578";"Столкновение";"";"0";"0";"г Москва ул Текстильщиков 7-я 6 19";"0,0";"1,0";"2,0";"3,0";
"219,0";"18,12,2022";"Гольяново";"450212427";"Столкновение";"Северо-Восточная хорда (СВХ)";"23";"0";"г Москва ш Щёлковское 1, стр,8,";"0,0";"1,0";"2,0";"3,0";
"220,0";"18,12,2022";"Коньково";"450211292";"Столкновение";"";"0";"0";"г Москва ул Профсоюзная 69";"0,0";"1,0";"4,0";"5,0";
"221,0";"18,12,2022";"Строгино";"450211750";"Столкновение";"Московская кольцевая автомобильная дорога (МКАД) внутренняя сторона";"66";"0";"г Москва  ";"0,0";"1,0";"2,0";"2,0";
"222,0";"18,12,2022";"Даниловский";"450212032";"Столкновение";"";"0";"0";"г Москва ул Тульская Б, 2";"0,0";"1,0";"2,0";"3,0";
"223,0";"17,12,2022";"Солнцево";"450210873";"Столкновение";"";"0";"0";"г Москва ул Производственная 2";"0,0";"1,0";"2,0";"2,0";
"224,0";"17,12,2022";"Ивановское";"450211289";"Столкновение";"";"0";"0";"г Москва ул Магнитогорская 7";"0,0";"1,0";"2,0";"2,0";
"225,0";"17,12,2022";"Бирюлево Восточное";"450212840";"Столкновение";"Московская кольцевая автомобильная дорога (МКАД) внутренняя сторона";"25";"0";"г Москва  ";"0,0";"1,0";"2,0";"3,0";
"226,0";"17,12,2022";"Вешняки";"450215777";"Наезд на препятствие";"Северо-Восточная хорда (СВХ)";"15";"0";"г Москва  ";"0,0";"1,0";"1,0";"2,0";
"227,0";"17,12,2022";"Нагатинский затон";"450211995";"Столкновение";"";"0";"0";"г Москва пр-кт Андропова 29";"0,0";"1,0";"2,0";"3,0";
"228,0";"17,12,2022";"Бибирево";"450210931";"Наезд на пешехода";"";"0";"0";"г Москва ул Белозерская 7";"0,0";"1,0";"1,0";"2,0";
"229,0";"17,12,2022";"Левобережный";"450211223";"Наезд на пешехода";"";"0";"0";"г Москва ул Правобережная 4, корп, 2";"0,0";"1,0";"1,0";"2,0";
"230,0";"17,12,2022";"Северное Тушино";"450211320";"Наезд на препятствие";"Московская кольцевая автомобильная дорога (МКАД) внутренняя сторона";"72";"0";"г Москва  ";"0,0";"1,0";"5,0";"4,0";
"231,0";"17,12,2022";"Кунцево";"450211154";"Наезд на пешехода";"";"0";"0";"г Москва ул Ельнинская 24";"0,0";"1,0";"1,0";"2,0";
"232,0";"17,12,2022";"Якиманка";"450211268";"Наезд на пешехода";"";"0";"0";"г Москва ул Серафимовича 2";"0,0";"1,0";"1,0";"2,0";
"233,0";"17,12,2022";"Крылатское";"450211015";"Столкновение";"";"0";"0";"г Москва ш Рублевское 40, корп,1";"0,0";"1,0";"3,0";"3,0";
"234,0";"17,12,2022";"Гольяново";"450217053";"Наезд на пешехода";"";"0";"0";"г Москва  ";"0,0";"1,0";"1,0";"2,0";
"235,0";"17,12,2022";"Рязанский";"450222114";"Наезд на пешехода";"";"0";"0";"г Москва ул Институтская 3-я 1";"0,0";"1,0";"1,0";"2,0";
"236,0";"17,12,2022";"Кунцево";"450210990";"Наезд на пешехода";"";"0";"0";"г Москва ш Рублевское 91, корп,4";"0,0";"1,0";"1,0";"2,0";
"237,0";"17,12,2022";"Измайлово";"450211108";"Столкновение";"";"0";"0";"г Москва ул Первомайская 89";"0,0";"1,0";"2,0";"3,0";
"238,0";"17,12,2022";"Отрадное";"450211193";"Столкновение";"";"0";"0";"г Москва ш Алтуфьевское 4 к 1";"0,0";"1,0";"2,0";"2,0";
"239,0";"17,12,2022";"Зюзино";"450211278";"Наезд на пешехода";"";"0";"0";"г Москва б-р Черноморский 21 к,1";"0,0";"1,0";"1,0";"2,0";
"240,0";"17,12,2022";"Нижегородский";"450215506";"Столкновение";"";"0";"0";"г Москва ул Нижегородская 29-33, стр,7";"0,0";"1,0";"2,0";"3,0";
"241,0";"17,12,2022";"Внуковское";"450211472";"Столкновение";"М-3 Украина (Москва-Украина)";"30";"300";"поселение Внуковское  ";"0,0";"1,0";"2,0";"3,0";
"242,0";"17,12,2022";"ГУ МВД 2 СП ДПС 2 бат,";"450210812";"Столкновение";"А-106 Рублево-Успенское шоссе";"21";"0";"г Москва  ";"0,0";"1,0";"2,0";"2,0";
"243,0";"17,12,2022";"Богородское";"450211048";"Наезд на велосипедиста";"";"0";"0";"г Москва б-р Маршала Рокоссовского 36";"0,0";"1,0";"2,0";"2,0";
"244,0";"16,12,2022";"Северное Медведково";"450210369";"Столкновение";"";"0";"0";"г Москва ул Чермянская 12, стр,19";"0,0";"2,0";"2,0";"3,0";
"245,0";"16,12,2022";"Нагорный";"450209981";"Столкновение";"";"0";"0";"г Москва пр-кт Балаклавский 2 К2";"0,0";"1,0";"2,0";"3,0";
"246,0";"16,12,2022";"Очаково-Матвеевское";"450221743";"Наезд на препятствие";"Московская кольцевая автомобильная дорога (МКАД) внутренняя сторона";"68";"0";"п Матвеевское  ";"0,0";"1,0";"1,0";"1,0";
"247,0";"16,12,2022";"Богородское";"450211011";"Столкновение";"";"0";"0";"г Москва ул Лосиноостровская 12";"0,0";"1,0";"2,0";"2,0";
"248,0";"16,12,2022";"Соколиная гора";"450210364";"Столкновение";"";"0";"0";"г Москва ул Ткацкая 36";"0,0";"1,0";"3,0";"3,0";
"249,0";"16,12,2022";"Крюково";"450210278";"Столкновение";"";"0";"0";"г Зеленоград ул Александровка 1420";"0,0";"2,0";"2,0";"4,0";
"250,0";"16,12,2022";"Пресненский";"450210021";"Наезд на препятствие";"Третье транспортное кольцо (внешняя сторона)";"15";"0";"г Москва ш Звенигородское 28 строение 16";"0,0";"1,0";"1,0";"2,0";
"251,0";"16,12,2022";"Солнцево";"450210619";"Наезд на пешехода";"";"0";"0";"г Москва  ";"0,0";"1,0";"1,0";"2,0";
"252,0";"16,12,2022";"Царицыно";"450210520";"Наезд на пешехода";"";"0";"0";"г Москва  ";"0,0";"1,0";"1,0";"2,0";
"253,0";"16,12,2022";"Хорошевский";"450212778";"Наезд на пешехода";"";"0";"0";"г Москва  ";"0,0";"1,0";"1,0";"2,0";
"254,0";"16,12,2022";"Строгино";"450210252";"Наезд на пешехода";"";"0";"0";"г Москва  ";"0,0";"1,0";"1,0";"2,0";
"255,0";"16,12,2022";"Роговское поселение";"450210077";"Наезд на пешехода";"А-101 Калужское шоссе (Москва-Малоярославец-Рославль)";"68";"0";"  ";"0,0";"1,0";"1,0";"2,0";
"256,0";"16,12,2022";"Чертаново Центральное";"450212850";"Столкновение";"";"0";"0";"г Москва ш Варшавское 127";"0,0";"2,0";"3,0";"4,0";
"257,0";"15,12,2022";"Орехово-Борисово Северное";"450214665";"Наезд на пешехода";"";"0";"0";"г Москва ул Маршала Захарова 2";"0,0";"1,0";"1,0";"2,0";
"258,0";"15,12,2022";"Покровское-Стрешнево";"450210532";"Столкновение";"";"0";"0";"г Москва ш Волоколамское 88к9";"0,0";"1,0";"3,0";"4,0";
"259,0";"15,12,2022";"Коптево";"450209349";"Наезд на пешехода";"";"0";"0";"г Москва проезд Черепановых 68";"0,0";"1,0";"1,0";"2,0";
"260,0";"15,12,2022";"Ростокино";"450209384";"Наезд на пешехода";"";"0";"0";"г Москва пр-кт Мира 188";"0,0";"2,0";"1,0";"3,0";
"261,0";"15,12,2022";"Щукино";"450217356";"Наезд на пешехода";"";"0";"0";"г Москва ул Берзарина 20";"0,0";"1,0";"1,0";"2,0";
"262,0";"15,12,2022";"Марьина роща";"450209460";"Столкновение";"";"0";"0";"г Москва ул Шереметьевская 23 2";"0,0";"1,0";"2,0";"2,0";
"263,0";"15,12,2022";"Гольяново";"450209381";"Столкновение";"";"0";"0";"г Москва ш Щёлковское 23c1";"0,0";"2,0";"2,0";"4,0";
"264,0";"15,12,2022";"Чертаново Южное";"450209926";"Наезд на пешехода";"";"0";"0";"г Москва ул Подольских Курсантов 2к2";"0,0";"1,0";"1,0";"2,0";
"265,0";"15,12,2022";"Коньково";"450210450";"Столкновение";"";"0";"0";"г Москва ул Миклухо-Маклая 22а";"0,0";"1,0";"2,0";"2,0";
"266,0";"15,12,2022";"Отрадное";"450209718";"Столкновение";"";"0";"0";"г Москва проезд Сигнальный 41Б";"0,0";"1,0";"3,0";"2,0";
"267,0";"15,12,2022";"Якиманка";"450210071";"Столкновение";"";"0";"0";"г Москва пр-кт Ленинский 13";"0,0";"1,0";"3,0";"3,0";
"268,0";"15,12,2022";"Тверской";"450209682";"Наезд на стоящее ТС";"";"0";"0";"г Москва ул Новослободская 39";"0,0";"1,0";"2,0";"2,0";
"269,0";"15,12,2022";"Перово";"450209697";"Наезд на пешехода";"";"0";"0";"г Москва ул Плеханова 3к4";"0,0";"1,0";"1,0";"2,0";
"270,0";"15,12,2022";"Бибирево";"450209877";"Наезд на пешехода";"";"0";"0";"г Москва ш Алтуфьевское 88";"0,0";"1,0";"1,0";"2,0";
"271,0";"15,12,2022";"Нагатинский затон";"450209227";"Наезд на препятствие";"";"0";"0";"г Москва ул Новинки 23 К2";"0,0";"1,0";"2,0";"2,0";
"272,0";"15,12,2022";"Таганский";"450209232";"Столкновение";"";"0";"0";"г Москва ул Земляной Вал 77";"0,0";"2,0";"2,0";"3,0";
"273,0";"15,12,2022";"Лефортово";"450209625";"Наезд на пешехода";"";"0";"0";"г Москва ш Энтузиастов 11";"0,0";"1,0";"1,0";"2,0";
"274,0";"15,12,2022";"Даниловский";"450209743";"Наезд на препятствие";"";"0";"0";"г Москва проезд Павелецкий 3-й 4";"1,0";"2,0";"2,0";"5,0";
"275,0";"15,12,2022";"Метрогородок";"450210879";"Столкновение";"Северо-Восточная хорда (СВХ)";"27";"0";"г Москва ул Лосиноостровская 38А, стр,6";"0,0";"1,0";"3,0";"3,0";
"276,0";"14,12,2022";"Дорогомилово";"450208366";"Наезд на препятствие";"Третье транспортное кольцо (внутренняя сторона)";"15";"250";"г Москва ул Потылиха 1";"0,0";"1,0";"1,0";"2,0";
"277,0";"14,12,2022";"Южное Тушино";"450208473";"Наезд на пешехода";"";"0";"0";"г Москва ул Василия Петушкова 3";"0,0";"2,0";"1,0";"3,0";
"278,0";"14,12,2022";"Ярославский";"450209454";"Столкновение";"";"0";"0";"г Москва ш Ярославское 19с2";"0,0";"1,0";"2,0";"2,0";
"279,0";"14,12,2022";"Строгино";"450208521";"Наезд на пешехода";"";"0";"0";"г Москва  ";"0,0";"1,0";"1,0";"2,0";
"280,0";"14,12,2022";"Тропарево-Никулино";"450209026";"Столкновение";"";"0";"0";"г Москва пр-кт Ленинский 146";"0,0";"1,0";"2,0";"3,0";
"281,0";"14,12,2022";"Митино";"450208394";"Столкновение";"";"0";"0";"г Москва ш Пятницкое 16";"0,0";"1,0";"2,0";"3,0";
"282,0";"14,12,2022";"Сокольники";"450209088";"Наезд на пешехода";"";"0";"0";"г Москва ул Рыбинская 1-я 1А стр,1";"0,0";"1,0";"1,0";"2,0";
"283,0";"14,12,2022";"Вороновское поселение";"450208561";"Наезд на препятствие";"А-101 Калужское шоссе (Москва-Малоярославец-Рославль)";"51";"800";"  ";"0,0";"3,0";"1,0";"4,0";
"284,0";"14,12,2022";"Левобережный";"450210340";"Столкновение";"";"0";"0";"г Москва ш Ленинградское 73";"0,0";"1,0";"2,0";"2,0";
"285,0";"14,12,2022";"Нагатинский затон";"450208855";"Наезд на пешехода";"";"0";"0";"г Москва ул Коломенская 7";"0,0";"1,0";"1,0";"2,0";
"286,0";"14,12,2022";"Щукино";"450212907";"Наезд на пешехода";"";"0";"0";"г Москва  ";"0,0";"1,0";"1,0";"2,0";
"287,0";"14,12,2022";"Гагаринский";"450208860";"Столкновение";"Третье транспортное кольцо (внешняя сторона)";"0";"0";"г Москва  ";"0,0";"2,0";"2,0";"4,0";
"288,0";"14,12,2022";"Орехово-Борисово Северное";"450208939";"Наезд на пешехода";"";"0";"0";"г Москва б-р Ореховый 14";"0,0";"1,0";"1,0";"2,0";
"289,0";"14,12,2022";"Тверской";"450209106";"Наезд на пешехода";"";"0";"0";"г Москва ул Тверская 22";"0,0";"1,0";"1,0";"2,0";
"290,0";"14,12,2022";"Косино-Ухтомский";"450215710";"Падение пассажира";"";"0";"0";"п Ухтомский ш Косинское 24";"0,0";"1,0";"1,0";"2,0";
"291,0";"14,12,2022";"Преображенское";"450208547";"Наезд на препятствие";"";"0";"0";"г Москва ул Черкизовская Б, 2";"0,0";"2,0";"1,0";"2,0";
"292,0";"14,12,2022";"Донской";"450209802";"Столкновение";"";"0";"0";"г Москва ш Варшавское 33 СТР1";"0,0";"1,0";"2,0";"3,0";
"293,0";"14,12,2022";"Внуковское";"450208414";"Столкновение";"";"0";"0";"поселение Внуковское ул Бориса Пастернака 41";"1,0";"2,0";"2,0";"3,0";
"294,0";"14,12,2022";"Басманный";"450208702";"Наезд на пешехода";"";"0";"0";"г Москва б-р Чистопрудный 5";"0,0";"1,0";"1,0";"2,0";
"295,0";"14,12,2022";"Беговой";"450208935";"Столкновение";"";"0";"0";"г Москва ул Беговая 26";"0,0";"1,0";"3,0";"3,0";
"296,0";"14,12,2022";"Люблино";"450208845";"Столкновение";"";"0";"0";"г Москва ул Краснодонская 47";"0,0";"1,0";"2,0";"2,0";
"297,0";"14,12,2022";"Очаково-Матвеевское";"450209660";"Столкновение";"Московская кольцевая автомобильная дорога (МКАД) внешняя сторона";"51";"0";"п Матвеевское  ";"0,0";"1,0";"2,0";"2,0";
"298,0";"13,12,2022";"Ясенево";"450208421";"Столкновение";"";"0";"0";"г Москва ул Айвазовского 2А";"0,0";"1,0";"2,0";"3,0";
"299,0";"13,12,2022";"Лосиноостровский";"450207811";"Наезд на пешехода";"";"0";"0";"г Москва ул Минусинская 14";"0,0";"1,0";"1,0";"2,0";
"300,0";"13,12,2022";"Можайский";"450207778";"Столкновение";"";"0";"0";"г Москва ш Можайское 43 1";"0,0";"1,0";"2,0";"3,0";
"301,0";"13,12,2022";"Ярославский";"450208103";"Столкновение";"";"0";"0";"г Москва ш Ярославское 65";"0,0";"1,0";"2,0";"3,0";
"302,0";"13,12,2022";"Восточное Дегунино";"450208294";"Падение пассажира";"";"0";"0";"г Москва ул Дубнинская 32";"0,0";"1,0";"1,0";"2,0";
"303,0";"13,12,2022";"Первомайское поселение";"450208182";"Столкновение";"";"0";"0";" ул Александра Печерского 22";"1,0";"3,0";"2,0";"4,0";
"304,0";"13,12,2022";"Раменки";"450208280";"Столкновение";"";"0";"0";"г Москва пр-кт Мичуринский 30А";"0,0";"1,0";"2,0";"3,0";
"305,0";"13,12,2022";"Лефортово";"450207788";"Наезд на пешехода";"";"0";"0";"г Москва ул Госпитальная 1 3";"1,0";"0,0";"1,0";"2,0";
"306,0";"13,12,2022";"Хорошевский";"450208324";"Столкновение";"";"0";"0";"г Москва ул Магистральная 1-я 8 стр 2";"0,0";"1,0";"2,0";"2,0";
"307,0";"13,12,2022";"Якиманка";"450208237";"Наезд на пешехода";"";"0";"0";"г Москва ул Полянка Б, 1 3";"0,0";"1,0";"1,0";"2,0";
"308,0";"13,12,2022";"Ивановское";"450208157";"Наезд на пешехода";"";"0";"0";"г Москва ул Магнитогорская 23";"1,0";"0,0";"1,0";"2,0";
"309,0";"13,12,2022";"Войковский";"450215530";"Наезд на пешехода";"";"0";"0";"г Москва ш Ленинградское 15";"0,0";"1,0";"1,0";"2,0";
"310,0";"13,12,2022";"Бабушкинский";"450207891";"Наезд на пешехода";"";"0";"0";"г Москва проезд Староватутинский 1";"0,0";"1,0";"1,0";"2,0";
"311,0";"13,12,2022";"Выхино-Жулебино";"450208207";"Наезд на велосипедиста";"";"0";"0";"г Москва ул Генерала Кузнецова 25 корп 1";"0,0";"1,0";"2,0";"2,0";
"312,0";"13,12,2022";"Бирюлево Восточное";"450208183";"Наезд на пешехода";"";"0";"0";"г Москва ул Лебедянская 32";"0,0";"1,0";"1,0";"2,0";
"313,0";"13,12,2022";"Кунцево";"450208199";"Наезд на пешехода";"";"0";"0";"г Москва ул Василия Ботылёва 20, стр,1";"0,0";"1,0";"1,0";"2,0";
"314,0";"13,12,2022";"Михайлово-Ярцевское поселение";"450207841";"Наезд на пешехода";"А-107 Московское малое кольцо Икша - Ногинск - Бронницы - Голицыно - Истра - Икша";"230";"0";"д Терехово  1c1";"0,0";"1,0";"1,0";"2,0";
"315,0";"13,12,2022";"Выхино-Жулебино";"450208275";"Столкновение";"";"0";"0";"г Москва ул Авиаконструктора Миля 24";"0,0";"1,0";"2,0";"3,0";
"316,0";"13,12,2022";"Южное Бутово";"450208484";"Столкновение";"";"0";"0";"г Москва ш Варшавское влд166 стр1";"0,0";"1,0";"3,0";"3,0";
"317,0";"13,12,2022";"Западное Дегунино";"450208166";"Столкновение";"";"0";"0";"г Москва ш Коровинское 9к1";"0,0";"1,0";"2,0";"2,0";
"318,0";"13,12,2022";"Южное Бутово";"450208022";"Столкновение";"";"0";"0";"г Москва ул Маршала Савицкого 30";"0,0";"1,0";"2,0";"3,0";
"319,0";"13,12,2022";"Обручевский";"450222107";"Наезд на пешехода";"";"0";"0";"г Москва  ";"0,0";"1,0";"1,0";"2,0";
"320,0";"12,12,2022";"Мещанский";"450207667";"Наезд на пешехода";"";"0";"0";"г Москва пр-кт Олимпийский 22";"0,0";"2,0";"1,0";"3,0";
"321,0";"12,12,2022";"Савеловский";"450222004";"Наезд на пешехода";"";"0";"0";"г Москва проезд Петровско-Разумовский 25, к, 3";"0,0";"1,0";"1,0";"2,0";
"322,0";"12,12,2022";"Восточное Измайлово";"450207609";"Наезд на пешехода";"";"0";"0";"г Москва ул Парковая 13-я 17";"0,0";"1,0";"1,0";"2,0";
"323,0";"12,12,2022";"Крылатское";"450207185";"Наезд на пешехода";"";"0";"0";"г Москва ул Крылатская 31к1";"0,0";"1,0";"1,0";"2,0";
"324,0";"12,12,2022";"Соколиная гора";"450210593";"Столкновение";"";"0";"0";"г Москва ул Щербаковская 35";"0,0";"1,0";"2,0";"2,0";
"325,0";"12,12,2022";"Северное Измайлово";"450207589";"Наезд на пешехода";"";"0";"0";"г Москва ул Никитинская 22А";"0,0";"1,0";"1,0";"2,0";
"326,0";"12,12,2022";"Северное Медведково";"450207553";"Наезд на пешехода";"";"0";"0";"г Москва  ";"0,0";"1,0";"1,0";"2,0";
"327,0";"12,12,2022";"Мещанский";"450207684";"Падение пассажира";"";"0";"0";"г Москва пер Протопоповский 5";"0,0";"1,0";"1,0";"2,0";
"328,0";"12,12,2022";"Чертаново Северное";"450207195";"Наезд на пешехода";"";"0";"0";"г Москва мкр Чертаново Северное 3Б";"0,0";"1,0";"1,0";"2,0";
"329,0";"12,12,2022";"Люблино";"450207199";"Столкновение";"";"0";"0";"г Москва ул Нижние Поля 27стр,20";"0,0";"1,0";"2,0";"2,0";
"330,0";"12,12,2022";"Крюково";"450207167";"Столкновение";"";"0";"0";"г Зеленоград ул Логвиненко 1818";"0,0";"4,0";"2,0";"6,0";
"331,0";"12,12,2022";"Замоскворечье";"450207619";"Наезд на пешехода";"";"0";"0";"г Москва ул Новокузнецкая 14";"0,0";"1,0";"1,0";"2,0";
"332,0";"12,12,2022";"Рязановское";"450207177";"Наезд на пешехода";"";"0";"0";" ш Рязановское (п Рязановское) 31 к,2";"0,0";"1,0";"1,0";"2,0";
"333,0";"12,12,2022";"Северное Медведково";"450208056";"Наезд на пешехода";"";"0";"0";"г Москва ул Грекова 12";"0,0";"1,0";"1,0";"2,0";
"334,0";"12,12,2022";"Кунцево";"450207461";"Наезд на пешехода";"";"0";"0";"г Москва ул Ельнинская 14, к,2";"0,0";"1,0";"1,0";"2,0";
"335,0";"12,12,2022";"Северное Бутово";"450208173";"Столкновение";"";"0";"0";"п Бутово ул Поляны 2";"0,0";"1,0";"2,0";"2,0";
"336,0";"12,12,2022";"Зябликово";"450207193";"Наезд на велосипедиста";"";"0";"0";"г Москва проезд Ореховый 23 К1";"0,0";"1,0";"2,0";"2,0";
"337,0";"12,12,2022";"Зюзино";"450207703";"Наезд на пешехода";"";"0";"0";"г Москва ул Керченская 13 строение 1";"0,0";"1,0";"1,0";"2,0";
"338,0";"12,12,2022";"Беговой";"450207682";"Столкновение";"Третье транспортное кольцо (внутренняя сторона)";"0";"0";"г Москва ул Масловка Н, 5к,5";"0,0";"1,0";"2,0";"2,0";
"339,0";"12,12,2022";"Новогиреево";"450208221";"Наезд на пешехода";"";"0";"0";"г Москва ул Мартеновская 32 15";"0,0";"1,0";"1,0";"2,0";
"340,0";"12,12,2022";"Некрасовка";"450207998";"Падение пассажира";"";"0";"0";"п Некрасовка ул Вертолётчиков 13";"0,0";"1,0";"1,0";"2,0";
"341,0";"12,12,2022";"Раменки";"450207559";"Наезд на пешехода";"";"0";"0";"г Москва пр-кт Ломоносовский 27 к1";"0,0";"1,0";"1,0";"2,0";
"342,0";"12,12,2022";"Бабушкинский";"450207605";"Наезд на пешехода";"";"0";"0";"г Москва ул Менжинского 29";"0,0";"1,0";"1,0";"2,0";
"343,0";"12,12,2022";"Южное Тушино";"450207585";"Наезд на пешехода";"";"0";"0";"г Москва проезд Светлогорский 7А";"0,0";"1,0";"1,0";"2,0";
"344,0";"12,12,2022";"Очаково-Матвеевское";"450207610";"Наезд на пешехода";"";"0";"0";"п Матвеевское ул Рябиновая 36 к, 4";"0,0";"1,0";"1,0";"2,0";
"345,0";"12,12,2022";"Вешняки";"450207097";"Наезд на пешехода";"";"0";"0";"г Москва ул Снайперская 3";"0,0";"1,0";"1,0";"2,0";
"346,0";"12,12,2022";"Теплый Стан";"450207504";"Наезд на пешехода";"";"0";"0";"г Москва  ";"0,0";"1,0";"1,0";"2,0";
"347,0";"12,12,2022";"Сосенское";"450207283";"Наезд на пешехода";"";"0";"0";" ул Адмирала Корнилова (п Мосрентген) 10 стр,1";"0,0";"1,0";"1,0";"2,0";
"348,0";"12,12,2022";"Богородское";"450214271";"Наезд на пешехода";"";"0";"0";"г Москва  ";"0,0";"1,0";"1,0";"2,0";
"349,0";"12,12,2022";"Южное Тушино";"450207165";"Наезд на пешехода";"";"0";"0";"г Москва ул Свободы 47 2";"0,0";"1,0";"1,0";"2,0";
"350,0";"12,12,2022";"Братеево";"450210431";"Столкновение";"";"0";"0";"г Москва ул Борисовские Пруды 16 К 1";"0,0";"1,0";"2,0";"3,0";
"351,0";"12,12,2022";"Черемушки";"450207646";"Наезд на пешехода";"";"0";"0";"г Москва ул Каховка 20 строение 1";"0,0";"1,0";"1,0";"2,0";
"352,0";"12,12,2022";"Орехово-Борисово Северное";"450207052";"Столкновение";"";"0";"0";"г Москва ул Домодедовская 22 К1";"0,0";"1,0";"2,0";"2,0";
"353,0";"12,12,2022";"Алтуфьевский";"450207132";"Наезд на пешехода";"";"0";"0";"г Москва ул Бибиревская 17";"0,0";"1,0";"1,0";"2,0";
"354,0";"11,12,2022";"Соколиная гора";"450206923";"Столкновение";"Северо-Восточная хорда (СВХ)";"11";"0";"г Москва  ";"0,0";"1,0";"2,0";"3,0";
"355,0";"11,12,2022";"Тверской";"450206634";"Столкновение";"";"0";"0";"г Москва б-р Страстной 5";"1,0";"0,0";"2,0";"2,0";
"356,0";"11,12,2022";"Нагатино-Садовники";"450207021";"Столкновение";"";"0";"0";"г Москва ш Каширское 16 К1";"0,0";"1,0";"2,0";"3,0";
"357,0";"11,12,2022";"Силино";"450206827";"Наезд на пешехода";"";"0";"0";"г Зеленоград ул Филаретовская 1131";"0,0";"1,0";"1,0";"2,0";
"358,0";"11,12,2022";"Бибирево";"450207883";"Столкновение";"Московская кольцевая автомобильная дорога (МКАД) внешняя сторона";"87";"0";"г Москва  ";"0,0";"4,0";"4,0";"7,0";
"359,0";"11,12,2022";"Лианозово";"450206719";"Наезд на пешехода";"";"0";"0";"г Москва  ";"0,0";"1,0";"1,0";"2,0";
"360,0";"11,12,2022";"Южное Бутово";"450206842";"Наезд на пешехода";"";"0";"0";"г Москва ул Остафьевская , 143 по ул, Южнобут";"0,0";"1,0";"1,0";"2,0";
"361,0";"11,12,2022";"Северное Тушино";"450206934";"Наезд на пешехода";"";"0";"0";"г Москва ул Туристская 14";"0,0";"1,0";"1,0";"2,0";
"362,0";"11,12,2022";"ГУ МВД 2 СП ДПС 2 бат,";"450206360";"Столкновение";"А-109 Ильинское шоссе";"12";"0";"г Москва  ";"0,0";"4,0";"2,0";"4,0";
"363,0";"11,12,2022";"Выхино-Жулебино";"450206784";"Столкновение";"";"0";"0";"г Москва пр-кт Волгоградский 203";"0,0";"2,0";"2,0";"3,0";
"364,0";"11,12,2022";"Восточное Измайлово";"450206896";"Наезд на стоящее ТС";"Московская кольцевая автомобильная дорога (МКАД) внутренняя сторона";"107";"0";"г Москва  ";"0,0";"1,0";"3,0";"3,0";
"365,0";"11,12,2022";"Северное Тушино";"450206409";"Наезд на пешехода";"";"0";"0";"г Москва  ";"0,0";"1,0";"1,0";"2,0";
"366,0";"11,12,2022";"Московский";"450207820";"Столкновение";"М-3 Украина (Москва-Украина)";"23";"550";"  ";"0,0";"1,0";"3,0";"3,0";
"367,0";"10,12,2022";"Гольяново";"450206201";"Наезд на пешехода";"";"0";"0";"г Москва ул Хабаровская 2А";"0,0";"2,0";"1,0";"3,0";
"368,0";"10,12,2022";"Тропарево-Никулино";"450206693";"Столкновение";"";"0";"0";"г Москва пр-кт Вернадского 127";"0,0";"1,0";"3,0";"3,0";
"369,0";"10,12,2022";"Северный";"450205722";"Наезд на препятствие";"";"0";"0";"г Москва ш Дмитровское 124А";"0,0";"1,0";"1,0";"1,0";
"370,0";"10,12,2022";"Бутырский";"450206325";"Столкновение";"";"0";"0";"г Москва ул Милашенкова 9";"0,0";"1,0";"2,0";"2,0";
"371,0";"10,12,2022";"Басманный";"450206096";"Столкновение";"";"0";"0";"г Москва наб Семеновская 2 1 стр,2";"0,0";"1,0";"2,0";"3,0";
"372,0";"10,12,2022";"Мещанский";"450222068";"Наезд на препятствие";"";"0";"0";"г Москва пл Сухаревская Б, 3 стр,3";"0,0";"1,0";"1,0";"2,0";
"373,0";"10,12,2022";"Тверской";"450206382";"Столкновение";"";"0";"0";"г Москва пер Тверской-Ямской 2-й 10";"0,0";"1,0";"2,0";"2,0";
"374,0";"10,12,2022";"Замоскворечье";"450205936";"Наезд на пешехода";"";"0";"0";"г Москва ул Пятницкая 11 23";"0,0";"1,0";"1,0";"2,0";
"375,0";"10,12,2022";"Южное Бутово";"450206579";"Наезд на пешехода";"";"0";"0";"г Москва ул Южнобутовская 97";"0,0";"1,0";"1,0";"2,0";
"376,0";"10,12,2022";"Новогиреево";"450206596";"Столкновение";"";"0";"0";"г Москва пр-кт Свободный 21 2";"0,0";"2,0";"2,0";"3,0";
"377,0";"10,12,2022";"Филевский парк";"450206214";"Наезд на пешехода";"";"0";"0";"г Москва  ";"0,0";"1,0";"1,0";"2,0";
"378,0";"10,12,2022";"Алтуфьевский";"450206122";"Падение пассажира";"";"0";"0";"г Москва ул Бибиревская 7 корп2";"0,0";"1,0";"1,0";"2,0";
"379,0";"10,12,2022";"Измайлово";"450206166";"Наезд на пешехода";"";"0";"0";"г Москва ул Первомайская Верхн, 44";"0,0";"1,0";"1,0";"2,0";
"380,0";"10,12,2022";"Люблино";"450206295";"Столкновение";"";"0";"0";"г Москва ул Люблинская 72";"0,0";"1,0";"3,0";"3,0";
"381,0";"10,12,2022";"Западное Дегунино";"450206274";"Столкновение";"";"0";"0";"г Москва ш Дмитровское 81";"0,0";"1,0";"2,0";"2,0";
"382,0";"10,12,2022";"Московский";"450206389";"Наезд на стоящее ТС";"М-3 Украина (Москва-Украина)";"26";"900";"  ";"0,0";"1,0";"4,0";"4,0";
"383,0";"10,12,2022";"Южное Бутово";"450208955";"Столкновение";"";"0";"0";"г Москва ул Академика Семёнова 5";"0,0";"1,0";"2,0";"3,0";
"384,0";"10,12,2022";"Алексеевский";"450207123";"Падение пассажира";"";"0";"0";"г Москва пр-кт Мира 146";"0,0";"1,0";"1,0";"2,0";
"385,0";"10,12,2022";"Кузьминки";"450206115";"Столкновение";"";"0";"0";"г Москва пр-кт Волгоградский 98, к, 2, с, 2";"0,0";"1,0";"4,0";"2,0";
"386,0";"10,12,2022";"Дорогомилово";"450206296";"Наезд на пешехода";"";"0";"0";"г Москва ул 1812 года 2";"0,0";"1,0";"2,0";"2,0";
"387,0";"10,12,2022";"Тимирязевский";"450206320";"Наезд на препятствие";"";"0";"0";"г Москва ш Дмитровское 29, к, 1";"0,0";"2,0";"2,0";"4,0";
"388,0";"10,12,2022";"Силино";"450206312";"Столкновение";"";"0";"0";"г Зеленоград ул Филаретовская 1131";"0,0";"1,0";"2,0";"2,0";
"389,0";"10,12,2022";"Якиманка";"450206414";"Столкновение";"";"0";"0";"г Москва ул Якиманка Б, 21";"0,0";"2,0";"2,0";"4,0";
"390,0";"10,12,2022";"Московский";"450206305";"Наезд на стоящее ТС";"М-3 Украина (Москва-Украина)";"26";"900";"  ";"0,0";"1,0";"2,0";"3,0";
"391,0";"10,12,2022";"Хорошево-Мневники";"450206215";"Наезд на пешехода";"";"0";"0";"г Москва пр-кт Маршала Жукова 27";"0,0";"1,0";"1,0";"2,0";
"392,0";"10,12,2022";"Чертаново Северное";"450206198";"Столкновение";"";"0";"0";"г Москва ул Чертановская 20 СТР3";"0,0";"1,0";"2,0";"3,0";
"393,0";"09,12,2022";"Академический";"450205275";"Наезд на пешехода";"";"0";"0";"г Москва ул Дмитрия Ульянова 10 к,1";"1,0";"0,0";"2,0";"3,0";
"394,0";"09,12,2022";"Чертаново Северное";"450222175";"Наезд на пешехода";"";"0";"0";"г Москва  ";"0,0";"1,0";"1,0";"2,0";
"395,0";"09,12,2022";"Савеловский";"450205156";"Наезд на пешехода";"";"0";"0";"г Москва ул Мишина 34к,1";"0,0";"1,0";"1,0";"2,0";
"396,0";"09,12,2022";"Вешняки";"450205317";"Наезд на пешехода";"";"0";"0";"г Москва  ";"0,0";"1,0";"1,0";"2,0";
"397,0";"09,12,2022";"Кунцево";"450205695";"Наезд на пешехода";"";"0";"0";"г Москва ул Мякининская 4-я 16";"0,0";"1,0";"1,0";"2,0";
"398,0";"09,12,2022";"Алтуфьевский";"450205634";"Наезд на пешехода";"";"0";"0";"г Москва ул Бибиревская 4";"0,0";"1,0";"1,0";"2,0";
"399,0";"09,12,2022";"Тимирязевский";"450205640";"Столкновение";"";"0";"0";"г Москва ш Дмитровское 52к1";"0,0";"1,0";"2,0";"2,0";
"400,0";"09,12,2022";"Ново-Переделкино";"450205268";"Наезд на велосипедиста";"";"0";"0";"г Москва ул Лукинская 11";"0,0";"1,0";"2,0";"2,0";
"401,0";"09,12,2022";"Молжаниновский";"450205150";"Наезд на препятствие";"";"0";"0";"г Москва ш Ленинградское 29км";"0,0";"1,0";"1,0";"2,0";
"402,0";"09,12,2022";"Царицыно";"450205070";"Наезд на пешехода";"";"0";"0";"г Москва б-р Кавказский 50";"0,0";"1,0";"1,0";"2,0";
"403,0";"09,12,2022";"Измайлово";"450205903";"Столкновение";"";"0";"0";"г Москва б-р Сиреневый 12 К 1";"0,0";"1,0";"2,0";"2,0";
"404,0";"09,12,2022";"Выхино-Жулебино";"450205604";"Столкновение";"";"0";"0";"г Москва пр-кт Рязанский 74";"0,0";"1,0";"3,0";"3,0";
"405,0";"09,12,2022";"Марфино";"450205224";"Падение пассажира";"";"0";"0";"г Москва ул Ботаническая 2 ст,1";"0,0";"1,0";"1,0";"2,0";
"406,0";"09,12,2022";"Ярославский";"450205496";"Столкновение";"";"0";"0";"г Москва ш Ярославское 26 к,3";"0,0";"1,0";"3,0";"4,0";
"407,0";"09,12,2022";"Крюково";"450205432";"Наезд на пешехода";"";"0";"0";"г Зеленоград ул Логвиненко 1456";"0,0";"1,0";"1,0";"2,0";
"408,0";"09,12,2022";"Хамовники";"450205514";"Наезд на пешехода";"";"0";"0";"г Москва ул Зубовская 2";"0,0";"1,0";"1,0";"2,0";
"409,0";"09,12,2022";"Южное Бутово";"450205474";"Наезд на пешехода";"";"0";"0";"г Москва ул Адмирала Лазарева 40";"0,0";"1,0";"1,0";"2,0";
"410,0";"09,12,2022";"Хорошево-Мневники";"450208431";"Наезд на пешехода";"";"0";"0";"г Москва  ";"0,0";"1,0";"1,0";"2,0";
"411,0";"09,12,2022";"Куркино";"450205504";"Столкновение";"";"0";"0";"г Москва ул Воротынская 7";"0,0";"1,0";"2,0";"2,0";
"412,0";"09,12,2022";"Силино";"450205348";"Столкновение";"";"0";"0";"г Зеленоград ул Алабушевская 3 стр 1";"0,0";"1,0";"2,0";"3,0";
"413,0";"09,12,2022";"Южное Бутово";"450205230";"Наезд на стоящее ТС";"";"0";"0";"г Москва  ";"1,0";"0,0";"2,0";"2,0";
"414,0";"09,12,2022";"Тверской";"450205625";"Наезд на пешехода";"";"0";"0";"г Москва б-р Страстной 5";"0,0";"1,0";"1,0";"2,0";
"415,0";"09,12,2022";"Кунцево";"450205616";"Наезд на велосипедиста";"";"0";"0";"г Москва ш Рублёвское 83, к,4";"0,0";"1,0";"2,0";"2,0";
"416,0";"09,12,2022";"Преображенское";"450210574";"Наезд на пешехода";"";"0";"0";"г Москва ул Краснобогатырская 90 стр, 1";"0,0";"1,0";"1,0";"2,0";
"417,0";"09,12,2022";"ГУ МВД 2 СП ДПС 2 бат,";"450205565";"Наезд на пешехода";"А-109 Ильинское шоссе";"14";"0";"г Москва  ";"0,0";"1,0";"1,0";"2,0";
"418,0";"08,12,2022";"Метрогородок";"450205468";"Наезд на пешехода";"";"0";"0";"г Москва ш Открытое 17 К 1 С 3";"0,0";"1,0";"1,0";"2,0";
"419,0";"08,12,2022";"Строгино";"450204840";"Наезд на пешехода";"";"0";"0";"г Москва ул Маршала Прошлякова 9";"0,0";"1,0";"1,0";"2,0";
"420,0";"08,12,2022";"Останкинский";"450204974";"Наезд на пешехода";"";"0";"0";"г Москва пр-кт Мира 95";"1,0";"0,0";"1,0";"2,0";
"421,0";"08,12,2022";"Марьино";"450204951";"Столкновение";"";"0";"0";"г Москва ул Люблинская 157";"0,0";"2,0";"2,0";"3,0";
"422,0";"08,12,2022";"Старое Крюково";"450204599";"Столкновение";"";"0";"0";"г Зеленоград аллея Солнечная 1";"0,0";"1,0";"2,0";"3,0";
"423,0";"08,12,2022";"Молжаниновский";"450204490";"Столкновение";"";"0";"0";"г Москва ш Ленинградское 217";"0,0";"1,0";"3,0";"3,0";
"424,0";"08,12,2022";"Проспект Вернадского";"450204433";"Столкновение";"";"0";"0";"г Москва пр-кт Вернадского 59";"0,0";"1,0";"2,0";"3,0";
"425,0";"08,12,2022";"Марушкинское";"450205238";"Столкновение";"М-3 Украина (Москва-Украина)";"29";"400";"  ";"0,0";"1,0";"2,0";"3,0";
"426,0";"08,12,2022";"Первомайское поселение";"450204404";"Столкновение";"";"0";"0";"п Первомайское ул Рабочая стр,31";"0,0";"2,0";"2,0";"3,0";
"427,0";"08,12,2022";"Северное Бутово";"450204300";"Наезд на пешехода";"";"0";"0";"п Бутово ул Грина 15";"0,0";"1,0";"1,0";"2,0";
"428,0";"08,12,2022";"Южное Бутово";"450205222";"Столкновение";"";"0";"0";"г Москва ул Маршала Савицкого 12";"0,0";"1,0";"2,0";"2,0";
"429,0";"08,12,2022";"Южнопортовый";"450204309";"Наезд на пешехода";"";"0";"0";"г Москва ул Южнопортовая 16";"0,0";"2,0";"1,0";"3,0";
"430,0";"08,12,2022";"Бибирево";"450204819";"Наезд на препятствие";"";"0";"0";"г Москва ш Алтуфьевское 74";"0,0";"1,0";"1,0";"1,0";
"431,0";"08,12,2022";"Басманный";"450204359";"Наезд на пешехода";"";"0";"0";"г Москва ул Фридриха Энгельса 37-31 к, А";"0,0";"1,0";"2,0";"3,0";
"432,0";"08,12,2022";"Лефортово";"450204946";"Наезд на пешехода";"";"0";"0";"г Москва ул Волочаевская 40стр2";"0,0";"1,0";"1,0";"2,0";
"433,0";"08,12,2022";"Косино-Ухтомский";"450204915";"Наезд на препятствие";"";"0";"0";"п Ухтомский ш Новоухтомское 2А";"0,0";"1,0";"1,0";"1,0";
"434,0";"08,12,2022";"Зябликово";"450204568";"Столкновение";"";"0";"0";"г Москва проезд Ореховый 14";"0,0";"1,0";"2,0";"3,0";
"435,0";"08,12,2022";"Южнопортовый";"450204868";"Наезд на пешехода";"";"0";"0";"г Москва ул Южнопортовая 22 с,10";"0,0";"1,0";"1,0";"2,0";
"436,0";"08,12,2022";"Северное Измайлово";"450204293";"Столкновение";"Московская кольцевая автомобильная дорога (МКАД) внутренняя сторона";"105";"0";"г Москва  ";"0,0";"2,0";"3,0";"3,0";
"437,0";"08,12,2022";"Коньково";"450204371";"Наезд на пешехода";"";"0";"0";"г Москва ул Введенского 1А";"0,0";"1,0";"1,0";"2,0";
"438,0";"07,12,2022";"Некрасовка";"450204151";"Столкновение";"";"0";"0";"п Некрасовка ул Вертолётчиков 1";"0,0";"1,0";"3,0";"4,0";
"439,0";"07,12,2022";"Строгино";"450205038";"Столкновение";"Московская кольцевая автомобильная дорога (МКАД) внутренняя сторона";"67";"0";"г Москва  ";"0,0";"1,0";"2,0";"2,0";
"440,0";"07,12,2022";"Аэропорт";"450203710";"Столкновение";"";"0";"0";"г Москва пр-кт Ленинградский 66";"0,0";"6,0";"3,0";"8,0";
"441,0";"07,12,2022";"Бирюлево Западное";"450204128";"Столкновение";"";"0";"0";"г Москва ул Подольских Курсантов 36";"0,0";"1,0";"3,0";"3,0";
"442,0";"07,12,2022";"Алексеевский";"450203760";"Наезд на пешехода";"";"0";"0";"г Москва пр-кт Мира 116А";"0,0";"1,0";"1,0";"2,0";
"443,0";"07,12,2022";"Обручевский";"450203769";"Столкновение";"";"0";"0";"г Москва ш Старокалужское ул, Ак, Семенихина";"0,0";"1,0";"2,0";"3,0";
"444,0";"07,12,2022";"Нагорный";"450204201";"Столкновение";"";"0";"0";"г Москва ш Варшавское 78 2";"0,0";"1,0";"2,0";"2,0";
"445,0";"07,12,2022";"Косино-Ухтомский";"450203621";"Столкновение";"";"0";"0";"п Ухтомский ш Косинское 14";"0,0";"1,0";"2,0";"3,0";
"446,0";"07,12,2022";"Пресненский";"450203777";"Наезд на пешехода";"";"0";"0";"г Москва ул Грузинская Б, 18";"0,0";"1,0";"1,0";"2,0";
"447,0";"07,12,2022";"Войковский";"450209231";"Наезд на пешехода";"";"0";"0";"г Москва ш Ленинградское 46";"0,0";"1,0";"1,0";"2,0";
"448,0";"07,12,2022";"Капотня";"450203825";"Столкновение";"Московская кольцевая автомобильная дорога (МКАД) внутренняя сторона";"16";"0";"г Москва  ";"0,0";"1,0";"2,0";"2,0";
"449,0";"07,12,2022";"Солнцево";"450204070";"Столкновение";"";"0";"0";"г Москва ш Боровское 2 к7";"0,0";"1,0";"2,0";"3,0";
"450,0";"07,12,2022";"Южное Бутово";"450203700";"Столкновение";"";"0";"0";"г Москва ул Поляны 5 к, 1";"0,0";"1,0";"2,0";"2,0";
"451,0";"07,12,2022";"ГУ МВД 2 СП ДПС 2 бат,";"450203778";"Наезд на пешехода";"А-106 Рублево-Успенское шоссе";"21";"0";"г Москва  ";"0,0";"1,0";"1,0";"2,0";
"452,0";"07,12,2022";"Бабушкинский";"450204120";"Наезд на пешехода";"";"0";"0";"г Москва ул Енисейская 20";"0,0";"1,0";"1,0";"2,0";
"453,0";"07,12,2022";"Печатники";"450203868";"Столкновение";"";"0";"0";"г Москва ул Шоссейная 2Б";"0,0";"1,0";"2,0";"3,0";
"454,0";"07,12,2022";"Донской";"450203645";"Наезд на пешехода";"";"0";"0";"г Москва ул Вавилова 6";"0,0";"1,0";"1,0";"2,0";
"455,0";"07,12,2022";"Тверской";"450203915";"Столкновение";"";"0";"0";"г Москва ул Миусская 1-я 2 стр,1";"0,0";"1,0";"2,0";"3,0";
"456,0";"07,12,2022";"Вешняки";"450203993";"Наезд на пешехода";"";"0";"0";"г Москва ул Кетчерская 2Б";"0,0";"1,0";"1,0";"2,0";
"457,0";"07,12,2022";"Южное Бутово";"450205466";"Наезд на пешехода";"";"0";"0";"г Москва ул Кадырова 1";"0,0";"1,0";"1,0";"2,0";
"458,0";"07,12,2022";"Перово";"450207317";"Наезд на пешехода";"";"0";"0";"г Москва ул Новогиреевская 34";"0,0";"1,0";"1,0";"2,0";
"459,0";"07,12,2022";"Некрасовка";"450204026";"Наезд на велосипедиста";"";"0";"0";"п Некрасовка ул Вертолётчиков 2А стр 3";"0,0";"1,0";"2,0";"2,0";
"460,0";"07,12,2022";"Хорошево-Мневники";"450204174";"Наезд на препятствие";"Северо-Западная хорда (СЗХ)";"0";"0";"г Москва ул Мнёвники Нижн, 35";"1,0";"0,0";"1,0";"1,0";
"461,0";"07,12,2022";"Московский";"450204290";"Столкновение";"М-3 Украина (Москва-Украина)";"19";"950";"  ";"0,0";"1,0";"3,0";"3,0";
"462,0";"07,12,2022";"Даниловский";"450204190";"Столкновение";"Третье транспортное кольцо (внешняя сторона)";"7";"500";"г Москва  ";"0,0";"2,0";"2,0";"3,0";
"463,0";"07,12,2022";"Молжаниновский";"450205809";"Столкновение";"";"0";"0";"г Москва ш Ленинградское 26км";"0,0";"1,0";"3,0";"3,0";
"464,0";"06,12,2022";"Москворечье-Сабурово";"450208273";"Наезд на пешехода";"";"0";"0";"г Москва пер Котляковский 2-й 1 СТР1";"0,0";"1,0";"1,0";"2,0";
"465,0";"06,12,2022";"Аэропорт";"450213656";"Столкновение";"";"0";"0";"г Москва пр-кт Ленинградский 74";"0,0";"1,0";"2,0";"3,0";
"466,0";"06,12,2022";"Строгино";"450203505";"Столкновение";"Московская кольцевая автомобильная дорога (МКАД) внутренняя сторона";"66";"0";"г Москва  ";"0,0";"1,0";"3,0";"4,0";
"467,0";"06,12,2022";"Сосенское";"450220745";"Наезд на пешехода";"";"0";"0";"п Коммунарка ул Александры Монаховой 43";"0,0";"1,0";"1,0";"2,0";
"468,0";"06,12,2022";"Чертаново Центральное";"450203089";"Наезд на велосипедиста";"";"0";"0";"г Москва  ";"0,0";"1,0";"2,0";"2,0";
"469,0";"06,12,2022";"Коптево";"450202944";"Столкновение";"";"0";"0";"г Москва ул Академическая Б, 81 стр, 1";"0,0";"1,0";"2,0";"2,0";
"470,0";"06,12,2022";"Братеево";"450203969";"Столкновение";"";"0";"0";"г Москва ул Борисовские Пруды 18 К1";"0,0";"1,0";"3,0";"4,0";
"471,0";"06,12,2022";"Фили-Давыдково";"450203154";"Наезд на велосипедиста";"";"0";"0";"г Москва ул Кременчугская 5, к,1";"0,0";"1,0";"2,0";"2,0";
"472,0";"06,12,2022";"Тропарево-Никулино";"450203186";"Наезд на пешехода";"";"0";"0";"г Москва  ";"0,0";"1,0";"1,0";"2,0";
"473,0";"06,12,2022";"Кунцево";"450202920";"Наезд на пешехода";"";"0";"0";"г Москва ул Василия Ботылёва 20";"0,0";"1,0";"1,0";"2,0";
"474,0";"06,12,2022";"Гагаринский";"450203318";"Наезд на пешехода";"";"0";"0";"г Москва пр-кт Ломоносовский 18";"0,0";"1,0";"1,0";"2,0";
"475,0";"06,12,2022";"Марьино";"450203690";"Столкновение";"";"0";"0";"г Москва ул Маршала Голованова 13";"0,0";"1,0";"2,0";"2,0";
"476,0";"06,12,2022";"Новогиреево";"450204014";"Наезд на пешехода";"";"0";"0";"г Москва  ";"0,0";"1,0";"1,0";"2,0";
"477,0";"06,12,2022";"Марьино";"450203461";"Наезд на пешехода";"";"0";"0";"г Москва ул Новомарьинская 13";"0,0";"1,0";"1,0";"2,0";
"478,0";"06,12,2022";"Ховрино";"450204267";"Наезд на пешехода";"";"0";"0";"г Москва  ";"0,0";"1,0";"1,0";"2,0";
"479,0";"06,12,2022";"Бутырский";"450202937";"Столкновение";"";"0";"0";"г Москва ул Добролюбова 3С1";"0,0";"1,0";"2,0";"2,0";
"480,0";"06,12,2022";"Преображенское";"450204378";"Падение пассажира";"";"0";"0";"г Москва  ";"0,0";"1,0";"1,0";"2,0";
"481,0";"06,12,2022";"Марьино";"450203462";"Наезд на пешехода";"";"0";"0";"г Москва ул Маршала Голованова 13";"0,0";"1,0";"2,0";"2,0";
"482,0";"06,12,2022";"Донской";"450202891";"Наезд на пешехода";"";"0";"0";"г Москва ш Варшавское 7 К1";"0,0";"1,0";"1,0";"2,0";
"483,0";"06,12,2022";"Царицыно";"450203459";"Наезд на пешехода";"";"0";"0";"г Москва ул Кантемировская 7";"0,0";"1,0";"1,0";"2,0";
"484,0";"05,12,2022";"Свиблово";"450202420";"Наезд на пешехода";"";"0";"0";"п Свиблово проезд Лазоревый 1А к 1";"0,0";"1,0";"1,0";"2,0";
"485,0";"05,12,2022";"Теплый Стан";"450202352";"Столкновение";"Московская кольцевая автомобильная дорога (МКАД) внутренняя сторона";"44";"0";"г Москва  ";"0,0";"1,0";"2,0";"2,0";
"486,0";"05,12,2022";"Орехово-Борисово Южное";"450202506";"Наезд на стоящее ТС";"Московская кольцевая автомобильная дорога (МКАД) внешняя сторона";"23";"0";"г Москва  ";"0,0";"1,0";"2,0";"2,0";
"487,0";"05,12,2022";"Очаково-Матвеевское";"450207313";"Падение пассажира";"";"0";"0";"п Матвеевское ул Озёрная 33A 6";"0,0";"1,0";"1,0";"2,0";
"488,0";"05,12,2022";"Даниловский";"450202502";"Столкновение";"";"0";"0";"г Москва ул Люсиновская 41 СТР1";"0,0";"2,0";"2,0";"3,0";
"489,0";"05,12,2022";"Царицыно";"450202336";"Наезд на пешехода";"";"0";"0";"г Москва ул Кантемировская 7 К1";"0,0";"1,0";"1,0";"2,0";
"490,0";"05,12,2022";"Академический";"450203059";"Наезд на пешехода";"";"0";"0";"г Москва  ";"0,0";"1,0";"1,0";"2,0";
"491,0";"05,12,2022";"Гольяново";"450202537";"Наезд на пешехода";"";"0";"0";"г Москва ш Щёлковское 77";"0,0";"1,0";"1,0";"2,0";
"492,0";"05,12,2022";"Бутырский";"450202684";"Столкновение";"";"0";"0";"г Москва ул Яблочкова 28к1";"0,0";"1,0";"2,0";"3,0";
"493,0";"05,12,2022";"Можайский";"450202649";"Наезд на пешехода";"";"0";"0";"г Москва  ";"0,0";"1,0";"1,0";"2,0";
"494,0";"05,12,2022";"Ховрино";"450202677";"Наезд на пешехода";"";"0";"0";"г Москва ул Дыбенко 2";"0,0";"1,0";"1,0";"2,0";
"495,0";"05,12,2022";"Ивановское";"450203073";"Столкновение";"Московская кольцевая автомобильная дорога (МКАД) внутренняя сторона";"1";"0";"г Москва  ";"0,0";"1,0";"3,0";"3,0";
"496,0";"05,12,2022";"Ивановское";"450202765";"Столкновение";"";"0";"0";"г Москва ш Энтузиастов 92Г";"0,0";"1,0";"2,0";"3,0";
"497,0";"05,12,2022";"Метрогородок";"450202719";"Наезд на стоящее ТС";"Московская кольцевая автомобильная дорога (МКАД) внутренняя сторона";"97";"0";"г Москва  ";"0,0";"1,0";"2,0";"2,0";
"498,0";"05,12,2022";"Орехово-Борисово Северное";"450203503";"Столкновение";"";"0";"0";"г Москва ул Лисичанская 3";"0,0";"1,0";"3,0";"4,0";
"499,0";"05,12,2022";"Щаповское поселение";"450202160";"Наезд на пешехода";"А-101 Варшавское шоссе (Москва-Подольск-Малоярославец-Рославль)";"49";"0";"  ";"0,0";"1,0";"2,0";"2,0";
"500,0";"05,12,2022";"Донской";"450202583";"Падение пассажира";"";"0";"0";"г Москва ул Шаболовка 30 12";"0,0";"1,0";"1,0";"2,0";
"501,0";"05,12,2022";"Фили-Давыдково";"450202666";"Наезд на пешехода";"";"0";"0";"г Москва пр-кт Кутузовский 52";"0,0";"1,0";"1,0";"2,0";
"502,0";"05,12,2022";"Бирюлево Восточное";"450203110";"Столкновение";"Московская кольцевая автомобильная дорога (МКАД) внешняя сторона";"28";"0";"г Москва  ";"0,0";"1,0";"2,0";"3,0";
"503,0";"05,12,2022";"Крюково";"450202825";"Наезд на препятствие";"";"0";"0";"г Зеленоград  ";"0,0";"1,0";"1,0";"1,0";
"504,0";"05,12,2022";"Мещанский";"450202753";"Столкновение";"";"0";"0";"г Москва пр-кт Мира 20";"0,0";"1,0";"3,0";"3,0";
"505,0";"05,12,2022";"Бирюлево Восточное";"450204842";"Столкновение";"Московская кольцевая автомобильная дорога (МКАД) внешняя сторона";"28";"0";"г Москва  ";"0,0";"1,0";"2,0";"2,0";
"506,0";"05,12,2022";"Тропарево-Никулино";"450208142";"Столкновение";"Московская кольцевая автомобильная дорога (МКАД) внутренняя сторона";"45";"0";"г Москва  ";"0,0";"1,0";"2,0";"2,0";
"507,0";"05,12,2022";"Дмитровский";"450202831";"Столкновение";"";"0";"0";"г Москва ул Вагоноремонтная 25стр15";"0,0";"1,0";"2,0";"2,0";
"508,0";"05,12,2022";"Дмитровский";"450202609";"Наезд на пешехода";"";"0";"0";"г Москва ул Лобненская 21 с,3 А";"0,0";"2,0";"3,0";"3,0";
"509,0";"05,12,2022";"Академический";"450202273";"Столкновение";"";"0";"0";"г Москва ул Вавилова 43";"0,0";"1,0";"2,0";"2,0";
"510,0";"05,12,2022";"Бирюлево Восточное";"450203117";"Наезд на стоящее ТС";"Московская кольцевая автомобильная дорога (МКАД) внешняя сторона";"26";"0";"г Москва  ";"0,0";"2,0";"2,0";"4,0";
"511,0";"04,12,2022";"Мещанский";"450201747";"Наезд на препятствие";"Третье транспортное кольцо (внутренняя сторона)";"27";"0";"г Москва  ";"0,0";"3,0";"1,0";"3,0";
"512,0";"04,12,2022";"Вешняки";"450202054";"Столкновение";"Московская кольцевая автомобильная дорога (МКАД) внутренняя сторона";"6";"0";"г Москва  ";"0,0";"1,0";"2,0";"3,0";
"513,0";"04,12,2022";"Строгино";"450203206";"Наезд на препятствие";"Московская кольцевая автомобильная дорога (МКАД) внешняя сторона";"63";"0";"г Москва  ";"0,0";"1,0";"2,0";"2,0";
"514,0";"04,12,2022";"Преображенское";"450204767";"Наезд на пешехода";"";"0";"0";"г Москва ул Электрозаводская 21";"0,0";"1,0";"1,0";"2,0";
"515,0";"04,12,2022";"Орехово-Борисово Южное";"450202053";"Столкновение";"Московская кольцевая автомобильная дорога (МКАД) внешняя сторона";"24";"0";"г Москва  ";"0,0";"1,0";"2,0";"2,0";
"516,0";"04,12,2022";"Южное Бутово";"450201744";"Столкновение";"";"0";"0";"г Москва ш Варшавское Большая Бутовская";"0,0";"2,0";"2,0";"3,0";
"517,0";"04,12,2022";"Тверской";"450201685";"Наезд на стоящее ТС";"";"0";"0";"г Москва ул Миусская 1-я 2с1";"0,0";"1,0";"2,0";"2,0";
"518,0";"04,12,2022";"Капотня";"450202047";"Столкновение";"Московская кольцевая автомобильная дорога (МКАД) внутренняя сторона";"17";"0";"г Москва  ";"0,0";"1,0";"2,0";"2,0";
"519,0";"04,12,2022";"Марьино";"450202066";"Наезд на пешехода";"";"0";"0";"г Москва ул Люблинская 155c1";"0,0";"1,0";"1,0";"2,0";
"520,0";"04,12,2022";"Тропарево-Никулино";"450201748";"Наезд на пешехода";"";"0";"0";"г Москва пр-кт Вернадского 86А";"0,0";"1,0";"1,0";"2,0";
"521,0";"04,12,2022";"Хорошево-Мневники";"450201917";"Столкновение";"";"0";"0";"г Москва пр-кт Маршала Жукова 4";"0,0";"1,0";"2,0";"2,0";
"522,0";"04,12,2022";"Кунцево";"450203251";"Столкновение";"Московская кольцевая автомобильная дорога (МКАД) внутренняя сторона";"59";"0";"г Москва  ";"0,0";"1,0";"2,0";"3,0";
"523,0";"04,12,2022";"Коньково";"450202133";"Наезд на пешехода";"";"0";"0";"г Москва ул Профсоюзная 109, стр, 2";"0,0";"1,0";"1,0";"2,0";
"524,0";"04,12,2022";"Мещанский";"450202115";"Наезд на пешехода";"";"0";"0";"г Москва ул Трубная 2";"0,0";"1,0";"1,0";"2,0";
"525,0";"04,12,2022";"Таганский";"450202144";"Опрокидывание";"";"0";"0";"г Москва пер Наставнический 18 11с4";"0,0";"1,0";"1,0";"1,0";
"526,0";"04,12,2022";"Левобережный";"450202073";"Столкновение";"";"0";"0";"г Москва ш Ленинградское 134";"0,0";"1,0";"2,0";"2,0";
"527,0";"04,12,2022";"Москворечье-Сабурово";"450201751";"Наезд на пешехода";"";"0";"0";"г Москва пр-кт Пролетарский 17 К1";"1,0";"0,0";"2,0";"3,0";
"528,0";"03,12,2022";"Царицыно";"450201497";"Наезд на пешехода";"";"0";"0";"г Москва ул Луганская 13";"0,0";"1,0";"1,0";"2,0";
"529,0";"03,12,2022";"Южное Тушино";"450201657";"Наезд на пешехода";"";"0";"0";"г Москва проезд Походный 24";"0,0";"1,0";"1,0";"2,0";
"530,0";"03,12,2022";"Хорошево-Мневники";"450201883";"Столкновение";"";"0";"0";"г Москва проезд 3-й Силикатный 8";"0,0";"1,0";"2,0";"2,0";
"531,0";"03,12,2022";"Люблино";"450201545";"Наезд на препятствие";"";"0";"0";"г Москва ул Люблинская 48";"0,0";"18,0";"1,0";"19,0";
"532,0";"03,12,2022";"ГУ МВД 2 СП ДПС 2 бат,";"450201555";"Столкновение";"";"0";"0";"г Москва ш Ленинградское 21км";"0,0";"1,0";"2,0";"2,0";
"533,0";"03,12,2022";"Кузьминки";"450205560";"Наезд на пешехода";"";"0";"0";"г Москва ул Маршала Чуйкова 4";"0,0";"1,0";"1,0";"2,0";
"534,0";"03,12,2022";"Кунцево";"450201057";"Наезд на стоящее ТС";"Московская кольцевая автомобильная дорога (МКАД) внешняя сторона";"59";"150";"г Москва  ";"0,0";"2,0";"2,0";"3,0";
"535,0";"03,12,2022";"Московский";"450201094";"Наезд на препятствие";"М-3 Украина (Москва-Украина)";"19";"0";"  ";"0,0";"1,0";"1,0";"2,0";
"536,0";"03,12,2022";"Капотня";"450201065";"Столкновение";"";"0";"0";"г Москва ул Капотня 1к14";"0,0";"1,0";"4,0";"4,0";
"537,0";"03,12,2022";"Головинский";"450201540";"Столкновение";"";"0";"0";"г Москва ш Ленинградское 58";"0,0";"1,0";"2,0";"2,0";
"538,0";"03,12,2022";"Гольяново";"450201743";"Столкновение";"Московская кольцевая автомобильная дорога (МКАД) внешняя сторона";"105";"0";"г Москва  ";"0,0";"1,0";"3,0";"3,0";
"539,0";"03,12,2022";"Лосиноостровский";"450201310";"Наезд на пешехода";"";"0";"0";"г Москва  ";"0,0";"1,0";"1,0";"2,0";
"540,0";"03,12,2022";"Северное Измайлово";"450201397";"Падение пассажира";"";"0";"0";"г Москва ш Щёлковское 26";"0,0";"1,0";"1,0";"2,0";
"541,0";"03,12,2022";"Крюково";"450201206";"Наезд на пешехода";"";"0";"0";"г Зеленоград пр-кт Георгиевский 33 корус 5";"0,0";"1,0";"1,0";"2,0";
"542,0";"03,12,2022";"Силино";"450201732";"Столкновение";"";"0";"0";"г Зеленоград пр-кт Панфиловский 1004";"0,0";"2,0";"2,0";"3,0";
"543,0";"03,12,2022";"Беговой";"450203552";"Наезд на пешехода";"";"0";"0";"г Москва ул Правды 4";"0,0";"1,0";"1,0";"2,0";
"544,0";"03,12,2022";"Лианозово";"450202395";"Столкновение";"";"0";"0";"г Москва ш Дмитровское 159А стр 2";"0,0";"1,0";"2,0";"2,0";
"545,0";"02,12,2022";"Южное Бутово";"450200919";"Столкновение";"";"0";"0";"г Москва ул Барышевская Роща Остафьевское ш,";"1,0";"3,0";"2,0";"5,0";
"546,0";"02,12,2022";"ГУ МВД 2 СП ДПС 2 бат,";"450200506";"Столкновение";"А-109 Ильинское шоссе";"11";"0";"г Москва  ";"0,0";"1,0";"2,0";"2,0";
"547,0";"02,12,2022";"Можайский";"450200788";"Наезд на пешехода";"";"0";"0";"г Москва  ";"0,0";"1,0";"1,0";"2,0";
"548,0";"02,12,2022";"Бибирево";"450200304";"Наезд на препятствие";"Московская кольцевая автомобильная дорога (МКАД) внутренняя сторона";"86";"0";"г Москва  ";"0,0";"1,0";"1,0";"1,0";
"549,0";"02,12,2022";"Котловка";"450200352";"Наезд на пешехода";"";"0";"0";"г Москва пр-кт Севастопольский 45";"0,0";"1,0";"1,0";"2,0";
"550,0";"02,12,2022";"Лосиноостровский";"450202527";"Наезд на пешехода";"";"0";"0";"г Москва ул Коминтерна 8";"0,0";"1,0";"1,0";"2,0";
"551,0";"02,12,2022";"Басманный";"450203179";"Наезд на пешехода";"";"0";"0";"г Москва пер Переведеновский 11";"0,0";"1,0";"1,0";"2,0";
"552,0";"02,12,2022";"Раменки";"450204168";"Наезд на пешехода";"";"0";"0";"г Москва ул Мосфильмовская 6";"0,0";"1,0";"1,0";"2,0";
"553,0";"02,12,2022";"Метрогородок";"450200996";"Наезд на препятствие";"Северо-Восточная хорда (СВХ)";"19";"0";"г Москва  ";"0,0";"2,0";"1,0";"2,0";
"554,0";"02,12,2022";"Печатники";"450200947";"Наезд на пешехода";"";"0";"0";"г Москва ул Угрешская 2 стр, 1";"0,0";"1,0";"1,0";"2,0";
"555,0";"02,12,2022";"Головинский";"450200922";"Столкновение";"Северо-Восточная хорда (СВХ)";"6";"0";"г Москва  ";"0,0";"2,0";"2,0";"2,0";
"556,0";"02,12,2022";"Тимирязевский";"450200974";"Столкновение";"";"0";"0";"г Москва ул Тимирязевская 27";"0,0";"1,0";"2,0";"2,0";
"557,0";"02,12,2022";"Нижегородский";"450200970";"Столкновение";"Третье транспортное кольцо (внешняя сторона)";"4";"0";"г Москва  ";"0,0";"1,0";"2,0";"2,0";
"558,0";"02,12,2022";"Чертаново Южное";"450200384";"Столкновение";"";"0";"0";"г Москва ш Варшавское 152А";"0,0";"3,0";"2,0";"4,0";
"559,0";"02,12,2022";"Рязанский";"450200463";"Наезд на пешехода";"";"0";"0";"г Москва проезд Вешняковский 1-й 2 стр,10";"0,0";"1,0";"1,0";"2,0";
"560,0";"02,12,2022";"Капотня";"450200892";"Столкновение";"Московская кольцевая автомобильная дорога (МКАД) внешняя сторона";"15";"0";"г Москва  ";"0,0";"1,0";"2,0";"2,0";
"561,0";"02,12,2022";"Тверской";"450200630";"Столкновение";"";"0";"0";"г Москва ул Бутырский Вал 2";"0,0";"1,0";"2,0";"2,0";
"562,0";"02,12,2022";"Рязановское";"450200349";"Наезд на пешехода";"";"0";"0";" ш Остафьевское 14к2";"0,0";"1,0";"1,0";"2,0";
"563,0";"02,12,2022";"Нагатино-Садовники";"450201480";"Столкновение";"";"0";"0";"г Москва проезд Коломенский 10";"0,0";"1,0";"2,0";"2,0";
"564,0";"02,12,2022";"Чертаново Южное";"450200926";"Наезд на пешехода";"";"0";"0";"г Москва ул Дорожная 28 К1";"0,0";"1,0";"1,0";"2,0";
"565,0";"02,12,2022";"Лианозово";"450202179";"Столкновение";"Московская кольцевая автомобильная дорога (МКАД) внутренняя сторона";"82";"0";"г Москва  ";"0,0";"1,0";"2,0";"2,0";
"566,0";"02,12,2022";"Крюково";"450201051";"Столкновение";"";"0";"0";"г Зеленоград пр-кт Панфиловский 1546а";"0,0";"1,0";"2,0";"2,0";
"567,0";"01,12,2022";"Выхино-Жулебино";"450200287";"Столкновение";"Московская кольцевая автомобильная дорога (МКАД) внутренняя сторона";"11";"0";"г Москва  ";"0,0";"2,0";"4,0";"5,0";
"568,0";"01,12,2022";"Дорогомилово";"450199510";"Наезд на препятствие";"";"0";"0";"г Москва пл Победы 1";"0,0";"1,0";"1,0";"1,0";
"569,0";"01,12,2022";"Тропарево-Никулино";"450200093";"Наезд на пешехода";"";"0";"0";"г Москва пр-кт Вернадского 86б";"0,0";"1,0";"1,0";"2,0";
"570,0";"01,12,2022";"Северное Медведково";"450205308";"Столкновение";"";"0";"0";"г Москва ул Осташковская 22А";"0,0";"1,0";"2,0";"2,0";
"571,0";"01,12,2022";"Тропарево-Никулино";"450200176";"Столкновение";"";"0";"0";"г Москва ул Покрышкина 1";"0,0";"1,0";"2,0";"2,0";
"572,0";"01,12,2022";"Новогиреево";"450200082";"Наезд на пешехода";"";"0";"0";"г Москва пр-кт Свободный 33А";"0,0";"1,0";"1,0";"2,0";
"573,0";"01,12,2022";"Кунцево";"450200289";"Наезд на препятствие";"";"0";"0";"г Москва ул Василия Ботылёва 1, стр,68";"0,0";"1,0";"1,0";"1,0";
"574,0";"01,12,2022";"Южное Бутово";"450200057";"Наезд на пешехода";"";"0";"0";"г Москва ул Южнобутовская 41";"0,0";"1,0";"1,0";"2,0";
"575,0";"01,12,2022";"Очаково-Матвеевское";"450200340";"Столкновение";"";"0";"0";"п Матвеевское ул Нежинская 9";"0,0";"1,0";"2,0";"2,0";
"576,0";"01,12,2022";"Выхино-Жулебино";"450199518";"Столкновение";"";"0";"0";"г Москва пр-кт Лермонтовский 19";"0,0";"3,0";"2,0";"4,0";
"577,0";"01,12,2022";"Северное Бутово";"450199560";"Наезд на стоящее ТС";"";"0";"0";"п Бутово ул Варшавское шоссе 179, стр, 1";"0,0";"6,0";"2,0";"7,0";
"578,0";"01,12,2022";"Ховрино";"450199636";"Столкновение";"";"0";"0";"г Москва ул Беломорская 23";"0,0";"1,0";"2,0";"3,0";
"579,0";"01,12,2022";"Гольяново";"450199689";"Наезд на пешехода";"";"0";"0";"г Москва ш Щёлковское 45А";"0,0";"1,0";"1,0";"2,0";
"580,0";"01,12,2022";"Бескудниковский";"450199478";"Столкновение";"";"0";"0";"г Москва ш Дмитровское 64 к,1";"0,0";"1,0";"3,0";"4,0";
"581,0";"01,12,2022";"Сосенское";"450199580";"Столкновение";"";"0";"0";" км Калужское шоссе 21-й (п Мосрентген) 3А";"0,0";"2,0";"2,0";"3,0";
"582,0";"01,12,2022";"Западное Дегунино";"450199577";"Наезд на препятствие";"Северо-Восточная хорда (СВХ)";"9";"0";"г Москва  ";"0,0";"1,0";"1,0";"1,0";
"583,0";"01,12,2022";"Донской";"450201166";"Столкновение";"";"0";"0";"г Москва пл Донская 12с6";"0,0";"1,0";"2,0";"2,0";
"584,0";"01,12,2022";"Хорошево-Мневники";"450200226";"Столкновение";"";"0";"0";"г Москва пр-кт Маршала Жукова 50";"0,0";"1,0";"2,0";"2,0";
